lang	name	qid	match	label_en	label_it	foodon	taxon	sitelinks	classes
en	Abies alba	Q146992	label	Abies alba	Abies alba		Abies alba	72	Q16521
en	Abies canadensis	Q87638643	label	Abies canadensis	Abies canadensis		Abies canadensis	0	Q16521
en	Abies concolor	Q145939	label	Abies concolor	Abies concolor		Abies concolor	46	Q16521
en	Abies sibirica	Q852262	label	Abies sibirica	Abies sibirica		Abies sibirica	40	Q16521
en	Abies sibirica oil	Q47164004	label	Abies sibirica oil				0	Q170885 Q60864872
en	Acacia	Q103781009	label	Acacia				0	Q1420024 Q852190
en	Acacia	Q105768988	label	Acacia				0	Q11446
en	Acacia	Q106678171	alias	Tor Finlandia				1	Q473932
en	Acacia	Q1080610	alias	8652 Acacia				21	Q3863
en	Acacia	Q117027316	label	Acacia				1	Q15276
en	Acacia	Q122793828	label	Acacia				0	Q11446
en	Acacia	Q122797913	label	Acacia				0	Q11446
en	Acacia	Q124358987	label	Acacia				1	Q1980247
en	Acacia	Q18928964	label	Acacia				0	Q79007
en	Acacia	Q18928965	label	Acacia				0	Q79007
en	Acacia	Q18928968	label	Acacia				0	Q79007
en	Acacia	Q18928969	label	Acacia				0	Q79007
en	Acacia	Q18928970	label	Acacia				0	Q79007
en	Acacia	Q18928971	label	Acacia				0	Q79007
en	Acacia	Q18928972	label	Acacia				0	Q79007
en	Acacia	Q18928973	label	Acacia				0	Q79007
en	Acacia	Q18928974	label	Acacia				0	Q79007
en	Acacia	Q20442013	label	Acacia				0	Q3305213
en	Acacia	Q22246131	label	Acacia				0	Q11060274 Q23657281
en	Acacia	Q22246135	label	Acacia				0	Q11060274 Q23657281
en	Acacia	Q22275310	label	Acacia				0	Q11060274 Q18218093
en	Acacia	Q2416185	label	Acacia	Acacia			17	Q4167410
en	Acacia	Q2822190	label	Acacia	Acacia			10	Q11424
en	Acacia	Q30249449	label	Acacia				0	Q61878
en	Acacia	Q4670825	label	Acacia				2	Q215380
en	Acacia	Q4670828	alias	Acacia Fraternity				1	Q18811582
en	Acacia	Q49845889	label	Acacia				3	Q486972
en	Acacia	Q58427566	label	Acacia				0	Q123705
en	Acacia	Q63517751	label	Acacia				0	Q28931760
en	Acacia	Q79935872	label	Acacia				0	Q11060274
en	Acacia	Q81666	label	Acacia	Acacia		Acacia	96	Q16521 Q21684137 Q907341
en	Acacia	Q82003973	label	Acacia				0	Q11060274 Q18218093 Q838948
en	Acacia	Q84033935	label	Acacia				0	Q11060274 Q542340 Q838948
en	Acacia	Q94579019	label	Acacia				1	Q11879590
en	Acacia caven	Q3299543	label	Acacia caven	Acacia caven		Acacia caven	3	Q16521
en	Acacia dealbata	Q757123	label	Acacia dealbata	Acacia dealbata		Acacia dealbata	45	Q16521
en	Acacia farnesiana	Q23055981	alias	Vachellia farnesiana	Vachellia farnesiana		Vachellia farnesiana	43	Q16521
en	Acacia farnesiana	Q932729	label	Acacia farnesiana	Acacia farnesiana		Acacia farnesiana	2	Q16521
en	Achillea ageratum	Q285796	label	Achillea ageratum	Achillea ageratum		Achillea ageratum	21	Q16521
en	Achillea millefolium	Q25408	label	Achillea millefolium	Achillea millefolium		Achillea millefolium	96	Q157957 Q16521 Q190903
en	Aconitum napellus	Q159218	label	Aconitum napellus	Aconitum napellus		Aconitum napellus	56	Q16521
en	Agaricus	Q390456	label	Agaricus	Agaricus		Agaricus	67	Q16521 Q654236
en	Agastache formosana	Q104374735	label	Agastache formosana	Agastache formosana		Agastache formosana	0	Q16521
en	Agastache rugosa	Q1195985	label	Agastache rugosa	Agastache rugosa		Agastache rugosa	19	Q11992872 Q157957 Q16521
en	Algae	Q104651479	label	Algae				0	Q3305213
en	Algae	Q107378529	label	Algae				0	Q125191
en	Algae	Q122363823	label	Algae				0	Q7889
en	Algae	Q15763096	label	Algae	Algae			2	Q41298 Q5633421 Q73364223 Q773668
en	Algae	Q4723927	label	Algae	Algae			3	Q4167410
en	Algae	Q55077206	label	Algae				0	Q7725634
en	Algae	Q65922183	label	Algae				0	Q482994
en	Algerian geranium oil	Q4135941	label	Algerian geranium oil				4	Q170885 Q72480169
en	Almond	Q11284927	label	Almond				2	Q4830453
en	Almond	Q123007076	label	Almond				0	Q105543609
en	Almond	Q123007077	label	Almond				0	Q55850643
en	Almond	Q124360231	label	Almond				1	Q1980247
en	Almond	Q12887250	label	Almond				6	Q17343829
en	Almond	Q130381994	alias	Poomsuwan Suwansatit				6	Q5
en	Almond	Q14707861	label	Almond				5	Q17343829
en	Almond	Q16147841	label	Almond	Almond			4	Q101352
en	Almond	Q17144163	label	Almond				1	Q17343829
en	Almond	Q233364	label	Almond	Almond			20	Q4167410
en	Almond	Q2671180	label	Almond	Almond			27	Q15221242
en	Almond	Q3049942	label	Almond	Almond			22	Q106071004 Q15127012
en	Almond	Q3460126	label	Almond				14	Q486972 Q55237813 Q751708
en	Almond	Q4733889	label	Almond				9	Q15219655
en	Almond	Q51883678	label	Almond	Almond			2	Q12308941
en	Almond	Q56578220	label	Almond				1	Q589282
en	Almond	Q64729038	label	Almond				0	Q3467906
en	Almond	Q7713205	alias	The Almond				4	Q740445 Q8502
en	Almond	Q83628583	label	Almond				1	Q14970
en	Almond	Q85981899	label	Almond				1	Q7725634
en	Alpinia malaccensis	Q8143524	label	Alpinia malaccensis	Alpinia malaccensis		Alpinia malaccensis	14	Q16521
en	Amarone	Q16277274	label	Amarone	Amarone			2	Q4167410
en	Amarone	Q455219	alias	Amarone della Valpolicella DOCG	Amarone della Valpolicella DOCG			18	Q282
en	Amarone	Q4740324	label	Amarone				2	Q11707
en	Ambrette	Q139736726	alias	The Cook's Tale Restaurant				1	Q11707 Q212198
en	Ambrette	Q2842348	label	Ambrette	Ambrette			1	Q4167410
en	American cranberry	Q149397	alias	Vaccinium macrocarpon	Vaccinium macrocarpon		Vaccinium macrocarpon	36	Q16521
en	American storax	Q469652	alias	Liquidambar styraciflua	Liquidambar styraciflua		Liquidambar styraciflua	35	Q16521
en	Ananas sativus	Q50826578	label	Ananas sativus	Ananas sativus		Ananas sativus	1	Q16521
en	Andropogon intermedius	Q50826705	label	Andropogon intermedius	Andropogon intermedius		Andropogon intermedius	0	Q16521
en	Andropogon jwarancusa	Q87618524	label	Andropogon jwarancusa	Andropogon jwarancusa		Andropogon jwarancusa	0	Q16521
en	Angelica	Q103898879	label	Angelica				0	Q13433827
en	Angelica	Q103912648	label	Angelica				0	Q11446 Q852190
en	Angelica	Q104603927	alias	Angelika				0	Q5
en	Angelica	Q104862074	label	Angelica				3	Q11424
en	Angelica	Q109329650	label	Angelica				0	Q5398426
en	Angelica	Q110007770	label	Angelica				0	Q5
en	Angelica	Q113001703	label	Angelica				0	Q15632617 Q15773317
en	Angelica	Q115709966	label	Angelica				0	Q852190
en	Angelica	Q115714060	label	Angelica				0	Q852190
en	Angelica	Q119253223	label	Angelica				0	Q3305213
en	Angelica	Q119384788	label	Angelica	Angelica			1	Q482994
en	Angelica	Q122784233	label	Angelica				0	Q11446
en	Angelica	Q123098	alias	Angelica Kauffmann	Angelika Kauffmann			55	Q5
en	Angelica	Q123404880	alias	Angelica Schiatti	Angelica Schiatti			2	Q5
en	Angelica	Q124363183	label	Angelica				1	Q1980247
en	Angelica	Q124718867	label	Angelica				0	Q1569167
en	Angelica	Q125471763	label	Angelica				0	Q15632617 Q15773347
en	Angelica	Q130260027	label	Angelica				1	
en	Angelica	Q131823797	alias	Angélica	Angélica			0	Q5
en	Angelica	Q135494023	label	Angelica				0	Q486972
en	Angelica	Q138576140	label	Angelica				0	Q7725634
en	Angelica	Q139889662	label	Angelica				0	Q15632617 Q3658341 Q80447738 Q87576284
en	Angelica	Q140005935	alias	Angelika				0	Q5
en	Angelica	Q141072557	label	Angelica				0	Q5
en	Angelica	Q158339	alias	965 Angelica				39	Q3863
en	Angelica	Q16263883	label	Angelica				1	Q5
en	Angelica	Q1657801	label	Angelica				13	Q15219655
en	Angelica	Q1793031	alias	Angélica	Angélica			26	Q3184121
en	Angelica	Q18811588	label	Angelica				6	Q11424
en	Angelica	Q19031049	label	Angelica	Angelica			2	Q131084
en	Angelica	Q19607558	label	Angelica				2	Q3305213
en	Angelica	Q219666	label	Angelica	Angelica		Angelica	59	Q16521
en	Angelica	Q254136	label	Angelica	Angelica			26	Q4167410
en	Angelica	Q28451861	label	Angelica				1	Q482994
en	Angelica	Q2849403	label	Angelica	Angelica			2	Q215380
en	Angelica	Q2849420	label	Angelica	Angelica Teach			7	Q15632617 Q15773347
en	Angelica	Q2849850	alias	Angélica	Angélica			7	Q4167410
en	Angelica	Q28793105	label	Angelica				0	Q15632617 Q15773347
en	Angelica	Q29530450	alias	Angelica Fox	Angelica Fox			2	Q5
en	Angelica	Q3460926	label	Angelica				14	Q486972 Q55237813 Q751708
en	Angelica	Q3616817	label	Angelica	Angelica			1	Q15632617 Q80447738 Q87576284
en	Angelica	Q3616818	label	Angelica	Angelica			1	Q5
en	Angelica	Q3616819	label	Angelica	Angelica			1	Q215380
en	Angelica	Q3708462	label	Angelica	Angelica			21	Q106071004 Q15127012
en	Angelica	Q450203	alias	Tiffany Mynx	Tiffany Mynx			17	Q5
en	Angelica	Q4762653	label	Angelica	Angelica			12	Q498162
en	Angelica	Q4762654	label	Angelica	Angelica			2	Q5
en	Angelica	Q4762655	label	Angelica				4	Q107357104 Q108259096
en	Angelica	Q4762676	alias	Angelica Veronica Airola	Angelica Veronica Airola			2	Q5
en	Angelica	Q48853	label	Angelica	Angelica			9	Q15632617 Q3658341
en	Angelica	Q48999540	alias	L'Angelica	L'Angelica			2	Q58483083
en	Angelica	Q52810283	label	Angelica	Angelica			0	Q126807
en	Angelica	Q52824673	label	Angelica	Angelica			0	Q9842
en	Angelica	Q54749562	alias	AM-iPS-10				0	Q107103143 Q21014462
en	Angelica	Q5676887	alias	Angélica				4	Q5398426
en	Angelica	Q57546845	label	Angelica	Angelica			0	Q5
en	Angelica	Q62021696	label	Angelica				0	Q726
en	Angelica	Q63484841	label	Angelica				0	Q15632617 Q50386450
en	Angelica	Q63533325	label	Angelica				0	Q15632617 Q50386450
en	Angelica	Q63676804	label	Angelica				0	Q15632617 Q50386450
en	Angelica	Q74046059	label	Angelica				0	Q11060274
en	Angelica	Q83565082	label	Angelica	Cratere Angelica			3	Q1475691
en	Angelica	Q85083544	label	Angelica				0	Q15632617 Q3375722
en	Angelica	Q92900143	label	Angelica				0	Q11424
en	Angelica	Q9615588	alias	Angélica	Angélica			1	Q482994
en	Angelica	Q9615621	alias	Angélica	Angélica			1	Q482994
en	Angelica	Q9615637	alias	Angélica	Angélica			1	Q482994
en	Angelica oil	Q4065109	label	Angelica oil				2	Q170885
en	Angelica oil	Q72443251	label	Angelica oil				0	Q11173 Q113145171
en	Angelica root oil	Q72443251	alias	Angelica oil				0	Q11173 Q113145171
en	Animal	Q104643407	label	Animal				0	Q3305213
en	Animal	Q106696619	label	Animal				1	Q482994
en	Animal	Q107468438	label	Animal				1	Q11424
en	Animal	Q107750868	label	Animal	Animal			1	Q482994
en	Animal	Q108291551	label	Animal				2	Q482994
en	Animal	Q109297618	label	Animal				1	Q482994
en	Animal	Q109726939	label	Animal				3	Q5398426
en	Animal	Q110884182	label	Animal				0	Q7725634
en	Animal	Q111323900	alias	Kae Miller				3	Q5
en	Animal	Q115947372	label	Animal				14	Q11424
en	Animal	Q116029534	label	Animal				1	Q134556
en	Animal	Q116055773	label	Animal				1	Q105543609
en	Animal	Q11851434	label	Animal				1	Q482994
en	Animal	Q121078552	label	Animal				4	Q11424
en	Animal	Q123858110	label	Animal				1	Q482994
en	Animal	Q125020909	label	Animal	Animal			0	Q43099500
en	Animal	Q126916825	label	Animal				0	Q11424
en	Animal	Q127580502	label	Animal				0	Q277759
en	Animal	Q132775265	label	Animal				1	Q105543609
en	Animal	Q136463641	label	Animal				1	Q11707
en	Animal	Q137862851	label	Animal				0	Q55850593
en	Animal	Q137862907	label	Animal				0	Q134556
en	Animal	Q139323726	label	Animal				0	Q7366
en	Animal	Q139892389	label	Animal				1	Q105543609
en	Animal	Q140877450	label	Animal	Animal (Katseye)			6	Q105543609
en	Animal	Q1421917	label	Animal	Animal			6	Q134556
en	Animal	Q16833268	alias	The Animal				1	Q49614
en	Animal	Q17317998	label	Animal	Animal			11	Q11424
en	Animal	Q18052794	label	Animal				1	Q11424
en	Animal	Q1846505	label	Animal	Animal			8	Q15773317
en	Animal	Q19872359	label	Animal				1	Q482994
en	Animal	Q20266338	label	Animal				0	Q3305213
en	Animal	Q2099325	label	Animal	Animal			4	Q134556
en	Animal	Q21282709	label	Animal				1	Q7889
en	Animal	Q227922	label	Animal	Animal			27	Q4167410
en	Animal	Q24000010	label	Animal				1	Q11424
en	Animal	Q24054724	label	Animal				0	Q3305213
en	Animal	Q2531316	label	Animal	Animal			10	Q134556
en	Animal	Q2712826	label	Animal	Animal - Il criminale			5	Q11424
en	Animal	Q2757752	label	Animal	Animal			3	Q5633421 Q737498 Q773668
en	Animal	Q28134164	label	Animal				1	
en	Animal	Q2849995	label	Animal				3	Q11424
en	Animal	Q3448800	label	Animal	Animal			4	Q134556
en	Animal	Q3617501	label	Animal	Animal			11	Q134556
en	Animal	Q39074422	label	Animal				1	Q482994
en	Animal	Q410470	alias	Creature	Creature			13	Q4167410
en	Animal	Q47510419	label	Animal	Animal			6	Q134556
en	Animal	Q475286	label	Animal	L'animale			21	Q11424
en	Animal	Q4764741	label	Animal				2	Q11424
en	Animal	Q4764742	label	Animal				1	Q482994
en	Animal	Q4764743	label	Animal				1	Q2635894
en	Animal	Q4764744	label	Animal				1	Q134556
en	Animal	Q4764745	label	Animal	Animal			2	Q105543609
en	Animal	Q4764746	label	Animal				1	Q482994
en	Animal	Q4764747	label	Animal				2	Q134556
en	Animal	Q4764748	label	Animal				1	Q47461344
en	Animal	Q4764749	label	Animal	Animal			1	Q4830453 Q726870 Q76213285
en	Animal	Q4764750	label	Animal				0	Q11707
en	Animal	Q4764752	label	Animal				0	Q7889
en	Animal	Q4764884	alias	Animal Prufrock	Animal Prufrock			1	Q5
en	Animal	Q4764900	alias	Animal Science	Animal Science			1	Q5633421
en	Animal	Q51138859	label	Animal				4	Q11424
en	Animal	Q547144	label	Animal				2	Q215380
en	Animal	Q547175	label	Animal				5	Q134556
en	Animal	Q547234	label	Animal	Animal			26	Q482994
en	Animal	Q547517	alias	The Animal	Animal			26	Q11424
en	Animal	Q56433722	label	Animal	Animal			4	Q134556
en	Animal	Q56696401	label	Animal				0	Q860861
en	Animal	Q5695970	label	Animal				1	Q482994
en	Animal	Q60247848	label	Animal				0	Q1569167
en	Animal	Q6039095	label	Animal				2	Q482994
en	Animal	Q80004246	label	Animal				0	Q79496108
en	Animal	Q80028937	label	Animal				0	Q13464614
en	Animal	Q85859323	label	Animal	Animal			2	Q134556
en	Animal	Q92281565	label	Animal	Animal			2	Q482994
en	Animal	Q93500103	label	Animal				0	Q7302866
en	Animal	Q9615825	label	Animal				1	Q482994
en	Animal	Q9615832	label	Animal				1	Q482994
en	Animal	Q97975500	alias	Animal Brewing Co				0	Q131734
en	Anise	Q108400188	label	Anise				0	Q11879590 Q202444
en	Anise	Q113001704	label	Anise				0	Q15632617 Q15773317
en	Anise	Q242128	alias	Anna Louise Strong	Anna Louise Strong			31	Q5
en	Anise	Q2850125	label	Anise				1	Q15773317 Q841591
en	Anise	Q54749569	alias	AM-iPS-15				0	Q107103143 Q21014462
en	Annona reticulata	Q104864639	label	Annona reticulata				0	Q732577
en	Annona reticulata	Q472653	label	Annona reticulata	Annona reticulata		Annona reticulata	55	Q16521
en	Apple	Q104850348	label	Apple				2	Q482994
en	Apple	Q106566783	label	Apple				0	Q187791
en	Apple	Q107480805	label	Apple				0	Q21191270
en	Apple	Q111046003	label	Apple				0	Q111048186
en	Apple	Q115919328	label	Apple				0	Q838948
en	Apple	Q116765111	label	Apple				0	Q838948
en	Apple	Q117453005	label	Apple				0	Q5
en	Apple	Q119362027	label	Apple				0	Q3305213
en	Apple	Q119442200	label	Apple				0	Q3305213
en	Apple	Q121079428	label	Apple				0	Q11396960
en	Apple	Q125053905	label	Apple				0	Q22669857
en	Apple	Q125225589	label	Apple				0	Q860861
en	Apple	Q125813930	label	Apple	Apple			0	Q11879590
en	Apple	Q126999652	label	Apple				0	Q1464125
en	Apple	Q127424987	label	Apple				2	
en	Apple	Q128117967	label	Apple	Apple			8	Q105543609
en	Apple	Q131718301	alias	Gertrude Appelbaum				0	Q5
en	Apple	Q133466343	label	Apple				0	Q3305213
en	Apple	Q134596668	label	Apple				0	Q3305213
en	Apple	Q135057203	label	Apple				0	Q7889
en	Apple	Q136462837	label	Apple				0	Q860861
en	Apple	Q150502	alias	Muggsy Bogues	Muggsy Bogues			36	Q5
en	Apple	Q16274912	label	Apple	Apple			1	Q82799
en	Apple	Q1754545	label	Apple	Apple			11	Q482994
en	Apple	Q213710	alias	Apple Records	Apple Records			38	Q167270 Q18127 Q6881511
en	Apple	Q227418	label	Apple	Apple			26	Q4167410
en	Apple	Q24777599	alias	apple domain				0	Q24778664 Q898273
en	Apple	Q26944931	label	Apple	Apple			0	Q3409032
en	Apple	Q26944932	label	Apple	Apple			1	Q101352
en	Apple	Q28151078	label	Apple				2	Q860861
en	Apple	Q29711518	alias	TER94				0	Q7187
en	Apple	Q4781101	label	Apple	Apple			4	Q17343829
en	Apple	Q4781117	label	Apple				3	Q1420
en	Apple	Q48814561	label	Apple				1	Q17537576
en	Apple	Q532100	label	Apple	Apple			3	Q215380
en	Apple	Q59503670	label	Apple				0	Q3305213
en	Apple	Q595660	alias	The Apple	La mela			14	Q11424
en	Apple	Q621347	alias	Apple River	Apple			7	Q4022
en	Apple	Q62282195	alias	EgrG_000601800.1				0	Q8054
en	Apple	Q62316526	label	Apple				0	Q8054
en	Apple	Q65386863	label	Apple				0	Q15773347 Q18327510
en	Apple	Q7714007	alias	The Apple				6	Q11424
en	Apple	Q92159434	label	Apple				0	Q7302866
en	Apple	Q93738227	label	Apple				1	Q11424
en	Apple	Q96984443	label	Apple				3	Q105543609
en	Apples	Q103935104	label	Apples	Apples			12	Q11424
en	Apples	Q11190395	label	Apples	Apples			1	Q482994
en	Apples	Q112634500	label	Apples				0	Q3305213
en	Apples	Q116298813	label	Apples				0	Q3305213
en	Apples	Q119132739	label	Apples				0	Q3305213
en	Apples	Q119172800	label	Apples				0	Q3305213
en	Apples	Q119181143	label	Apples				0	Q3305213
en	Apples	Q119304244	label	Apples				0	Q3305213
en	Apples	Q119362135	label	Apples				0	Q3305213
en	Apples	Q119365640	label	Apples				0	Q3305213
en	Apples	Q119879301	label	Apples				0	Q3305213
en	Apples	Q119912248	label	Apples				0	Q3305213
en	Apples	Q119955811	label	Apples				0	Q3305213
en	Apples	Q119957734	label	Apples				0	Q3305213
en	Apples	Q120067537	label	Apples				0	Q3305213
en	Apples	Q130142929	label	Apples				0	Q3305213
en	Apples	Q13053142	label	Apples				1	Q4022
en	Apples	Q137942083	label	Apples				0	Q838795
en	Apples	Q138634737	label	Apples				0	Q7725634
en	Apples	Q140841065	label	Apples				0	Q47461344
en	Apples	Q16388412	label	Apples				1	Q532
en	Apples	Q17324893	label	Apples				1	Q3305213
en	Apples	Q18159636	label	Apples				1	Q7725634
en	Apples	Q19836013	label	Apples				1	Q3305213
en	Apples	Q19913384	label	Apples				0	Q3305213
en	Apples	Q20168332	label	Apples				0	Q3305213
en	Apples	Q20198175	label	Apples				0	Q3305213
en	Apples	Q20262847	label	Apples				2	Q3305213
en	Apples	Q20475991	label	Apples				0	Q3305213
en	Apples	Q20487088	label	Apples				0	Q3305213
en	Apples	Q20776291	label	Apples				0	Q3305213
en	Apples	Q23947968	label	Apples				0	Q3305213
en	Apples	Q27700927	label	Apples				0	Q3305213
en	Apples	Q28532540	label	Apples				0	Q3305213
en	Apples	Q3620918	label	Apples	Apples			1	Q169930
en	Apples	Q43202	label	Apples	Apples			27	Q11183787 Q532 Q685309
en	Apples	Q4781355	label	Apples				1	Q482994
en	Apples	Q4781357	label	Apples				1	Q142714
en	Apples	Q4781358	label	Apples	Apples			2	Q4167410
en	Apples	Q49024028	label	Apples				0	Q3305213
en	Apples	Q50732139	label	Apples				0	Q3305213
en	Apples	Q52235813	label	Apples				0	Q3305213
en	Apples	Q64508180	label	Apples				0	Q3305213
en	Apples	Q64512163	label	Apples				0	Q3305213
en	Apples	Q65018569	label	Apples				0	Q11060274
en	Apples	Q76455634	label	Apples				0	Q11060274
en	Apples	Q76656124	label	Apples				1	Q860861
en	Apples	Q80041611	label	Apples				0	Q93184
en	Apples	Q93456868	label	Apples				0	Q3305213
en	Apricot	Q123253412	alias	4pricøt	4pricøt			1	Q482994
en	Apricot	Q17011399	alias	Durazno				2	Q11424
en	Apricot	Q341221	label	Apricot				6	Q4167410
en	Apricot	Q4781833	label	Apricot				3	Q17343829
en	Apricot	Q78823704	label	Apricot				0	Q3305213
en	Apricots	Q119086718	label	Apricots				0	Q3305213
en	Araucaria cunninghamii	Q1394414	label	Araucaria cunninghamii	Araucaria cunninghamii		Araucaria cunninghamii	28	Q16521
en	Aristolochia clematitis	Q158273	label	Aristolochia clematitis	Aristolochia clematitis		Aristolochia clematitis	43	Q16521 Q917284
en	Armagnac	Q104921761	label	Armagnac	Armagnac			1	Q101352
en	Armagnac	Q29652639	alias	Odin				1	Q14928 Q970092
en	Armagnac	Q299121	label	Armagnac	Armagnac			15	Q4167410
en	Armagnac	Q301905	label	Armagnac	Armagnacchi			20	Q1393724 Q6138528
en	Armagnac	Q503252	label	Armagnac	Armagnac			41	Q146470 Q397926
en	Armagnac	Q676745	label	Armagnac				17	Q131689823 Q209495
en	Armagnac	Q848024	alias	SNCASE SE.2010 Armagnac	SNCASE SE-2010 Armagnac			10	Q15056995 Q22683387 Q83762511
en	Arnica montana	Q207848	label	Arnica montana	Arnica montana		Arnica montana	52	Q1151696 Q16521
en	Artemisia	Q104863621	label	Artemisia	Artemisia			0	Q47114558 Q667276
en	Artemisia	Q107680478	alias	Artemia	Artemia			0	Q124940323
en	Artemisia	Q110088954	label	Artemisia				0	Q3305213
en	Artemisia	Q116984949	label	Artemisia				0	Q3305213
en	Artemisia	Q118824189	label	Artemisia				0	Q7725634
en	Artemisia	Q122608268	alias	Ultimatia				0	Q30170627 Q80447738 Q87576284
en	Artemisia	Q126126787	label	Artemisia				0	Q5
en	Artemisia	Q130389430	label	Artemisia				0	Q3305213
en	Artemisia	Q138672668	label	Artemisia				0	Q11424
en	Artemisia	Q156421	label	Artemisia	Artemisia		Artemisia	89	Q16521
en	Artemisia	Q21081680	label	Artemisia				2	Q58483083
en	Artemisia	Q212657	alias	Artemisia Gentileschi	Artemisia Gentileschi			74	Q5
en	Artemisia	Q232128	alias	Artemisia I of Caria	Artemisia I			40	Q5
en	Artemisia	Q2479220	alias	Judith at the Banquet of Holofernes	Artemisia riceve le ceneri di Mausolo			16	Q3305213
en	Artemisia	Q2547866	label	Artemisia	Artemisia. Passione estrema			14	Q11424
en	Artemisia	Q2864875	label	Artemisia	Artemisie			1	Q132241
en	Artemisia	Q28776038	label	Artemisia				1	Q3305213
en	Artemisia	Q344360	label	Artemisia	Artemisia			20	Q4167410
en	Artemisia	Q3563796	label	Artemisia				6	Q486972
en	Artemisia	Q3624195	label	Artemisia	Artemisia			1	Q1569167
en	Artemisia	Q3624196	label	Artemisia	Artemisia			3	Q11879590
en	Artemisia	Q3624197	label	Artemisia	Artemisia			1	Q506240
en	Artemisia	Q4797483	label	Artemisia	Artemisia			1	Q11446
en	Artemisia	Q4797484	label	Artemisia				2	Q482994
en	Artemisia	Q4797485	label	Artemisia	Artemisia			4	Q58483083
en	Artemisia	Q706768	label	Artemisia	Artemisia			2	Q58483083
en	Artemisia	Q7377697	alias	Rudy Simone				8	Q5
en	Artemisia	Q80040667	label	Artemisia				0	Q11060274
en	Artemisia	Q91012915	label	Artemisia				0	Q2352616 Q667276
en	Artemisia arborescens	Q309692	label	Artemisia arborescens	Artemisia arborescens		Artemisia arborescens	23	Q16521
en	Artemisia arborescens	Q52557486	label	Artemisia arborescens				0	Q18761202
en	Artemisia arborescens	Q56661033	label	Artemisia arborescens				0	Q11835431
en	Artemisia brevifolia	Q38778360	label	Artemisia brevifolia	Artemisia brevifolia		Artemisia brevifolia	2	Q16521
en	Artemisia cina	Q657997	label	Artemisia cina	Artemisia cina		Artemisia cina	25	Q16521
en	Artemisia ferganensis	Q15471687	label	Artemisia ferganensis	Artemisia ferganensis		Artemisia ferganensis	6	Q16521
en	Artemisia frigida	Q606606	label	Artemisia frigida	Artemisia frigida		Artemisia frigida	18	Q16521 Q190903
en	Artemisia juncea	Q15472161	label	Artemisia juncea	Artemisia juncea		Artemisia juncea	4	Q16521
en	Artemisia santolinifolia	Q50827137	label	Artemisia santolinifolia	Artemisia santolinifolia		Artemisia santolinifolia	0	Q16521
en	Artemisia scoparia	Q426647	label	Artemisia scoparia	Artemisia scoparia		Artemisia scoparia	22	Q157957 Q16521 Q190903
en	Artemisia transiliensis	Q15474726	label	Artemisia transiliensis	Artemisia transiliensis		Artemisia transiliensis	4	Q16521
en	Artemisia tridentata	Q2117903	label	Artemisia tridentata	Artemisia tridentata		Artemisia tridentata	18	Q16521
en	Artichoke	Q100770287	label	Artichoke				0	Q341 Q4117406
en	Artichoke	Q10548405	label	Artichoke				3	Q1138737
en	Artichoke	Q119713612	label	Artichoke				0	Q3305213
en	Artichoke	Q125958835	alias	Artichoke magazine	Rivista Artichoke			0	Q1298668 Q21076217 Q41298
en	Artichoke	Q130543324	label	Artichoke				0	Q3305213
en	Artichoke	Q131699865	label	Artichoke				1	Q212198
en	Artichoke	Q135401969	label	Artichoke				0	Q15711870
en	Artichoke	Q138295013	alias	Meze Bar				1	Q212198
en	Artichoke	Q26656482	alias	Steam Mill Public House and Offices				1	Q1021645 Q13402009 Q181623 Q212198
en	Artichoke	Q28123339	label	Artichoke				2	Q17343829
en	Artichoke	Q4800848	label	Artichoke				3	Q4167410
en	Artichoke	Q4800849	label	Artichoke				1	Q708676
en	Artichoke	Q92939448	label	Artichoke	Artichoke			0	Q11707
en	Asparagus	Q106361118	label	Asparagus				0	Q3305213
en	Asparagus	Q110249464	label	Asparagus				0	Q21191270
en	Asparagus	Q138722425	label	Asparagus				0	Q26401003 Q726
en	Asparagus	Q3779872	alias	Gus: The Theatre Cat				2	Q27303706
en	Asparagus	Q4807688	label	Asparagus	Asparagus			2	Q4167410
en	Asparagus	Q59530675	label	Asparagus				0	Q3305213
en	Asparagus	Q79931111	label	Asparagus				0	Q11060274
en	Asparagus	Q97958941	label	Asparagus	Asparagus			3	Q11424 Q17517379
en	Aubergine	Q116258966	alias	Aubrey				0	Q15632617 Q1569167
en	Aubergine	Q120098106	label	Aubergine				0	Q7725634
en	Aubergine	Q2469108	label	Aubergine				2	Q11707
en	Aubergine	Q3370041	label	Aubergine	Aubergine			2	Q4167410
en	Aubergine	Q4819030	label	Aubergine				1	Q11707 Q125547334
en	Aubergine	Q98073503	alias	Seeing Glass - A big round mirror				0	Q35197 Q838948
en	Avocado	Q109290673	label	Avocado				1	Q4167410
en	Avocado	Q123566697	alias	Aka				1	Q95074
en	Avocado	Q126134205	label	Avocado				0	Q4830453 Q76213979
en	Avocado	Q134963427	alias	Aviva Corcovado				0	Q15632617 Q15711870
en	Avocado	Q135057090	label	Avocado				0	Q7889
en	Avocado	Q140007348	alias	Avocado Consulting				0	Q1318054 Q6881511
en	Avocado	Q4055975	label	Avocado				5	Q17343829
en	Avocado	Q931609	alias	Pearl Jam	Pearl Jam			21	Q482994
en	Avocado	Q99295688	label	Avocado				0	Q215380
en	Azalea	Q101102478	label	Azalea				1	Q11879590
en	Azalea	Q103914323	label	Azalea				0	Q11446 Q852190
en	Azalea	Q104378847	label	Azalea				0	Q11446
en	Azalea	Q104833422	label	Azalea				1	Q26401003
en	Azalea	Q11478327	alias	Kawasaki Azalea				2	Q1348073
en	Azalea	Q116013981	label	Azalea				0	Q105543609
en	Azalea	Q119281301	label	Azalea				0	Q3305213
en	Azalea	Q119360858	label	Azalea				0	Q3305213
en	Azalea	Q119409977	label	Azalea				0	Q3305213
en	Azalea	Q121462727	label	Azalea				0	Q3305213
en	Azalea	Q122376637	label	Azalea				0	Q7889
en	Azalea	Q122785505	label	Azalea				0	Q11446
en	Azalea	Q124364969	label	Azalea				1	Q1980247
en	Azalea	Q131746252	alias	Business Lounge Azalea of Nagasaki Airport				1	Q1349657 Q1872261
en	Azalea	Q132876	alias					39	Q3863
en	Azalea	Q136785644	label	Azalea				0	Q3305213
en	Azalea	Q138024091	label	Azalea				1	Q811683 Q953806
en	Azalea	Q17154382	label	Azalea				1	Q17343829
en	Azalea	Q18938884	label	Azalea				0	Q79007
en	Azalea	Q18938885	label	Azalea				0	Q79007
en	Azalea	Q18938887	label	Azalea				0	Q79007
en	Azalea	Q18938890	label	Azalea				0	Q79007
en	Azalea	Q18938892	label	Azalea				0	Q79007
en	Azalea	Q20233448	label	Azalea				4	Q486972
en	Azalea	Q24063419	label	Azalea				0	Q3305213
en	Azalea	Q3478006	label	Azalea	Azalea			4	Q17343829
en	Azalea	Q4832129	alias	Azalea: A Magazine by Third World Lesbians				3	Q41298
en	Azalea	Q5986917	label	Azalea	Azalea		Azalea	0	Q16521
en	Azalea	Q60752468	label	Azalea				1	Q486972
en	Azalea	Q786862	label	Azalea				5	Q4167410
en	Azalea	Q83158275	label	Azalea				0	Q106821425 Q215380 Q3736859
en	Azalea	Q84259991	label	Azalea				0	Q11446
en	Azalea	Q96706553	alias	Azalea Journal of Korean Literature & Culture				0	Q5633421
en	Azalea	Q97983606	label	Azalea				0	Q11446
en	Babaco	Q797560	alias	Vasconcellea ×heilbornii	Vasconcellea × pentagona		Carica ×heilbornii var. pentagona	22	Q16521
en	Bachang	Q105584360	label	Bachang				1	Q106528203
en	Bachang	Q12683158	label	Bachang				2	Q486972
en	Backhousia citriodora	Q2708073	label	Backhousia citriodora	Backhousia citriodora		Backhousia citriodora	16	Q16521
en	Bacon	Q111986797	label	Bacon				0	Q5
en	Bacon	Q119803122	label	Bacon				1	Q95576998 Q961769
en	Bacon	Q127000213	label	Bacon				0	Q1464125
en	Bacon	Q141337949	label	Bacon				1	Q13433827
en	Bacon	Q150394	alias					32	Q3863
en	Bacon	Q1606486	alias	Henry Bacon	Henry Bacon			6	Q5
en	Bacon	Q16983492	label	Bacon				2	Q17343829
en	Bacon	Q17507587	label	Bacon				1	Q482994
en	Bacon	Q21197762	label	Bacon				2	Q17343829
en	Bacon	Q25205259	label	Bacon				1	
en	Bacon	Q27986032	label	Bacon				2	Q17343829
en	Bacon	Q27988888	label	Bacon				2	Q17343829
en	Bacon	Q28230056	label	Bacon				0	Q23019040
en	Bacon	Q2878452	label	Bacon	Bacon			4	Q2679157
en	Bacon	Q33526895	label	Bacon				2	Q11424
en	Bacon	Q48849451	label	Bacon				2	Q25345958
en	Bacon	Q6220219	alias	John Baconthorpe	John Baconthorpe			7	Q5
en	Bacon	Q65070482	label	Bacon				0	Q11060274
en	Bacon	Q65087395	label	Bacon				0	Q11060274
en	Bacon	Q6951606	label	Bacon	Bacon			4	Q101352
en	Bacon	Q798600	label	Bacon	Bacon			36	Q4167410
en	Bacon	Q84257906	label	Bacon				0	Q11446
en	Bacon	Q95595744	label	Bacon				1	Q202444
en	Baeckea citriodora	Q39283188	label	Baeckea citriodora	Baeckea citriodora		Baeckea citriodora	0	Q16521
en	Bael	Q113015306	alias	Per Elisa / Bael	Per Elisa / Bael			0	Q134556
en	Bael	Q113015329	alias	Per Elisa / Bael	Per Elisa / Bael			0	Q108352496
en	Bael	Q2241666	alias	Pieter Boel	Pieter Boel			17	Q5
en	Bael	Q3616159	alias	B-Boy	Benjamin Cuntapay			7	Q5
en	Bael	Q37551654	label	Bael	Bael			1	Q101352
en	Bael	Q4841266	label	Bael				1	Q113492540
en	Bael	Q797477	label	Bael	Bael			19	Q177413
en	Bael	Q799730	label	Bael	Bael			2	Q4167410
en	Balm	Q114549453	label	Balm				0	Q21191270
en	Balm	Q124369257	label	Balm				1	Q1980247
en	Balm	Q15785379	label	Balm				2	Q253019
en	Balm	Q20196004	label	Balm				0	Q3305213
en	Balm	Q28232258	label	Balm				2	Q3257686
en	Balm	Q37449942	label	Balm	Balm			0	Q101352
en	Balm	Q415497	label	Balm	Balm			9	Q4167410
en	Balm	Q4852326	label	Balm	Balm			19	Q17343829 Q498162 Q515
en	Balm	Q58396142	label	Balm				3	Q131596
en	Balm	Q61210357	label	Balm				0	Q190107
en	Balm	Q63214237	label	Balm				0	Q5084
en	Balm	Q805460	label	Balm				1	Q486972
en	Balm	Q805461	label	Balm				1	Q13417114
en	Banana	Q100357208	label	Banana	Banana			4	Q134556
en	Banana	Q106625745	alias	Arthur Picoli				1	Q5
en	Banana	Q109700636	label	Banana				2	Q7366
en	Banana	Q11478301	alias	Yuji Kawashima				1	Q5
en	Banana	Q117434884	label	Banana				1	Q5
en	Banana	Q122232144	label	Banana	Banana			0	Q202444
en	Banana	Q122812828	label	Banana				0	Q11424
en	Banana	Q126539399	label	Banana				4	Q7889
en	Banana	Q126687109	label	Banana				0	Q7725634
en	Banana	Q126999667	label	Banana				0	Q1464125
en	Banana	Q127699688	label	Banana				0	Q21191270
en	Banana	Q135321179	label	Banana				1	Q105543609
en	Banana	Q137362808	label	Banana				0	
en	Banana	Q139213489	label	Banana				0	Q486972
en	Banana	Q141146177	label	Banana	Banana			0	Q3305213
en	Banana	Q18890182	label	Banana	Banana			6	Q5398426
en	Banana	Q19305969	alias	stowberry	Banana			3	Q11424
en	Banana	Q19600345	alias	Wang Jiao				3	Q5
en	Banana	Q20634745	label	Banana				0	Q3305213
en	Banana	Q25114695	label	Banana				1	Q82799
en	Banana	Q25537706	label	Banana				1	Q16521
en	Banana	Q26706536	label	Banana				2	Q126723715 Q532
en	Banana	Q2881864	label	Banana				1	Q11424
en	Banana	Q31876290	label	Banana				1	Q23442
en	Banana	Q4077188	label	Banana				8	Q3957
en	Banana	Q4853811	label	Banana				2	Q17343829
en	Banana	Q4853814	label	Banana	Banana			12	Q486972
en	Banana	Q4853816	label	Banana	Banana			7	Q7889
en	Banana	Q4853818	label	Banana				3	Q215380 Q5741069
en	Banana	Q53631038	label	Banana				0	Q1200957 Q338112 Q40080
en	Banana	Q55604802	label	Banana				3	Q41298
en	Banana	Q56265445	alias	Julio Alfredo Corréal Pizarro				1	Q5
en	Banana	Q63970102	alias	Juan Carlos Mascheroni				2	Q5
en	Banana	Q806080	label	Banana	Banana			28	Q4167410
en	Banana	Q806082	label	Banana	Banana			27	Q2264924 Q515
en	Banana	Q806083	alias	Shire of Banana	contea di Banana			9	Q55593624
en	Banana	Q96472252	label	Banana	Banana (singolo)			0	Q134556
en	Barley	Q103941560	label	Barley				0	Q13433827
en	Barley	Q116438592	label	Barley				0	Q18593264
en	Barley	Q116438599	label	Barley				0	Q18593264
en	Barley	Q122554392	label	Barley				0	Q486972 Q5084
en	Barley	Q16479449	label	Barley	Barley			2	Q101352 Q17143070 Q829026
en	Barley	Q19823273	alias	Hordeum vulgare subsp. vulgare	Hordeum vulgare subsp. vulgare		Hordeum vulgare subsp. vulgare	2	Q16521
en	Barley	Q24666044	label	Barley				1	Q17362920
en	Barley	Q2772338	label	Barley	Barley			7	Q4167410
en	Barley	Q2885930	alias	Bartholomew Blair	Bartholomew Blair			0	Q15632617 Q15773347 Q3658341
en	Barley	Q4861152	label	Barley				3	Q532
en	Barley	Q4861153	label	Barley				13	Q1115575 Q532
en	Barley	Q69791760	label	Barley				0	Q1964689
en	Barley	Q808323	label	Barley	Barley			2	Q759421
en	Barosma betulina	Q87608696	label	Barosma betulina	Barosma betulina		Barosma betulina	0	Q16521
en	Barosma crenulata	Q87608732	label	Barosma crenulata	Barosma crenulata		Barosma crenulata	0	Q16521
en	Bartlett pear	Q498862	alias	Williams' bon chrétien	Pera Williams		Pyrus communis 'Williams Bon Chrétien'	21	Q130752177 Q13099586 Q132129088 Q16521 Q20898395
en	Basil	Q111976129	label	Basil	Basil			0	Q5
en	Basil	Q116258973	label	Basil				0	Q15632617 Q1569167
en	Basil	Q116837488	label	Basil				0	Q431289 Q783794
en	Basil	Q11853952	label	Basil	Basil			2	Q112078124 Q119228985 Q15711870
en	Basil	Q12274896	label	Basil				4	Q5
en	Basil	Q122785662	label	Basil				0	Q11446
en	Basil	Q123608786	label	Basil				1	Q3542731
en	Basil	Q124369574	label	Basil				1	Q1980247
en	Basil	Q129582037	label	Basil				0	Q133067
en	Basil	Q133200930	label	Basil				1	Q21507948
en	Basil	Q15486005	alias	Jeremy Fisher				2	Q5
en	Basil	Q16531540	label	Basil				1	Q482994
en	Basil	Q20960010	label	Basil				1	Q5
en	Basil	Q21004180	label	Basil				0	Q15773347 Q27229996
en	Basil	Q37525243	label	Basil	Basil			1	Q101352
en	Basil	Q4104375	label	Basil				5	Q5
en	Basil	Q4104383	label	Basil				2	Q5
en	Basil	Q4104384	label	Basil				2	Q5
en	Basil	Q4104396	label	Basil				6	Q5
en	Basil	Q4867088	label	Basil				1	
en	Basil	Q4867092	label	Basil				4	Q7725634
en	Basil	Q4926514	label	Basil	Basil			7	Q12308941
en	Basil	Q54749568	alias	AM-iPS-13				0	Q107103143 Q21014462
en	Basil	Q56347280	label	Basil				1	Q5
en	Basil	Q60576346	label	Basil				1	Q12308941
en	Basil	Q6322178	label	Basil	Basil			10	Q4167410
en	Basil	Q810171	label	Basil	Basil			8	Q11424
en	Basil oil	Q791577	alias	basil oil				6	Q170885
en	Bay	Q103919483	label	Bay				0	Q189418 Q852190
en	Bay	Q104261575	label	Bay				0	Q2151232
en	Bay	Q104361014	label	Bay				0	Q2151232
en	Bay	Q105656871	alias	Park Jun-byeong				1	Q5
en	Bay	Q106392703	label	Bay				1	Q5084
en	Bay	Q106465964	label	Bay				0	Q11060274 Q28886448
en	Bay	Q107260853	label	Bay				1	
en	Bay	Q113128206	label	Bay				0	Q202444
en	Bay	Q119352794	label	Bay				0	Q3305213
en	Bay	Q122795445	label	Bay				0	Q11446
en	Bay	Q123518753	alias	Bee				1	
en	Bay	Q124369894	label	Bay				1	Q1980247
en	Bay	Q125314447	label	Bay				0	Q5
en	Bay	Q12819503	label	Bay				3	Q17343829
en	Bay	Q135997436	label	Bay	Cratere Bay			3	Q55818
en	Bay	Q136385855	label	Bay				0	Q2151232
en	Bay	Q16479551	label	Bay				3	Q101352
en	Bay	Q16531938	label	Bay	Bay			4	Q484170 Q666943
en	Bay	Q20537160	label	Bay				0	Q3305213
en	Bay	Q22537151	label	Bay				1	Q4022
en	Bay	Q293252	label	Bay	BAY			27	Q4167410
en	Bay	Q3023608	alias	The Bay	The Bay			20	Q11424
en	Bay	Q30249597	alias	Forest Enets				4	Q1288568 Q29942 Q33384 Q34770
en	Bay	Q32469413	label	Bay				1	Q4022
en	Bay	Q4843205	alias	Baig				6	Q10547393 Q12737077 Q174834 Q2285706 Q4164871
en	Bay	Q4873885	label	Bay				1	Q123705
en	Bay	Q6179637	alias	Jens Christian Bay	Jens Christian Bay			5	Q5
en	Bay	Q63763	label	Bay	Bay			24	Q24764
en	Bay	Q651823	label	Bay	Bay			39	Q484170
en	Bay	Q6916736	label	Bay	Bay			1	Q1529096
en	Bay	Q76348165	label	Bay				0	Q11060274
en	Bay	Q77479674	label	Bay				0	Q3305213
en	Bay	Q79481	label	Bay	Bay			32	Q1093829
en	Bay	Q80582388	alias	The Bay				0	Q212198
en	Bay	Q812059	label	Bay				11	Q22808403 Q928830
en	Bay	Q812064	label	Bay	Bai			35	Q15059108
en	Bay	Q9174935	alias	Bae	Bae			9	Q101352
en	Bean	Q105081394	alias	Princess Bean				1	Q15632617 Q15711870 Q15773317 Q16153191 Q61928601
en	Bean	Q12475482	label	Bean				1	Q26211545
en	Bean	Q125355234	label	Bean				0	Q3409032
en	Bean	Q134992375	label	Bean				0	Q7889
en	Bean	Q135032514	label	Bean				0	Q7889
en	Bean	Q135904870	label	Bean				0	Q12308941
en	Bean	Q16275014	label	Bean	Bean			3	Q101352
en	Bean	Q18261502	alias	Bean1				0	Q20747295 Q7187
en	Bean	Q2268333	label	Bean	Bean (Kent)			15	Q1115575 Q532
en	Bean	Q24379677	alias	Bean1				0	Q20747295 Q7187
en	Bean	Q2623866	alias	13606 Bean				19	Q3863
en	Bean	Q28824076	label	Bean	Bean			1	
en	Bean	Q2981095	alias	William Jackson Bean	William Jackson Bean			14	Q5
en	Bean	Q3189085	label	Bean				3	Q15632617 Q15773347 Q3658341
en	Bean	Q356770	label	Bean	Bean			22	Q4167410
en	Bean	Q4876238	label	Bean	Bean			1	Q486972
en	Bean	Q49256504	label	Bean				0	Q3305213
en	Bean	Q56041098	label	Bean				4	Q2713747
en	Bean	Q585523	label	Bean	Bean			2	Q341 Q54277
en	Bean	Q73221627	label	Bean				0	Q121117
en	Bean	Q752103	label	Bean	Mr. Bean - L'ultima catastrofe			46	Q11424
en	Bean	Q96373302	label	Bean				2	Q105543609
en	Beech	Q112770974	label	Beech				0	Q202444
en	Beech	Q117708244	label	Beech				0	Q486972
en	Beech	Q124376827	label	Beech				1	Q1980247
en	Beech	Q15362837	alias	Miliusa horsfieldii	Miliusa horsfieldii		Miliusa horsfieldii	9	Q16521
en	Beech	Q20488215	label	Beech				0	Q3305213
en	Beech	Q25114537	label	Beech	Beech			2	Q101352
en	Beech	Q26213142	label	Beech				1	Q5084
en	Beech	Q36552295	alias	F.W. Beech				0	Q5
en	Beech	Q42418853	label	Beech				0	Q811534
en	Beech	Q4879554	label	Beech				4	Q17343829
en	Beech	Q4879555	label	Beech				2	Q486972
en	Beech	Q4879556	label	Beech				4	Q17343829
en	Beech	Q634227	alias	Beechcraft	Beechcraft			30	Q936518
en	Beech	Q65079190	label	Beech				2	Q17343829
en	Beech	Q813993	label	Beech	Beech			10	Q4167410
en	Beech	Q930289	label	Beech				11	Q1115575 Q532
en	Beef	Q101096989	label	Beef				0	Q7777570
en	Beef	Q112168983	label	Beef	Lo scontro			22	Q5398426
en	Beef	Q120199256	label	Beef				2	Q21191270
en	Beef	Q120291340	label	Beef				1	Q482994
en	Beef	Q123859458	label	Beef				0	Q134556 Q7302866
en	Beef	Q124853081	label	Beef				0	Q3778211 Q4830453
en	Beef	Q130360384	alias	VintageBeef				0	Q5
en	Beef	Q136935788	label	Beef				3	Q11424
en	Beef	Q140192910	label	Beef				0	Q790192
en	Beef	Q14623928	label	Beef	Carne da macello			0	Q21191270
en	Beef	Q18388114	alias	Phil Carr-Harris	Phil Carr-Harris			1	Q5
en	Beef	Q18639577	alias	G.T. 'Beef' Dancer				1	Q5
en	Beef	Q2102756	label	Beef	Beef			3	Q215380
en	Beef	Q2439992	alias	Andrew Johnston				6	Q5
en	Beef	Q25189162	label	Beef				3	Q5
en	Beef	Q28537968	label	Beef				0	Q3305213
en	Beef	Q341227	label	Beef	Beef			4	Q4167410
en	Beef	Q38696020	label	Beef				0	Q134556 Q7366
en	Beef	Q4879738	label	Beef				1	Q1094617
en	Beef	Q4879739	label	Beef				4	Q11424
en	Beef	Q84104242	label	Beef				0	Q9143
en	Beer	Q106383217	label	Beer				0	Q11060274 Q28886448
en	Beer	Q106501354	label	Beer				0	Q11060274 Q28886448
en	Beer	Q106874304	label	Beer				0	Q4006
en	Beer	Q11818751	label	Beer				1	Q24862
en	Beer	Q127699596	label	Beer				0	Q117662075
en	Beer	Q132200044	label	Beer				0	Q166142 Q17537576
en	Beer	Q140171925	label	Beer				0	Q12404340
en	Beer	Q145449	alias					33	Q3863
en	Beer	Q19925816	label	Beer				0	Q3305213
en	Beer	Q2053625	alias	Jan de Beer	Jan de Beer			10	Q5
en	Beer	Q20671330	label	Beer	Beer			0	Q838795
en	Beer	Q23676524	label	Beer				1	Q355304
en	Beer	Q24227	label	Beer	Beer			13	Q1475691
en	Beer	Q24662117	label	Beer				1	Q17362920
en	Beer	Q249276	label	Beer	Beer			18	Q4167410
en	Beer	Q26905442	alias	Orijin				2	Q154 Q40050
en	Beer	Q30603848	label	Beer				1	Q105543609
en	Beer	Q31879243	label	Beer				1	Q820477
en	Beer	Q31913167	label	Beer				1	Q160091
en	Beer	Q4083920	alias	Johann Georg Beer	Joseph Georg Beer			6	Q5
en	Beer	Q4879935	label	Beer				3	Q2592651 Q486972
en	Beer	Q4879940	label	Beer				1	Q21191270
en	Beer	Q64852777	label	Beer	Beer			1	Q1941779
en	Beer	Q65957296	label	Beer	Beer			0	Q5
en	Beer	Q682112	label	Beer	Beer			22	Q1115575 Q532
en	Beer	Q76548149	label	Beer				0	Q838948
en	Beer	Q795169	label	Beer				8	Q11424
en	Beer	Q814064	label	Beer	Beer			1	Q8436
en	Beer	Q814067	label	Beer	Beer			5	Q101352
en	Beer	Q814070	label	Beer	Beer			16	Q1348589 Q55818
en	Beet	Q152544	alias					27	Q3863
en	Beet	Q16256430	label	Beet	Beet			4	Q4167410
en	Beet	Q4559551	alias	Beetlejuice	Beetlejuice			13	Q5
en	Beet	Q4880157	label	Beet				1	Q482994
en	Beet	Q94572777	label	Beet	Beet			0	Q101352
en	Belgian endive	Q1474	label	Belgian endive	Chicory		Cichorium intybus var. foliosum	16	Q11992872 Q16521
en	Benzoin	Q18337957	label	Benzoin	Benzoin		Benzoin	0	Q16521
en	Benzoin	Q426819	alias	(+/-)-benzoin	Benzoino			27	Q108850593 Q59199015
en	Benzoin	Q525062	alias	Styrax	Styrax		Styrax	31	Q16521
en	Benzoin	Q55409706	label	Benzoin				4	Q4167410
en	Bergamot	Q1219375	label	Bergamot				4	Q4167410
en	Bergamot	Q130902406	alias	Project Bergamot				1	Q170584 Q28031555 Q7397
en	Bergamot	Q16243520	label	Bergamot	Bergamot			0	Q482994
en	Bergamot	Q18947133	label	Bergamot				0	Q79007
en	Bergamot	Q31729947	label	Bergamot				1	Q54050
en	Bergamot	Q63885537	label	Bergamot				0	Q15632617 Q63975020
en	Bergamot oil	Q488431	alias	Bergamot essential oil	Olio essenziale di bergamotto			16	Q170885 Q735160 Q95997873
en	Bergamot peel oil	Q488431	alias	Bergamot essential oil	Olio essenziale di bergamotto			16	Q170885 Q735160 Q95997873
en	Berries	Q138923419	label	Berries				0	Q11060274
en	Berries	Q26421040	label	Berries				0	Q13360578
en	Berry	Q100555704	label	Berry	Cratere Berry			3	Q55818
en	Berry	Q103965383	label	Berry				0	Q13433827
en	Berry	Q1046202	alias	3684 Berry				26	Q3863
en	Berry	Q107032208	label	Berry				1	Q5084
en	Berry	Q113067708	label	Berry				0	Q35054
en	Berry	Q115184487	alias	Berry Library				0	Q7075
en	Berry	Q115260839	label	Berry				0	Q96759164
en	Berry	Q122378496	label	Berry				0	Q7889
en	Berry	Q127687163	alias	Belly				0	Q3622170
en	Berry	Q135414648	label	Berry				0	Q15632617 Q15711870
en	Berry	Q140045273	alias	Berry Consultants, LLC (United States)				0	Q4830453
en	Berry	Q16203839	label	Berry				2	Q5
en	Berry	Q1657798	label	Berry	Berry			14	Q15219655
en	Berry	Q17641875	alias	Earlier prehistoric hillfort with outwork and outlying stone hut circle known as Berry Castle				0	Q31028695 Q839954
en	Berry	Q20830187	label	Berry	Berry			2	Q12308941
en	Berry	Q21340826	alias	Jocelyn A. Berry				1	Q5
en	Berry	Q21391043	alias	Licia M. Berry	Licia M. Berry			1	Q5
en	Berry	Q22109026	alias	Frederick H. Berry				1	Q5
en	Berry	Q22112359	alias	James William Berry	James William Berry			2	Q5
en	Berry	Q230896	label	Berry	Berry			35	Q4167410
en	Berry	Q23796151	alias	Maleek Berry	Maleek Berry			5	Q5
en	Berry	Q26664515	label	Berry				0	Q41176
en	Berry	Q28219965	label	Berry				0	Q15284
en	Berry	Q28230064	label	Berry				0	Q23019040
en	Berry	Q2899149	label	Berry	Berry			11	Q27676428
en	Berry	Q3228364	alias	Le Zèbre	Le Zèbre			2	Q131183 Q24354 Q41253
en	Berry	Q3471232	alias	Samuel Stillman Berry	Samuel Stillman Berry			7	Q5
en	Berry	Q47015359	label	Berry				0	Q17343829
en	Berry	Q48848944	label	Berry				1	Q17343829
en	Berry	Q4894752	label	Berry				11	Q188509 Q3957
en	Berry	Q5675296	alias	Andrew Berry	Andrew Berry			2	Q5
en	Berry	Q57274878	alias	Helen Berry	Helen Berry			3	Q5
en	Berry	Q63523088	label	Berry				0	Q28931760
en	Berry	Q65961	label	Berry	Berry			38	Q15127012
en	Berry	Q827140	label	Berry	Berry			8	Q101352
en	Berry	Q827146	label	Berry				7	Q5
en	Berry	Q827169	label	Berry	Berry			37	Q209495
en	Berry	Q88813985	alias	Boboriki				0	Q15711870 Q27132946
en	Berry	Q975389	label	Berry	Berry			35	Q1093829
en	Berry	Q98672660	label	Berry				0	Q5
en	Betel	Q107454383	label	Betel	Betel			0	Q101352
en	Betel	Q138756463	alias	Batil	Batil			0	Q5084 Q532
en	Betel	Q16394915	label	Betel	Betel			9	Q4167410
en	Betel	Q20144340	label	Betel				3	Q486972
en	Betel	Q20261352	label	Betel				6	Q20202352
en	Betel	Q2898916	alias	Beitin				13	Q486972
en	Betel	Q31757764	label	Betel				1	Q4167410
en	Betel	Q35352767	label	Betel				1	Q187971
en	Bilberry	Q104304872	label	Bilberry				0	Q2151232
en	Bilberry	Q16257257	label	Bilberry	Bilberry			2	Q4167410
en	Bilberry	Q37254369	label	Bilberry	Bilberry			0	Q101352
en	Bilberry	Q4907612	label	Bilberry				8	Q532
en	Bilberry	Q59727470	label	Bilberry				0	Q2500304
en	Bilberry	Q59731572	label	Bilberry				0	Q2500304
en	Birch	Q103969356	label	Birch				0	Q13433827
en	Birch	Q105072348	label	Birch				1	Q3409032
en	Birch	Q105798708	label	Birch				0	Q839954
en	Birch	Q115260856	label	Birch				0	Q96759164
en	Birch	Q116456238	label	Birch				0	Q88397339
en	Birch	Q116722301	label	Birch				0	Q50687555
en	Birch	Q123143877	label	Birch				1	Q11707
en	Birch	Q124376909	label	Birch				1	Q1980247
en	Birch	Q136786119	label	Birch				1	Q105543609
en	Birch	Q14947702	label	Birch	Birch			8	Q101352
en	Birch	Q15199370	label	Birch				2	Q486972
en	Birch	Q152373	alias					26	Q3863
en	Birch	Q1657789	label	Birch				11	Q15219655
en	Birch	Q175370	alias	Thomas Birch	Thomas Birch			10	Q5
en	Birch	Q22340018	label	Birch				0	Q18761202
en	Birch	Q22669069	alias	Joanne L. Birch				0	Q5
en	Birch	Q2283023	label	Birch	Birch (Essex)			12	Q1115575 Q532
en	Birch	Q24664677	label	Birch				1	Q17362920
en	Birch	Q297093	label	Birch	Birch			14	Q4167410
en	Birch	Q31458772	label	Birch				1	Q54050 Q8502
en	Birch	Q4101619	alias	Byorch				0	Q101352
en	Birch	Q4915631	label	Birch	Birch			4	Q17343829
en	Birch	Q54950343	alias	Rh36				0	Q21014462 Q23058136
en	Birch	Q54959633	label	Birch				2	Q74047
en	Birch	Q8017857	alias	William Russell Birch	William Birch			6	Q5
en	Birch	Q96073469	label	Birch				0	Q5
en	Bitter almond oil	Q879005	alias	bitter almond oil				3	Q1164590 Q170885
en	Black bean	Q4922260	label	Black bean				4	Q4167410
en	Black currant	Q16257516	label	Black currant	Black currant			1	Q4167410
en	Black raspberry	Q4922447	label	Black raspberry				2	Q4167410
en	Black seabream	Q1135606	label	Black seabream	Spondyliosoma cantharus		Spondyliosoma cantharus	33	Q16521 Q2095
en	Black tea	Q141285027	label	Black tea				1	Q4167410
en	Blackberry	Q112084100	label	Blackberry				0	Q58481926
en	Blackberry	Q119350539	label	Blackberry				0	Q3305213
en	Blackberry	Q1213885	label	Blackberry	Blackberry			11	Q4167410
en	Blackberry	Q122386706	label	Blackberry				0	Q7889
en	Blackberry	Q141285790	alias	MAX TIGER Drinks				0	Q431289
en	Blackberry	Q141285791	alias	NF Energy Drinks				0	Q431289
en	Blackberry	Q14692533	label	Blackberry				2	Q17343829
en	Blackberry	Q4922550	label	Blackberry				1	Q134556
en	Blackberry	Q4922552	label	Blackberry				1	Q17343829
en	Blackberry	Q602740	alias	Rubus	Rubus		Rubus	77	Q16521
en	Blackberry	Q64535774	label	Blackberry				0	Q93184
en	Blackberry	Q70582959	alias	J27				0	Q26401003
en	Blackberry	Q97451443	label	Blackberry				0	Q11424
en	Blueberry	Q108713993	label	Blueberry				0	Q3305213
en	Blueberry	Q1091350	label	Blueberry	Blueberry			21	Q11424
en	Blueberry	Q124738603	label	Blueberry				0	Q106921111
en	Blueberry	Q126185725	label	Blueberry				0	Q7889
en	Blueberry	Q13016249	label	Blueberry				1	Q215380
en	Blueberry	Q134963412	alias	Martin Kratt				0	Q15632617 Q15711870
en	Blueberry	Q135193422	label	Blueberry				1	Q212198
en	Blueberry	Q137308	label	Blueberry	Blueberry			25	Q14406742
en	Blueberry	Q138775207	label	Blueberry				0	Q93184
en	Blueberry	Q14714412	label	Blueberry				1	Q17343829
en	Blueberry	Q29501832	alias	Blueberry Hotel				1	Q212198 Q27686
en	Blueberry	Q4035239	label	Blueberry				3	Q55448359
en	Blueberry	Q885959	label	Blueberry	Blueberry			9	Q4167410
en	Boldea fragrans	Q87637956	label	Boldea fragrans	Boldea fragrans		Boldea fragrans	0	Q16521
en	Boldo	Q111755545	label	Boldo	Boldo			1	Q101352
en	Boldo	Q20657751	label	Boldo				4	Q17343829
en	Boldo	Q23653011	label	Boldo				1	Q820477
en	Boldo	Q23653012	label	Boldo				1	Q8502
en	Boldo	Q9660517	label	Boldo	Boldo			4	Q4167410
en	Boletus scaber	Q42048228	label	Boletus scaber	Boletus scaber		Boletus scaber	0	Q1040689 Q16521
en	Bone oil	Q4941578	label	Bone oil	Bone oil			1	Q4167410
en	Boronia anemonifolia	Q13895223	label	Boronia anemonifolia	Boronia anemonifolia		Boronia anemonifolia	6	Q16521
en	Boronia citriodora	Q2911251	label	Boronia citriodora	Boronia citriodora		Boronia citriodora	10	Q16521
en	Brandy	Q108002985	label	Brandy				1	Q5
en	Brandy	Q109902204	alias	Brandy / Lead Me Back	Brandy / Lead Me Back			0	Q134556
en	Brandy	Q109902209	alias	Brandy / Lead Me Back	Brandy / Lead Me Back			0	Q6128115
en	Brandy	Q109902260	label	Brandy	Brandy			0	Q55850593
en	Brandy	Q1283071	label	Brandy	Brandy			4	Q11879590
en	Brandy	Q13016228	label	Brandy				1	Q215380
en	Brandy	Q138605095	label	Brandy				0	Q5
en	Brandy	Q141048344	label	Brandy				0	Q12308941
en	Brandy	Q1853611	label	Brandy	Brandy			13	Q482994
en	Brandy	Q26720384	label	Brandy				0	Q5
en	Brandy	Q343345	label	Brandy	Brandy			13	Q4167410
en	Brandy	Q37264296	label	Brandy	Brandy			2	Q101352
en	Brandy	Q50406026	label	Brandy				0	Q3305213
en	Brandy	Q5733267	alias	Brandy Harrington				0	Q15711870 Q15773317 Q88552181
en	Brandy	Q585768	label	Brandy	Cavalca e uccidi			6	Q11424
en	Brandy	Q690974	alias	Brandy Norwood	Brandy			55	Q5
en	Brandy	Q83672418	alias	Rosa 'Brandy'	Rosa ‘Brandy’		Rosa ‘Brandy’	1	Q26817508
en	Brandy	Q959011	label	Brandy	Brandy			15	Q105543609
en	Brassica	Q137941722	label	Brassica				0	Q838795
en	Brassica	Q58677	label	Brassica	Brassica		Brassica	74	Q16521
en	Brazil nut	Q12371971	label	Brazil nut	noce brasiliana			3	Q1762933 Q3320037 Q40763
en	Brazil nut	Q29726085	alias	Gmd				0	Q7187
en	Brazil nut	Q81671	alias	Bertholletia excelsa	Bertholletia excelsa		Bertholletia excelsa	54	Q16521
en	Bread	Q105438918	label	Bread				5	Q11424
en	Bread	Q115459804	label	Bread				0	Q3305213
en	Bread	Q116274321	label	Bread				0	Q2095 Q7802 Q8564988
en	Bread	Q116415712	label	Bread				0	Q18593264
en	Bread	Q116415714	label	Bread				0	Q18593264
en	Bread	Q116444826	label	Bread				0	Q18593264
en	Bread	Q118903270	label	Bread				1	Q11424
en	Bread	Q119360064	label	Bread				0	Q3305213
en	Bread	Q119411137	label	Bread				0	Q3305213
en	Bread	Q120025498	label	Bread				0	Q3305213
en	Bread	Q123461224	label	Bread				0	Q7802
en	Bread	Q123461286	label	Bread				0	Q7802
en	Bread	Q123461307	label	Bread				0	Q7802
en	Bread	Q131176548	label	Bread				0	Q7725634
en	Bread	Q131176550	label	Bread				1	Q3331189
en	Bread	Q134498903	label	Bread				0	Q3305213
en	Bread	Q134704040	alias	Pada de Vale de Ílhavo				1	Q2095 Q59544 Q7802
en	Bread	Q135059394	label	Bread				0	Q7889
en	Bread	Q135063307	label	Bread				0	Q7889
en	Bread	Q135170759	label	Bread				0	Q3305213
en	Bread	Q1709565	label	Bread	Bread			14	Q4167410
en	Bread	Q20199661	label	Bread				0	Q3305213
en	Bread	Q23940831	label	Bread				0	Q3305213
en	Bread	Q3285516	label	Bread	Bread			5	Q482994
en	Bread	Q37244887	label	Bread	Bread			1	Q101352
en	Bread	Q48751497	label	Bread				1	Q7725634
en	Bread	Q4959128	label	Bread	Il pane quotidiano			7	Q11424
en	Bread	Q4959131	label	Bread				3	Q5398426
en	Bread	Q56257225	alias	David Katz				0	Q5
en	Bread	Q56760637	label	Bread				0	Q13433827
en	Bread	Q63860892	label	Bread				0	Q838948 Q860861
en	Bread	Q7043961	label	Bread				2	Q11424
en	Bread	Q83513377	label	Bread				0	Q11424
en	Bread	Q85748788	label	Bread				2	Q708676
en	Bread	Q903536	label	Bread	Bread			25	Q215380
en	Broccoli	Q123471934	label	Broccoli				0	Q4830453
en	Broccoli	Q124966463	label	Broccoli				0	Q21191270
en	Broccoli	Q135057432	label	Broccoli				0	Q7889
en	Broccoli	Q137384356	label	Broccoli				1	Q215380
en	Broccoli	Q25219064	label	Broccoli	Broccoli			3	Q134556
en	Broccoli	Q29935079	label	Broccoli	Broccoli			0	Q2416217
en	Broccoli	Q418988	label	Broccoli	Broccoli			12	Q4167410
en	Broccoli	Q47722	alias	broccoli	broccolo		Brassica oleracea var. italica	111	Q11992872 Q138848994 Q16521
en	Broccoli	Q48802555	label	Broccoli				1	Q41298
en	Broccoli	Q6730760	alias	33269 Broccoli	33269 Broccoli			8	Q3863
en	Broccoli	Q758547	label	Broccoli	Broccoli			9	Q18127
en	Broccoli	Q84866248	label	Broccoli				0	Q5
en	Buchu	Q15790150	label	Buchu	Buchu			1	Q4167410
en	Buckwheat	Q4983562	label	Buckwheat	Buckwheat			3	Q4167410
en	Buckwheat	Q5342433	alias	Edward Cowley				2	Q5
en	Buckwheat	Q999968	alias	Buckwheat Zydeco	Buckwheat Zydeco			12	Q5
en	Bulgarian rose	Q578904	alias	Rosa × damascena	Rosa damascena		Rosa × damascena	38	Q136343650
en	Bulgarian rose oil	Q18416565	label	Bulgarian rose oil	Bulgarsko rozovo maslo			2	Q170885
en	Butter	Q1018042	label	Butter	Butter			14	Q11424
en	Butter	Q105773089	label	Butter				4	Q11424
en	Butter	Q106627051	label	Butter	Butter			21	Q105543609
en	Butter	Q106928594	label	Butter	Butter			0	Q55850593
en	Butter	Q106928663	label	Butter	Butter			0	Q193977
en	Butter	Q106928736	label	Butter	Butter			0	Q134556
en	Butter	Q119805829	label	Butter				1	Q482994
en	Butter	Q124756674	label	Butter				0	Q43305660
en	Butter	Q133871232	label	Butter				2	Q7725634
en	Butter	Q136197052	alias	Butter Otter				0	Q28035102
en	Butter	Q138844963	label	Butter				0	Q5
en	Butter	Q18981140	label	Butter				0	Q79007
en	Butter	Q20686133	label	Butter				2	Q482994
en	Butter	Q25114635	label	Butter	Butter			2	Q101352
en	Butter	Q2674631	label	Butter	Butter (film 1998)			5	Q11424
en	Butter	Q63759309	label	Butter				0	Q24862
en	Butter	Q85519171	label	Butter				0	Q216931 Q33685
en	Butter	Q927218	label	Butter	Butter			11	Q4167410
en	Buttermilk	Q126898979	label	Buttermilk				0	Q43305660
en	Buttermilk	Q5003000	label	Buttermilk	Buttermilk			4	Q17343829
en	Buttermilk	Q5003002	label	Buttermilk	Buttermilk			1	Q4167410
en	Buttermilk	Q5003003	label	Buttermilk	Buttermilk			2	Q726
en	Buttermilk	Q5003004	label	Buttermilk	Buttermilk			4	Q17343829
en	Buttermilk	Q5003005	label	Buttermilk	Buttermilk			2	Q130003
en	Cabbage	Q104014731	label	Cabbage				0	Q13433827
en	Cabbage	Q119302480	label	Cabbage				0	Q3305213
en	Cabbage	Q138953121	label	Cabbage				0	Q11060274
en	Cabbage	Q20982922	label	Cabbage	Cabbage			2	Q61475894
en	Cabbage	Q25704738	label	Cabbage				3	
en	Cabbage	Q26839039	label	Cabbage				0	Q3305213
en	Cabbage	Q30604087	label	Cabbage				2	Q215380
en	Cabbage	Q37475585	label	Cabbage	Cabbage			0	Q101352
en	Cabbage	Q49350249	label	Cabbage				0	Q3305213
en	Cabbage	Q5015269	label	Cabbage				2	Q482994
en	Cabbage	Q5015270	label	Cabbage				1	Q482994
en	Cabbage	Q5015271	label	Cabbage				2	Q105543609
en	Cabbage	Q5015274	label	Cabbage	Cabbage			4	Q4167410
en	Cabbage	Q56444887	label	Cabbage				1	Q13433827 Q191067
en	Cabbage	Q78995374	label	Cabbage				0	Q3305213
en	Cabreuva	Q13447210	label	Cabreuva	Cabreuva			1	Q4167410
en	Cabreuva	Q15885559	label	Cabreuva	Cabreuva		Cabreuva	5	Q16521
en	Cabreuva	Q1760058	alias	Cabreúva	Cabreúva			29	Q3184121
en	Cacao	Q118692425	label	Cacao				1	Q123146758
en	Cacao	Q137766022	alias	Comarca El Cacao				0	Q12829
en	Cacao	Q138880366	alias	El Carao	El Carao			0	Q72030539
en	Cacao	Q139068335	label	Cacao				0	Q26401003 Q726
en	Cacao	Q140240184	label	Cacao				0	Q3331189
en	Cacao	Q22988181	label	Cacao				2	Q1272194 Q131436
en	Cacao	Q24693667	label	Cacao				1	Q4022
en	Cacao	Q2522691	label	Cacao				7	Q3677932
en	Cacao	Q25279932	label	Cacao				1	Q4022
en	Cacao	Q25279933	label	Cacao				1	Q4022
en	Cacao	Q257263	alias	cacao	Cacao			18	Q4167410
en	Cacao	Q34115776	label	Cacao				3	Q2095 Q3474610
en	Cacao	Q37466410	label	Cacao	Cacao			0	Q101352
en	Cacao	Q49006393	label	Cacao				2	Q125778656
en	Cacao	Q51452023	label	Cacao				0	Q3331189
en	Cacao	Q51452025	label	Cacao				0	Q3331189
en	Cacao	Q56876848	label	Cacao				0	Q1424805 Q14659
en	Cacao	Q5738578	label	Cacao				6	Q188913 Q20202352
en	Cacao	Q5738582	label	Cacao				3	Q3677932
en	Cacao	Q61273504	label	Cacao				3	Q20202352
en	Cacao	Q61305852	label	Cacao				5	Q20202352
en	Cacao	Q79794262	alias	André Michel				0	Q5
en	Cacao	Q87175898	label	Cacao	Cacao		Cacao	0	Q16521 Q3320037 Q47041
en	Caesalpinia spinosa	Q21315230	label	Caesalpinia spinosa	Tara spinosa		Tara spinosa	5	Q16521
en	Caesalpinia spinosa	Q289651	label	Caesalpinia spinosa	Caesalpinia spinosa		Caesalpinia spinosa	12	Q16521 Q42310380
en	Calabash nutmeg	Q6901558	alias	Monodora myristica	Monodora myristica		Monodora myristica	22	Q16521
en	Calamus	Q1026230	label	Calamus	Calamus			4	Q7397
en	Calamus	Q105794616	alias	Kalamos				1	Q15661340
en	Calamus	Q124214057	label	Calamus				0	Q73365499 Q737498 Q773668
en	Calamus	Q141316751	label	Calamus				0	Q166142
en	Calamus	Q165260	label	Calamus	Calamus		Calamus	31	Q16521
en	Calamus	Q1658870	label	Calamus				13	Q15219655
en	Calamus	Q1721947	alias	Kalamos	Calamo			9	Q22988604
en	Calamus	Q2729463	label	Calamus	Calamus		Calamus	17	Q16521
en	Calamus	Q3247297	label	Calamus	Calamus			5	Q7725634
en	Calamus	Q3650051	label	Calamus	Calamo			2	Q11424
en	Calamus	Q577277	label	Calamus	Calamus			17	Q4167410
en	Calamus	Q739891	label	Calamus	Calamus			37	Q1093829
en	Callitris	Q2246875	label	Callitris	Callitris		Callitris	32	Q16521
en	Callitris drummondii	Q2934276	label	Callitris drummondii	Callitris drummondii		Callitris drummondii	15	Q16521
en	Callitris glauca	Q87597525	label	Callitris glauca	Callitris glauca		Callitris glauca	0	Q16521
en	Callitris gracilis	Q15040901	label	Callitris gracilis	Callitris gracilis		Callitris gracilis	3	Q16521
en	Callitris intratropica	Q7177630	label	Callitris intratropica	Callitris intratropica		Callitris intratropica	1	Q16521
en	Calytrix tetragona	Q5024770	label	Calytrix tetragona	Calytrix tetragona		Calytrix tetragona	8	Q16521
en	Calytrix virgata	Q110513856	label	Calytrix virgata	Calytrix virgata		Calytrix virgata	0	Q16521
en	Camphor	Q115803013	label	Camphor				1	Q11707
en	Camphor	Q118823896	label	Camphor				0	Q7725634
en	Camphor	Q27089415	alias	(R)-camphor				0	Q113145171 Q181559
en	Camphor	Q37060763	label	Camphor				1	Q101352
en	Camphor	Q5028356	label	Camphor	Camphor			1	Q4167410
en	Camphor	Q5028358	label	Camphor				1	Q482994
en	Camphor	Q74801932	label	Camphor				0	Q121117
en	Camphor	Q98505482	label	Camphor				0	Q210112
en	Camphor oil	Q27089415	alias	(R)-camphor				0	Q113145171 Q181559
en	Cananga	Q3264724	label	Cananga	Cananga		Cananga	22	Q16521
en	Cantaloupe	Q122562657	label	Cantaloupe				0	Q486972 Q5084
en	Cantaloupe	Q30920590	label	Cantaloupe				1	
en	Cantaloupe	Q5033534	label	Cantaloupe	Cantaloupe			1	Q4167410
en	Cape gooseberry	Q165227	alias	Physalis peruviana	Physalis peruviana		Physalis peruviana	59	Q16521
en	Caprifoliaceae	Q156301	label	Caprifoliaceae	Caprifoliaceae		Caprifoliaceae	60	Q16521
en	Capsicum	Q201959	label	Capsicum	Capsicum		Capsicum	103	Q11992872 Q16521 Q186752
en	Capsicum	Q96374408	label	Capsicum				2	Q271680
en	Capsicum annuum	Q1380	label	Capsicum annuum	Capsicum annuum		Capsicum annuum	93	Q11992872 Q1362373 Q16521
en	Caraway	Q1035444	label	Caraway	Caraway			5	Q4167410
en	Caraway	Q115948193	label	Caraway				0	Q416796 Q59199015
en	Caraway	Q2538041	label	Caraway	Caraway			31	Q1093829
en	Caraway	Q80582092	alias	The Caraway, Parc Pensam				0	Q212198
en	Cardamom	Q123699099	label	Cardamom				0	Q1114461 Q15632617
en	Cardamom	Q141164934	label	Cardamom				0	Q726
en	Cardamom	Q312218	alias	Elettaria	Elettaria		Elettaria	29	Q16521
en	Cardamom	Q986742	label	Cardamom				6	Q4167410
en	Carnation	Q1043903	label	Carnation	Carnation			2	Q215380
en	Carnation	Q1094960	label	Carnation				6	Q5398426
en	Carnation	Q11063552	label	Carnation				3	Q134556 Q7366
en	Carnation	Q11295688	label	Carnation	Carnation			2	Q215380
en	Carnation	Q1191413	label	Carnation	Carnation			34	Q1093829
en	Carnation	Q119860989	label	Carnation				0	Q3305213
en	Carnation	Q124387410	label	Carnation				1	Q1980247
en	Carnation	Q24060342	label	Carnation				0	Q3305213
en	Carnation	Q25097016	label	Carnation				1	Q482994
en	Carnation	Q26633	label	Carnation	Carnation			19	Q4167410
en	Carnation	Q2939676	label	Carnation				9	Q16323605 Q27038993
en	Carnation	Q4450109	alias	HMS Carnation				6	Q170013
en	Carnation	Q5043808	label	Carnation				6	Q17343829
en	Carnation	Q56323534	label	Carnation	Carnation			4	Q215380
en	Carnation	Q74891504	label	Carnation				0	Q11060274
en	Carnation	Q83673081	alias	Rosa 'Carnation'	Rosa ‘Carnation’		Rosa ‘Carnation’	1	Q26817508
en	Carpinus betulus	Q158776	label	Carpinus betulus			Carpinus betulus	62	Q16521
en	Carpinus betulus	Q55743395	label	Carpinus betulus	carpino bianco			1	Q811534
en	Carrot	Q104632472	label	Carrot				2	Q108406195 Q1569167 Q80447738 Q87576284
en	Carrot	Q107466819	alias	Carrot Stakes				1	Q13406554
en	Carrot	Q109877149	alias	Carrot Weather				0	Q620615
en	Carrot	Q11297322	label	Carrot				1	Q4830453
en	Carrot	Q127000180	label	Carrot				0	Q1464125
en	Carrot	Q47012598	label	Carrot				1	Q1114461 Q27120684
en	Carrot	Q5046696	label	Carrot	Carrot			7	Q4167410
en	Carrot	Q65099256	label	Carrot	Carrot			0	Q101352
en	Carrot	Q746625	alias	Astana Tower				2	Q41176
en	Cashew	Q11294096	label	Cashew				1	Q4830453
en	Cashew	Q128363256	label	Cashew				0	Q1493054
en	Cashew	Q138711744	label	Cashew				0	Q138698843
en	Cashew	Q34007	label	Cashew	Anacardium occidentale		Anacardium occidentale	116	Q16521
en	Cashew	Q54803000	label	Cashew				0	Q95074
en	Cassia	Q111288513	alias	Paulla Cassia				0	Q5
en	Cassia	Q122553231	label	Cassia				0	Q486972 Q5084
en	Cassia	Q123148190	label	Cassia				0	Q215380
en	Cassia	Q131673457	label	Cassia				0	Q15632617 Q15773317 Q3658341
en	Cassia	Q135320435	label	Cassia				0	Q15632617 Q1569167
en	Cassia	Q16275180	label	Cassia				2	Q11879590
en	Cassia	Q162882	label	Cassia	Cassia		Cassia	35	Q16521
en	Cassia	Q1793175	alias	Cássia	Cássia			26	Q3184121
en	Cassia	Q181087	label	Cassia	Cassia			10	Q4167410
en	Cassia	Q263592	alias	Kassia	Kassia			39	Q5
en	Cassia	Q32978963	label	Cassia	Cassia			0	Q3760158
en	Cassia	Q3770274	alias	Giuseppe Cassia	Giuseppe Cassia			1	Q5
en	Cassia	Q64540173	label	Cassia				0	Q3305213
en	Cassia	Q85688667	label	Cassia	Cassia			1	Q101352
en	Cassia oil	Q72515843	label	Cassia oil				1	Q170885 Q25403900
en	Castoreum	Q10443613	label	Castoreum	Castoreum		Castoreum	5	Q16521
en	Catfish	Q1050736	label	Catfish	Catfish			9	Q4167410
en	Catfish	Q106568503	label	Catfish				0	Q429785
en	Catfish	Q106858764	label	Catfish				0	Q3305213
en	Catfish	Q110055729	label	Catfish				0	Q110039749
en	Catfish	Q117860983	label	Catfish				1	Q65618976
en	Catfish	Q118254386	label	Catfish				1	Q482994
en	Catfish	Q123719501	alias	Fountain with a catfish sculpture in Bechyně				0	Q179700 Q483453
en	Catfish	Q132370729	label	Catfish				0	Q2635894
en	Catfish	Q16858425	label	Catfish				1	Q105543609
en	Catfish	Q2915039	label	Catfish				11	Q11424
en	Catfish	Q5015337	label	Catfish	Catfish			12	Q15416
en	Catfish	Q50401044	label	Catfish				0	Q3305213
en	Catfish	Q5051974	label	Catfish	Catfish			2	Q105543609
en	Catfish	Q5467596	alias	Zaireichthys wamiensis	Zaireichthys wamiensis		Zaireichthys wamiensis	12	Q16521
en	Catfish	Q58008467	label	Catfish	Adescamento			0	Q21191270
en	Catfish	Q67469572	label	Catfish				0	Q341
en	Caucas	Q5054250	label	Caucas				5	Q15632617
en	Caucus	Q75427760	label	Caucus				0	Q11060274
en	Cauliflower	Q110064464	label	Cauliflower				2	Q11424
en	Cauliflower	Q20504858	label	Cauliflower				0	Q3305213
en	Cauliflower	Q5054522	label	Cauliflower	Cauliflower			1	Q4167410
en	Caviar	Q106960242	alias	Caviar Films				0	Q10689397 Q1762059 Q7247847
en	Caviar	Q120306686	label	Caviar				0	Q11032
en	Caviar	Q124538259	label	Caviar				0	
en	Caviar	Q134548977	label	Caviar	Caviar			1	Q4830453
en	Caviar	Q134965262	label	Caviar				0	Q7889
en	Caviar	Q3611453	alias	Bethany Benz	Bethany Benz			12	Q5
en	Caviar	Q3853849	label	Caviar	Medusa e altri dei			1	Q7725634
en	Caviar	Q44866032	label	Caviar				2	Q11424
en	Caviar	Q5055121	label	Caviar	Caviar			1	Q215380
en	Caviar	Q5055122	label	Caviar				2	Q482994
en	Caviar	Q5055125	label	Caviar	Caviar			1	Q4167410
en	Caviar	Q60584175	label	Caviar				3	Q11424
en	Cayenne	Q10444275	label	Cayenne	Cayenne			1	Q215380
en	Cayenne	Q112604242	alias	Cayenne Médias				0	Q10689397 Q1762059
en	Cayenne	Q122540925	label	Cayenne				0	Q486972 Q5084
en	Cayenne	Q124824456	label	Cayenne				0	Q188913
en	Cayenne	Q15914707	label	Cayenne				1	Q4830453
en	Cayenne	Q2498225	label	Cayenne	Cayenne			7	Q105543609
en	Cayenne	Q2603091	label	Cayenne	Cayenne			5	Q133156
en	Cayenne	Q2943392	label	Cayenne				2	Q105543609
en	Cayenne	Q3207854	label	Cayenne				1	Q15081032
en	Cayenne	Q33662520	label	Cayenne				1	Q12357832
en	Cayenne	Q337148	alias	Porsche Cayenne	Porsche Cayenne			39	Q1357619 Q192152 Q59773381
en	Cayenne	Q37029821	label	Cayenne	Cayenne			0	Q101352
en	Cayenne	Q421146	label	Cayenne	Cayenne			16	Q4167410
en	Cayenne	Q44401	label	Cayenne	Caienna			124	Q484170 Q515
en	Cayenne	Q5055293	label	Cayenne	Cayenne			2	Q56223375 Q9143
en	Cayenne	Q5055294	label	Cayenne				1	Q386208
en	Cayenne	Q54858135	label	Cayenne				1	Q1114461 Q15632617
en	Cayenne	Q97652710	label	Cayenne				2	Q11424
en	Celery	Q11314669	label	Celery				1	Q134556
en	Celery	Q114486792	label	Celery				0	Q21191270
en	Celery	Q130538998	label	Celery				0	Q105543609
en	Celery	Q130538999	label	Celery				0	Q55850593
en	Celery	Q1346036	alias	Naufraga balearica	Naufraga balearica		Naufraga balearica	9	Q16521
en	Celery	Q18149333	label	Celery	Celery			2	Q482994
en	Celery	Q20464567	label	Celery				0	Q3305213
en	Celery	Q28964452	label	Celery				1	Q4167410
en	Celery	Q5057824	label	Celery				6	Q1092177 Q188860 Q341
en	Celery	Q5486020	alias	Horstrissea dolinicola	Horstrissea dolinicola		Horstrissea dolinicola	7	Q16521
en	Celery	Q5486855	alias	Ligusticum huteri	Ligusticum huteri		Ligusticum huteri	3	Q16521
en	Celery	Q6688432	alias	Louis de Caullery	Louis de Caullery			10	Q5
en	Cereal	Q1054873	label	Cereal	Cereal			2	Q4167410
en	Cereal	Q5064053	label	Cereal				9	Q17366755
en	Cereal	Q60750267	label	Cereal				1	Q41298
en	Cereal	Q61208262	label	Cereal				0	Q190107
en	Ceylon cinnamon	Q370239	alias	Cinnamomum verum	Cinnamomum verum		Cinnamomum verum	63	Q11992872 Q16521
en	Ceylon tea	Q105616623	label	Ceylon tea	Tè di Ceylon			23	Q203415
en	Chamaecyparis lawsoniana	Q161360	label	Chamaecyparis lawsoniana	Chamaecyparis lawsoniana		Chamaecyparis lawsoniana	42	Q16521
en	Chamaecyparis pisifera	Q74068	label	Chamaecyparis pisifera	Chamaecyparis pisifera		Chamaecyparis pisifera	35	Q16521
en	Chamomile	Q146172	alias	Anthemis glaberrima	Anthemis glaberrima		Anthemis glaberrima	8	Q16521
en	Chamomile	Q54749577	alias	AM-iPS-19				0	Q107103143 Q21014462
en	Chayote	Q38646266	alias	Sicyos edulis	Sicyos edulis		Sicyos edulis	74	Q11992872 Q16521
en	Cheddar cheese	Q217525	label	Cheddar cheese	cheddar	03302458		60	Q185217 Q19361017 Q3088299
en	Cheese	Q105080224	alias	Chante / Ne t’en fais pas pour Ronnie / Cette maudite solitude / Cheese	Chante / Ne t’en fais pas pour Ronnie / Cette maudite solitude / Cheese			0	Q108346556
en	Cheese	Q115519698	label	Cheese				1	Q5
en	Cheese	Q12360578	label	Cheese				1	Q215380
en	Cheese	Q140568678	label	Cheese				0	Q7725634
en	Cheese	Q2182654	label	Cheese				2	Q11424
en	Cheese	Q2717350	label	Cheese	Cheese			19	Q482994
en	Cheese	Q37475228	label	Cheese	Cheese			1	Q101352
en	Cheese	Q440140	label	Cheese	Cheese			9	Q4167410
en	Cheese	Q673698	label	Cheese	Cheese			22	Q341
en	Cheese	Q907797	label	Cheese				4	Q3706669
en	Cheese	Q96330170	alias	Cheese: Chemistry, Physics and Microbiology				0	Q5633421
en	Chenopodium	Q158094	label	Chenopodium	Chenopodium		Chenopodium	56	Q16521
en	Cherimoya	Q5091963	label	Cherimoya				2	Q726
en	Cherimoya	Q8345234	label	Cherimoya	Cherimoya			1	Q4167410
en	Cherry	Q102113790	label	Cherry				1	Q21191270
en	Cherry	Q103929056	label	Cherry				0	Q11446 Q852190
en	Cherry	Q1064849	label	Cherry	Cherry			6	Q134556
en	Cherry	Q106808795	label	Cherry				2	Q123705
en	Cherry	Q1070339	alias	About Cherry	About Cherry			14	Q11424
en	Cherry	Q1074709	alias	Sakuranbo				6	Q134556 Q7366
en	Cherry	Q10846769	label	Cherry				2	Q134556
en	Cherry	Q11194505	label	Cherry				1	Q5
en	Cherry	Q11317784	label	Cherry				4	Q5
en	Cherry	Q113299220	label	Cherry				0	Q21191270
en	Cherry	Q114479093	label	Cherry				0	Q21191270
en	Cherry	Q114761857	label	Cherry				0	Q7725634
en	Cherry	Q115232994	label	Cherry				0	Q88397339
en	Cherry	Q116114493	label	Cherry	Cherry			1	Q482994
en	Cherry	Q117067450	label	Cherry				0	Q105999
en	Cherry	Q117156904	label	Cherry				1	Q11424
en	Cherry	Q117462890	label	Cherry				1	Q1058891 Q4830453
en	Cherry	Q120186839	label	Cherry	Cherry			1	Q482994
en	Cherry	Q120966442	label	Cherry				1	Q11424
en	Cherry	Q127222981	label	Cherry				0	Q41298
en	Cherry	Q135414644	label	Cherry				0	Q15632617 Q15711870
en	Cherry	Q136455149	alias	Chiranjeevi Pedamallu				0	Q5
en	Cherry	Q137863622	label	Cherry				0	Q5
en	Cherry	Q138780054	alias	Jessie Leigh				0	Q5
en	Cherry	Q139604085	label	Cherry				0	Q5
en	Cherry	Q139754382	alias	Cherry Nature Refuge				0	Q179049
en	Cherry	Q140031996	label	Cherry				0	Q1327260 Q21648161
en	Cherry	Q16249259	label	Cherry				4	Q11424
en	Cherry	Q16275196	label	Cherry				4	Q11879590
en	Cherry	Q16627683	label	Cherry				1	Q11424
en	Cherry	Q16865535	label	Cherry	Cherry			5	Q101352
en	Cherry	Q18983703	alias	W. Cherry				0	Q5
en	Cherry	Q19879431	label	Cherry				1	Q482994
en	Cherry	Q21184350	label	Cherry	Cherry			1	Q24862
en	Cherry	Q225132	label	Cherry	Cherry			21	Q4167410
en	Cherry	Q22907192	label	Cherry				1	Q482994
en	Cherry	Q2478969	label	Cherry	Cherry			15	Q5
en	Cherry	Q25095216	label	Cherry				1	Q482994
en	Cherry	Q28553802	label	Cherry				0	Q3305213
en	Cherry	Q2962771	label	Cherry				6	Q74047
en	Cherry	Q3679087	alias	Clara Moroni	Clara Moroni			6	Q5
en	Cherry	Q3765047	alias	Ram Charan	Ram Charan			43	Q5
en	Cherry	Q3945211	alias	Sakuranbou	Sakurambo			1	Q15632617 Q80447738 Q87576284
en	Cherry	Q42289281	label	Cherry				3	Q5
en	Cherry	Q5092259	label	Cherry				2	Q17343829
en	Cherry	Q5092262	label	Cherry				4	Q17343829
en	Cherry	Q5092266	label	Cherry				1	Q169930
en	Cherry	Q5092267	label	Cherry	Cherry			2	Q482994
en	Cherry	Q5092268	label	Cherry	Cherry			1	Q215380
en	Cherry	Q5092269	label	Cherry				1	Q105543609
en	Cherry	Q5092270	label	Cherry				4	Q1760610
en	Cherry	Q5092432	label	Cherry				6	Q4830453
en	Cherry	Q52314507	label	Cherry				1	Q1504307 Q15893266
en	Cherry	Q54074751	label	Cherry				4	Q54064884
en	Cherry	Q60742551	label	Cherry				2	Q7725634
en	Cherry	Q61970589	label	Cherry				0	Q726
en	Cherry	Q63882554	label	Cherry				0	Q15632617 Q63975020
en	Cherry	Q65053909	label	Cherry				1	Q17343829
en	Cherry	Q73896894	label	Cherry	Cherry - Innocenza perduta			24	Q11424
en	Cherry	Q85421847	label	Cherry				1	
en	Cherry	Q91250149	label	Cherry	Cherry			0	Q55850593
en	Cherry	Q980460	label	Cherry	Cherry			29	Q110071217
en	Chestnut honey	Q110664230	label	Chestnut honey				0	
en	Chicken	Q100353744	label	Chicken				0	Q3305213
en	Chicken	Q114353557	label	Chicken				2	Q113904998 Q18683244
en	Chicken	Q114488857	label	Chicken				0	Q21191270
en	Chicken	Q125756645	label	Chicken				0	Q105543609
en	Chicken	Q125756646	label	Chicken				0	Q55850593
en	Chicken	Q135442731	label	Chicken				0	Q3305213
en	Chicken	Q135453553	label	Chicken				0	Q7889
en	Chicken	Q20859675	label	Chicken				0	Q3305213
en	Chicken	Q2138418	label	Chicken				1	Q5398426
en	Chicken	Q21462949	label	Chicken	Chicken			2	Q7889
en	Chicken	Q2641404	alias	The Chicken				7	Q24862
en	Chicken	Q283456	alias	CHICKEN	CHICKEN			7	Q341 Q9143
en	Chicken	Q2963387	label	Chicken				4	Q11424
en	Chicken	Q419408	label	Chicken	Chicken			13	Q4167410
en	Chicken	Q48778903	label	Chicken				2	Q11424
en	Chicken	Q49200779	label	Chicken				0	Q3305213
en	Chicken	Q5096222	label	Chicken	Chicken			2	Q169930
en	Chicken	Q5096223	label	Chicken				2	Q24862
en	Chicken	Q5096224	label	Chicken				1	Q134556
en	Chicken	Q5524563	alias	Gary "Chicken" Hirsh				4	Q5
en	Chicken	Q750006	label	Chicken	Chicken			26	Q498162
en	Chicken	Q77010078	label	Chicken				0	Q11060274
en	Chicken	Q80005021	label	Chicken				0	Q28823
en	Chicory	Q121142906	label	Chicory				0	Q116816581 Q87576284
en	Chicory	Q124336988	label	Chicory				1	Q4167410
en	Chicory	Q138775256	label	Chicory				0	Q93184
en	Chicory	Q138775640	label	Chicory				0	Q138773036 Q183065 Q400185 Q506883
en	Chicory	Q76551538	label	Chicory				0	Q148401 Q15632617
en	Chilli	Q1072972	label	Chilli	Chilli			5	Q4167410
en	Chilli	Q11690001	label	Chilli	Chilli			1	Q215380
en	Chilli	Q131038158	label	Chilli				1	Q215380 Q281643
en	Chilli	Q4025600	label	Chilli	Čilli			6	Q4022
en	Chilli	Q575467	alias	Chillicothe	Chillicothe			37	Q1093829
en	Chilli	Q83558900	label	Chilli				0	Q212198
en	Chilli	Q9189718	label	Chilli				1	Q482994
en	Chinese cabbage	Q13360268	alias	Napa cabbage	Cavolo di Pechino		Brassica rapa subsp. pekinensis	47	Q11992872 Q14328596 Q16521
en	Chinese cabbage	Q18968514	label	Chinese cabbage				17	Q11004 Q14328596 Q20134 Q25403900
en	Chinese cinnamon	Q204148	alias	Cinnamomum cassia	Cinnamomum aromaticum		Cinnamomum cassia	47	Q11992872 Q16521
en	Chinese cinnamon	Q7370926	alias	Rougui tea				5	Q231587
en	Chinese quince	Q1334892	alias	Pseudocydonia sinensis	Pseudocydonia sinensis		Pseudocydonia sinensis	26	Q16521
en	Chinese star anise	Q2878644	alias	Illicium verum	Illicium verum		Illicium verum	76	Q11992872 Q16521
en	Chive	Q109396189	label	Chive				0	Q486972
en	Chive	Q134555074	label	Chive				0	Q486972
en	Chive	Q5766863	label	Chive	Chive			4	Q1475691 Q55818
en	Chives	Q34793177	label	Chives				1	Q486972
en	Chives	Q5102585	label	Chives	Chives			2	Q4167410
en	Chives	Q54749589	alias	AM-iPS-5				0	Q107103143 Q21014462
en	Chives	Q589835	label	Chives	Chives			38	Q484170
en	Chrysanthemum japonicum	Q5766061	label	Chrysanthemum japonicum	Chrysanthemum japonicum		Chrysanthemum japonicum	4	Q16521
en	Cider	Q111337915	alias	DME Merry				0	Q5
en	Cider	Q111577736	label	Cider				1	Q7302866
en	Cider	Q111577800	label	Cider				0	Q7366
en	Cider	Q16988527	alias	Cycada				2	Q281066 Q7397 Q907342
en	Cider	Q19912302	label	Cider				0	Q3305213
en	Cider	Q99397832	label	Cider				3	Q4167410
en	Cigarette	Q119576083	label	Cigarette				0	Q3305213
en	Cigarette	Q11963825	label	Cigarette				1	Q105543609
en	Cigarette	Q123043314	label	Cigarette				0	Q43305660
en	Cigarette	Q133463357	label	Cigarette				0	Q3305213
en	Cigarette	Q17155647	label	Cigarette				0	Q11424
en	Cigarette	Q2972359	label	Cigarette	Cigarette			2	Q4167410
en	Cigarette	Q5119818	label	Cigarette				1	Q860861
en	Cigarette	Q63864467	label	Cigarette				0	Q838948 Q860861
en	Cilantro	Q111691972	label	Cilantro				0	Q30022
en	Cilantro	Q111692172	label	Cilantro				1	Q76212517
en	Cinchona officinalis	Q3091779	label	Cinchona officinalis	Cinchona calisaya		Cinchona officinalis	23	Q16521
en	Cinnamomum	Q129998670	label	Cinnamomum				0	Q838948
en	Cinnamomum	Q27282	label	Cinnamomum	Cinnamomum		Cinnamomum	62	Q16521
en	Cinnamomum camphora	Q158722	label	Cinnamomum camphora	Cinnamomum camphora		Cinnamomum camphora	72	Q10884 Q16521
en	Cinnamomum cassia oil	Q1124672	label	Cinnamomum cassia oil				0	Q170885 Q79529
en	Cinnamon	Q1092532	label	Cinnamon				3	Q215380
en	Cinnamon	Q1092536	label	Cinnamon	Cinnamon			2	Q1114461 Q15632617 Q15773317
en	Cinnamon	Q1092551	label	Cinnamon				40	Q205020 Q506883
en	Cinnamon	Q110942407	label	Cinnamon				0	Q100891938 Q1569167 Q80447738
en	Cinnamon	Q111382145	label	Cinnamon				1	Q7302866
en	Cinnamon	Q112652779	label	Cinnamon				0	Q47461344
en	Cinnamon	Q117794011	label	Cinnamon				2	Q11424
en	Cinnamon	Q123699096	label	Cinnamon				0	Q1114461 Q15632617
en	Cinnamon	Q12956637	label	Cinnamon	Cinnamon			9	Q4167410
en	Cinnamon	Q131689254	label	Cinnamon				1	Q15720625 Q15773317
en	Cinnamon	Q139576337	label	Cinnamon				0	Q7725634
en	Cinnamon	Q36883647	label	Cinnamon	Cinnamon			1	Q101352
en	Cinnamon	Q5121033	label	Cinnamon				3	Q11424
en	Cinnamon	Q5121034	label	Cinnamon				1	Q134556
en	Cinnamon	Q52351405	label	Cinnamon				1	Q15276
en	Cinnamon	Q59873674	label	Cinnamon				0	Q93184
en	Cinnamon	Q65477537	label	Cinnamon				0	Q11879590
en	Cinnamon	Q98505624	label	Cinnamon				0	Q210112
en	Cinnamon oil	Q72515843	alias	Cassia oil				1	Q170885 Q25403900
en	Cistus ladaniferus	Q104246965	label	Cistus ladaniferus	Cistus ladaniferus		Cistus ladaniferus	0	Q16521
en	Citron	Q11194621	label	Citron				1	Q482994
en	Citron	Q11773549	label	Citron	Citron			2	Q215380
en	Citron	Q131453088	label	Citron	cedro			0	Q3305213
en	Citron	Q139014037	label	Citron				0	Q11060274
en	Citron	Q16571896	alias	Clemont	Lem			5	Q15632617 Q1569167 Q80447738
en	Citron	Q16865603	label	Citron	Citron			2	Q101352
en	Citron	Q21498215	label	Citron				0	Q8054
en	Citron	Q2974481	alias	citron				6	Q1075 Q376431 Q943
en	Citron	Q365177	label	Citron	Citron			6	Q4167410
en	Citron	Q583622	alias	16068 Citron	16068 Citron			18	Q3863
en	Citron	Q6867898	alias	Minna Citron	Minna Citron			7	Q5
en	Citron	Q83631762	label	Citron				1	Q14970
en	Citronella	Q1093487	label	Citronella	Citronella			2	Q4167410
en	Citronella	Q3283494	label	Citronella	Citronella		Citronella	11	Q16521
en	Citrus	Q105766744	label	Citrus				0	Q11446
en	Citrus	Q1093713	label	Citrus	diocesi di Citro			3	Q15217609
en	Citrus	Q110369372	label	Citrus				2	Q46970
en	Citrus	Q11307336	label	Citrus				1	Q21198342
en	Citrus	Q117706656	label	Citrus				0	Q76214980
en	Citrus	Q123929868	label	Citrus	Citrus			0	Q63952888
en	Citrus	Q131413960	label	Citrus				0	Q3305213
en	Citrus	Q16958608	label	Citrus	Citrus			21	Q21198342
en	Citrus	Q2738888	label	Citrus	Citrus			28	Q498162
en	Citrus	Q29033877	label	Citrus				1	Q17343829
en	Citrus	Q443968	label	Citrus	Citrus			12	Q4167410
en	Citrus	Q5122878	label	Citrus	Citrus (album)			3	Q482994
en	Citrus	Q5122881	label	Citrus				1	Q215380
en	Citrus	Q79009760	label	Citrus				0	Q1002697
en	Citrus	Q81513	label	Citrus	Citrus		Citrus	112	Q10884 Q16521 Q3314483
en	Citrus	Q97575684	label	Citrus				1	Q5
en	Clam	Q1078685	label	Clam	Clam			37	Q484170
en	Clam	Q115984556	label	Clam				0	Q105543609
en	Clam	Q116017207	label	Clam				0	Q105543609
en	Clam	Q116020763	label	Clam				0	Q105543609
en	Clam	Q15108819	label	Clam				1	Q17376095
en	Clam	Q27882265	label	Clam				0	Q3305213
en	Clam	Q34795563	label	Clam				1	Q486972
en	Clam	Q452938	label	Clam	Clam			9	Q4167410
en	Clam	Q5125420	label	Clam				1	Q17343829
en	Clam	Q521597	alias	Ilyushin Il-18				0	Q15056993 Q210932 Q45296117 Q842262
en	Clove	Q14430111	label	Clove	Clove			1	Q15632617 Q15773347 Q3658341
en	Clove	Q2979735	label	Clove				5	Q11446
en	Clove	Q59873684	label	Clove				0	Q93184
en	Clove	Q6003282	alias	Karanfil	Karanfil			4	Q4167410
en	Cockroach	Q114487490	label	Cockroach				0	Q21191270
en	Cockroach	Q135298310	label	Cockroach				0	Q11424
en	Cockroach	Q138450431	label	Cockroach				0	Q7725634
en	Cockroach	Q15794631	label	Cockroach	Cockroach			1	Q215380
en	Cockroach	Q3681962	label	Cockroach	Cockroach			2	Q482994
en	Cockroach	Q5139660	label	Cockroach				2	Q7725634
en	Cockroach	Q5139662	label	Cockroach	Cockroach			1	Q4167410
en	Cockroach	Q61439341	label	Cockroach				0	Q7725634
en	Cockroach	Q61450915	label	Cockroach				0	Q7777570
en	Cockroach	Q92030948	label	Cockroach				0	Q24862
en	Cocoa	Q1051988	label	Cocoa	Cocoa			23	Q1193246 Q165194 Q271680
en	Cocoa	Q110287188	label	Cocoa				0	Q15632617 Q80447738 Q87576284
en	Cocoa	Q11193493	label	Cocoa				1	Q9212979
en	Cocoa	Q120197134	alias	Kakao				0	Q7366
en	Cocoa	Q123005171	alias	COCO				0	Q5
en	Cocoa	Q130377265	label	Cocoa				1	Q47461344
en	Cocoa	Q141176762	alias	Noa Natsuki				0	Q5
en	Cocoa	Q17130444	alias	Kokoa				0	Q5
en	Cocoa	Q18044363	alias	CALCOCO1	CALCOCO1			7	Q20747295 Q7187
en	Cocoa	Q18262569	alias	Calcoco1				0	Q20747295 Q7187
en	Cocoa	Q20585833	label	Cocoa				1	Q486972
en	Cocoa	Q409924	label	Cocoa	Cocoa			15	Q4167410
en	Cocoa	Q51457078	label	Cocoa				0	Q3331189
en	Cocoa	Q72988359	alias	Cocoa Hoto				0	Q15632617 Q80447738 Q87576284
en	Cocoa	Q986168	label	Cocoa	Cocoa			43	Q1093829
en	Coconut	Q1105432	label	Coconut	Coconut			7	Q4167410
en	Coconut	Q110942374	label	Coconut				0	Q100891938 Q1569167 Q80447738
en	Coconut	Q111366280	label	Coconut				0	Q7725634
en	Coconut	Q122593029	label	Coconut				0	Q486972 Q5084
en	Coconut	Q123000162	label	Coconut				3	Q482994
en	Coconut	Q126999755	label	Coconut				0	Q1464125
en	Coconut	Q135453500	label	Coconut				0	Q7889
en	Coconut	Q135453504	label	Coconut				0	Q7889
en	Coconut	Q138307828	label	Coconut				1	Q105543609
en	Coconut	Q139854919	label	Coconut				1	
en	Coconut	Q5139818	label	Coconut				1	Q482994
en	Coconut	Q5139820	label	Coconut	Coconut (Harry Nilsson)			6	Q134556
en	Coconut	Q74071682	label	Coconut				0	Q11060274
en	Coconut	Q79493816	label	Coconut	Coconut			0	Q43229
en	Coconut	Q86752629	label	Coconut				2	Q7725634
en	Coconut oil	Q11981420	label	Coconut oil				1	Q11870297
en	Cod	Q1023957	label	Cod	COD			22	Q4167410
en	Cod	Q114353558	label	Cod				1	Q113904998 Q20723931
en	Cod	Q55416517	label	Cod				0	Q3305213
en	Coffee	Q107978751	label	Coffee				2	Q11424
en	Coffee	Q10959053	label	Coffee				2	Q11424
en	Coffee	Q110262601	label	Coffee				0	Q110256698
en	Coffee	Q115805464	label	Coffee				2	Q11424
en	Coffee	Q117453129	label	Coffee				0	Q5
en	Coffee	Q127699691	label	Coffee				0	Q21191270
en	Coffee	Q132518324	label	Coffee				0	Q2635894
en	Coffee	Q138018562	label	Coffee				0	Q7725634
en	Coffee	Q138845810	alias	Arabian dance				0	Q105543609
en	Coffee	Q140400005	label	Coffee				0	Q22060043
en	Coffee	Q15794648	label	Coffee	Coffee			1	Q215380
en	Coffee	Q16865666	label	Coffee	Coffee			2	Q101352
en	Coffee	Q20647061	label	Coffee				2	Q134556
en	Coffee	Q27591604	label	Coffee				0	Q838795
en	Coffee	Q28131866	label	Coffee				2	Q17343829
en	Coffee	Q28533458	label	Coffee				0	Q3305213
en	Coffee	Q442470	label	Coffee	Coffee			17	Q4167410
en	Coffee	Q50321783	label	Coffee				0	Q3305213
en	Coffee	Q51457114	label	Coffee				0	Q3331189
en	Coffee	Q6431091	alias	Kopi O				12	Q37756327
en	Coffee	Q64576714	label	Coffee				0	Q3305213
en	Coffee	Q65018567	label	Coffee				0	Q11060274
en	Coffee	Q79996117	label	Coffee				0	Q11060274
en	Coffee	Q87493784	label	Coffee				0	Q57608327
en	Coffee	Q91018206	label	Coffee	Coffee			4	Q134556
en	Coffee	Q9640712	label	Coffee				0	Q131436
en	Cognac	Q103927844	label	Cognac				0	Q382586 Q852190
en	Cognac	Q115710952	label	Cognac				0	Q852190
en	Cognac	Q231014	label	Cognac	Cognac			21	Q4167410
en	Cognac	Q28131867	label	Cognac				2	Q17343829
en	Cognac	Q28154578	label	Cognac				0	Q23019040
en	Cognac	Q285	label	Cognac	Cognac			67	Q484170
en	Cognac	Q98505666	label	Cognac				0	Q210112
en	Cognac oil	Q419765	alias	ethyl oenanthate				17	Q109923912 Q113145171 Q63446172
en	Compositae	Q101447394	label	Compositae				0	Q1980247
en	Compositae	Q14847254	label	Compositae	Compositae		Compositae	0	Q16521
en	Compositae	Q25400	alias	Asteraceae	Asteraceae		Asteraceae	105	Q16521 Q886167
en	Comte cheese	Q249310	alias	Comté cheese	Comté			29	Q10943 Q1531597 Q2223649 Q3088299 Q3088323 Q3088330
en	Concord grape	Q393047	alias	Concord				16	Q1639967
en	Copaiba	Q17423050	label	Copaiba	Copaiba		Copaiba	1	Q16521
en	Coriander	Q115866329	label	Coriander				0	Q3257686
en	Coriander	Q126883348	label	Coriander				0	Q26401003 Q726
en	Coriander	Q5170506	label	Coriander				3	Q4167410
en	Coriander	Q54858060	label	Coriander				1	Q1114461 Q15632617
en	Coriander	Q62027864	label	Coriander				0	Q726
en	Coriander	Q94433868	label	Coriander				0	Q11879590
en	Coriander	Q97984446	label	Coriander				0	Q11446
en	Corn	Q1114551	label	Corn	Corn			37	Q484170
en	Corn	Q119141760	label	Corn				0	Q3305213
en	Corn	Q119350866	label	Corn				0	Q3305213
en	Corn	Q120924068	alias	Cornelius Holly				0	Q5
en	Corn	Q123187023	label	Corn				0	Q123186574
en	Corn	Q124920505	label	Corn				0	Q3305213
en	Corn	Q127699692	label	Corn				0	Q21191270
en	Corn	Q16865766	label	Corn	Corn			2	Q101352
en	Corn	Q20505248	label	Corn				0	Q3305213
en	Corn	Q21146564	label	Corn	Corn			0	Q202444
en	Corn	Q2247638	label	Corn	Corn			31	Q15127012 Q486972
en	Corn	Q416230	label	Corn	Corn			11	Q4167410
en	Corn	Q5171011	label	Corn				2	Q11424
en	Corn	Q76550245	label	Corn				0	Q838948
en	Crab	Q101889423	label	Crab	Crab			1	Q101352
en	Crab	Q104317401	label	Crab				0	Q2151232
en	Crab	Q106851006	label	Crab				0	Q3305213
en	Crab	Q106865936	label	Crab				0	Q3305213
en	Crab	Q116395276	label	Crab				0	Q29527347
en	Crab	Q117428625	label	Crab				0	Q1062404
en	Crab	Q117428783	label	Crab				0	Q1062404 Q3331189 Q6549529
en	Crab	Q119293550	label	Crab				0	Q3305213
en	Crab	Q119581058	label	Crab				0	Q3305213
en	Crab	Q120129017	label	Crab				0	Q3305213
en	Crab	Q134703072	alias	Sidestepper	Granchio			1	Q1569167 Q289891
en	Crab	Q2312359	alias	Krabby	Krabby			10	Q1569167 Q25930495
en	Crab	Q26507407	alias	Crab Inn				2	Q109874272
en	Crab	Q3696410	label	Crab	Crab			3	Q543151
en	Crab	Q447430	label	Crab	Crab			8	Q4167410
en	Crab	Q50280801	alias	The Crab	The Crab			6	Q11424
en	Crab	Q5180203	label	Crab				1	Q17343829
en	Crab	Q5180205	label	Crab				1	Q8514257
en	Crab	Q5180211	label	Crab	Crab			7	Q128212960
en	Crab	Q5747490	label	Crab				3	Q11424
en	Crab	Q5954159	label	Crab				5	Q726
en	Crab	Q80023742	label	Crab				0	Q93184
en	Crab	Q93800992	label	Crab				0	Q41253
en	Cranberry	Q111751020	label	Cranberry				0	Q39594
en	Cranberry	Q11299097	label	Cranberry				1	Q4830453 Q6881511
en	Cranberry	Q1138819	label	Cranberry	Cranberry			5	Q4167410
en	Cranberry	Q115277599	label	Cranberry	Cranberry			0	Q3257686
en	Cranberry	Q124424579	label	Cranberry				1	Q1980247
en	Cranberry	Q131180904	label	Cranberry				0	Q5084
en	Cranberry	Q141436660	label	Cranberry				1	Q13433827
en	Cranberry	Q26277069	label	Cranberry				0	Q41176
en	Cranberry	Q28230291	label	Cranberry				0	Q5084
en	Cranberry	Q5181884	label	Cranberry				5	Q17343829
en	Cranberry	Q5181885	label	Cranberry				1	Q486972
en	Cranberry	Q5181886	label	Cranberry				2	Q17343829
en	Cranberry	Q5461932	label	Cranberry	Convoluta krana		Convoluta krana	1	Q16521
en	Cranberry	Q65084521	label	Cranberry				1	Q17343829
en	Cranberry	Q65084526	label	Cranberry				1	Q17343829
en	Cranberry	Q7277455	alias	RPG-28				10	Q15142894 Q327394
en	Crayfish	Q1136700	alias	Cottbus Crayfish				1	Q847017
en	Crayfish	Q1139181	label	Crayfish	Crayfish			1	Q215380
en	Crayfish	Q119269514	label	Crayfish				0	Q3305213
en	Crayfish	Q119344843	label	Crayfish				0	Q3305213
en	Crayfish	Q12292185	label	Crayfish				2	Q11424
en	Crayfish	Q16330791	alias	Nonpareil				0	Q532
en	Crayfish	Q1787995	label	Crayfish	Kreps			4	Q4167410
en	Crayfish	Q20443670	label	Crayfish				0	Q3305213
en	Crayfish	Q50402140	label	Crayfish				0	Q3305213
en	Crayfish	Q77872343	label	Crayfish				0	Q3305213
en	Crayfish	Q78752465	label	Crayfish				0	Q3305213
en	Crayfish	Q80028409	label	Crayfish				0	Q93184
en	Cream	Q10846824	label	Cream				2	Q215380
en	Cream	Q11193828	label	Cream				4	Q215380
en	Cream	Q1190700	alias	Cream the Rabbit	Cream the Rabbit			14	Q1569167 Q66442954 Q80447738
en	Cream	Q123111045	alias	Caylee So, Sok Visal				0	Q5
en	Cream	Q140577552	label	Cream				0	Q571
en	Cream	Q140644674	label	Cream				0	Q216931 Q967140
en	Cream	Q16203419	label	Cream	Cream			3	Q5
en	Cream	Q17215660	label	Cream	Cream			2	Q41298
en	Cream	Q18159744	label	Cream				1	Q11424
en	Cream	Q203736	label	Cream	Cream			52	Q215380
en	Cream	Q21045264	label	Cream				6	Q25403900 Q3955017
en	Cream	Q2308904	alias	Malai				14	Q2095
en	Cream	Q3002402	label	Cream	Cream			10	Q4167410
en	Cream	Q3002403	label	Cream	Cream			11	Q134556 Q7366
en	Cream	Q37236995	label	Cream	Cream			1	Q101352
en	Cream	Q4036652	label	Cream				3	Q622425
en	Cream	Q4990656	alias	Dianne Wiston				1	Q5
en	Cream	Q5183340	label	Cream				1	Q17343829
en	Cream	Q5183342	label	Cream				1	Q105543609
en	Cream	Q5183343	label	Cream				1	Q482994
en	Cream	Q5183345	label	Cream	Cream			2	Q131212
en	Cream	Q5790649	label	Cream				2	Q282 Q40050
en	Cream	Q62493810	label	Cream				0	Q210167
en	Cream	Q98131597	label	Cream				1	Q11424
en	Cream	Q98293658	label	Cream				1	Q11424
en	Cream cheese	Q426337	alias	cream cheese	formaggio spalmabile			37	Q1472481 Q185217 Q3088299
en	Creosote	Q115233002	label	Creosote				0	Q88397339
en	Creosote	Q1305800	label	Creosote				3	Q4167410
en	Creosote	Q13417126	label	Creosote				2	Q909808
en	Creosote	Q5184225	label	Creosote				1	Q123705
en	Creosote	Q5790797	label	Creosote				0	Q18544860 Q3658341
en	Crowberry	Q218371	alias	Empetrum	Empetrum		Empetrum	44	Q16521
en	Cryptomeria japonica	Q147388	label	Cryptomeria japonica	Cryptomeria		Cryptomeria japonica	58	Q16521
en	Cubeb	Q161927	alias	Piper cubeba	Piper cubeba		Piper cubeba	45	Q16521
en	Cucumber	Q135056967	label	Cucumber				0	Q7889
en	Cucumber	Q17343013	label	Cucumber				6	Q1191150 Q142714
en	Cucumber	Q19571374	label	Cucumber				2	Q5398426
en	Cucumber	Q3478328	label	Cucumber	Cucumber			14	Q498162
en	Cucumber	Q5192414	label	Cucumber	Cucumber			10	Q5398426
en	Cucumber	Q5192416	label	Cucumber	Cucumber			5	Q506883
en	Cucumber	Q5192417	label	Cucumber	Cucumber			5	Q4167410
en	Cucumber	Q63520461	label	Cucumber				0	Q28931760
en	Cumin	Q1143801	label	Cumin	Cumin			2	Q4167410
en	Cumin	Q21996196	alias	22 Messidor				2	Q12956717 Q14795564 Q5019497
en	Cumin	Q54858177	label	Cumin				0	Q1114461 Q15632617
en	Cumin	Q56546713	label	Cumin	Cumin			1	Q101352
en	Cupressaceae	Q117188553	label	Cupressaceae				0	Q21481766
en	Cupressaceae	Q146037	label	Cupressaceae	Cupressaceae		Cupressaceae	77	Q16521
en	Cupressus lusitanica	Q1308561	label	Cupressus lusitanica	Cupressus lusitanica		Cupressus lusitanica	29	Q16521
en	Curcuma	Q33551	label	Curcuma	curcuma		Curcuma	50	Q16521
en	Curcuma aeruginosa	Q3517919	label	Curcuma aeruginosa	Curcuma aeruginosa		Curcuma aeruginosa	15	Q16521
en	Curcuma aromatica	Q1911231	label	Curcuma aromatica	Curcuma aromatica		Curcuma aromatica	22	Q16521
en	Currant	Q3306195	label	Currant				8	Q17343829
en	Currant	Q5194964	label	Currant	Currant			2	Q4167410
en	Custard apple	Q3354240	label	Custard apple				2	Q15623926
en	Custard apple	Q472653	alias	Annona reticulata	Annona reticulata		Annona reticulata	55	Q16521
en	Custard apple	Q5456906	alias	Isolona zenkeri	Isolona zenkeri		Isolona zenkeri	6	Q16521
en	Cuttlefish	Q135016343	label	Cuttlefish				0	Q7889
en	Cuttlefish	Q139677509	label	Cuttlefish				0	Q7725634
en	Cuttlefish	Q18614309	label	Cuttlefish	Cuttlefish			0	Q838795
en	Cuttlefish	Q50704877	label	Cuttlefish				0	Q3305213
en	Cypress	Q105768285	alias	IMO 9461477				1	Q17210
en	Cypress	Q110414451	label	Cypress				0	Q202444
en	Cypress	Q112967969	label	Cypress				1	Q17343829
en	Cypress	Q115978662	label	Cypress				1	Q4830453 Q7397 Q7705752
en	Cypress	Q116304048	label	Cypress				0	Q13433827
en	Cypress	Q116528849	label	Cypress				0	Q125191
en	Cypress	Q116619421	label	Cypress				0	Q3305213
en	Cypress	Q124425315	label	Cypress				1	Q1980247
en	Cypress	Q136523864	label	Cypress				1	Q482994
en	Cypress	Q138044	alias	Cupressus chengiana	Cupressus chengiana		Cupressus chengiana	21	Q16521
en	Cypress	Q1552597	alias	Cupressus guadalupensis	Cupressus guadalupensis		Cupressus guadalupensis	20	Q16521
en	Cypress	Q24064848	label	Cypress	Cypress			3	Q1475691
en	Cypress	Q2671705	label	Cypress	Cypress			28	Q110071217
en	Cypress	Q27988825	label	Cypress				2	Q17343829
en	Cypress	Q36379	label	Cypress	Cypress			11	Q17343829
en	Cypress	Q37294801	label	Cypress	Cypress			0	Q101352
en	Cypress	Q4280779	label	Cypress	Cypress			25	Q4167410
en	Cypress	Q5200300	label	Cypress				3	Q17343829
en	Cypress	Q5200305	label	Cypress				1	Q47455017
en	Cypress	Q5200306	label	Cypress				2	Q6596424
en	Cypress	Q5200307	label	Cypress				1	Q4711861
en	Cypress	Q56323991	label	Cypress				1	
en	Cypress	Q64529949	label	Cypress				0	Q3305213
en	Cypress	Q685224	label	Cypress	Cypress			53	Q13218357 Q13218391
en	Cypress	Q73121434	label	Cypress				0	Q121117
en	Cypress	Q98505760	label	Cypress				0	Q210112
en	Dacrydium colensoi	Q17363786	label	Dacrydium colensoi	Dacrydium colensoi		Dacrydium colensoi	1	Q16521
en	Daffodil	Q1157130	label	Daffodil	Daffodil			3	Q4167410
en	Daffodil	Q117023713	label	Daffodil				0	Q14928
en	Daffodil	Q117036540	label	Daffodil				0	Q15276
en	Daffodil	Q119439244	label	Daffodil				0	Q3305213
en	Daffodil	Q119860972	label	Daffodil				0	Q3305213
en	Daffodil	Q119862547	label	Daffodil				0	Q3305213
en	Daffodil	Q124439422	label	Daffodil				1	Q1980247
en	Daffodil	Q136721004	label	Daffodil				0	Q1569167
en	Daffodil	Q56480180	label	Daffodil				0	Q1980247
en	Daffodil	Q7394303	alias	SS Royal Daffodil				3	Q25653
en	Daffodil	Q782921	label	Daffodil	Daffodil			1	Q1004
en	Daffodil	Q80856468	alias	The Daffodil				1	Q212198
en	Daffodil	Q87759967	label	Daffodil				0	Q726
en	Dairy	Q103901081	label	Dairy				0	Q13433827
en	Dairy	Q116887665	label	Dairy				0	Q486972
en	Dairy	Q17551165	label	Dairy				0	Q637776
en	Dairy	Q26643494	label	Dairy				0	Q637776
en	Dairy	Q3474104	label	Dairy				6	Q17343829
en	Dairy	Q5209557	label	Dairy	Dairy			1	Q4167410
en	Dairy	Q67214585	alias	The Dairy				3	Q865693
en	Dairy	Q96704607	label	Dairy				0	Q5633421
en	Dalbergia sissoo	Q1157813	label	Dalbergia sissoo	Dalbergia sissoo		Dalbergia sissoo	34	Q11992872 Q16521
en	Date	Q101500958	label	Date				0	Q18663566
en	Date	Q10467097	label	Date	Date			4	Q215380
en	Date	Q114479280	label	Date				0	Q21191270
en	Date	Q125545041	label	Date	Date			0	Q101352
en	Date	Q127587684	label	Date				1	Q860861
en	Date	Q131406349	label	Date				0	Q101352
en	Date	Q133816331	label	Date				2	Q18343316
en	Date	Q134430145	label	Date				0	Q11424
en	Date	Q140265058	label	Date				0	Q202444
en	Date	Q17176948	label	Date				2	Q18663566
en	Date	Q18614434	label	Date	Date			0	Q838795
en	Date	Q22561036	label	Date				1	Q4022
en	Date	Q23709348	label	Date				2	Q17343829
en	Date	Q27177995	label	Date				0	Q101352
en	Date	Q27180886	label	Date				0	Q101352
en	Date	Q28221148	label	Date				2	Q15284
en	Date	Q36603893	alias	K.G. Date				0	Q5
en	Date	Q5227514	label	Date				1	Q134556
en	Date	Q5227515	label	Date	Date			3	Q101352
en	Date	Q693178	label	Date	Date			39	Q494721
en	Date	Q78903584	label	Date				0	Q1002697
en	Date	Q79010712	label	Date				0	Q1002697
en	Date	Q858423	label	Date	Date			39	Q494721
en	Date	Q90036293	label	Date				0	Q88865447
en	Datura stramonium	Q30959	label	Datura stramonium	Datura stramonium		Datura stramonium	88	Q16521 Q190903 Q192691
en	Dill	Q10846951	label	Dill				2	Q134556
en	Dill	Q115261290	label	Dill				0	Q96759164
en	Dill	Q1225581	label	Dill				3	Q106658 Q5283531
en	Dill	Q124688877	label	Dill				0	Q15632617 Q15773347 Q3658341
en	Dill	Q136885350	alias	Dill Hundred				0	Q26678366
en	Dill	Q16869566	label	Dill	Dill			3	Q101352
en	Dill	Q2351637	label	Dill	Elpídio Barbosa Conceição			10	Q5
en	Dill	Q30612216	label	Dill	Dill			2	Q11707
en	Dill	Q377603	label	Dill	Dill			19	Q4022
en	Dill	Q403790	label	Dill	Dill			14	Q4167410
en	Dill	Q5276842	label	Dill				1	Q17343829
en	Dill	Q818598	label	Dill	Dill			31	Q116457956
en	Dolphin	Q103775490	label	Dolphin				0	Q382586 Q852190
en	Dolphin	Q103906117	label	Dolphin				0	Q11446 Q852190
en	Dolphin	Q104861486	label	Dolphin				1	
en	Dolphin	Q106771769	label	Dolphin	Dolphin			0	Q202444
en	Dolphin	Q110526962	label	Dolphin				0	Q860861
en	Dolphin	Q110745549	label	Dolphin				0	Q93184
en	Dolphin	Q111731871	alias	Aerospatiale HH-65 Dolphin	HH-65 Dolphin			0	Q15056993 Q18549502 Q972242
en	Dolphin	Q111970907	label	Dolphin				0	Q860861
en	Dolphin	Q1123886	label	Dolphin	Dolphin			20	Q1153376 Q15056995
en	Dolphin	Q114351853	label	Dolphin				0	Q113904998 Q64711662
en	Dolphin	Q115708484	label	Dolphin				0	Q852190
en	Dolphin	Q115708782	label	Dolphin				0	Q852190
en	Dolphin	Q115708827	label	Dolphin				0	Q852190
en	Dolphin	Q115709648	label	Dolphin				0	Q852190
en	Dolphin	Q115710615	label	Dolphin				0	Q852190
en	Dolphin	Q115710736	label	Dolphin				0	Q852190
en	Dolphin	Q115711083	label	Dolphin				0	Q852190
en	Dolphin	Q115711253	label	Dolphin				0	Q852190
en	Dolphin	Q115711685	label	Dolphin				0	Q852190
en	Dolphin	Q115711745	label	Dolphin				0	Q852190
en	Dolphin	Q115712468	label	Dolphin				0	Q852190
en	Dolphin	Q115712704	label	Dolphin				0	Q852190
en	Dolphin	Q115713987	label	Dolphin				0	Q852190
en	Dolphin	Q117009495	label	Dolphin				0	Q14928
en	Dolphin	Q117010018	label	Dolphin				0	Q2928814
en	Dolphin	Q117747903	label	Dolphin				0	Q179700 Q7111945
en	Dolphin	Q123519644	label	Dolphin				0	Q5084
en	Dolphin	Q1236411	label	Dolphin				1	Q10429667
en	Dolphin	Q1236429	label	Dolphin				20	Q1196126 Q166142 Q506883
en	Dolphin	Q125989974	alias	RD-1 Dolphin				0	Q1123886 Q15056995
en	Dolphin	Q125989982	alias	RD-2 Dolphin				0	Q1123886 Q15056995
en	Dolphin	Q125990039	alias	RD-3 Dolphin				0	Q1123886 Q15056995
en	Dolphin	Q125990118	alias	RD-4 Dolphin				0	Q1123886 Q15056995
en	Dolphin	Q127164323	label	Dolphin				1	Q11424
en	Dolphin	Q130749721	label	Dolphin				0	Q7433680
en	Dolphin	Q1344416	alias	entavio				1	
en	Dolphin	Q135551382	alias	IMO 5191933				1	Q1752434
en	Dolphin	Q138303989	label	Dolphin				1	Q212198
en	Dolphin	Q140783464	alias	dolphin				0	Q7397
en	Dolphin	Q14712242	label	Dolphin				2	Q17343829
en	Dolphin	Q16261386	label	Dolphin				1	
en	Dolphin	Q16642642	label	Dolphin				1	Q207452
en	Dolphin	Q16645358	label	Dolphin				1	Q274493
en	Dolphin	Q16869614	label	Dolphin	Dolphin			2	Q101352
en	Dolphin	Q16954461	alias	The Dolphin				2	Q212198
en	Dolphin	Q17565949	alias	Dauphin	Eurocopter Dauphin			1	Q15056993 Q2735392
en	Dolphin	Q182172	alias	Nintendo GameCube	GameCube			66	Q17589470 Q62008942
en	Dolphin	Q1970563	alias	Sopwith Dolphin	Sopwith Dolphin			16	Q135214932 Q15056995 Q18491037
en	Dolphin	Q19902939	alias	Typhoon Dolphin				7	Q4167410 Q558163
en	Dolphin	Q20874771	label	Dolphin				3	Q7889
en	Dolphin	Q224410	label	Dolphin	Dolphin			22	Q4167410
en	Dolphin	Q26300633	alias	The Dolphin Public House				1	Q212198
en	Dolphin	Q26389093	alias	Dolphin Public House, Great Yarmouth				1	Q212198
en	Dolphin	Q26491958	alias	Old Country House Inn				1	Q212198 Q256020
en	Dolphin	Q26559047	alias	The Dolphin Public House				1	Q212198
en	Dolphin	Q26585371	alias	Dolphin Inn				1	Q212198 Q256020
en	Dolphin	Q26592615	alias	The Dolphin Public House				1	Q212198
en	Dolphin	Q26614190	label	Dolphin				0	Q41176
en	Dolphin	Q26633725	alias	The Dolphin Inn				1	Q212198 Q256020
en	Dolphin	Q26689516	label	Dolphin				1	Q17343829
en	Dolphin	Q3704977	alias	dolphin	delfino			5	Q350945
en	Dolphin	Q4157304	label	Dolphin				10	Q5
en	Dolphin	Q5289606	label	Dolphin	Dolphin			4	Q1114461 Q15711870 Q3855553 Q54800974
en	Dolphin	Q5289607	label	Dolphin				1	Q26251835
en	Dolphin	Q5289614	alias	Dolphin Computer Access				0	Q1058914 Q4830453
en	Dolphin	Q5289632	alias	Dolphin Interconnect Solutions				2	Q4830453
en	Dolphin	Q57582580	label	Dolphin				0	Q860861
en	Dolphin	Q61768485	label	Dolphin				0	Q860861
en	Dolphin	Q645629	alias	Harbin Z-9	Z-9			17	Q15056993 Q39663
en	Dolphin	Q65926791	label	Dolphin				1	Q24334299
en	Dolphin	Q7369	alias	dolphin	delfino			131	Q160 Q215760 Q55983715
en	Dolphin	Q79684537	label	Dolphin				1	Q212198
en	Dolphin	Q816725	label	Dolphin	Dolphin			29	Q732970
en	Dolphin	Q83652023	alias	Nahshon				1	Q1752434
en	Dolphin	Q972242	alias	Aérospatiale H-65 Dolphin	HH-65 Dolphin			21	Q15056993 Q39663
en	Dolphin	Q97984682	label	Dolphin				0	Q11446
en	Dolphin	Q97984684	label	Dolphin				0	Q11446
en	Durian	Q106577533	alias	Durianav				0	
en	Durian	Q12482164	label	Durian				4	Q965568
en	Durian	Q12482165	label	Durian	Durian			4	Q26211545
en	Durian	Q12482166	label	Durian	Durian			2	Q26211545
en	Durian	Q12482167	label	Durian				6	Q965568
en	Durian	Q12482168	label	Durian	Durian			3	Q26211545
en	Durian	Q12482171	label	Durian	Durian			4	Q26211545
en	Durian	Q12685924	label	Durian	Durian			4	Q26211545
en	Durian	Q12689186	label	Durian				4	Q4285979
en	Durian	Q13574693	label	Durian	Durian			2	Q26211545
en	Durian	Q15367174	alias	Durio testudinarius	Durio testudinarius		Durio testudinarius	11	Q16521
en	Durian	Q18366896	label	Durian				2	Q26211545
en	Durian	Q26085283	label	Durian				2	Q26211545
en	Durian	Q26238456	label	Durian				3	Q26211545
en	Durian	Q26362366	label	Durian				1	Q26211545
en	Durian	Q36943980	label	Durian	Durian			1	Q101352
en	Durian	Q5316623	label	Durian	Durian			8	Q4167410
en	Durian	Q75860006	label	Durian				0	Q20723931
en	Echinacea	Q106863347	label	Echinacea				1	Q860861
en	Echinacea	Q139080648	label	Echinacea				0	Q11060274
en	Echinacea	Q1642983	label	Echinacea	Echinacea		Echinacea	48	Q16521
en	Echinacea	Q249907	label	Echinacea	Echinacea		Echinacea	10	Q16521
en	Echinacea	Q987498	label	Echinacea	Echinacea			7	Q4167410
en	Eel	Q103917348	label	Eel				0	Q783186 Q852190
en	Eel	Q111342149	label	Eel				0	Q1114461 Q15632617
en	Eel	Q111342150	label	Eel				0	Q1114461 Q15632617
en	Eel	Q112243435	label	Eel				0	Q21191270
en	Eel	Q1156892	alias	The Eel	L'anguilla			25	Q11424
en	Eel	Q2365285	label	Eel	Anguilla			4	Q21484471
en	Eel	Q2418817	label	Eel				2	Q486972
en	Eel	Q342928	label	Eel				11	Q4167410
en	Eel	Q98447193	label	Eel				0	Q210112
en	Egg	Q108085494	label	Egg	Egg			0	Q473972
en	Egg	Q108204138	label	Egg	Egg			0	Q473972
en	Egg	Q108204302	label	Egg	Egg			1	Q473972
en	Egg	Q108205394	label	Egg	Egg			0	Q473972
en	Egg	Q108205408	label	Egg	Egg			1	Q473972
en	Egg	Q108205409	label	Egg	Egg			1	Q473972
en	Egg	Q108205872	label	Egg				0	Q473972
en	Egg	Q108206433	label	Egg				0	Q473972
en	Egg	Q109477104	label	Egg				2	Q253019
en	Egg	Q110027006	alias	EGG				0	Q109289221 Q1141470 Q743934
en	Egg	Q111800403	alias	Violet Wong Wing-lam				3	Q5
en	Egg	Q112122049	alias					0	Q17517379
en	Egg	Q112262611	label	Egg				0	Q17537576
en	Egg	Q11966616	label	Egg	Egg			2	Q482994
en	Egg	Q123306000	label	Egg				0	Q24862
en	Egg	Q123679219	label	Egg				0	Q860861
en	Egg	Q125788692	label	Egg				0	Q17376095
en	Egg	Q12580949	label	Egg				1	Q482994
en	Egg	Q126325590	label	Egg				0	Q7889
en	Egg	Q126999649	label	Egg				0	Q1464125
en	Egg	Q1297359	label	Egg				2	Q786820
en	Egg	Q1301042	label	Egg				12	Q15026
en	Egg	Q133445622	label	Egg				1	Q11183787
en	Egg	Q133445791	label	Egg				1	Q11183787
en	Egg	Q133446441	label	Egg				1	Q11183787
en	Egg	Q133446479	label	Egg				1	Q11183787
en	Egg	Q133447625	label	Egg				1	Q11183787
en	Egg	Q134605337	label	Egg				0	Q11183787
en	Egg	Q134611737	label	Egg				0	Q11183787
en	Egg	Q138199806	label	Egg				1	Q11424
en	Egg	Q138349691	label	Egg				0	Q10862618
en	Egg	Q183358	label	Egg	Egg			35	Q562061 Q667509
en	Egg	Q18411440	label	Egg				2	Q11183787
en	Egg	Q1846776	label	Egg	Egg			8	Q482994
en	Egg	Q18473593	label	Egg	Dosso			4	Q1134686
en	Egg	Q1861857	label	Egg	Yumurta			17	Q11424
en	Egg	Q1862348	label	Egg				1	Q8502
en	Egg	Q20656958	label	Egg				1	Q1094617
en	Egg	Q21039590	label	Egg				2	Q253019
en	Egg	Q22375301	label	Egg				1	Q8502
en	Egg	Q22375323	label	Egg				1	Q8502
en	Egg	Q22375345	label	Egg				1	Q8502
en	Egg	Q22375370	label	Egg				1	Q486972
en	Egg	Q2244377	label	Egg				1	Q18127
en	Egg	Q23749763	alias	Aegon V Targaryen				1	Q15632617 Q15773317 Q20086260
en	Egg	Q243003	label	Egg	Egg			24	Q4167410
en	Egg	Q25522108	label	Egg				1	Q7725634
en	Egg	Q2578242	alias	Augustus Egg	Augustus Leopold Egg			10	Q5
en	Egg	Q27767996	label	Egg	Egg			1	Q253019 Q5084
en	Egg	Q28193364	alias	Egg (Bernried)				2	Q253019 Q532
en	Egg	Q29910219	label	Egg				0	Q93184
en	Egg	Q30114575	label	Egg				1	Q482994
en	Egg	Q3049155	label	Egg				1	
en	Egg	Q307383	label	Egg				4	Q41298
en	Egg	Q31719680	label	Egg				1	Q8502
en	Egg	Q37431638	label	Egg				1	Q101352
en	Egg	Q37946238	label	Egg				0	Q5
en	Egg	Q3986751	alias	The Egg	The Egg			6	Q24862
en	Egg	Q40487198	label	Egg				0	Q202866
en	Egg	Q49275975	label	Egg				0	Q3305213
en	Egg	Q49351127	label	Egg				0	Q3305213
en	Egg	Q514481	alias	Eigg	Eigg			31	Q20268591 Q23442
en	Egg	Q55596754	label	Egg				1	Q11424 Q24862
en	Egg	Q58814912	label	Egg				3	Q11424
en	Egg	Q60759289	label	Egg				0	Q223557
en	Egg	Q64877	label	Egg	Egg			32	Q70208
en	Egg	Q666126	label	Egg	Egg			16	Q215380
en	Egg	Q670731	label	Egg	Egg			7	Q123705 Q486972
en	Egg	Q686020	label	Egg	Egg & Egli			10	Q786820
en	Egg	Q78090074	label	Egg				2	Q123705 Q253019 Q5084
en	Egg	Q81418965	label	Egg				0	Q486972
en	Egg	Q83486569	label	Egg				0	Q486972
en	Egg	Q83954709	label	Egg				0	Q486972
en	Egg	Q8772598	alias	Game & Watch: Egg	Egg			2	Q7889
en	Egg	Q92053950	label	Egg				0	Q486972
en	Egg	Q96027433	label	Egg				0	Q486972
en	Egg	Q96194136	label	Egg				0	Q486972
en	Egg	Q96194884	label	Egg				0	Q486972
en	Egg	Q97625338	label	Egg				1	Q31839186 Q54050
en	Egg	Q99364648	label	Egg				0	Q8436
en	Egg	Q99371414	label	Egg				0	Q8436
en	Eggs	Q106849598	label	Eggs				0	Q3305213
en	Eggs	Q111166427	label	Eggs				0	Q21191270
en	Eggs	Q114495085	label	Eggs				0	Q21191270
en	Eggs	Q114525542	label	Eggs				0	Q21191270
en	Eggs	Q118287629	label	Eggs	Uova			0	Q3305213
en	Eggs	Q118367430	label	Eggs	Eggs			0	Q202866
en	Eggs	Q119658243	label	Eggs				1	Q783794
en	Eggs	Q119918692	label	Eggs				0	Q3305213
en	Eggs	Q123449297	label	Eggs	Eggs			0	Q101352
en	Eggs	Q127511262	label	Eggs				0	Q21191270
en	Eggs	Q1297716	label	Eggs	Eggs			1	Q4167410
en	Eggs	Q138772243	label	Eggs				1	Q7889
en	Eggs	Q1760818	label	Eggs				10	Q11424
en	Eggs	Q18613459	label	Eggs	Eggs			0	Q838795
en	Eggs	Q5347936	label	Eggs	Eggs			1	Q215380
en	Eggs	Q5347937	label	Eggs				1	Q7725634
en	Eggs	Q60376209	label	Eggs				0	Q3331189
en	Eggs	Q64520900	label	Eggs				0	Q3305213
en	Eggs	Q75805226	alias	John Edwards				0	Q5
en	Eggs	Q97176155	label	Eggs				1	Q482994
en	Eggs	Q99371418	label	Eggs				0	Q8436
en	Elsholtzia argyi	Q15235724	label	Elsholtzia argyi	Elsholtzia argyi		Elsholtzia argyi	5	Q16521
en	Elsholtzia ciliata	Q1357371	label	Elsholtzia ciliata	Elsholtzia ciliata		Elsholtzia ciliata	21	Q16521 Q190903
en	Emmental cheese	Q932214	alias	Emmental	emmental			60	Q3088299 Q3088330
en	Endive	Q3053996	label	Endive				2	Q4167410
en	Eremocitrus glauca	Q144618	label	Eremocitrus glauca	Eremocitrus glauca		Eremocitrus glauca	0	Q16521
en	Eryngium poterium	Q17139603	label	Eryngium poterium	Eryngium poterium		Eryngium poterium	1	Q16521
en	Estragon	Q133269911	label	Estragon				0	Q15773317 Q27303776
en	Estragon	Q5401769	label	Estragon				1	Q3375722 Q3658341
en	Eucalyptus	Q102257290	label	Eucalyptus				0	Q93184
en	Eucalyptus	Q102257314	label	Eucalyptus				0	Q3305213
en	Eucalyptus	Q1295314	label	Eucalyptus	Eucalyptus			4	Q4167410
en	Eucalyptus	Q131607648	label	Eucalyptus				0	Q3331189
en	Eucalyptus	Q137466722	label	Eucalyptus				0	Q2385804
en	Eucalyptus	Q137855662	alias	Eucalyptus Health				1	Q4830453
en	Eucalyptus	Q30611712	label	Eucalyptus				3	Q482994
en	Eucalyptus	Q45669	label	Eucalyptus	Eucalyptus		Eucalyptus	106	Q10884 Q16521
en	Eucalyptus	Q5405499	label	Eucalyptus				1	Q482994
en	Eucalyptus	Q5405501	label	Eucalyptus				1	Q7725634
en	Eucalyptus	Q784727	label	Eucalyptus	Eucalyptus			6	Q341
en	Eucalyptus amygdalina	Q5405517	label	Eucalyptus amygdalina	Eucalyptus amygdalina		Eucalyptus amygdalina	11	Q16521
en	Eucalyptus citriodora	Q24852935	label	Eucalyptus citriodora	Eucalyptus citriodora		Eucalyptus citriodora	0	Q16521
en	Eucalyptus citriodora oil	Q72477939	label	Eucalyptus citriodora oil				0	Q11173 Q113145171
en	Eucalyptus dives	Q2559069	label	Eucalyptus dives	Eucalyptus dives		Eucalyptus dives	15	Q16521
en	Eucalyptus globulus	Q159528	label	Eucalyptus globulus	Eucalyptus globulus		Eucalyptus globulus	49	Q16521
en	Eucalyptus goniocalyx	Q2512668	label	Eucalyptus goniocalyx	Eucalyptus goniocalyx		Eucalyptus goniocalyx	14	Q16521
en	Eucalyptus hemilampra	Q65938302	label	Eucalyptus hemilampra	Eucalyptus hemilampra		Eucalyptus hemilampra	0	Q16521
en	Eucalyptus macarthurii	Q4529678	label	Eucalyptus macarthurii	Eucalyptus macarthurii		Eucalyptus macarthurii	12	Q16521
en	Ewe	Q1674258	alias	Isle of Ewe	Isola di Ewe			11	Q23442
en	Ewe	Q198333	label	Ewe				1	
en	Ewe	Q2841118	alias	Sarcostigma	Sarcostigma		Sarcostigma	8	Q16521
en	Ewe	Q30005	label	Ewe	ewe			83	Q1288568 Q33430 Q33742 Q668284
en	Ewe	Q33072726	label	Ewe	Ewe			1	Q101352
en	Ewe	Q344470	label	Ewe	EWE			18	Q4167410
en	Ewe	Q732317	alias	Ewe people	Ewe			37	Q41710 Q65439419
en	Feijoa	Q83638494	label	Feijoa	Feijoa		Feijoa	4	Q16521
en	Feijoa	Q8961070	label	Feijoa	Feijoa			1	Q4167410
en	Fennel	Q102205251	label	Fennel				0	Q132874 Q187432 Q2990416
en	Fennel	Q109721841	label	Fennel				0	Q732577
en	Fennel	Q121167625	label	Fennel				0	Q4830453
en	Fennel	Q17993924	label	Fennel	Fennel			4	Q4167410
en	Fennel	Q21512823	alias	Nikolas Fennel				0	Q5
en	Fennel	Q37010530	label	Fennel	Fennel			0	Q101352
en	Fennel	Q4023797	label	Fennel	Zania			1	Q15632617 Q1569167 Q80447738 Q87576284
en	Fennel	Q43511	alias	Foeniculum vulgare	Foeniculum vulgare		Foeniculum vulgare	124	Q11992872 Q16521 Q207123 Q25403900
en	Fennel	Q54749566	alias	AM-iPS-12				0	Q107103143 Q21014462
en	Fennel	Q63520896	label	Fennel				0	Q28931760
en	Feronia elephantum	Q50841325	label	Feronia elephantum	Feronia elephantum		Feronia elephantum	0	Q16521
en	Fig	Q125545367	label	Fig				1	Q126207637
en	Fig	Q1335704	alias	Ficus bojeri	Ficus bojeri		Ficus bojeri	8	Q16521
en	Fig	Q15476088	alias	Ficus pringlei	Ficus pringlei		Ficus pringlei	4	Q16521
en	Fig	Q21189333	label	Fig	Fig			4	Q1137109 Q42336871
en	Fig	Q23991085	label	Fig				1	Q11424
en	Fig	Q363725	alias	FIG	FIG			14	Q4167410
en	Fig	Q3639994	alias	Bill Newton	Bill Newton			6	Q5
en	Fig	Q37525257	label	Fig	Fig			1	Q101352
en	Fig	Q50904261	label	Fig				0	Q3305213
en	Fig	Q5446633	alias	Ficus ramiflora	Ficus ramiflora		Ficus ramiflora	2	Q16521
en	Fig	Q5447660	label	Fig				2	Q17343829
en	Fig	Q61793218	label	Fig				0	Q1137109
en	Fig	Q98447086	label	Fig				0	Q210112
en	Filbert	Q117382762	label	Filbert				0	Q726
en	Filbert	Q1412511	label	Filbert	Filbert			3	Q4167410
en	Filbert	Q30089755	label	Filbert	Filbert			1	Q12308941
en	Filbert	Q37129013	label	Filbert	Filbert			1	Q101352
en	Filbert	Q5448292	label	Filbert				1	Q486972
en	Filbert	Q5448294	label	Filbert				2	Q17343829
en	Fish	Q100323316	label	Fish				0	Q3305213
en	Fish	Q100354002	label	Fish				0	Q3305213
en	Fish	Q100354197	label	Fish				0	Q3305213
en	Fish	Q100374682	label	Fish				0	Q3305213
en	Fish	Q104533896	label	Fish				0	Q3305213
en	Fish	Q104534824	label	Fish				0	Q3305213
en	Fish	Q104605896	label	Fish				0	Q3305213
en	Fish	Q104631481	label	Fish				0	Q3305213
en	Fish	Q105534262	alias	Fish Creek Library				0	Q28564 Q856584
en	Fish	Q106566167	label	Fish				0	Q3305213
en	Fish	Q106866319	label	Fish				0	Q3305213
en	Fish	Q107553066	label	Fish				0	Q1913135 Q27921916
en	Fish	Q110695502	label	Fish				1	Q483453 Q860861
en	Fish	Q111048110	label	Fish				1	Q202444
en	Fish	Q111842250	label	Fish				0	Q133067
en	Fish	Q112207323	label	Fish				0	Q1931107
en	Fish	Q112340774	label	Fish				0	Q3305213
en	Fish	Q114465318	label	Fish				0	Q21191270
en	Fish	Q114550431	label	Fish				0	Q21191270
en	Fish	Q114708010	label	Fish				0	Q3305213
en	Fish	Q115746849	label	Fish				0	Q179700 Q7111945
en	Fish	Q116272949	label	Fish				0	Q131557
en	Fish	Q116298578	label	Fish				0	Q3305213
en	Fish	Q116958756	label	Fish				0	Q860861
en	Fish	Q118996505	label	Fish				0	Q3305213
en	Fish	Q119026221	alias	Fishes				0	Q3305213
en	Fish	Q119259661	label	Fish				0	Q3305213
en	Fish	Q119266088	label	Fish				0	Q3305213
en	Fish	Q119316753	label	Fish				0	Q3305213
en	Fish	Q119371187	label	Fish				0	Q3305213
en	Fish	Q119439038	label	Fish				0	Q3305213
en	Fish	Q119441830	label	Fish				0	Q3305213
en	Fish	Q119583026	label	Fish				0	Q3305213
en	Fish	Q119583473	label	Fish				0	Q3305213
en	Fish	Q119627712	label	Fish				0	Q3305213
en	Fish	Q119931245	label	Fish				0	Q3305213
en	Fish	Q119948657	label	Fish				0	Q3305213
en	Fish	Q119951658	label	Fish				0	Q3305213
en	Fish	Q119982257	label	Fish				0	Q3305213
en	Fish	Q119982344	label	Fish				0	Q3305213
en	Fish	Q120030367	label	Fish				0	Q3305213
en	Fish	Q120041869	label	Fish				0	Q3305213
en	Fish	Q120041874	label	Fish				0	Q3305213
en	Fish	Q120041879	label	Fish				0	Q3305213
en	Fish	Q120065151	label	Fish				0	Q3305213
en	Fish	Q121624105	label	Fish				1	Q7111945 Q860861
en	Fish	Q122933461	label	Fish				0	Q860861
en	Fish	Q122934635	label	Fish				0	Q860861
en	Fish	Q124413317	label	Fish				0	Q3305213
en	Fish	Q125291537	label	Fish				0	Q21191270
en	Fish	Q128810313	label	Fish	Pesci			0	Q3305213
en	Fish	Q12909988	label	Fish				1	Q860861
en	Fish	Q129255023	label	Fish				0	Q14514600
en	Fish	Q130069955	label	Fish				0	Q860861
en	Fish	Q130246976	alias	Fish56Octagon				1	Q5
en	Fish	Q130297499	label	Fish				1	Q21198342
en	Fish	Q130619615	label	Fish				0	Q21191270
en	Fish	Q132562268	alias	Ultra Fishbunjin 3000				0	Q20723931 Q65706105
en	Fish	Q135453526	label	Fish				0	Q7889
en	Fish	Q135453544	label	Fish				0	Q7889
en	Fish	Q139225094	label	Fish				0	Q11060274
en	Fish	Q139225205	label	Fish				0	Q11060274
en	Fish	Q14756471	alias	Fish (film)				1	Q11424
en	Fish	Q15229024	label	Fish	Fish			1	Q482994
en	Fish	Q16869951	label	Fish	Fish			2	Q101352
en	Fish	Q17089924	label	Fish	Fish			1	Q49614
en	Fish	Q17232138	label	Fish				1	Q134556
en	Fish	Q18250600	alias	Sh3pxd2a				0	Q20747295 Q7187
en	Fish	Q18615407	label	Fish	Fish			0	Q838795
en	Fish	Q19325106	alias	Annie Fish	Anne Harriet Fish			2	Q5
en	Fish	Q19608817	label	Fish				1	
en	Fish	Q20170003	label	Fish				0	Q3305213
en	Fish	Q20266499	label	Fish				0	Q3305213
en	Fish	Q20421694	label	Fish				0	Q3305213
en	Fish	Q20442312	label	Fish				0	Q3305213
en	Fish	Q20487690	label	Fish				0	Q3305213
en	Fish	Q21675822	label	Fish				0	Q3305213
en	Fish	Q26714014	alias	Lyn Fish	Lyn Fish			1	Q5
en	Fish	Q27916667	label	Fish				0	Q75837457
en	Fish	Q28473224	label	Fish				0	Q3305213
en	Fish	Q317441	label	Fish	Fish			27	Q5
en	Fish	Q345471	label	Fish	Fish			20	Q4167410
en	Fish	Q3746120	label	Fish	Fish			1	Q24862
en	Fish	Q41782540	alias	Warner's King				1	Q15731356 Q3395987
en	Fish	Q49175907	label	Fish				0	Q3305213
en	Fish	Q49215761	label	Fish				0	Q3305213
en	Fish	Q49870423	label	Fish				0	Q3305213
en	Fish	Q50400604	label	Fish				0	Q3305213
en	Fish	Q50400631	label	Fish				0	Q3305213
en	Fish	Q50702066	label	Fish				0	Q3305213
en	Fish	Q50714596	label	Fish				0	Q3305213
en	Fish	Q50716086	label	Fish				0	Q3305213
en	Fish	Q50818670	label	Fish				0	Q3305213
en	Fish	Q5454474	label	Fish				1	Q5398426
en	Fish	Q5454476	label	Fish				1	Q5398426
en	Fish	Q5454477	label	Fish				1	Q134556
en	Fish	Q59544524	label	Fish				0	Q3305213
en	Fish	Q60473333	label	Fish				0	Q3305213
en	Fish	Q60761664	label	Fish				0	Q11469 Q1922981
en	Fish	Q62692362	label	Fish				0	Q1207505
en	Fish	Q6278572	alias	Jorge Rodríguez				1	Q5
en	Fish	Q64815584	label	Fish				1	Q179700 Q860861
en	Fish	Q65507629	label	Fish				0	Q11060274
en	Fish	Q65574227	label	Fish				0	Q11060274
en	Fish	Q74045181	label	Fish				0	Q11060274
en	Fish	Q74045384	label	Fish				0	Q11060274
en	Fish	Q74045386	label	Fish				0	Q11060274
en	Fish	Q74045388	label	Fish				0	Q11060274
en	Fish	Q74045391	label	Fish				0	Q11060274
en	Fish	Q74888365	label	Fish				0	Q11060274
en	Fish	Q75117193	label	Fish				0	Q11060274
en	Fish	Q75117235	label	Fish				0	Q11060274
en	Fish	Q76348987	label	Fish				0	Q11060274
en	Fish	Q76457228	label	Fish				0	Q11060274
en	Fish	Q77890047	label	Fish				0	Q3305213
en	Fish	Q79004402	label	Fish				0	Q3305213
en	Fish	Q79035350	label	Fish				0	Q3305213
en	Fish	Q79044803	label	Fish				0	Q3305213
en	Fish	Q80025535	label	Fish				0	Q93184
en	Fish	Q80173484	label	Fish				0	Q93184
en	Fish	Q84278466	label	Fish				0	Q860861
en	Fish	Q84278489	label	Fish				0	Q860861
en	Fish	Q84278513	label	Fish				0	Q860861
en	Fish	Q879717	label	Fish	Fish			4	Q864718
en	Fish	Q92407579	label	Fish				0	Q11900210
en	Fish	Q94699497	label	Fish				8	Q5
en	Fish	Q98147793	label	Fish				0	Q3305213
en	Fish oil	Q7090055	alias	Omegaven				2	Q6058432
en	Flour	Q1285860	label	Flour				4	Q4167410
en	Flour	Q54005656	label	Flour	Flour			1	Q101352
en	Flour	Q5462010	label	Flour				1	Q482994
en	Flour	Q5462011	label	Flour	Flour			2	Q215380
en	Flower	Q1002131	label	Flower	Flower			10	Q134556
en	Flower	Q100375028	label	Flower				0	Q3305213
en	Flower	Q100375191	label	Flower				0	Q3305213
en	Flower	Q103840717	label	Flower				0	Q3305213
en	Flower	Q103903020	label	Flower				0	Q382586 Q852190
en	Flower	Q104603429	label	Flower				0	Q3305213
en	Flower	Q105378927	label	Flower				0	Q3305213
en	Flower	Q105391541	label	Flower				0	Q3305213
en	Flower	Q106767880	label	Flower				0	Q3305213
en	Flower	Q106772886	label	Flower				0	Q3305213
en	Flower	Q10847122	label	Flower	Flower			7	Q641066
en	Flower	Q109825790	label	Flower				0	Q11424
en	Flower	Q111756714	label	Flower	Flower			0	Q18127
en	Flower	Q11199231	label	Flower				1	Q134556
en	Flower	Q11200265	alias	Flow-war	Flow-war			1	Q215380
en	Flower	Q11200273	label	Flower				1	Q482994
en	Flower	Q11200277	label	Flower				1	Q482994
en	Flower	Q11200279	label	Flower				1	Q134556
en	Flower	Q1139605	label	Flower	Flower			7	Q134556
en	Flower	Q115779818	label	Flower				0	Q55850593
en	Flower	Q11614950	label	Flower				2	Q482994
en	Flower	Q11614956	alias	Hana				2	Q105543609
en	Flower	Q117215736	label	Flower	Flower			13	Q105543609
en	Flower	Q117861226	label	Flower				2	Q65618976
en	Flower	Q118482941	label	Flower				0	Q3305213
en	Flower	Q119195844	label	Flower				0	Q7889
en	Flower	Q119285618	label	Flower				0	Q3305213
en	Flower	Q119948339	label	Flower				0	Q3305213
en	Flower	Q120037787	label	Flower				0	Q3305213
en	Flower	Q122792606	label	Flower				0	Q11446
en	Flower	Q123123569	label	Flower				0	Q93184
en	Flower	Q125094143	label	Flower				0	Q2142903 Q631931
en	Flower	Q12586968	label	Flower				1	Q5
en	Flower	Q126145998	label	Flower				0	Q3305213
en	Flower	Q126146045	label	Flower				0	Q3305213
en	Flower	Q126146150	label	Flower				0	Q3305213
en	Flower	Q126146258	label	Flower				0	Q3305213
en	Flower	Q129185619	label	Flower				0	Q27921916 Q95074
en	Flower	Q135181330	label	Flower				0	Q3305213
en	Flower	Q135181356	label	Flower				0	Q3305213
en	Flower	Q140888576	label	Flower				0	Q3305213
en	Flower	Q141326159	label	Flower				0	Q2175765
en	Flower	Q15932325	label	Flower				3	Q169930
en	Flower	Q16097868	label	Flower				3	Q216337
en	Flower	Q17214185	label	Flower				3	Q482994
en	Flower	Q18212824	label	Flower				1	Q7725634
en	Flower	Q1825218	label	Flower	Flower			24	Q7889
en	Flower	Q19824661	label	Flower				2	Q105543609
en	Flower	Q20720738	alias	Rise as God				6	Q482994
en	Flower	Q20788600	label	Flower				0	Q3305213
en	Flower	Q235271	label	Flower	Flower			28	Q4167410
en	Flower	Q2733652	label	Flower	Flower			10	Q134556
en	Flower	Q27450686	label	Flower	Flower			3	Q101352
en	Flower	Q27896590	label	Flower				0	Q3305213
en	Flower	Q2845	alias	cannabis	marijuana			113	Q1902558 Q25403900 Q3706669 Q8386
en	Flower	Q28970972	label	Flower				11	Q11424
en	Flower	Q307145	label	Flower	Flower			7	Q134556
en	Flower	Q3073555	label	Flower				3	Q15711870 Q88554633
en	Flower	Q307602	label	Flower				7	Q134556
en	Flower	Q3476503	label	Flower				1	Q860861
en	Flower	Q36662319	alias	R.J. Flower				0	Q5
en	Flower	Q4491016	label	Flower	Flower			0	Q82799
en	Flower	Q49351020	label	Flower				0	Q3305213
en	Flower	Q49361875	label	Flower				0	Q3305213
en	Flower	Q49362225	label	Flower				0	Q3305213
en	Flower	Q5462127	label	Flower	Flower			1	Q17343829
en	Flower	Q5462132	label	Flower				1	Q482994
en	Flower	Q5462135	label	Flower				1	Q134556
en	Flower	Q5462137	label	Flower				2	Q482994
en	Flower	Q5462138	label	Flower	Flower			5	Q134556
en	Flower	Q5462140	label	Flower	Flower			1	Q215380
en	Flower	Q5462147	label	Flower				4	Q134556
en	Flower	Q56014101	alias	La Flor				7	Q11424
en	Flower	Q62017184	label	Flower				4	Q134556
en	Flower	Q63863478	label	Flower				0	Q838948 Q860861
en	Flower	Q64593473	label	Flower				0	Q93184
en	Flower	Q65511846	label	Flower				0	Q11060274
en	Flower	Q670054	alias	William Henry Flower	William Henry Flower			20	Q5
en	Flower	Q67598141	alias	Synaptic Vesicle-Associated Ca2+ Channel				0	Q67101749 Q67102454
en	Flower	Q76551566	label	Flower				0	Q838948
en	Flower	Q77493581	label	Flower				0	Q3305213
en	Flower	Q77988303	label	Flower				0	Q3305213
en	Flower	Q79928642	label	Flower				0	Q11060274
en	Flower	Q79945621	label	Flower				0	Q11060274
en	Flower	Q83551078	label	Flower				0	Q3305213
en	Flower	Q83557139	label	Flower				0	Q3305213
en	Flower	Q83558142	label	Flower				0	Q3305213
en	Flower	Q92389250	label	Flower				0	Q11060274
en	Flower	Q92389336	label	Flower				0	Q3305213
en	Flower	Q92759236	label	Flower	Flower			1	Q202444
en	Fortunella margarita	Q486951	alias	Citrus margarita	Citrus margarita		Citrus margarita	11	Q16521
en	Frankfurter	Q16868332	label	Frankfurter	Frankfurter			2	Q101352
en	Frankfurter	Q255760	label	Frankfurter	Frankfurter			7	Q4167410
en	Frankfurter	Q3989525	alias	The Stupids	The Stupids			2	Q215380
en	Frankfurter	Q681770	alias	Frankfurter Würstchen	würstel di Francoforte			24	Q10296510 Q746549 Q997002
en	French bean	Q123576144	alias	green bean fillet				2	Q2987371
en	French lavender	Q1342976	alias	Lavandula stoechas	Lavandula stoechas		Lavandula stoechas	37	Q16521
en	French lavender	Q50824438	label	French lavender				1	Q4167410
en	Frogs	Q105739348	label	Frogs				2	Q1980247
en	Frogs	Q105965776	label	Frogs				1	Q860861
en	Frogs	Q107182928	alias	The Frogs of Aristophanes				1	Q3331189
en	Frogs	Q130253928	label	Frogs				0	Q55850593
en	Frogs	Q135453496	label	Frogs				0	Q7889
en	Frogs	Q138549349	label	Frogs				0	Q93184
en	Frogs	Q1469551	label	Frogs	Frogs			13	Q11424
en	Frogs	Q15892599	label	Frogs				1	Q7725634
en	Frogs	Q21245156	alias	The Frogs				1	Q3331189
en	Frogs	Q21245159	alias	Les Grenouilles				1	Q3331189
en	Frogs	Q50818469	label	Frogs				0	Q3305213
en	Frogs	Q5505297	label	Frogs	Frogs			2	Q7889
en	Frogs	Q63413795	label	Frogs				2	Q4167410
en	Frogs	Q815376	alias	The Frogs	Le rane			39	Q116476516
en	Frogs	Q9263893	label	Frogs				4	Q105543609
en	Frogs	Q99517718	label	Frogs				0	Q21191270
en	Fruit	Q103834802	label	Fruit				0	Q3305213
en	Fruit	Q104535211	label	Fruit				0	Q3305213
en	Fruit	Q104537144	label	Fruit				0	Q3305213
en	Fruit	Q104606034	label	Fruit				0	Q3305213
en	Fruit	Q104637702	label	Fruit				0	Q3305213
en	Fruit	Q106374450	label	Fruit				0	Q3305213
en	Fruit	Q106657546	label	Fruit				0	Q3305213
en	Fruit	Q109359768	alias	Minoriyuku				1	Q11424
en	Fruit	Q114475671	label	Fruit				0	Q21191270
en	Fruit	Q117709294	label	Fruit				0	Q3305213
en	Fruit	Q118887169	label	Fruit				0	Q3305213
en	Fruit	Q119020953	label	Fruit				0	Q3305213
en	Fruit	Q119064587	label	Fruit				0	Q3305213
en	Fruit	Q119073003	label	Fruit				0	Q3305213
en	Fruit	Q119080880	label	Fruit				0	Q3305213
en	Fruit	Q119080980	label	Fruit				0	Q3305213
en	Fruit	Q119081782	label	Fruit				0	Q3305213
en	Fruit	Q119122265	label	Fruit				0	Q3305213
en	Fruit	Q119198493	label	Fruit				0	Q3305213
en	Fruit	Q119212451	label	Fruit				0	Q3305213
en	Fruit	Q119346976	label	Fruit				0	Q3305213
en	Fruit	Q119357891	label	Fruit				0	Q3305213
en	Fruit	Q119436056	label	Fruit				0	Q3305213
en	Fruit	Q119440380	label	Fruit				0	Q3305213
en	Fruit	Q119625953	label	Fruit				0	Q3305213
en	Fruit	Q119861459	label	Fruit				0	Q3305213
en	Fruit	Q119861482	label	Fruit				0	Q3305213
en	Fruit	Q119862044	label	Fruit				0	Q3305213
en	Fruit	Q119893069	label	Fruit				0	Q3305213
en	Fruit	Q119918721	label	Fruit				0	Q3305213
en	Fruit	Q119932609	label	Fruit				0	Q3305213
en	Fruit	Q119939456	label	Fruit				0	Q3305213
en	Fruit	Q119940938	label	Fruit				0	Q3305213
en	Fruit	Q119940940	label	Fruit				0	Q3305213
en	Fruit	Q119951482	label	Fruit				0	Q3305213
en	Fruit	Q119951484	label	Fruit				0	Q3305213
en	Fruit	Q119951486	label	Fruit				0	Q3305213
en	Fruit	Q119952377	label	Fruit				0	Q3305213
en	Fruit	Q119982592	label	Fruit				0	Q3305213
en	Fruit	Q120134492	label	Fruit				0	Q3305213
en	Fruit	Q121461210	label	Fruit				1	Q7725634
en	Fruit	Q124203871	label	Fruit				1	Q24634210
en	Fruit	Q125553934	label	Fruit				0	Q15123870
en	Fruit	Q126078186	label	Fruit				0	Q21191270
en	Fruit	Q1284732	label	Fruit	Fruit			10	Q1248874
en	Fruit	Q132087	label	Fruit	Fruit			6	Q4167410
en	Fruit	Q132200457	label	Fruit				0	Q3305213
en	Fruit	Q137477307	label	Fruit				0	Q3305213 Q335261
en	Fruit	Q17525474	label	Fruit				0	Q3305213
en	Fruit	Q2012998	label	Fruit	Fruit			8	Q482994
en	Fruit	Q20174070	label	Fruit				0	Q3305213
en	Fruit	Q20443436	label	Fruit				0	Q3305213
en	Fruit	Q21615140	label	Fruit				0	Q3305213
en	Fruit	Q21618874	label	Fruit				0	Q3305213
en	Fruit	Q21646068	label	Fruit				0	Q18761202
en	Fruit	Q23947188	label	Fruit				0	Q3305213
en	Fruit	Q23948034	label	Fruit				0	Q3305213
en	Fruit	Q27893145	label	Fruit				0	Q3305213
en	Fruit	Q27893891	label	Fruit				0	Q3305213
en	Fruit	Q27894342	label	Fruit				0	Q3305213
en	Fruit	Q27894971	label	Fruit				0	Q3305213
en	Fruit	Q27977949	label	Fruit				0	Q3305213
en	Fruit	Q28473230	label	Fruit				0	Q3305213
en	Fruit	Q37515868	label	Fruit	Fruit			0	Q101352
en	Fruit	Q42883258	label	Fruit				0	Q3305213
en	Fruit	Q46628714	label	Fruit				0	Q3305213
en	Fruit	Q5506356	label	Fruit	Fruit			1	Q215380
en	Fruit	Q64434294	label	Fruit				0	Q3305213
en	Fruit	Q64508916	label	Fruit				0	Q3305213
en	Fruit	Q64510008	label	Fruit				0	Q3305213
en	Fruit	Q64532527	label	Fruit				0	Q3305213
en	Fruit	Q65224597	label	Fruit				0	Q11060274
en	Fruit	Q77010716	label	Fruit				0	Q11060274
en	Fruit	Q77481439	label	Fruit				0	Q3305213
en	Fruit	Q77481504	label	Fruit				0	Q3305213
en	Fruit	Q77481575	label	Fruit				0	Q3305213
en	Fruit	Q77481643	label	Fruit				0	Q3305213
en	Fruit	Q77481703	label	Fruit				0	Q3305213
en	Fruit	Q77481765	label	Fruit				0	Q3305213
en	Fruit	Q77481828	label	Fruit				0	Q3305213
en	Fruit	Q77481895	label	Fruit				0	Q3305213
en	Fruit	Q77481953	label	Fruit				0	Q3305213
en	Fruit	Q77875663	label	Fruit				0	Q3305213
en	Fruit	Q79019190	label	Fruit				0	Q3305213
en	Fruit	Q79504441	label	Fruit				0	Q13464614
en	Fruit	Q79504448	label	Fruit				0	Q13464614
en	Fruit	Q79946055	label	Fruit				0	Q93184
en	Fruit	Q87780337	label	Fruit				0	Q3305213
en	Fruit	Q87780446	label	Fruit				0	Q3305213
en	Fruit	Q92387332	label	Fruit				0	Q3305213
en	Fumaria officinalis	Q157618	label	Fumaria officinalis	Fumaria officinalis		Fumaria officinalis	53	Q16521
en	Galanga	Q17123278	label	Galanga	Galanga			2	Q4167410
en	Galanga	Q21445854	label	Galanga	Galanga		Galanga	3	Q16521
en	Galanga	Q55612242	label	Galanga				2	Q1841580
en	Gardenia	Q1054881	label	Gardenia	specie di Gardenia			1	Q13406463
en	Gardenia	Q111949799	label	Gardenia	Gardenia			1	Q482994
en	Gardenia	Q116783005	label	Gardenia				0	Q35127
en	Gardenia	Q122558201	label	Gardenia				0	Q486972
en	Gardenia	Q122765284	label	Gardenia				0	Q11446
en	Gardenia	Q124400229	label	Gardenia				0	Q3305213
en	Gardenia	Q1782492	label	Gardenia	Gardenia			6	Q134556
en	Gardenia	Q20443125	label	Gardenia				0	Q3305213
en	Gardenia	Q21448878	label	Gardenia	Gardenia			1	Q101352
en	Gardenia	Q23647076	label	Gardenia				2	Q134556
en	Gardenia	Q25488877	label	Gardenia				3	Q4830453
en	Gardenia	Q3758275	label	Gardenia	Gardenia, il giustiziere della mala			6	Q11424
en	Gardenia	Q3758277	label	Gardenia	Gardenia			1	Q15632617 Q1569167 Q80447738 Q87576284
en	Gardenia	Q3758278	label	Gardenia	Gardenia			2	Q11879590
en	Gardenia	Q409886	label	Gardenia	Gardenia			12	Q4167410
en	Gardenia	Q42018538	alias	255587 Gardenia	255587 Gardenia			4	Q3863
en	Gardenia	Q47119690	alias	MT Sanchi	Sanchi (petroliera)			10	Q1290804 Q14928
en	Gardenia	Q52352070	alias					1	Q14928
en	Gardenia	Q5522449	label	Gardenia				2	Q134556
en	Gardenia	Q740887	label	Gardenia	Gardenia		Gardenia	56	Q16521
en	Gardenia	Q80016073	label	Gardenia				0	Q11060274
en	Gardenia	Q83667619	alias	Rosa 'Gardenia'	Rosa ‘Gardenia’		Rosa ‘Gardenia’	1	Q26817508
en	Gardenia	Q9265955	label	Gardenia	Gardenia			2	Q5741069
en	Garlic	Q105342299	label	Garlic				0	Q732577
en	Garlic	Q119292477	label	Garlic				0	Q3305213
en	Garlic	Q120073993	label	Garlic				0	Q732577
en	Garlic	Q122312119	label	Garlic				0	Q7889
en	Garlic	Q139250364	label	Garlic				0	Q11060274
en	Garlic	Q5523460	label	Garlic				5	Q4167410
en	Garlic mustard	Q160097	alias	Alliaria petiolata	Alliaria petiolata		Alliaria petiolata	48	Q16521
en	Garlic oil	Q72480097	label	Garlic oil				0	Q11173 Q25403900
en	Gelatin	Q11448045	label	Gelatin	Gelatin			1	Q21198342
en	Gelatin	Q3100287	alias	Gelitin				6	Q1400264
en	Gelatin	Q92781829	label	Gelatin	Gelatina			4	Q4167410
en	Geraniaceae	Q155945	label	Geraniaceae	Geraniaceae		Geraniaceae	60	Q16521
en	Geranium	Q137148	alias					35	Q3863
en	Geranium	Q15573853	label	Geranium	Geranium			9	Q11707
en	Geranium	Q157211	label	Geranium	Geranium		Geranium	77	Q16521
en	Geranium	Q18151555	label	Geranium				2	Q22674925
en	Geranium	Q19125930	label	Geranium				0	Q79007
en	Geranium	Q19125950	label	Geranium				0	Q79007
en	Geranium	Q19883601	label	Geranium				0	Q3305213
en	Geranium	Q23940593	label	Geranium				0	Q3305213
en	Geranium	Q24061128	label	Geranium				0	Q3305213
en	Geranium	Q3123703	label	Geranium	Geranium			10	Q4167410
en	Geranium	Q4048468	alias	Rosa 'Geranium'	Rosa ‘Geranium’		Rosa ‘Geranium’	2	Q26817508
en	Geranium	Q5549855	label	Geranium				3	Q3957
en	Geranium	Q64507417	label	Geranium				0	Q3305213
en	Geranium	Q64575801	label	Geranium				0	Q3305213
en	Geranium	Q80040497	label	Geranium				0	Q11060274
en	Gin	Q107706594	label	Gin				0	Q15632617 Q80447738 Q87576284
en	Gin	Q11082926	alias	Gin rummy	Gin rummy			15	Q142714 Q756011
en	Gin	Q114431812	label	Gin				0	Q11879590
en	Gin	Q118904586	label	Gin				1	Q21191270
en	Gin	Q127424822	label	Gin				0	Q12308941 Q88865478
en	Gin	Q130296137	alias	Gin Penrose				0	Q15632617
en	Gin	Q16256017	alias	Jin	Jin			5	Q101352
en	Gin	Q16275991	label	Gin	Gin			1	Q12308941
en	Gin	Q20813402	label	Gin				2	Q482994
en	Gin	Q238264	label	Gin	GIN			20	Q4167410
en	Gin	Q2551293	label	Gin	Gin			5	Q15632617 Q80447738 Q87576284
en	Gin	Q25906843	label	Gin				1	Q12488913
en	Gin	Q36913200	label	Gin	Gin			1	Q101352
en	Gin	Q5562794	label	Gin				2	Q74047
en	Gin	Q56422688	alias	Günther Kletetschka				1	Q5
en	Gin	Q63521071	label	Gin				0	Q28931760
en	Gin	Q65925618	alias	Jian				0	Q101352 Q1093580
en	Gin	Q76456492	label	Gin				0	Q11060274
en	Gin	Q85763529	label	Gin				1	
en	Gin	Q96251282	alias	Jiàn				0	Q202444 Q22809413
en	Gin	Q96279007	label	Gin				0	Q341
en	Ginger	Q103901144	label	Ginger				0	Q170173 Q852190
en	Ginger	Q106850362	label	Ginger				0	Q3305213
en	Ginger	Q106855449	label	Ginger				0	Q3305213
en	Ginger	Q106860619	label	Ginger				0	Q3305213
en	Ginger	Q106860701	label	Ginger				0	Q3305213
en	Ginger	Q106878070	label	Ginger				0	Q3305213
en	Ginger	Q106881180	label	Ginger				0	Q3305213
en	Ginger	Q109321838	label	Ginger				1	Q215380
en	Ginger	Q113126231	label	Ginger				0	Q15632617 Q15773317
en	Ginger	Q113613677	alias	Andrew Spinks				1	Q5
en	Ginger	Q119437030	label	Ginger				0	Q3305213
en	Ginger	Q119777964	label	Ginger				1	Q11424
en	Ginger	Q123759671	label	Ginger				0	Q134556 Q7302866
en	Ginger	Q123761237	label	Ginger				0	Q134556
en	Ginger	Q123857737	label	Ginger				0	Q134556
en	Ginger	Q12407249	label	Ginger				1	Q77115
en	Ginger	Q134549461	label	Ginger				1	Q105543609
en	Ginger	Q135072626	label	Ginger				0	Q7889
en	Ginger	Q136088789	alias	Lucy Tichenor Banning				0	Q5
en	Ginger	Q136651319	label	Ginger				0	Q105543609
en	Ginger	Q139251040	label	Ginger				0	Q11060274
en	Ginger	Q140066149	label	Ginger				0	Q7725634
en	Ginger	Q1524981	label	Ginger	Ginger			0	Q215380
en	Ginger	Q1524985	label	Ginger	Ginger			4	Q3409032
en	Ginger	Q16248607	label	Ginger				3	Q11424
en	Ginger	Q18208722	label	Ginger	Ginger			3	Q82799
en	Ginger	Q2105105	label	Ginger				1	Q15831457 Q3658341
en	Ginger	Q23005125	label	Ginger				0	Q15632617 Q15773317
en	Ginger	Q3106748	label	Ginger				1	Q14406742
en	Ginger	Q3106749	label	Ginger				1	Q482994
en	Ginger	Q3106750	label	Ginger				4	Q11424
en	Ginger	Q3106752	label	Ginger				2	Q11424
en	Ginger	Q37170168	label	Ginger	Ginger			1	Q101352
en	Ginger	Q3764503	label	Ginger	ginger			2	Q147538
en	Ginger	Q3764504	label	Ginger	Ginger			6	Q5
en	Ginger	Q408923	label	Ginger	Ginger			7	Q4167410
en	Ginger	Q42514542	label	Ginger				0	Q15632617 Q15773347
en	Ginger	Q5563013	label	Ginger				0	Q17343829
en	Ginger	Q5563017	label	Ginger	Ginger			2	Q482994
en	Ginger	Q5563019	label	Ginger	Ginger			1	Q215380
en	Ginger	Q5563020	label	Ginger				1	Q7725634
en	Ginger	Q5563021	label	Ginger				1	
en	Ginger	Q61932995	alias	Ginger Group				1	Q101244 Q113727727 Q219577 Q4830453
en	Ginger	Q66467374	label	Ginger	Ginger			5	Q482994
en	Ginger	Q67940253	alias	Hunter Riley				0	Q5
en	Ginger	Q83584086	label	Ginger				1	Q11446
en	Ginger	Q83648992	alias	Rosa 'Ginger'	Rosa ‘Ginger’		Rosa ‘Ginger’	1	Q26817508
en	Ginger	Q96217170	alias	Len Southward	Len Southward			1	Q5
en	Ginger grass	Q276897	alias	Paspalum distichum	Paspalum distichum		Paspalum distichum	20	Q16521
en	Ginger oil	Q72480221	label	Ginger oil				0	Q11173 Q113145171
en	Globefish	Q2529941	alias	Diodon nichthemerus	Diodon nicthemerus		Diodon nicthemerus	14	Q16521
en	Gnocchi	Q140652425	alias	Nocken PAT	Nocken PAT			0	Q2251745
en	Gnocchi	Q538640	label	Gnocchi	Gnocchi			5	Q4167410
en	Gnocchi	Q56546766	label	Gnocchi	Gnocchi			2	Q101352
en	Grain	Q104765066	label	Grain				0	Q3305213
en	Grain	Q115263230	label	Grain				0	Q96759164
en	Grain	Q15812723	label	Grain	Grain			2	Q253019
en	Grain	Q19954477	label	Grain				8	Q11424
en	Grain	Q247198	label	Grain	Grain			17	Q4167410
en	Grain	Q26520945	label	Grain				0	Q41176
en	Grain	Q3495468	alias	Qurain				7	Q55260272
en	Grain	Q37308771	label	Grain	Grain			1	Q101352
en	Grain	Q55590041	label	Grain				2	Q486972
en	Grain	Q5593489	label	Grain	Grain			4	Q864718
en	Grain	Q5593492	label	Grain				1	Q41298
en	Grain	Q5593493	label	Grain				1	Q4830453
en	Grain	Q76442308	label	Grain				0	Q11060274
en	Grain	Q85764259	label	Grain				1	
en	Grape	Q10508194	label	Grape	Grape			0	Q215380
en	Grape	Q11300820	label	Grape				1	Q215380
en	Grape	Q115314182	label	Grape				0	Q215380
en	Grape	Q12609789	label	Grape				1	Q5
en	Grape	Q140223324	label	Grape				0	Q1980247
en	Grape	Q1543307	label	Grape				7	Q4167410
en	Grape	Q29718586	alias	grape				0	Q7187
en	Grape	Q37020055	label	Grape	Grape			1	Q101352
en	Grape	Q3775796	label	Grape	Grape			1	Q482994
en	Grape	Q5596999	alias	Grape Festival				3	Q868557
en	Grape	Q85865473	label	Grape				1	Q482994
en	Grape	Q90305850	label	Grape				0	Q125191 Q192425
en	Grape vine	Q78979286	label	Grape vine				0	Q1002697
en	Grapefruit	Q118558639	label	Grapefruit	Grapefruit			0	Q18127
en	Grapefruit	Q119211877	label	Grapefruit				0	Q3305213
en	Grapefruit	Q119442438	label	Grapefruit				0	Q3305213
en	Grapefruit	Q25352162	alias	Grapefruit Record Club				1	Q12540664 Q18127
en	Grapefruit	Q5597008	label	Grapefruit	Grapefruit			3	Q4167410
en	Grapefruit	Q5597012	label	Grapefruit				2	Q1062404
en	Grapefruit	Q673868	label	Grapefruit				6	Q215380
en	Grapefruit	Q79903591	label	Grapefruit				0	Q93184
en	Grapefruit	Q907581	label	Grapefruit	Grapefruit			7	Q482994
en	Green tea	Q5603593	alias	green tea extract				1	Q1259977
en	Guanciale	Q140653221	alias	Barbina PAT	Barbina PAT			0	Q1427887
en	Guanciale	Q37292167	label	Guanciale	Guanciale			0	Q101352
en	Guanciale	Q3778173	label	Guanciale	Guanciale			1	Q4167410
en	Guanciale	Q67492978	label	Guanciale				2	Q726
en	Guarana	Q109083261	label	Guarana				5	Q4167410
en	Guarana	Q11296233	label	Guarana				1	Q134556
en	Guarana	Q18436051	label	Guarana	Guarana			4	Q486972
en	Guarana	Q3805882	alias	Jacopo Guarana	Jacopo Guarana			7	Q5
en	Guarana	Q5613898	label	Guarana				2	Q215754 Q431289
en	Guava	Q130013571	label	Guava				0	Q838948
en	Guava	Q131940038	label	Guava				0	Q3305213
en	Guava	Q139760796	label	Guava				1	
en	Guava	Q5614342	label	Guava	Guava			2	Q4167410
en	Guava	Q59092525	label	Guava				0	Q18127
en	Guinea pepper	Q5616488	label	Guinea pepper	Guinea pepper			1	Q4167410
en	Guineafowl	Q117859761	label	Guineafowl				2	Q65618976
en	Guineafowl	Q1304542	alias	Hamanumida daedalus	Hamanumida daedalus		Hamanumida daedalus	15	Q16521
en	Guineafowl	Q30070704	label	Guineafowl	Guineafowl			1	Q4167410
en	Guineafowl	Q57084643	label	Guineafowl				0	Q3305213
en	Haddock	Q119296302	label	Haddock				0	Q3305213
en	Haddock	Q20002856	label	Haddock				1	Q8436
en	Haddock	Q20486418	label	Haddock				1	Q3305213
en	Haddock	Q21501652	label	Haddock	Haddock			2	Q101352
en	Haddock	Q21622691	label	Haddock				0	Q3305213
en	Haddock	Q2243417	label	Haddock	Haddock			2	Q2164323
en	Haddock	Q28550650	label	Haddock				2	Q3257686
en	Haddock	Q440530	label	Haddock	Haddock			7	Q4167410
en	Haddock	Q5637683	label	Haddock				5	Q17343829
en	Haddock	Q98506302	label	Haddock				0	Q210112
en	Ham	Q102320873	alias	Hamis Kiggundu	Hamis Kiggundu			13	Q5
en	Ham	Q10293615	label	Ham	Ham			3	Q1475691
en	Ham	Q1032351	alias	canton of Ham	cantone di Ham			14	Q18524218
en	Ham	Q1047719	alias	Hem	Hem			50	Q484170
en	Ham	Q106855787	alias	Xian				0	Q202444 Q22809413
en	Ham	Q1085780	alias	Ham-les-Moines	Ham-les-Moines			45	Q484170
en	Ham	Q109573809	label	Ham				0	Q484170
en	Ham	Q110732697	alias	Hán				0	Q11879590 Q22809413
en	Ham	Q110843875	alias	Kǎn				0	Q101352 Q1093580
en	Ham	Q110843959	alias	Kan				0	Q202444 Q22809413
en	Ham	Q115809170	label	Ham				1	Q79007
en	Ham	Q120453656	alias	Category:Ham people				3	Q4167836
en	Ham	Q123519951	label	Ham				0	Q3947
en	Ham	Q129979059	label	Ham				0	Q3947
en	Ham	Q130304854	label	Ham				2	Q3257686
en	Ham	Q137679848	label	Ham				0	Q5
en	Ham	Q138110452	label	Ham				0	Q19730508
en	Ham	Q16641182	label	Ham				3	Q486972
en	Ham	Q18324629	label	Ham	Ham			1	Q101352
en	Ham	Q18655197	label	Ham				1	Q5084
en	Ham	Q19241962	label	Ham				0	Q79007
en	Ham	Q19241966	label	Ham				0	Q79007
en	Ham	Q19241968	label	Ham				0	Q79007
en	Ham	Q19241971	label	Ham				0	Q79007
en	Ham	Q20008604	label	Ham				1	Q101352
en	Ham	Q2048291	label	Ham				1	Q1484611
en	Ham	Q2232332	label	Ham				3	Q1484611
en	Ham	Q226253	label	Ham	HAM			38	Q4167410
en	Ham	Q229702	label	Ham	Cam			74	Q20643955
en	Ham	Q23893806	label	Ham				2	Q5084
en	Ham	Q2409653	label	Ham				2	Q1484611
en	Ham	Q24665760	label	Ham				1	
en	Ham	Q24785057	alias	Transcription factor hamlet				0	Q417841 Q8054 Q81408532
en	Ham	Q26706363	label	Ham				2	Q126723715 Q532
en	Ham	Q28270	label	Ham	Ham			35	Q26401003 Q863531
en	Ham	Q29733664	alias	ham				0	Q7187
en	Ham	Q30686594	alias	Ham people				4	Q41710 Q65438462
en	Ham	Q3077057	label	Ham				12	Q1115575 Q532
en	Ham	Q3126289	label	Ham	Ham			3	Q123705
en	Ham	Q3126292	label	Ham				7	Q5084
en	Ham	Q37946229	label	Ham				0	Q5
en	Ham	Q4448649	alias	Xián	Xian			7	Q101352 Q1093580
en	Ham	Q50320525	label	Ham				0	Q3305213
en	Ham	Q52564625	label	Ham				0	Q532
en	Ham	Q5643815	label	Ham				4	Q486972
en	Ham	Q5643817	label	Ham				4	Q188509
en	Ham	Q5643819	label	Ham				9	Q2755753
en	Ham	Q56478262	label	Ham				0	Q526877
en	Ham	Q56648850	label	Ham				0	Q589282
en	Ham	Q61712954	alias	Hammond				0	Q15632617 Q3658341 Q61712979
en	Ham	Q629049	label	Ham	Ham			47	Q484170
en	Ham	Q63485480	label	Ham				0	Q15632617 Q50386450
en	Ham	Q64744418	label	Ham				1	Q23828031
en	Ham	Q65095964	alias	Ham / Hahm				1	Q82799
en	Ham	Q65095987	label	Ham	Ham			0	Q101352
en	Ham	Q67603573	label	Ham	Ham			1	Q12308941
en	Ham	Q69523512	label	Ham				0	Q202444 Q69680123
en	Ham	Q695354	label	Ham	Ham			33	Q493522
en	Ham	Q74568949	label	Ham				0	Q3409032
en	Ham	Q75181573	label	Ham				2	Q5084
en	Hazelnut	Q104049804	label	Hazelnut				0	Q15711870 Q67022388
en	Hazelnut	Q11336740	label	Hazelnut				1	
en	Hedychium spicatum	Q3628042	label	Hedychium spicatum	Hedychium spicatum		Hedychium spicatum	14	Q16521 Q188238
en	Helichrysum angustifolium	Q119457905	label	Helichrysum angustifolium				1	Q4167410
en	Helichrysum angustifolium	Q15578552	label	Helichrysum angustifolium	Helichrysum angustifolium		Helichrysum angustifolium	1	Q16521
en	Helichrysum italicum	Q1587861	label	Helichrysum italicum	Helichrysum italicum		Helichrysum italicum	26	Q16521
en	Herring	Q103922858	label	Herring				0	Q11446 Q852190
en	Herring	Q15783199	alias	Amy H. Herring	Amy H. Herring			5	Q5
en	Herring	Q1614245	label	Herring	Herring			4	Q101352
en	Herring	Q1686932	alias	John Frederick Herring, Sr.	John Frederick, Sr. Herring			5	Q5
en	Herring	Q19285512	label	Herring				1	Q34493
en	Herring	Q20706805	label	Herring				2	Q74047
en	Herring	Q23729933	alias					2	Q5
en	Herring	Q4497312	label	Herring	Herring			10	Q4167410
en	Herring	Q54804153	label	Herring				0	Q43229
en	Herring	Q60774330	label	Herring				1	Q17343829
en	Hinoki	Q11544593	alias	Japanese destroyer Hinoki (1944)	Hinoki (cacciatorpediniere)			5	Q1499623 Q174736
en	Hinoki	Q139771063	label	Hinoki				0	Q101352
en	Hinoki	Q139907239	label	Hinoki				0	Q101352
en	Hinoki	Q22126078	label	Hinoki				2	Q18663566
en	Hinoki	Q39256799	label	Hinoki				0	Q101352
en	Hinoki	Q9003852	label	Hinoki	Hinoki			1	Q4167410
en	Hoary basil	Q5874582	label	Hoary basil	Hoary basil			1	Q4167410
en	Hog plum	Q16798951	label	Hog plum	Hog plum			1	Q4167410
en	Hogweed	Q1088557	label	Hogweed	Hogweed			1	Q4167410
en	Holy basil	Q135003539	label	Holy basil			Ocimum tenuiflorum	0	Q188840 Q2864737
en	Holy basil	Q960124	alias	Holy Basil	Ocimum tenuiflorum		Ocimum tenuiflorum	63	Q16521
en	Honey	Q100698365	label	Honey				0	Q7725634
en	Honey	Q101542527	label	Honey				2	Q21191270
en	Honey	Q103923463	label	Honey				0	Q11446 Q852190
en	Honey	Q104216997	label	Honey				0	Q3305213
en	Honey	Q104217022	label	Honey				0	Q3305213
en	Honey	Q1049293	label	Honey	Honey			18	Q134556
en	Honey	Q1054867	label	Honey	Honey			5	Q134556
en	Honey	Q106828781	label	Honey				1	Q169930
en	Honey	Q107585606	label	Honey				0	Q21191270
en	Honey	Q107639314	label	Honey				1	Q2001305
en	Honey	Q10850939	label	Honey				1	Q482994
en	Honey	Q10850940	label	Honey	Honey			3	Q482994
en	Honey	Q11326589	label	Honey				1	Q4539
en	Honey	Q114524605	label	Honey				0	Q21191270
en	Honey	Q116736477	label	Honey				2	Q482994
en	Honey	Q11682541	alias	Miele	Miele			7	Q11424
en	Honey	Q117073214	label	Honey				0	Q1420024
en	Honey	Q119345444	label	Honey				1	Q134556
en	Honey	Q124039740	alias	Mitsukuni Haninozuka				0	Q15632617 Q80447738 Q87576284
en	Honey	Q125996481	label	Honey				2	Q105543609
en	Honey	Q130442167	label	Honey	Honey (Caribou)			2	Q482994
en	Honey	Q13123013	label	Honey				1	Q105543609
en	Honey	Q135235905	label	Honey				0	Q105543609
en	Honey	Q136196824	label	Honey				1	Q202444
en	Honey	Q136511418	label	Honey				3	Q105543609 Q55850593
en	Honey	Q138357528	label	Honey				2	Q11424
en	Honey	Q138780335	label	Honey				0	Q5
en	Honey	Q139576340	label	Honey				0	Q7725634
en	Honey	Q141272692	label	Honey				1	Q5398426
en	Honey	Q15908492	label	Honey				1	Q482994
en	Honey	Q16964328	label	Honey				1	Q482994
en	Honey	Q17091841	label	Honey				1	Q482994
en	Honey	Q18331020	label	Honey	Honey			2	Q101352
en	Honey	Q19363634	label	Honey	Honey			6	Q11424
en	Honey	Q19572119	label	Honey				1	Q134556
en	Honey	Q19893170	label	Honey				1	Q482994
en	Honey	Q1998711	alias	Honey Municipality				15	Q1952852
en	Honey	Q21857456	label	Honey	Honey			1	Q134556
en	Honey	Q22674145	label	Honey	Honey			3	Q482994
en	Honey	Q228841	label	Honey	Honey			26	Q4167410
en	Honey	Q26266898	label	Honey	Honey			1	Q11879590
en	Honey	Q26935229	label	Honey	Med			3	Q134556 Q7366
en	Honey	Q2778033	label	Honey	Honey			8	Q134556
en	Honey	Q28360814	label	Honey				3	Q1569167
en	Honey	Q3140006	label	Honey	HONEY			3	Q482994
en	Honey	Q3786527	label	Honey	Honey			2	Q134556
en	Honey	Q45973181	label	Honey	HONEY			5	Q482994
en	Honey	Q486719	label	Honey				4	Q169930
en	Honey	Q48836941	label	Honey				2	Q105543609
en	Honey	Q48845718	alias	Rumple Bear				0	Q213477
en	Honey	Q50386079	label	Honey				0	Q15632617 Q15773317
en	Honey	Q55570861	alias	Honey Best				0	Q15632617 Q15711870
en	Honey	Q55613904	alias	Honey (EP)				1	Q482994
en	Honey	Q58130768	label	Honey	Honey (Robyn)			5	Q482994
en	Honey	Q5893371	label	Honey				2	Q482994
en	Honey	Q5893380	label	Honey				2	Q482994
en	Honey	Q5893394	label	Honey	Honey			5	Q134556 Q7366
en	Honey	Q5893397	label	Honey	Honey			2	Q482994
en	Honey	Q5893398	label	Honey				1	Q482994
en	Honey	Q5893401	label	Honey	Honey			3	Q105543609
en	Honey	Q5893403	label	Honey	Honey			4	Q482994
en	Honey	Q5893406	label	Honey	Honey			2	Q215380
en	Honey	Q5893409	label	Honey				2	Q41298
en	Honey	Q597846	label	Honey	Honey			29	Q11424
en	Honey	Q60607468	label	Honey				0	Q15632617 Q3375722
en	Honey	Q60744478	label	Honey				2	Q105543609
en	Honey	Q60768270	alias	PayPal Honey	Honey			8	Q1058914 Q131531819 Q131531858 Q14639 Q15008061 Q376934 Q5583816
en	Honey	Q61296795	label	Honey				4	Q20202352
en	Honey	Q639067	label	Honey	Miele di donna			6	Q11424
en	Honey	Q64705315	label	Honey	Honey			4	Q169930
en	Honey	Q804582	label	Honey	Bal			31	Q11424
en	Honey	Q83543369	alias	Dahlia 'Honey'	Dahlia ‘Honey’		Dahlia ‘Honey’	1	Q21160573
en	Honey	Q92159501	label	Honey				0	Q7302866
en	Honey	Q9293598	label	Honey				1	Q482994
en	Honey	Q97311143	label	Honey				1	Q5
en	Honeydew	Q105972625	label	Honeydew				1	Q11424
en	Honeydew	Q115864202	alias	Simon Lane				0	Q5
en	Honeydew	Q117273918	label	Honeydew				1	Q188509
en	Honeydew	Q120199259	label	Honeydew				2	Q21191270
en	Honeydew	Q135029521	label	Honeydew				0	Q7889
en	Honeydew	Q1998517	label	Honeydew				8	Q17343829
en	Honeydew	Q4342039	label	Honeydew	Honeydew			3	Q4167410
en	Honeydew	Q5893809	label	Honeydew				1	Q17343829
en	Honeydew	Q5893812	label	Honeydew				1	Q482994
en	Honeydew	Q90809376	alias	honeydew				2	Q23444 Q376346
en	Hop	Q103924000	label	Hop				0	Q12859788 Q852190
en	Hop	Q1124746	alias	Hóp	Hóp			25	Q23397
en	Hop	Q131380834	label	Hop	Hop			6	Q482994
en	Hop	Q140502198	label	Hop				1	Q482994
en	Hop	Q1432381	label	Hop				7	Q418
en	Hop	Q14865011	alias	Stip1				0	Q20747295 Q7187
en	Hop	Q14865012	alias	Stress-induced phosphoprotein 1				0	Q8054
en	Hop	Q15490606	alias	Livingston Hopkins	Livingston Hopkins			2	Q5
en	Hop	Q18266658	alias	Hopx				0	Q20747295 Q7187
en	Hop	Q19259326	label	Hop				0	Q79007
en	Hop	Q19259329	label	Hop				0	Q79007
en	Hop	Q2235395	alias	Hóp				4	Q4167410
en	Hop	Q27544992	alias	HO				0	Q20747295 Q7187
en	Hop	Q27552059	alias	Hop YDL227C				0	Q8054
en	Hop	Q28735800	alias	The Grasshopper				0	Q15711870 Q27104461 Q27921916
en	Hop	Q296976	label	Hop	Hop			19	Q4167410
en	Hop	Q29818936	alias	Stress induced phosphoprotein 1 Dmel_CG2720				0	Q8054
en	Hop	Q3140346	label	Hop				1	Q11424
en	Hop	Q3140351	label	Hop	Hop			4	Q9143
en	Hop	Q34797040	label	Hop				1	Q28337
en	Hop	Q37025238	label	Hop	Hop			1	Q101352
en	Hop	Q4570712	label	Hop				4	Q486972 Q674950
en	Hop	Q5898896	alias	Stress induced phosphoprotein 1				0	Q8054
en	Hop	Q6760941	alias	Mari				4	Q1288568 Q34770
en	Hop	Q6965282	alias	Taşlıca				1	Q5084
en	Hop	Q753605	label	Hop	Hop			50	Q11424
en	Hop	Q76988145	label	Hop	Hop			1	Q15632617 Q1569167 Q80447738
en	Hop	Q81761573	alias	Spike				2	Q166142
en	Horse mackerel	Q214415	alias	Atlantic bluefin tuna	Thunnus thynnus		Thunnus thynnus	53	Q16521
en	Horse mackerel	Q5905623	label	Horse mackerel	Horse mackerel			1	Q4167410
en	Horseradish	Q114493473	label	Horseradish				0	Q21191270
en	Horseradish	Q133514730	label	Horseradish				0	Q3331189
en	Horseradish	Q2887983	alias	Horseradish: Bitter Truths You Can't Avoid				2	Q47461344
en	Huckleberry	Q119430532	label	Huckleberry				0	Q3305213
en	Huckleberry	Q222893	label	Huckleberry	Huckleberry			2	Q4167410
en	Huckleberry	Q37144093	label	Huckleberry	Huckleberry			1	Q101352
en	Huckleberry	Q98026921	label	Huckleberry				1	Q12308941
en	Hyacinth	Q103912676	label	Hyacinth				0	Q1420024 Q852190
en	Hyacinth	Q115710131	label	Hyacinth				0	Q852190
en	Hyacinth	Q118410346	label	Hyacinth	Hyacinth			1	Q482994
en	Hyacinth	Q119189640	label	Hyacinth				0	Q3305213
en	Hyacinth	Q119581698	label	Hyacinth				0	Q3305213
en	Hyacinth	Q131913107	label	Hyacinth				0	Q3305213
en	Hyacinth	Q19205951	alias	Hyacinth wounded	Giacinto			2	Q179700
en	Hyacinth	Q19266674	label	Hyacinth				0	Q79007
en	Hyacinth	Q19266675	label	Hyacinth				0	Q79007
en	Hyacinth	Q207273	label	Hyacinth	Giacinto			52	Q22988604
en	Hyacinth	Q22205315	label	Hyacinth	Hyacinth			1	Q11879590 Q202444
en	Hyacinth	Q28553002	label	Hyacinth				0	Q3305213
en	Hyacinth	Q3053052	label	Hyacinth				3	Q134556
en	Hyacinth	Q36905392	label	Hyacinth	Hyacinth			0	Q101352
en	Hyacinth	Q381482	label	Hyacinth	Hyacinth Bitschurin			35	Q5
en	Hyacinth	Q40325134	label	Hyacinth	Giacinto			0	Q5
en	Hyacinth	Q4195243	label	Hyacinth	Hyacinth			6	Q4167410
en	Hyacinth	Q4968112	alias	Brimeura duvigneaudii	Brimeura duvigneaudii		Brimeura duvigneaudii	6	Q16521
en	Hyacinth	Q50322962	label	Hyacinth				0	Q3305213
en	Hyacinth	Q56480215	label	Hyacinth				0	Q1980247
en	Hyacinth	Q5952241	label	Hyacinth				2	Q17343829
en	Hyacinth	Q64212550	alias	Hurricane Hyacinth				1	Q34439356
en	Hyacinth	Q64218603	alias	Hurricane Hyacinth				0	Q34439356
en	Hyacinth	Q74877597	label	Hyacinth				0	Q11060274
en	Hyacinth	Q74877599	label	Hyacinth				0	Q11060274
en	Hyacinth	Q74891528	label	Hyacinth				0	Q11060274
en	Hyssop	Q29551262	label	Hyssop				0	Q11879590
en	Hyssop	Q54749592	alias	AM-iPS-6				0	Q107103143 Q21014462
en	Imperatoria	Q10301540	label	Imperatoria	Imperatoria		Imperatoria	5	Q16521
en	Imperatoria	Q106548449	alias	Prodissopsalis			Prodissopsalis	6	Q23038290
en	Imperatoria	Q38490395	label	Imperatoria	Imperatoria		Imperatoria	1	Q23038290
en	Indian hemp	Q2598218	alias	Apocynum cannabinum	Apocynum cannabinum		Apocynum cannabinum	22	Q16521
en	Indian hemp	Q2855436	alias	Crotalaria juncea	Crotalaria juncea		Crotalaria juncea	19	Q16521
en	Indian hemp	Q6022544	label	Indian hemp				2	Q4167410
en	Irish whiskey	Q909747	label	Irish whiskey	Whiskey irlandese			34	Q140937730 Q281
en	Japanese hop	Q162736	alias	Humulus japonicus	Humulus japonicus		Humulus japonicus	21	Q16521 Q3058537
en	Japanese plum	Q103822061	label	Japanese plum				0	Q3314483
en	Japanese plum	Q104412501	alias	Chinese plum				0	Q3314483
en	Japanese plum	Q41505	alias	Eriobotrya japonica	Rhaphiolepis bibas		Eriobotrya japonica	86	Q16521 Q904653
en	Japanese plum	Q6158948	label	Japanese plum	Japanese plum			1	Q4167410
en	Japanese star anise	Q27019	alias	Illicium anisatum	Illicium anisatum		Illicium anisatum	32	Q1151696 Q16521
en	Japanese whiskey	Q901367	alias	Japanese whisky	whisky giapponese			19	Q140937730 Q281
en	Jasmine	Q104843146	label	Jasmine	Jasmine			1	Q134556
en	Jasmine	Q11309781	alias	Jasmine Black	Jasmine Black			3	Q5
en	Jasmine	Q113580987	alias	Alice Miller				1	Q5
en	Jasmine	Q114461342	label	Jasmine				0	Q21191270
en	Jasmine	Q114490281	label	Jasmine				0	Q21191270
en	Jasmine	Q117080503	label	Jasmine				0	Q14928
en	Jasmine	Q122698891	label	Jasmine				0	Q11446
en	Jasmine	Q123246557	alias	Jasmine Sherni	Jasmine Sherni			0	Q5
en	Jasmine	Q12487409	label	Jasmine				1	Q5398426
en	Jasmine	Q13562064	label	Jasmine	Jasmine			4	Q5
en	Jasmine	Q137470592	label	Jasmine				0	Q2385804
en	Jasmine	Q1375490	alias	Haplogroup J				11	Q1356230
en	Jasmine	Q141545186	label	Jasmine				0	Q15773347 Q65924737
en	Jasmine	Q15052486	label	Jasmine				2	Q7725634
en	Jasmine	Q15613311	alias	Stephanie Cane				2	Q5
en	Jasmine	Q15866399	label	Jasmine	Jasmine			1	Q24862
en	Jasmine	Q17074196	label	Jasmine				1	Q5398426
en	Jasmine	Q18198101	label	Jasmine	Jasmine			2	Q11424
en	Jasmine	Q24066805	label	Jasmine				0	Q3305213
en	Jasmine	Q26447862	label	Jasmine				0	Q41176
en	Jasmine	Q26472066	label	Jasmine				0	Q41176
en	Jasmine	Q26541449	label	Jasmine				0	Q41176
en	Jasmine	Q26721222	label	Jasmine				0	Q15632617 Q15773347
en	Jasmine	Q26988094	label	Jasmine				1	Q15254
en	Jasmine	Q27955299	alias	Jasmine Jae	Jasmine Jae			11	Q5
en	Jasmine	Q27995103	label	Jasmine				1	Q74047
en	Jasmine	Q29920236	label	Jasmine				1	Q105543609
en	Jasmine	Q36954238	label	Jasmine	Jasmine			0	Q101352
en	Jasmine	Q3807377	label	Jasmine	Jasmine			1	Q15632617 Q1569167 Q80447738 Q87576284
en	Jasmine	Q3807378	label	Jasmine	Jasmine			1	Q5
en	Jasmine	Q400816	label	Jasmine	Jasmine			17	Q4167410
en	Jasmine	Q466528	label	Jasmine	Jasmine			13	Q5
en	Jasmine	Q48949263	alias	Yi-Huang Su				0	Q5
en	Jasmine	Q4963071	label	Jasmine	Jasmine			8	Q11879590
en	Jasmine	Q509814	label	Jasmine	Jasmine			6	Q5
en	Jasmine	Q55427857	label	Jasmine				0	Q3305213
en	Jasmine	Q55526675	label	Jasmine				1	Q5
en	Jasmine	Q60388746	label	Jasmine				0	Q3331189
en	Jasmine	Q61220759	label	Jasmine				0	Q15632617 Q1569167 Q87576284
en	Jasmine	Q6161735	label	Jasmine	Jasmine (album)			6	Q482994
en	Jasmine	Q6161738	label	Jasmine	Jasmine			7	Q15618492 Q271680 Q783866
en	Jasmine	Q61970538	label	Jasmine				1	Q11707
en	Jasmine	Q63882745	label	Jasmine				0	Q15632617 Q63975020
en	Jasmine	Q63883114	label	Jasmine				0	Q15632617 Q63975020
en	Jasmine	Q63885800	label	Jasmine				0	Q15632617 Q63975020
en	Jasmine	Q65042709	label	Jasmine				1	Q11424
en	Jasmine	Q6718269	alias	Yasmin				1	Q7725634
en	Jasmine	Q76335635	label	Jasmine				0	Q11060274
en	Jasmine	Q83640775	label	Jasmine				1	Q15276
en	Jasmine	Q9134470	alias	Jasmine Ting				2	Q5
en	Jasmine	Q951483	label	Jasmine	Jasmine			27	Q112078124 Q15632617 Q15711870 Q15773347
en	Jasmine	Q962208	label	Jasmine	Jasmine			6	Q15773317 Q28020127
en	Jasminum grandiflorum	Q2718279	label	Jasminum grandiflorum	Jasminum grandiflorum		Jasminum grandiflorum	35	Q16521
en	Jerusalem artichoke	Q146190	alias	Helianthus tuberosus	Helianthus tuberosus		Helianthus tuberosus	92	Q11992872 Q157957 Q16521
en	Jerusalem artichoke	Q55706475	label	Jerusalem artichoke	topinambur			1	Q11004 Q12046531 Q183319 Q20136
en	Jonquil	Q122559983	label	Jonquil				0	Q486972 Q5084
en	Jonquil	Q21910022	label	Jonquil				1	Q8502
en	Jonquil	Q26277024	label	Jonquil				0	Q111792889
en	Jonquil	Q55750022	label	Jonquil	Jonquil			0	Q5
en	Jonquil	Q6275886	label	Jonquil	Jonquil			1	Q4167410
en	Juniperus sabina	Q148630	label	Juniperus sabina	Juniperus sabina		Juniperus sabina	46	Q16521
en	Kale	Q1027176	label	Kale	Distretto di Kale			22	Q3957
en	Kale	Q10775459	label	Kale	Kale			4	Q1529096
en	Kale	Q10775463	label	Kale				4	Q17051044
en	Kale	Q10775464	label	Kale				4	Q1529096
en	Kale	Q10775465	label	Kale				4	Q17051044
en	Kale	Q10775467	label	Kale				4	Q17051044
en	Kale	Q10775474	label	Kale				4	Q17051044
en	Kale	Q10775509	label	Kale	Kaleköy			4	Q17051044
en	Kale	Q108559130	label	Kale				0	Q215380
en	Kale	Q109384267	label	Kale				3	Q17051044
en	Kale	Q109384288	label	Kale				5	Q17051044
en	Kale	Q109384600	label	Kale				3	Q17051044
en	Kale	Q109384828	label	Kale				3	Q17051044
en	Kale	Q109384958	label	Kale				3	Q17051044
en	Kale	Q109385155	label	Kale				1	Q17051044
en	Kale	Q109386446	label	Kale				3	Q17051044
en	Kale	Q109386469	label	Kale				1	Q17051044
en	Kale	Q109386898	label	Kale				3	Q17051044
en	Kale	Q109387135	label	Kale				3	Q17051044
en	Kale	Q109387817	label	Kale				1	Q17051044
en	Kale	Q109389677	label	Kale				3	Q17051044
en	Kale	Q109389990	label	Kale				1	Q17051044
en	Kale	Q109391189	label	Kale				3	Q17051044
en	Kale	Q109391397	label	Kale				3	Q17051044
en	Kale	Q109392230	label	Kale				3	Q17051044
en	Kale	Q109392601	label	Kale				1	Q17051044
en	Kale	Q109393461	label	Kale				3	Q17051044
en	Kale	Q109400238	label	Kale				0	Q486972
en	Kale	Q109960967	label	Kale				3	Q17051044
en	Kale	Q109961272	label	Kale				1	Q17051044
en	Kale	Q109963209	label	Kale				3	Q17051044
en	Kale	Q119167846	label	Kale				1	Q486972
en	Kale	Q122784389	label	Kale				0	Q11446
en	Kale	Q123507104	label	Kale				2	
en	Kale	Q1262367	alias	Skopje Fortress	Fortezza di Skopje			28	Q57821 Q839954
en	Kale	Q12878637	label	Kale	Kale			1	Q5
en	Kale	Q12892262	label	Kale				1	Q8171
en	Kale	Q136455599	label	Kale				0	Q17051044
en	Kale	Q136455797	label	Kale				0	Q17051044
en	Kale	Q136455814	label	Kale				0	Q17051044
en	Kale	Q136455844	label	Kale				0	Q17051044
en	Kale	Q136459444	label	Kale				0	Q17051044
en	Kale	Q136481934	label	Kale				0	Q17051044
en	Kale	Q136503874	label	Kale				0	Q17051044
en	Kale	Q136503926	label	Kale				0	Q17051044
en	Kale	Q136503988	label	Kale				0	Q17051044
en	Kale	Q136546913	label	Kale				0	Q17051044
en	Kale	Q136554942	label	Kale				0	Q17051044
en	Kale	Q139218758	label	Kale				0	Q486972
en	Kale	Q15124934	label	Kale				4	Q22988604
en	Kale	Q17002	label	Kale	Cale			55	Q1632885 Q61702557
en	Kale	Q188950	alias	Demre	Demre			42	Q3957
en	Kale	Q19611592	label	Kale	Kale			4	Q17051044
en	Kale	Q20471375	label	Kale				0	Q43229
en	Kale	Q20569256	label	Kale				1	Q839954
en	Kale	Q20569336	label	Kale				2	Q839954
en	Kale	Q20790444	label	Kale				1	
en	Kale	Q25248290	label	Kale				1	Q56436498
en	Kale	Q25937704	label	Kale				1	Q169930
en	Kale	Q25938846	label	Kale	Kale			1	Q101352
en	Kale	Q2793898	label	Kale				14	Q486972
en	Kale	Q297242	label	Kale	Kale			26	Q4167410
en	Kale	Q31225146	label	Kale				1	Q54050
en	Kale	Q31227283	label	Kale				1	Q54050
en	Kale	Q3129405	alias	Kalay	Kalay			16	Q134587884 Q486972
en	Kale	Q31497765	label	Kale				1	Q8502
en	Kale	Q31518611	label	Kale				1	Q8502
en	Kale	Q3192142	label	Kale	Kale			9	Q486972
en	Kale	Q370464	label	Kale	distretto di Kale			18	Q2460358 Q3957
en	Kale	Q4828820	label	Kale				10	Q1529096
en	Kale	Q49355808	label	Kale				1	Q486972
en	Kale	Q50810290	label	Kale				6	Q532
en	Kale	Q53018551	label	Kale				0	Q15632617 Q15711870
en	Kale	Q6065208	label	Kale	Kaleköy			3	Q17051044
en	Kale	Q6067430	label	Kale	Kalesalyan			3	Q17051044
en	Kale	Q6075707	label	Kale	Kale			5	Q1529096
en	Kale	Q6077288	label	Kale	Kale			6	Q1529096
en	Kale	Q61074335	label	Kale				1	Q17051044
en	Kale	Q6351840	label	Kale				3	Q1530705
en	Kale	Q6351843	label	Kale				1	Q17343829
en	Kale	Q6351844	label	Kale	Kale del Galles			7	Q41710 Q8060
en	Kale	Q6351848	label	Kale	Kale			2	Q12308941 Q3409032
en	Kale	Q6649715	label	Kale	Kale			5	Q1529096
en	Kale	Q6649751	label	Kale	Kale			4	Q17051044
en	Kale	Q6649794	label	Kale	Kale			6	Q1529096
en	Kale	Q6649832	label	Kale	Kale			5	Q1529096
en	Kale	Q6935799	label	Kale	Kale			5	Q1529096
en	Kale	Q83563588	alias	Alert				1	Q105999
en	Kale	Q94745217	label	Kale				1	Q60169073
en	Kale	Q97231326	label	Kale				3	Q17051044
en	Kelp	Q120058691	label	Kelp				0	Q3305213
en	Kelp	Q1342478	label	Kelp				6	Q4167410
en	Kelp	Q37308231	label	Kelp	Kelp			1	Q101352
en	Kelp	Q72010828	alias	K42				0	Q26401003
en	Kiwi	Q106118733	label	Kiwi	Kiwi			1	Q101352
en	Kiwi	Q108182784	label	Kiwi				0	Q15632617 Q80447738 Q87576284
en	Kiwi	Q1112869	label	Kiwi	Kiwi			1	Q215380
en	Kiwi	Q112312274	label	Kiwi	Kiwi		Kiwi	1	Q16521
en	Kiwi	Q114243725	alias	Kiri T				4	Q5
en	Kiwi	Q124527969	alias	IMO 8202654				1	Q1504307
en	Kiwi	Q126062058	label	Kiwi				0	Q126020951
en	Kiwi	Q128973156	label	Kiwi				0	Q47461344
en	Kiwi	Q128973219	label	Kiwi				0	Q3331189
en	Kiwi	Q128973375	label	Kiwi				0	Q3331189
en	Kiwi	Q128973467	label	Kiwi				0	Q3331189
en	Kiwi	Q135414660	label	Kiwi				0	Q15632617 Q15711870
en	Kiwi	Q136710925	label	Kiwi				0	Q7777570
en	Kiwi	Q136710926	label	Kiwi				0	Q7777570
en	Kiwi	Q19377250	label	Kiwi				1	Q482994
en	Kiwi	Q2552898	label	Kiwi	Kiwis			12	Q4370167 Q49614
en	Kiwi	Q26267304	label	Kiwi				1	Q12488913
en	Kiwi	Q2878909	label	Kiwi				10	Q431289
en	Kiwi	Q415130	alias	Mü12 Kiwi	Mü12 Kiwi			4	Q15056995 Q180173
en	Kiwi	Q42018406	label	Kiwi	Kiwi			11	Q134556
en	Kiwi	Q52815625	label	Kiwi	Kiwi			1	Q860861
en	Kiwi	Q5574340	label	Kiwi	Kiwi			39	Q4167410
en	Kiwi	Q56807319	label	Kiwi	Kiwi			1	Q134556
en	Kiwi	Q6418871	label	Kiwi				5	Q215380
en	Kiwi	Q6418877	label	Kiwi	Kiwi			2	Q726
en	Kiwi	Q66372043	alias	Rosa 'Hot Cocoa'	Rosa ‘Hot Cocoa’		Rosa ‘Hot Cocoa’	2	Q26817508
en	Kiwi	Q66732138	label	Kiwi				1	Q24334685
en	Kiwi	Q67195720	label	Kiwi				0	Q15632617 Q1569167
en	Kiwi	Q97482223	label	Kiwi				0	Q3257686
en	Krill	Q108179149	label	Krill				0	Q21191270
en	Krill	Q121734043	label	Krill				1	Q215380
en	Krill	Q127432180	label	Krill				0	Q4387609
en	Krill	Q15824447	label	Krill				3	Q4167410
en	Krill	Q16667272	alias	krill				5	Q55983715
en	Krill	Q37505208	label	Krill	Krill			1	Q101352
en	Krill	Q41567283	label	Krill				0	Q4830453 Q6881511
en	Krill	Q96386360	label	Krill				1	Q99662445
en	Kumquat	Q139740404	label	Kumquat				0	Q7725634
en	Labiatae	Q10315139	label	Labiatae	Labiatae		Labiatae	2	Q16521
en	Labiatae	Q53476	alias	Lamiaceae			Lamiaceae	92	Q16521
en	Lamb	Q103916592	label	Lamb				0	Q210223 Q852190
en	Lamb	Q106371709	label	Lamb	Lamb			23	Q11424
en	Lamb	Q1086055	alias	16089 Lamb	16089 Lamb			17	Q3863
en	Lamb	Q108629355	label	Lamb				0	Q860861
en	Lamb	Q116727321	label	Lamb				0	Q31732
en	Lamb	Q116727329	label	Lamb				0	Q31732
en	Lamb	Q1259392	label	Lamb	Lamb			18	Q215380
en	Lamb	Q133807710	label	Lamb				1	Q7725634
en	Lamb	Q13553878	label	Lamb	Lamb			4	Q101352
en	Lamb	Q138012068	alias	Lamb: A novel in snapshots				0	Q1361758 Q2085381 Q22137024
en	Lamb	Q140362849	label	Lamb				0	Q21191270
en	Lamb	Q14690803	label	Lamb				6	Q17343829
en	Lamb	Q16533418	alias	The Lamb				12	Q11424
en	Lamb	Q1939278	label	Lamb	Lamb			5	Q482994
en	Lamb	Q19954562	label	Lamb				12	Q11424
en	Lamb	Q20751329	label	Lamb	Lamb			4	Q11424
en	Lamb	Q22107766	alias	Kenneth Percival Lamb				1	Q5
en	Lamb	Q2412372	label	Lamb				9	Q23442
en	Lamb	Q24868460	label	Lamb				1	Q4830453
en	Lamb	Q25025415	label	Lamb				3	Q17343829
en	Lamb	Q26295687	alias	The Lamb Inn				1	Q212198
en	Lamb	Q26300639	alias	The Lamb Public House				1	Q109874272
en	Lamb	Q26347178	alias	The Lamb Public House				1	Q212198
en	Lamb	Q26479162	alias	The Lamb Public House				1	Q212198
en	Lamb	Q26483677	alias	The Lamb Inn				1	Q212198 Q256020
en	Lamb	Q26635984	alias	The Lamb Public House				1	Q212198
en	Lamb	Q26650251	alias	The Lamb Public House				1	Q109874272
en	Lamb	Q27995274	label	Lamb				2	Q74047
en	Lamb	Q29500253	label	Lamb				1	Q212198
en	Lamb	Q34656613	alias					2	Q5
en	Lamb	Q366735	label	Lamb	Lamb			21	Q4167410
en	Lamb	Q3987867	alias	The Lamb	The Lamb			9	Q24862
en	Lamb	Q3987868	alias	The Lamb	The Lamb			11	Q11424
en	Lamb	Q48725148	label	Lamb				0	Q202444
en	Lamb	Q56087499	alias	The Lamb	L'agnello			0	Q21191270
en	Lamb	Q63521905	label	Lamb				0	Q28931760
en	Lamb	Q6470316	label	Lamb	Lamb the Beekeeper			6	Q5
en	Lamb	Q6481007	label	Lamb				5	Q17343829
en	Lamb	Q6481016	label	Lamb	Lamb			13	Q1348589
en	Lamb	Q6481017	label	Lamb				5	Q11424
en	Lamb	Q6481018	label	Lamb				6	
en	Lamb	Q6481020	label	Lamb	Lamb			1	Q215380
en	Lamb	Q75117420	label	Lamb				0	Q11060274
en	Lamb	Q75117423	label	Lamb				0	Q11060274
en	Lamb	Q75117425	label	Lamb				0	Q11060274
en	Lamb	Q75117427	label	Lamb				0	Q11060274
en	Lamb	Q7745280	alias	The Lamb				3	Q212198
en	Lamb	Q80005426	label	Lamb				0	Q28823
en	Lamb	Q8025399	alias	Winifred Lamb	Winifred Lamb			8	Q5
en	Lamb	Q83558724	label	Lamb				0	Q212198
en	Laminaria japonica	Q104253539	label	Laminaria japonica	Laminaria japonica		Laminaria japonica	0	Q16521
en	Lard	Q371372	label	Lard	Lard			14	Q215380
en	Lard	Q6402876	alias	Lerd				14	Q532
en	Lard	Q6488820	label	Lard	Lard			3	Q4167410
en	Lard	Q6488821	label	Lard	Lard			3	Q101352
en	Lard	Q6981997	label	Lard				1	Q532
en	Larix	Q1805975	label	Larix	Larix			2	Q4167410
en	Larix	Q19321285	label	Larix				0	Q79007
en	Larix	Q19321286	label	Larix				0	Q79007
en	Larix	Q25618	label	Larix	Larix		Larix	88	Q10884 Q16521
en	Larix	Q74045479	label	Larix				0	Q11060274
en	Larix	Q74045577	label	Larix				0	Q11060274
en	Larix americana	Q50846532	label	Larix americana	Larix americana		Larix americana	0	Q16521
en	Lauraceae	Q26538	label	Lauraceae	Lauraceae		Lauraceae	74	Q16521
en	Laurel	Q103776992	label	Laurel				0	Q11446 Q852190
en	Laurel	Q11351123	label	Laurel				2	Q4830453
en	Laurel	Q115516534	label	Laurel				1	Q4167410
en	Laurel	Q115517825	label	Laurel				1	Q11446
en	Laurel	Q115518391	label	Laurel				1	Q11446
en	Laurel	Q115710421	label	Laurel				0	Q852190
en	Laurel	Q115711874	label	Laurel				0	Q852190
en	Laurel	Q115713130	label	Laurel				0	Q852190
en	Laurel	Q116697163	label	Laurel				0	Q18206833 Q3498533
en	Laurel	Q117082651	label	Laurel				0	Q14970
en	Laurel	Q117103879	label	Laurel				0	Q14928
en	Laurel	Q117354618	label	Laurel				0	Q726
en	Laurel	Q122799575	label	Laurel				0	Q11446
en	Laurel	Q123396479	label	Laurel				0	Q17343829
en	Laurel	Q12893386	label	Laurel				1	Q486972
en	Laurel	Q1376144	label	Laurel	Laurel			29	Q498162 Q62049
en	Laurel	Q150234	alias	2865 Laurel	2865 Laurel			34	Q3863
en	Laurel	Q15148056	label	Laurel	Laurel			3	Q3409032
en	Laurel	Q16871915	label	Laurel				3	Q101352
en	Laurel	Q1807905	label	Laurel				3	Q113813711 Q860641
en	Laurel	Q1847035	label	Laurel	Laurel			36	Q1093829
en	Laurel	Q20227514	label	Laurel				6	Q20202352 Q486972
en	Laurel	Q20657159	label	Laurel				1	Q55488
en	Laurel	Q22133897	label	Laurel				2	Q17343829
en	Laurel	Q24413097	label	Laurel				5	Q5
en	Laurel	Q25908265	label	Laurel	Laurel			2	Q3240715
en	Laurel	Q28469418	label	Laurel				0	Q5084
en	Laurel	Q29682133	label	Laurel	Laurel			0	Q486972
en	Laurel	Q3218813	label	Laurel	Laurel			2	Q5
en	Laurel	Q3293473	label	Laurel	Laurel			28	Q15127012 Q486972
en	Laurel	Q3460637	label	Laurel	Laurel			22	Q17343829 Q498162
en	Laurel	Q3491956	label	Laurel				7	Q17343829
en	Laurel	Q366554	label	Laurel	Laurel			27	Q4167410
en	Laurel	Q3827882	label	Laurel	Laurel			3	Q2292572
en	Laurel	Q425638	label	Laurel	Laurel			28	Q498162
en	Laurel	Q5311982	alias	Dudley Spencer House				2	Q1307276
en	Laurel	Q54577162	label	Laurel	Laurel			0	Q5
en	Laurel	Q57271737	alias	Chloe Toy				0	Q5
en	Laurel	Q59308	label	Laurel	Laurel			22	Q24764
en	Laurel	Q60503611	label	Laurel				0	Q3305213
en	Laurel	Q63894603	label	Laurel				0	Q15632617 Q63975020
en	Laurel	Q64508447	label	Laurel				0	Q3305213
en	Laurel	Q6499712	label	Laurel				1	Q17343829
en	Laurel	Q6499714	label	Laurel				2	Q74047
en	Laurel	Q6499715	label	Laurel				1	Q123705
en	Laurel	Q6499721	label	Laurel				2	Q17343829
en	Laurel	Q6499723	label	Laurel				2	Q123705 Q748198
en	Laurel	Q6499725	label	Laurel				6	Q17343829
en	Laurel	Q6499726	label	Laurel				1	Q17343829
en	Laurel	Q74846694	label	Laurel				0	Q121117
en	Laurel	Q755128	label	Laurel	Laurel			37	Q15127012 Q486972
en	Laurel	Q755275	label	Laurel	Laurel			45	Q1093829
en	Laurel	Q768628	label	Laurel	Laurel			43	Q1093829
en	Laurel	Q84726824	label	Laurel				0	Q11446
en	Laurel	Q934987	label	Laurel	Laurel			47	Q1093829 Q62049
en	Laurel	Q966374	label	Laurel	Laurel			36	Q1093829 Q486972
en	Lavandin	Q6502340	label	Lavandin				2	Q726
en	Lavender	Q104625190	label	Lavender				0	Q7725634
en	Lavender	Q112193161	label	Lavender				1	Q21191270
en	Lavender	Q11347400	label	Lavender				1	Q134556
en	Lavender	Q11347402	label	Lavender				6	Q11424
en	Lavender	Q113866139	label	Lavender	Lavender			0	Q55850593
en	Lavender	Q113866263	label	Lavender	Lavender			0	Q134556
en	Lavender	Q113866290	alias	Lavender / Freaks	Lavender / Freaks			0	Q108352496
en	Lavender	Q115174335	label	Lavender				0	Q56885310
en	Lavender	Q119285784	label	Lavender				1	Q202444
en	Lavender	Q119584515	label	Lavender				0	Q3305213
en	Lavender	Q119903868	label	Lavender				0	Q3305213
en	Lavender	Q120122224	label	Lavender				0	
en	Lavender	Q122821426	label	Lavender				0	Q7889
en	Lavender	Q123325952	label	Lavender	Lavender			0	Q11879590
en	Lavender	Q123608606	label	Lavender				1	Q3542731
en	Lavender	Q125558739	alias	The Black Dog				1	Q212198
en	Lavender	Q138019916	label	Lavender				1	Q589282
en	Lavender	Q139742745	alias	Lavender Nature Reserve				0	Q179049
en	Lavender	Q19986740	label	Lavender				2	Q17343829
en	Lavender	Q27958483	label	Lavender				6	Q11424
en	Lavender	Q27983080	label	Lavender				4	Q11446
en	Lavender	Q27988997	label	Lavender				1	Q17343829
en	Lavender	Q29344377	label	Lavender				1	Q105543609
en	Lavender	Q30668230	label	Lavender				3	Q11424
en	Lavender	Q37127401	label	Lavender	Lavender			2	Q101352
en	Lavender	Q52339335	label	Lavender				1	Q105999 Q15893266
en	Lavender	Q62027870	label	Lavender				0	Q726
en	Lavender	Q6502494	label	Lavender				3	Q50513
en	Lavender	Q6502496	label	Lavender	Lavender			6	Q105543609
en	Lavender	Q6502498	label	Lavender				5	Q5398426
en	Lavender	Q6502499	label	Lavender	Lavender			1	Q482994
en	Lavender	Q6502503	label	Lavender	Lavender			14	Q4167410
en	Lavender	Q6502504	label	Lavender				2	Q11424
en	Lavender	Q6502505	alias	Lavender Magazine				1	Q41298
en	Lavender	Q83672342	alias	Rosa 'Lavender'	Rosa ‘Lavender’		Rosa ‘Lavender’	1	Q26817508
en	Lavender	Q86062399	label	Lavender				0	Q11446
en	Lavender	Q90396273	label	Lavender				1	Q202444
en	Lavender	Q96387066	label	Lavender				1	Q11424
en	Lavender	Q97986175	label	Lavender				0	Q11446
en	Leaf	Q112201559	label	Leaf				0	Q3305213
en	Leaf	Q112201659	label	Leaf				0	Q3305213
en	Leaf	Q11348800	label	Leaf				1	Q4830453
en	Leaf	Q11753394	label	Leaf	Leaf			1	Q215380
en	Leaf	Q119323203	label	Leaf				0	Q3305213
en	Leaf	Q120547132	alias	Leaf International				0	Q29643579
en	Leaf	Q120764668	label	Leaf	Leaf			1	Q15632617 Q1569167 Q87576284
en	Leaf	Q122313597	label	Leaf				0	Q7889
en	Leaf	Q123373057	label	Leaf				0	Q24862
en	Leaf	Q123437784	label	Leaf				0	Q202444
en	Leaf	Q123591463	label	Leaf				2	Q350268
en	Leaf	Q126556009	alias	Leif				0	Q15632617 Q1569167
en	Leaf	Q129186294	alias	Leafy				0	Q111652985
en	Leaf	Q130377559	label	Leaf				1	Q30022
en	Leaf	Q139301400	label	Leaf				0	Q11060274
en	Leaf	Q141099271	label	Leaf				0	Q478798
en	Leaf	Q16894034	label	Leaf				5	Q498162
en	Leaf	Q17096542	label	Leaf				1	
en	Leaf	Q1810481	label	Leaf				5	Q4830453
en	Leaf	Q2197047	label	Leaf				3	Q215380
en	Leaf	Q27211779	label	Leaf				0	Q838948
en	Leaf	Q28153590	label	Leaf				2	Q17343829
en	Leaf	Q31942403	label	Leaf				1	Q820477
en	Leaf	Q37466758	label	Leaf	Leaf			2	Q101352
en	Leaf	Q403156	label	Leaf	Leaf			14	Q4167410
en	Leaf	Q64578547	label	Leaf				0	Q3305213
en	Leaf	Q79178423	label	Leaf				0	Q3305213
en	Leaf	Q907871	label	Leaf				7	Q210167 Q431289
en	Leaf	Q98820873	label	Leaf				0	Q125191
en	Ledum palustre	Q21975996	label	Ledum palustre	Ledum palustre		Ledum palustre	0	Q16521 Q188840
en	Ledum palustre	Q95978597	label	Ledum palustre				1	Q4167410
en	Leek	Q104353390	label	Leek				0	Q2151232
en	Leek	Q131287505	label	Leek				0	Q5
en	Leek	Q19323126	label	Leek				0	Q79007
en	Leek	Q2070717	label	Leek	Leek			29	Q1115575 Q18511725
en	Leek	Q24669162	label	Leek				1	Q17362920
en	Leek	Q26212170	label	Leek				5	Q1852859 Q532
en	Leek	Q420556	label	Leek	Leek			14	Q4167410
en	Leek	Q6516209	label	Leek				1	Q27971968
en	Leek	Q835096	label	Leek	Leek			40	Q2039348
en	Lemon	Q100297441	label	Lemon				0	Q61878
en	Lemon	Q101250940	label	Lemon	Lemon			1	Q12308941
en	Lemon	Q109301718	alias	erobb221				0	Q5
en	Lemon	Q110051270	label	Lemon				1	Q47461344
en	Lemon	Q111011703	label	Lemon				0	Q18761202
en	Lemon	Q112306968	label	Lemon				2	Q11424
en	Lemon	Q114482137	label	Lemon				0	Q21191270
en	Lemon	Q11544642	label	Lemon				1	Q134556
en	Lemon	Q11544643	label	Lemon				8	Q7725634
en	Lemon	Q11544644	label	Lemon				1	Q134556
en	Lemon	Q117453551	label	Lemon				0	Q5
en	Lemon	Q11875399	label	Lemon	Lemon			1	Q215380
en	Lemon	Q11875400	label	Lemon				1	Q482994
en	Lemon	Q119442065	label	Lemon				0	Q3305213
en	Lemon	Q120358120	label	Lemon				1	Q13433827
en	Lemon	Q124401807	label	Lemon				0	Q3305213
en	Lemon	Q12494452	label	Lemon				1	Q26211545
en	Lemon	Q135057221	label	Lemon				0	Q7889
en	Lemon	Q135057383	label	Lemon				0	Q7889
en	Lemon	Q13522834	label	Lemon				3	Q11424
en	Lemon	Q135414651	label	Lemon				0	Q15632617 Q15711870
en	Lemon	Q138722119	label	Lemon				0	Q6881511
en	Lemon	Q139478186	alias	Stefan				0	Q5
en	Lemon	Q16872040	label	Lemon	Lemon			2	Q101352
en	Lemon	Q17116142	label	Lemon				2	Q142714
en	Lemon	Q20747196	alias	Arthur Lemon	Arthur Lemon			1	Q5
en	Lemon	Q2340518	label	Lemon	Lemon			11	Q134556
en	Lemon	Q27964615	label	Lemon				4	Q11424
en	Lemon	Q28691081	label	Lemon				2	Q4830453
en	Lemon	Q28770324	label	Lemon				0	Q235557
en	Lemon	Q299734	label	Lemon	Lemon			16	Q4167410
en	Lemon	Q4042762	label	Lemon				2	Q482994
en	Lemon	Q43295923	label	Lemon	Lemon			9	Q134556
en	Lemon	Q4553535	label	Lemon	Lemon			1	Q215380
en	Lemon	Q48760714	label	Lemon				9	Q134556
en	Lemon	Q64592899	label	Lemon				0	Q93184
en	Lemon	Q64592900	label	Lemon				0	Q93184
en	Lemon	Q6521267	label	Lemon				2	Q17343829
en	Lemon	Q6521284	label	Lemon	Lemon			0	Q5
en	Lemon	Q6521285	label	Lemon				1	Q4830453
en	Lemon	Q6521326	label	Lemon				2	Q1037852 Q6456989
en	Lemon	Q67708584	alias	Limon Cello	Limon Cello			1	Q5
en	Lemon	Q79987919	label	Lemon				0	Q11060274
en	Lemon	Q85776234	label	Lemon	Limone			9	Q849425
en	Lemon	Q99196741	label	Lemon				0	Q7302866
en	Lemon eucalyptus	Q2549523	alias	Corymbia citriodora	Eucalyptus citriodora		Corymbia citriodora	24	Q16521
en	Lemongrass	Q111124852	label	Lemongrass				0	Q654772
en	Lemongrass	Q1817099	label	Lemongrass				2	Q2707384
en	Lemongrass	Q33730009	label	Lemongrass	Lemongrass			2	Q4167410
en	Lentil	Q113120861	label	Lentil				1	Q20541692
en	Leptospermum citratum	Q50844194	label	Leptospermum citratum	Leptospermum citratum		Leptospermum citratum	0	Q16521
en	Leptospermum liversidgei	Q722179	label	Leptospermum liversidgei	Leptospermum liversidgei		Leptospermum liversidgei	10	Q16521
en	Lettuce	Q118125054	alias	Ricardo Camargo				1	Q5
en	Lettuce	Q6533861	label	Lettuce	Lettuce			5	Q215380
en	Lettuce	Q6533862	label	Lettuce				4	Q4167410
en	Licorice	Q111952674	label	Licorice				2	Q5
en	Licorice	Q139581270	label	Licorice				0	Q105543609
en	Licorice	Q139670562	label	Licorice				0	Q55850593
en	Licorice	Q3238118	label	Licorice	Licorice			1	Q4167410
en	Ligusticum acutilobum	Q38430624	label	Ligusticum acutilobum	Ligusticum acutilobum		Ligusticum acutilobum	0	Q16521
en	Lilac	Q105840522	label	Lilac	Lilac (IU)			7	Q482994
en	Lilac	Q108377333	label	Lilac				2	Q105543609
en	Lilac	Q112251040	label	Lilac				0	Q3305213
en	Lilac	Q11346576	label	Lilac				1	Q215380
en	Lilac	Q115534044	label	Lilac				1	Q11446
en	Lilac	Q115866489	label	Lilac				0	Q3257686
en	Lilac	Q119314545	label	Lilac				0	Q3305213
en	Lilac	Q119336417	label	Lilac				0	Q3305213
en	Lilac	Q119722561	label	Lilac				0	Q3305213
en	Lilac	Q119794927	label	Lilac				0	Q3305213
en	Lilac	Q120335322	label	Lilac				1	Q726
en	Lilac	Q121143563	label	Lilac				1	Q11707
en	Lilac	Q123115819	label	Lilac				0	Q11060274
en	Lilac	Q124154507	label	Lilac				0	Q7889
en	Lilac	Q128853601	label	Lilac				3	Q134556
en	Lilac	Q130459544	label	Lilac				1	Q3305213
en	Lilac	Q131667485	label	Lilac				0	Q55850593
en	Lilac	Q132360206	label	Lilac				0	Q3305213
en	Lilac	Q157449	alias	Syringa			Syringa	78	Q10884 Q16521 Q886167
en	Lilac	Q16170165	label	Lilac	Lilac			1	Q482994
en	Lilac	Q16182823	label	Lilac				2	Q5
en	Lilac	Q17488629	label	Lilac				0	Q17413155 Q17480853
en	Lilac	Q24866401	label	Lilac	Lilac			5	Q25653
en	Lilac	Q26538163	label	Lilac				0	Q13360578
en	Lilac	Q26699469	label	Lilac				0	Q3305213
en	Lilac	Q36882040	label	Lilac	Lilac			0	Q101352
en	Lilac	Q42295020	alias	Métropole				0	Q41253
en	Lilac	Q446494	label	Lilac	Lilac			9	Q4167410
en	Lilac	Q55425232	label	Lilac				0	Q3305213
en	Lilac	Q56083702	label	Lilac				1	Q24862
en	Lilac	Q60769339	label	Lilac				1	Q482994
en	Lilac	Q6547501	label	Lilac				4	Q1067164 Q91908084
en	Lilac	Q6557803	label	Lilac				1	Q41298
en	Lilac	Q71285325	label	Lilac				0	Q121117
en	Lilac	Q85984510	label	Lilac				0	Q11446
en	Lilac	Q86721590	label	Lilac	Lilac		Lilac	0	Q16521
en	Lima bean	Q1166136	alias	Phaseolus lunatus	Phaseolus lunatus		Phaseolus lunatus	48	Q11992872 Q16521 Q21028485
en	Lime	Q104643326	label	Lime				0	Q3305213
en	Lime	Q10562006	label	Lime	Lime			2	Q482994
en	Lime	Q106464874	label	Lime				0	Q271680
en	Lime	Q10985010	label	Lime				6	Q17343829
en	Lime	Q116055223	label	Lime				0	Q88397339
en	Lime	Q117076435	label	Lime				0	Q105999
en	Lime	Q123187289	label	Lime				0	Q123186574
en	Lime	Q126938239	alias	Ryme				0	Q15632617 Q1569167 Q80447738
en	Lime	Q129752651	label	Lime				0	Q482994
en	Lime	Q141323130	label	Lime				0	Q2175765
en	Lime	Q141497233	label	Lime				0	Q134556
en	Lime	Q18439593	label	Lime	Lime			4	Q486972
en	Lime	Q18602759	label	Lime				1	Q11424
en	Lime	Q19968737	label	Lime				4	Q5
en	Lime	Q2917612	label	Lime				4	Q3957
en	Lime	Q29711874	label	Lime				0	Q7187
en	Lime	Q29810315	alias	Linking immunity and metabolism Dmel_CG18446				0	Q8054
en	Lime	Q3241037	label	Lime				9	Q215380
en	Lime	Q352803	label	Lime	Lime			25	Q4167410
en	Lime	Q37478444	label	Lime	Lime			1	Q101352
en	Lime	Q39086685	label	Lime	Lime			13	Q129238 Q42556547 Q4830453 Q55632711
en	Lime	Q6549101	label	Lime				1	Q41298
en	Lime	Q702706	alias	Lime TV				2	Q1616075
en	Lime	Q98506783	label	Lime				0	Q210112
en	Lindera citriodora	Q18077608	label	Lindera citriodora	Lindera citriodora		Lindera citriodora	4	Q16521
en	Lippia carviodora	Q15432607	label	Lippia carviodora	Lippia carviodora		Lippia carviodora	2	Q16521
en	Lippia scaberrima	Q15434664	label	Lippia scaberrima	Lippia scaberrima		Lippia scaberrima	3	Q16521
en	Litchi	Q655597	label	Litchi	Litchi		Litchi	6	Q16521 Q3314483
en	Litsea citrata	Q110688344	label	Litsea citrata	Litsea citrata		Litsea citrata	0	Q16521
en	Litsea cubeba	Q541476	label	Litsea cubeba	Litsea cubeba		Litsea cubeba	20	Q16521
en	Litsea cubeba oil	Q72487663	label	Litsea cubeba oil				0	Q11173 Q113145171
en	Litsea guatemalensis	Q50847147	label	Litsea guatemalensis	Litsea guatemalensis		Litsea guatemalensis	0	Q16521
en	Litsea odorifera	Q18080164	label	Litsea odorifera	Litsea odorifera		Litsea odorifera	4	Q16521
en	Litsea zeylanica	Q39101212	label	Litsea zeylanica	Litsea zeylanica		Litsea zeylanica	1	Q16521
en	Liver	Q109285815	label	Liver				1	Q11446
en	Liver	Q115708670	label	Liver				0	Q852190
en	Liver	Q115708845	label	Liver				0	Q852190
en	Liver	Q115709803	label	Liver				0	Q852190
en	Liver	Q23847878	label	Liver				2	Q2514025
en	Liver	Q27711906	label	Liver	Liver			0	Q5633421
en	Liver	Q3169940	alias	Jean-Robert Bisaillon				0	Q5
en	Liver	Q35332698	label	Liver				1	Q4022
en	Liver	Q6140977	label	Liver				4	Q1137055
en	Liver	Q6658200	label	Liver				1	Q482994
en	Liver	Q6658202	label	Liver	Liver			3	Q4167410
en	Lobster	Q106568633	label	Lobster				0	Q429785
en	Lobster	Q114708108	label	Lobster				0	Q3305213
en	Lobster	Q117072643	label	Lobster				0	Q473932
en	Lobster	Q1191564	label	Lobster	Lobster			6	Q4167410
en	Lobster	Q119274498	label	Lobster				0	Q3305213
en	Lobster	Q123664492	label	Lobster				0	Q11060274
en	Lobster	Q16996792	label	Lobster				2	Q7725634
en	Lobster	Q16996794	alias	The Lobster	The Lobster			43	Q11424
en	Lobster	Q17164524	label	Lobster				1	Q11424 Q202866
en	Lobster	Q23925922	label	Lobster				0	Q8072
en	Lobster	Q63861048	label	Lobster				0	Q838948 Q860861
en	Lobster	Q6663835	label	Lobster	Lobster			2	Q41298
en	Lobster	Q79940011	label	Lobster				0	Q860861
en	Loiseleuria procumbens	Q1193268	alias	Kalmia procumbens	Loiseleuria procumbens		Kalmia procumbens	24	Q16521
en	Long pepper	Q685336	alias	Piper longum	Piper longum		Piper longum	47	Q16521
en	Loquat	Q6678678	label	Loquat	Loquat			1	Q215380
en	Lovage	Q1321152	label	Lovage	Lovage			9	Q215380
en	Lovage	Q54749582	alias	AM-iPS-20				0	Q107103143 Q21014462
en	Lovage	Q98506798	label	Lovage				0	Q210112
en	Macaroni	Q10801829	label	Macaroni				1	Q2625877
en	Macaroni	Q11230825	label	Macaroni				1	Q5
en	Macaroni	Q20019	alias	macaroni	maccheroni			71	Q178 Q2625877
en	Macaroni	Q2617110	label	Macaroni	Maccheroni			13	Q11424
en	Macaroni	Q343889	label	Macaroni	Macaroni			9	Q4167410
en	Macaroni	Q6722591	label	Macaroni				2	Q2442470
en	Mace	Q104274974	label	Mace				0	Q2151232
en	Mace	Q104325240	label	Mace				0	Q2151232
en	Mace	Q112288139	label	Mace				1	Q272990
en	Mace	Q115233191	label	Mace				0	Q88397339
en	Mace	Q116326461	label	Mace				0	Q272990
en	Mace	Q116394096	label	Mace				0	Q18593264
en	Mace	Q116394329	label	Mace				0	Q18593264
en	Mace	Q116394520	label	Mace				0	Q18593264
en	Mace	Q116394634	label	Mace				0	Q18593264
en	Mace	Q116394744	label	Mace				0	Q18593264
en	Mace	Q116440902	label	Mace				0	Q18593264
en	Mace	Q116440903	label	Mace				0	Q18593264
en	Mace	Q117866024	label	Mace				1	Q65618976
en	Mace	Q120758759	alias	Margaret Irvine				2	Q5
en	Mace	Q137771043	label	Mace				0	Q613142
en	Mace	Q14714161	label	Mace				4	Q17343829
en	Mace	Q14917342	label	Mace	Brennan Williams			15	Q5
en	Mace	Q16876185	label	Mace				2	Q101352
en	Mace	Q17089386	label	Mace	Mace			1	Q4830453 Q76213979
en	Mace	Q1882578	label	Mace	Mace			1	Q215380
en	Mace	Q272990	alias	mace	mazza			48	Q124078422 Q392326
en	Mace	Q3842047	label	Mace	Mace			3	Q5
en	Mace	Q419236	label	Mace	Mace			10	Q4167410
en	Mace	Q4310503	label	Mace				2	Q11424
en	Mace	Q5284447	label	Mace	Mace			5	Q4830453
en	Mace	Q6723017	label	Mace				6	Q17343829
en	Mace	Q6723023	label	Mace				2	
en	Mace	Q75240338	label	Mace				0	Q4830453
en	Mace	Q80707483	label	Mace				0	Q2151232
en	Mace	Q95282567	label	Mace				0	Q12308941
en	Mackerel	Q103854167	label	Mackerel				0	Q11446 Q852190
en	Mackerel	Q119269667	label	Mackerel				0	Q3305213
en	Mackerel	Q119835562	label	Mackerel				0	Q3305213
en	Mackerel	Q119839810	label	Mackerel				0	Q3305213
en	Mackerel	Q136750222	label	Mackerel				0	Q7725634
en	Mackerel	Q27956091	label	Mackerel				0	Q3305213
en	Mackerel	Q3287258	label	Mackerel	Mackerel			4	Q4167410
en	Mackerel	Q42443145	label	Mackerel				0	Q15632617 Q15773347
en	Mackerel	Q59534183	label	Mackerel				0	Q3305213
en	Mackerel	Q84266007	alias	IMO 9234628				1	Q14970
en	Mackerel	Q98506804	label	Mackerel				0	Q210112
en	Magnolia fuscata	Q50843950	label	Magnolia fuscata	Magnolia fuscata		Magnolia fuscata	0	Q16521
en	Magnolia grandiflora	Q15243645	label	Magnolia grandiflora				1	Q811534
en	Magnolia grandiflora	Q161116	label	Magnolia grandiflora	Magnolia grandiflora		Magnolia grandiflora	54	Q16521
en	Magnolia grandiflora	Q84941404	alias	southern magnolia	magnolia sempreverde			0	Q811534
en	Magnolia tripetala	Q990982	label	Magnolia tripetala	Magnolia tripetala		Magnolia tripetala	19	Q16521
en	Maize	Q35455761	label	Maize				1	Q47521
en	Maize	Q35455773	label	Maize				1	Q47521
en	Maize	Q37167426	label	Maize	Maize			1	Q101352
en	Maize	Q39073781	label	Maize				2	Q7889
en	Maize	Q6737248	label	Maize				1	Q482994
en	Maize	Q6737249	label	Maize				5	Q4167410
en	Maize	Q770579	label	Maize	Maize			34	Q1093829
en	Malagueta pepper	Q3312331	label	Malagueta pepper	Malagueta			12	
en	Malay apple	Q31936	alias	Syzygium malaccense	Syzygium malaccense		Syzygium malaccense	46	Q16521
en	Malt	Q105501987	label	Malt				0	Q532
en	Malt	Q123187150	label	Malt				0	Q123186574
en	Malt	Q33549214	label	Malt				2	Q11424
en	Malt	Q4428150	label	Malt	Malt			7	Q4167410
en	Malt	Q6087545	label	Malt				1	Q5741069
en	Malt	Q6744637	label	Malt				2	Q17343829
en	Malt	Q97011935	label	Malt	Malt			0	Q101352
en	Mammee	Q6745792	label	Mammee	Mammee			1	Q4167410
en	Mandarin	Q103927086	label	Mandarin				0	Q12859788 Q852190
en	Mandarin	Q10948482	label	Mandarin	guanhua			10	Q33857 Q34770
en	Mandarin	Q1150302	alias	Mandarin Airlines	Mandarin Airlines			26	Q46970
en	Mandarin	Q119186922	label	Mandarin				0	Q21191270
en	Mandarin	Q122711301	label	Mandarin				0	Q11446
en	Mandarin	Q141145808	label	Mandarin	Mandarino			0	Q3305213
en	Mandarin	Q2099338	alias	Oriental Longhair				16	Q43577
en	Mandarin	Q2417914	label	Mandarin	Mandarino			18	Q1114461 Q15632617 Q15711870
en	Mandarin	Q24841726	alias	Putonghua	Putonghua			24	Q1288568 Q23492 Q399495 Q727694 Q80839
en	Mandarin	Q3285429	label	Mandarin				3	Q123705 Q6988097
en	Mandarin	Q48812582	label	Mandarin				1	Q7725634
en	Mandarin	Q56988	label	Mandarin	Mandarin			25	Q4167410
en	Mandarin	Q65929221	alias	Wenwu				3	Q15632617 Q15773347
en	Mandarin	Q6747840	label	Mandarin				1	Q7725634
en	Mandarin	Q727694	alias	Standard Chinese	cinese standard			67	Q1288568 Q2169652 Q250858 Q317623 Q34770 Q399495 Q7850
en	Mandarin	Q83648751	label	Mandarin				1	Q15276
en	Mandarin	Q83668994	alias	Rosa 'Mandarin'	Rosa ‘Mandarin’		Rosa ‘Mandarin’	1	Q26817508
en	Mandarin	Q83690793	alias	Rosa 'Mandarin'	Rosa ‘Mandarin’		Rosa ‘Mandarin’	1	Q26817508 Q279919
en	Mandarin	Q83690905	alias	Rosa 'Mandarin'	Rosa ‘Mandarin’		Rosa ‘Mandarin’	1	Q26817508
en	Mandarin	Q9192	label	Mandarin	cinese mandarino			135	Q34770 Q7850
en	Mandarin oil	Q72509416	alias	tangerine oil				1	Q170885
en	Mango	Q104855246	label	Mango				1	Q105543609
en	Mango	Q1054564	label	Mango	Mango			49	Q5
en	Mango	Q109397416	label	Mango				0	Q486972
en	Mango	Q111336617	label	Mango				1	Q19723444
en	Mango	Q112549159	label	Mango				0	Q5
en	Mango	Q112758238	label	Mango	Mango			1	Q134556
en	Mango	Q114720301	label	Mango				0	Q105543609
en	Mango	Q116559565	alias	Houtmangracht				1	Q11446
en	Mango	Q116595	label	Mango				24	Q46970
en	Mango	Q117830888	label	Mango				0	Q2311958
en	Mango	Q119922043	label	Mango				0	Q3305213
en	Mango	Q121613705	label	Mango				1	Q2462003
en	Mango	Q126695032	label	Mango				0	Q7889
en	Mango	Q130359268	label	Mango				0	Q105543609
en	Mango	Q130359269	label	Mango				0	Q55850593
en	Mango	Q133268735	label	Mango				0	Q12308941
en	Mango	Q136503	label	Mango	mango			32	Q4830453 Q726870 Q76213285
en	Mango	Q137410174	label	Mango				0	Q486972
en	Mango	Q1392195	label	Mango	Mango			19	Q515
en	Mango	Q140265153	label	Mango				0	Q202444
en	Mango	Q141099827	label	Mango				0	Q17451
en	Mango	Q1637528	label	Mango	Mango			21	Q188509
en	Mango	Q16889925	label	Mango				4	Q34770 Q6898839
en	Mango	Q16997298	label	Mango				2	Q726
en	Mango	Q18352133	alias	Mang0	MaNg0			4	Q5
en	Mango	Q1992999	label	Mango	Mango			29	Q498162
en	Mango	Q20130	label	Mango	Mango			50	Q747074
en	Mango	Q20198550	label	Mango				0	Q3305213
en	Mango	Q204099	label	Mango	Mango			37	Q4167410
en	Mango	Q20432799	label	Mango	Mango			9	Q23442
en	Mango	Q20597324	label	Mango				1	Q486972
en	Mango	Q21418669	label	Mango				1	Q355304
en	Mango	Q21489379	label	Mango				3	Q34763
en	Mango	Q2426245	label	Mango	Mango			3	Q28094186 Q7397
en	Mango	Q27193970	label	Mango				1	Q54050
en	Mango	Q27466211	label	Mango				1	Q12357920
en	Mango	Q30027179	label	Mango	Mango			1	Q15303838
en	Mango	Q31949011	label	Mango				1	Q23442
en	Mango	Q37268951	label	Mango	Mango			1	Q101352
en	Mango	Q3844569	label	Mango	Mango			1	Q482994
en	Mango	Q3844575	label	Mango	Mango			3	Q215380
en	Mango	Q52804783	label	Mango	Mango			0	Q126807
en	Mango	Q52808186	label	Mango	Mango			0	Q9842
en	Mango	Q6624018	label	Mango				1	Q281643
en	Mango	Q6749077	label	Mango				1	Q15632617 Q95074
en	Mango	Q713659	label	Mango				3	Q1288568 Q34770 Q56358
en	Mango	Q75861465	label	Mango				0	Q18683244
en	Mango	Q78368918	label	Mango	Mango			1	Q134556
en	Mango	Q83670055	alias	Rosa 'Mango'	Rosa ‘Mango’		Rosa ‘Mango’	1	Q26817508
en	Mango	Q83954970	label	Mango	Mango			1	Q18127
en	Mango	Q927706	alias	Mongo	Mongo			24	Q41710
en	Mangosteen	Q119443318	label	Mangosteen				0	Q3305213
en	Mangosteen	Q119443324	label	Mangosteen				0	Q3305213
en	Mangosteen	Q119922030	label	Mangosteen				0	Q3305213
en	Mangosteen	Q135414689	label	Mangosteen				0	Q15632617 Q15711870
en	Manila copal	Q216113	alias	Agathis	Agathis		Agathis	45	Q16521
en	Marjoram	Q6766209	label	Marjoram	Marjoram			1	Q4167410
en	Marjoram oil	Q72488245	alias	marjoram oil				1	Q169336 Q170885
en	Marula	Q103779499	label	Marula				0	Q11446 Q852190
en	Marula	Q116150427	label	Marula				0	Q5
en	Marula	Q26510965	label	Marula				0	Q41176
en	Marula	Q55761178	label	Marula				1	Q4167410
en	Marula	Q56274790	label	Marula				4	Q5
en	Marula	Q6777930	label	Marula				3	Q486972
en	Mashed potato	Q107804272	label	Mashed potato				8	Q2095
en	Mashed potato	Q11232815	label	Mashed potato				1	Q134556
en	Mashed potato	Q6783098	label	Mashed potato	Mashed potato			2	Q4167410
en	Mastic gum	Q318367	alias	mastic	mastice di Chios			44	Q206229 Q40034430 Q735160 Q95997873
en	Mate	Q108529034	label	Mate				0	Q21191270
en	Mate	Q11343374	label	Mate				3	Q4830453
en	Mate	Q11771291	label	Mate				6	Q2453629 Q81727 Q987767
en	Mate	Q12121846	label	Mate				1	
en	Mate	Q122373714	label	Mate				0	Q7889
en	Mate	Q12595084	label	Mate				1	Q215380
en	Mate	Q126043751	alias	Mateo Apolonio Berruezo				1	Q5
en	Mate	Q12636459	label	Mate				2	Q5
en	Mate	Q16279139	alias	Máté	Máté			6	Q12308941
en	Mate	Q16290653	label	Mate				3	Q12308941
en	Mate	Q21489280	label	Mate				3	Q8502
en	Mate	Q25175510	label	Mate				0	Q12488913
en	Mate	Q26759795	alias	Mate Pale Island				1	Q207524
en	Mate	Q31181562	alias	Matija Zlamalik				2	Q5
en	Mate	Q419826	label	Mate	Mate			23	Q4167410
en	Mate	Q42420783	label	Mate				0	Q15632617 Q15773347
en	Mate	Q56352770	alias	MATE				1	Q4167410
en	Mate	Q56696341	label	Mate				0	Q860861
en	Mate	Q61100143	label	Mate				2	Q11424
en	Mate	Q63526714	label	Mate				0	Q28931760
en	Mate	Q63526719	label	Mate				0	Q28931760
en	Mate	Q6786322	label	Mate	Mate			1	Q726
en	Matsutake	Q116763441	label	Matsutake				0	Q101352 Q19914123
en	Matsutake	Q509308	label	Matsutake	Tricholoma matsutake		Tricholoma matsutake	37	Q16521
en	Meat	Q106621364	label	Meat				0	Q860861
en	Meat	Q113458819	label	Meat				0	Q61855877
en	Meat	Q113705884	label	Meat				0	Q7725634
en	Meat	Q114507447	label	Meat				0	Q21191270
en	Meat	Q114510684	label	Meat				0	Q21191270
en	Meat	Q117860163	label	Meat				2	Q65618976
en	Meat	Q124084992	label	Meat				0	Q3305213
en	Meat	Q1308733	label	Meat				4	Q4167410
en	Meat	Q130899511	label	Meat				0	Q21191270
en	Meat	Q135058661	label	Meat				0	Q7889
en	Meat	Q138337403	label	Meat				1	Q11424
en	Meat	Q1427781	alias	Fleisch				5	Q11424
en	Meat	Q14640088	label	Meat				5	Q26211545
en	Meat	Q16946653	label	Meat				1	Q192628
en	Meat	Q17086705	alias	Vlees				2	Q11424
en	Meat	Q2418709	label	Meat	Meat			3	Q1569167 Q28020127
en	Meat	Q3224643	label	Meat	Carne			2	Q21191270
en	Meat	Q60747329	label	Meat				1	Q482994
en	Meat	Q63762829	label	Meat				0	Q15632617 Q63975020
en	Meat	Q64739615	label	Meat				1	Q5
en	Meat	Q6804234	label	Meat	Meat (album)			2	Q482994
en	Meat	Q87143788	label	Meat				0	Q21191270
en	Meat	Q91931027	label	Meat				0	Q860861
en	Melaleuca bracteata	Q15369918	label	Melaleuca bracteata	Melaleuca bracteata		Melaleuca bracteata	11	Q16521
en	Melaleuca oil	Q48832	alias	tea tree oil	Melaleuca essenza			24	Q169336 Q170885 Q735160 Q95997873
en	Melaleuca smithii	Q65943289	label	Melaleuca smithii	Melaleuca smithii		Melaleuca smithii	0	Q16521
en	Melaleuca viridiflora	Q3854088	label	Melaleuca viridiflora	Melaleuca viridiflora		Melaleuca viridiflora	14	Q16521
en	Melilotus officinalis	Q161160	label	Melilotus officinalis	Melilotus officinalis		Melilotus officinalis	57	Q11992872 Q16521
en	Melon	Q106371946	label	Melon				0	Q3305213
en	Melon	Q11231383	alias	MELON	MELON			2	Q215380
en	Melon	Q11232968	label	Melon				1	Q41298
en	Melon	Q11279775	label	Melon				1	Q5
en	Melon	Q115464241	label	Melon				0	Q3305213
en	Melon	Q119889684	label	Melon				0	Q3305213
en	Melon	Q119904495	label	Melon				0	Q3305213
en	Melon	Q123856121	label	Melon				1	Q3305213
en	Melon	Q12595115	label	Melon	Melon			21	Q15590336 Q43060
en	Melon	Q135018372	label	Melon				0	Q7889
en	Melon	Q135056734	label	Melon				0	Q7889
en	Melon	Q1644993	alias	Melón	Melón			43	Q2276925
en	Melon	Q20481484	label	Melon				0	Q3305213
en	Melon	Q20487843	label	Melon				0	Q3305213
en	Melon	Q22285927	label	Melon				5	Q15731356 Q3395974
en	Melon	Q2263065	label	Melon	Melon			13	Q4167410
en	Melon	Q23670934	label	Melon				1	Q355304
en	Melon	Q23943425	label	Melon				0	Q3305213
en	Melon	Q25374334	label	Melon				1	Q355304
en	Melon	Q28595105	label	Melon	Melone			2	Q5
en	Melon	Q37315812	label	Melon	Melon			1	Q101352
en	Melon	Q48975861	label	Melon				0	Q27598544 Q3658341 Q80447738 Q87576284
en	Melon	Q55075303	label	Melon				0	Q24862
en	Melon	Q92412099	label	Melon				0	Q860861
en	Mentha	Q122597611	label	Mentha				0	Q486972 Q5084
en	Mentha	Q132940	alias					39	Q3863
en	Mentha	Q1546353	alias	Minthe	Menta			22	Q3346693
en	Mentha	Q1920954	label	Mentha	Mentha			4	Q4167410
en	Mentha	Q76426150	label	Mentha	Mentha			0	Q101352
en	Mentha aquatica	Q161232	label	Mentha aquatica	Mentha aquatica		Mentha aquatica	53	Q16521
en	Mentha aquatica	Q65556563	alias	Mentha aquatica var. citrata	Mentha aquatica var. citrata		Mentha aquatica var. citrata	0	Q16521
en	Mentha citrata	Q2607185	label	Mentha citrata	Mentha citrata		Mentha citrata	7	Q16521
en	Mentha crispa	Q123440058	label	Mentha crispa				1	Q4167410
en	Mentha crispa	Q61923338	label	Mentha crispa	Mentha crispa		Mentha crispa	1	Q16521
en	Mentha timija	Q39082014	label	Mentha timija	Mentha timija		Mentha timija	0	Q16521
en	Mentha verticillata	Q15341809	alias	Mentha ×verticillata	Mentha verticillata		Mentha ×verticillata	12	Q136343650
en	Mentha viridis	Q65943376	label	Mentha viridis	Mentha viridis		Mentha viridis	0	Q16521
en	Michelia	Q106548607	label	Michelia				0	Q5633421
en	Michelia	Q107310648	label	Michelia	Michelia		Michelia	0	Q23038290
en	Michelia	Q1145025	label	Michelia	Michelia		Magnolia sect. Michelia	25	Q16521
en	Michelia	Q126145993	label	Michelia				0	Q3305213
en	Michelia	Q139283468	label	Michelia				1	Q5633421
en	Michelia	Q15287905	label	Michelia	Michelia		Michelia	2	Q16521
en	Michelia	Q51415885	label	Michelia				1	Q1002697
en	Micromeria abyssinica	Q39068533	label	Micromeria abyssinica	Micromeria abyssinica		Micromeria abyssinica	0	Q16521
en	Milk	Q1041929	label	Milk	Milk			28	Q4167410
en	Milk	Q104884122	label	Milk				0	Q11424
en	Milk	Q105909358	label	Milk				0	Q4830453
en	Milk	Q106771880	alias	Đặng Mỹ Trinh				0	Q5
en	Milk	Q108558716	label	Milk	Moloko (film)			8	Q11424
en	Milk	Q109502985	label	Milk				0	Q213369
en	Milk	Q110057213	label	Milk				0	Q110039749
en	Milk	Q110251944	label	Milk				1	Q24862
en	Milk	Q110562385	label	Milk				0	Q21191270
en	Milk	Q111948457	label	Milk				0	Q7725634
en	Milk	Q113299223	label	Milk				0	Q21191270
en	Milk	Q113510433	alias	Pansa Vosbein				8	Q5
en	Milk	Q115919266	label	Milk				0	Q838948
en	Milk	Q119774626	label	Milk				1	Q482994
en	Milk	Q122956421	alias	Michael Vinson				1	Q5
en	Milk	Q123373215	label	Milk				0	Q24862
en	Milk	Q123471191	label	Milk				1	Q7725634
en	Milk	Q125095494	label	Milk				0	Q631931
en	Milk	Q130394937	label	Milk				0	Q11424
en	Milk	Q133815262	alias	Natchanon Supravorawong				3	Q5
en	Milk	Q135056946	label	Milk				0	Q7889
en	Milk	Q140436894	label	Milk				0	Q134506144
en	Milk	Q16961617	label	Milk				0	Q215380
en	Milk	Q18614741	label	Milk	Milk			0	Q838795
en	Milk	Q201687	label	Milk	Milk			61	Q11424
en	Milk	Q28046771	label	Milk	Milk			0	Q9143
en	Milk	Q29093534	label	Milk				0	Q5
en	Milk	Q31787580	label	Milk				1	Q56436498
en	Milk	Q37509460	label	Milk	Milk			1	Q101352
en	Milk	Q3857924	alias	Kurumi Mimino				1	Q15632617 Q61768224 Q80447738
en	Milk	Q3857929	label	Milk	Milk			6	Q105543609
en	Milk	Q48720235	label	Milk				5	Q5
en	Milk	Q51505152	label	Milk				0	Q3331189
en	Milk	Q63759458	label	Milk				0	Q24862
en	Milk	Q65085999	label	Milk				0	Q11060274
en	Milk	Q65229497	label	Milk				1	Q24862
en	Milk	Q65564326	label	Milk				0	Q11060274
en	Milk	Q6570602	label	Milk	Süt			7	Q11424
en	Milk	Q6857974	label	Milk				1	Q482994
en	Milk	Q6857975	label	Milk	Latte scaduto			4	Q21191270
en	Milk	Q6857977	label	Milk				2	Q105543609
en	Milk	Q79937922	label	Milk				0	Q11060274
en	Milk	Q85785514	label	Milk				2	Q105543609
en	Milk	Q85874163	label	Milk				1	Q215380
en	Mint	Q104380591	label	Mint				0	Q11446
en	Mint	Q110074626	label	Mint				0	Q11060274 Q11835431
en	Mint	Q11233373	label	Mint				2	Q134556
en	Mint	Q124068031	label	Mint				0	Q7889
en	Mint	Q129440146	label	Mint				0	Q1115575 Q3257686
en	Mint	Q13019011	label	Mint	Mint			1	Q482994
en	Mint	Q131786452	alias	Thishar Thurachon				1	Q5
en	Mint	Q133693828	label	Mint				4	Q5398426
en	Mint	Q140362882	label	Mint				0	Q21191270
en	Mint	Q1418842	label	Mint	Mint			1	Q215380
en	Mint	Q1421368	label	Mint				4	Q16000093
en	Mint	Q1546353	alias	Minthe	Menta			22	Q3346693
en	Mint	Q16139545	alias	Nawinda Bertotti				3	Q5
en	Mint	Q18258416	alias	Spen				0	Q20747295 Q7187
en	Mint	Q18301700	alias	Apba1				0	Q20747295 Q7187
en	Mint	Q19888280	label	Mint				0	Q3305213
en	Mint	Q21427814	alias	The Mint				1	Q11424
en	Mint	Q2271133	label	Mint	Mint (quotidiano)			9	Q11032 Q2586014
en	Mint	Q23895155	label	Mint				7	Q5
en	Mint	Q23948902	label	Mint				4	Q134556
en	Mint	Q25283420	alias	Libuton Island				1	Q23442
en	Mint	Q25539124	alias	Rabhat Kaewmeechai				1	Q5
en	Mint	Q28222648	label	Mint				4	Q3257686
en	Mint	Q2911311	label	Mint				3	Q215380
en	Mint	Q29720082	alias	X11L				0	Q7187
en	Mint	Q30924373	label	Mint				1	
en	Mint	Q369531	label	Mint	Mint			18	Q4167410
en	Mint	Q54749559	alias	AM-iPS-1				0	Q107103143 Q21014462
en	Mint	Q59357813	label	Mint	Mint			8	Q482994
en	Mint	Q63874695	label	Mint				1	Q11424
en	Mint	Q6869544	label	Mint				1	
en	Mint	Q74063357	label	Mint				0	Q11060274
en	Mint	Q97986675	label	Mint				0	Q11446
en	Mint	Q98360522	label	Mint				0	Q41176
en	Monarda punctata	Q1760733	label	Monarda punctata	Monarda punctata		Monarda punctata	15	Q16521
en	Monkey orange	Q118869803	label	Monkey orange				1	Q15623926
en	Monodora grandiflora	Q6901557	label	Monodora grandiflora	Monodora grandiflora		Monodora grandiflora	1	Q16521
en	Mostarda	Q1653093	label	Mostarda	mostarda			16	Q2596997 Q74048276
en	Mountain papaya	Q15588942	label	Mountain papaya	Vasconcellea pubescens		Vasconcellea pubescens	26	Q16521
en	Mung bean	Q118956098	label	Mung bean				1	Q17362920
en	Mushroom	Q1011704	label	Mushroom				2	Q41176
en	Mushroom	Q1061603	alias	Toad	Toad			32	Q11296888 Q1569167 Q33093124
en	Mushroom	Q119309876	label	Mushroom				0	Q3305213
en	Mushroom	Q119446427	label	Mushroom				0	Q3305213
en	Mushroom	Q119872773	label	Mushroom				0	Q3305213
en	Mushroom	Q11990234	label	Mushroom	Mushroom			1	Q215380
en	Mushroom	Q135056857	label	Mushroom				0	Q7889
en	Mushroom	Q3220979	alias	The Mushroom	L'assassino colpisce all'alba			6	Q11424
en	Mushroom	Q3328448	label	Mushroom				2	Q105543609
en	Mushroom	Q4865346	label	Mushroom	Mushroom			5	Q4167410
en	Mushroom	Q49619468	alias	Mushroom Rock				1	Q1404150
en	Mushroom	Q63437565	label	Mushroom				0	Q95074
en	Mushroom	Q6941292	label	Mushroom				1	Q482994
en	Mushroom	Q6941296	label	Mushroom	Mushroom			1	Q2088357 Q215380
en	Mushroom	Q77009970	label	Mushroom				0	Q11060274
en	Mushroom	Q98507005	label	Mushroom				0	Q210112
en	Mushrooms	Q104639014	label	Mushrooms				0	Q3305213
en	Mushrooms	Q108298026	label	Mushrooms				0	Q3305213
en	Mushrooms	Q114760013	label	Mushrooms				0	Q3305213
en	Mushrooms	Q119211574	label	Mushrooms				0	Q3305213
en	Mushrooms	Q119389647	label	Mushrooms				0	Q3305213
en	Mushrooms	Q119899857	label	Mushrooms				0	Q3305213
en	Mushrooms	Q119914906	label	Mushrooms				0	Q3305213
en	Mushrooms	Q119981263	label	Mushrooms				0	Q3305213
en	Mushrooms	Q121788928	label	Mushrooms				1	Q11424
en	Mushrooms	Q123304877	label	Mushrooms				0	Q24862
en	Mushrooms	Q125093660	label	Mushrooms				0	Q11469 Q631931
en	Mushrooms	Q126147399	label	Mushrooms				0	Q3305213
en	Mushrooms	Q140178049	label	Mushrooms				0	Q3331189
en	Mushrooms	Q22442668	label	Mushrooms	Tragico errore			0	Q21191270
en	Mushrooms	Q23936239	label	Mushrooms				0	Q3305213
en	Mushrooms	Q23942872	label	Mushrooms				0	Q3305213
en	Mushrooms	Q27591610	label	Mushrooms				0	Q838795
en	Mushrooms	Q28545332	label	Mushrooms				0	Q3305213
en	Mushrooms	Q65468502	label	Mushrooms				2	Q4400636
en	Mushrooms	Q79928536	label	Mushrooms				0	Q93184
en	Musk	Q117253374	label	Musk	Musk			5	Q11424
en	Musk	Q14935245	label	Musk				1	Q3257686
en	Musk	Q16867930	label	Musk	Musk			7	Q4167410
en	Musk	Q18252733	label	Musk				0	Q20747295 Q7187
en	Musk	Q21684304	label	Musk	Musk			4	Q101352
en	Musk	Q21983870	alias	Muscle, skeletal, receptor tyrosine kinase				0	Q8054
en	Musk	Q24384002	label	Musk				0	Q20747295 Q7187
en	Musk	Q28559612	alias	Muscle associated receptor tyrosine kinase				0	Q8054
en	Musk	Q30348797	alias	John Rive Musk	John Rive Musk			0	Q5
en	Musk	Q30501948	alias	Le Musk				2	Q11424
en	Musk	Q95997431	alias	Mriganabhi				1	Q11424
en	Muskmelon	Q123207068	label	Muskmelon				3	Q4167410
en	Mussel	Q12968404	label	Mussel	Mussel			1	Q4167410
en	Mussel	Q19352067	label	Mussel				0	Q79007
en	Mussel	Q2143721	label	Mussel				7	Q1852859 Q532
en	Mussel	Q75425599	label	Mussel				0	Q11060274
en	Mussel	Q79838234	label	Mussel				1	Q212198
en	Mustard	Q122542342	label	Mustard				0	Q486972 Q5084
en	Mustard	Q1339447	label	Mustard	Mustard			20	Q4167410
en	Mustard	Q137270297	label	Mustard				0	Q7725634
en	Mustard	Q15941115	label	Mustard	Mustard			19	Q5
en	Mustard	Q31963730	label	Mustard				1	Q820477
en	Mustard	Q37558124	label	Mustard	Mustard			1	Q101352
en	Mustard	Q5396362	alias	Erysimum kykkoticum	Erysimum kykkoticum		Erysimum kykkoticum	7	Q16521
en	Mustard	Q65119895	label	Mustard				1	Q82799
en	Mustard	Q6943465	label	Mustard				1	Q482994
en	Mutton	Q128924960	label	Mutton				0	Q24862
en	Mutton	Q16877675	label	Mutton	Mutton			1	Q4167410
en	Mutton	Q63536717	label	Mutton				0	Q15632617 Q50386450
en	Myrcia acris	Q110508974	label	Myrcia acris	Myrcia acris		Myrcia acris	0	Q16521
en	Myrocarpus fastigiatus	Q15535612	label	Myrocarpus fastigiatus	Myrocarpus fastigiatus		Myrocarpus fastigiatus	5	Q16521
en	Myrocarpus frondosus	Q2719041	label	Myrocarpus frondosus	Myrocarpus frondosus		Myrocarpus frondosus	13	Q16521
en	Myrrh	Q100742414	label	Myrrh				1	Q4167410
en	Myrrh	Q126633217	label	Myrrh				0	Q11340904 Q1569167
en	Myrrh	Q6948525	label	Myrrh				1	Q482994
en	Myrtle	Q103776645	label	Myrtle				0	Q12859788 Q852190
en	Myrtle	Q109682270	label	Myrtle				0	Q21191270
en	Myrtle	Q111663705	label	Myrtle	Myrtle			1	Q5
en	Myrtle	Q115666728	label	Myrtle				0	Q486972
en	Myrtle	Q117354649	label	Myrtle				0	Q726
en	Myrtle	Q118118437	label	Myrtle				0	Q93184
en	Myrtle	Q14704453	label	Myrtle				3	Q17343829
en	Myrtle	Q17512565	label	Myrtle				1	Q11446
en	Myrtle	Q2072078	label	Myrtle	Myrtle			34	Q15127012
en	Myrtle	Q2227879	label	Myrtle	Myrtle			35	Q1093829
en	Myrtle	Q298482	label	Myrtle	Myrtle			14	Q4167410
en	Myrtle	Q3858942	label	Myrtle	Myrtle			3	Q11879590
en	Myrtle	Q48848621	label	Myrtle				2	Q25345958
en	Myrtle	Q54749574	alias	AM-iPS-17				0	Q107103143 Q21014462
en	Myrtle	Q60728156	label	Myrtle				0	Q15632617 Q3375722
en	Myrtle	Q61067052	label	Myrtle				0	Q190107
en	Myrtle	Q63528009	label	Myrtle				0	Q28931760
en	Myrtle	Q63528010	label	Myrtle				0	Q28931760
en	Myrtle	Q6948577	label	Myrtle				2	Q56885635
en	Myrtle	Q6948578	label	Myrtle				4	Q17343829
en	Myrtle	Q78163334	label	Myrtle				0	Q15632617 Q3375722
en	Myrtle	Q97986743	label	Myrtle				0	Q11446
en	Myrtus communis	Q52515787	label	Myrtus communis				0	Q11835431
en	Myrtus communis	Q52558186	label	Myrtus communis				0	Q18761202
en	Myrtus communis	Q6122027	alias	common myrtle	Myrtus communis		Myrtus communis	54	Q16521
en	Nance	Q112898316	label	Nance				0	Q15632617 Q15773317
en	Nance	Q16877775	label	Nance				2	Q101352
en	Nance	Q28103472	label	Nance				2	Q74047
en	Nance	Q405026	label	Nance	Nance			13	Q4167410
en	Nance	Q405249	label	Nance	Nance			32	Q484170
en	Nance	Q6962460	label	Nance				2	Q5084
en	Nance	Q6962461	label	Nance	Nance			8	Q11424
en	Nance	Q6962463	label	Nance				1	Q17343829
en	Nance	Q77560690	label	Nance				0	Q3305213
en	Nance	Q83747831	label	Nance				1	Q11879590
en	Naranjilla	Q1247471	label	Naranjilla	Naranjilla			1	Q4167410
en	Narcissus	Q105554600	label	Narcissus				1	Q5
en	Narcissus	Q105621720	label	Narcissus				0	Q860861
en	Narcissus	Q106556232	label	Narcissus				0	Q3305213
en	Narcissus	Q106772402	label	Narcissus				0	Q3305213
en	Narcissus	Q106864471	label	Narcissus				0	Q3305213
en	Narcissus	Q106879263	label	Narcissus				0	Q3305213
en	Narcissus	Q106940822	label	Narcissus				0	Q1228895 Q622425 Q8719053
en	Narcissus	Q110042309	label	Narcissus				0	Q11060274 Q21647744
en	Narcissus	Q110060813	label	Narcissus				0	Q11060274 Q21647744
en	Narcissus	Q110075263	label	Narcissus				0	Q11060274 Q11835431
en	Narcissus	Q110075363	label	Narcissus				0	Q11060274 Q11835431
en	Narcissus	Q110429870	label	Narcissus	Narcissus			2	Q169930
en	Narcissus	Q110438160	label	Narcissus				0	Q777342
en	Narcissus	Q110802895	label	Narcissus				0	Q93184
en	Narcissus	Q112198397	label	Narcissus				0	Q3305213
en	Narcissus	Q112200341	label	Narcissus				0	Q3305213
en	Narcissus	Q114707179	label	Narcissus				0	Q3305213
en	Narcissus	Q115709898	label	Narcissus				0	Q852190
en	Narcissus	Q117468834	label	Narcissus				0	Q3305213
en	Narcissus	Q118676242	label	Narcissus				0	Q3305213
en	Narcissus	Q119148846	label	Narcissus				0	Q3305213
en	Narcissus	Q119274624	label	Narcissus				0	Q3305213
en	Narcissus	Q119621750	label	Narcissus				0	Q3305213
en	Narcissus	Q121597318	label	Narcissus				0	Q3305213
en	Narcissus	Q121690670	label	Narcissus				0	Q3305213
en	Narcissus	Q124037314	label	Narcissus				1	Q179700
en	Narcissus	Q125115093	label	Narcissus				1	Q860861
en	Narcissus	Q126146831	label	Narcissus				0	Q3305213
en	Narcissus	Q126186652	label	Narcissus				0	Q7889
en	Narcissus	Q129565995	label	Narcissus				0	Q12405827
en	Narcissus	Q132247197	label	Narcissus	Narciso			1	Q179700
en	Narcissus	Q132247199	label	Narcissus	Narciso			1	Q179700
en	Narcissus	Q132512295	label	Narcissus				0	Q2635894
en	Narcissus	Q135223345	label	Narcissus				0	Q3305213
en	Narcissus	Q135453650	label	Narcissus				0	Q7889
en	Narcissus	Q141489548	label	Narcissus				0	Q179700
en	Narcissus	Q141489778	label	Narcissus				0	Q179700
en	Narcissus	Q17323955	alias	Hera hiding during the battle of the gods and giants				0	Q3305213
en	Narcissus	Q179256	label	Narcissus	Narciso			80	Q130287298 Q22988604
en	Narcissus	Q19390501	label	Narcissus				0	Q3305213
en	Narcissus	Q19390537	label	Narcissus				0	Q3305213
en	Narcissus	Q19888772	label	Narcissus				0	Q3305213
en	Narcissus	Q19947589	label	Narcissus				2	Q3305213
en	Narcissus	Q20445598	label	Narcissus				0	Q3305213
en	Narcissus	Q20499114	label	Narcissus				0	Q3305213
en	Narcissus	Q20635052	label	Narcissus				0	Q3305213
en	Narcissus	Q21192412	label	Narcissus				0	Q3305213
en	Narcissus	Q223967	label	Narcissus	Narcissus			15	Q4167410
en	Narcissus	Q2421571	alias	37117 Narcissus	37117 Narcissus			14	Q3863
en	Narcissus	Q25409158	label	Narcissus	Narciso			3	Q3305213
en	Narcissus	Q26156293	label	Narcissus				1	Q3305213
en	Narcissus	Q27701021	label	Narcissus				1	Q3305213
en	Narcissus	Q27882496	label	Narcissus				0	Q3305213
en	Narcissus	Q27898203	label	Narcissus				0	Q3305213
en	Narcissus	Q27968439	label	Narcissus				0	Q3305213
en	Narcissus	Q2891847	alias	Battles Wharf				6	Q17343829
en	Narcissus	Q29465	label	Narcissus	Narcissus		Narcissus	103	Q16521
en	Narcissus	Q29550122	label	Narcissus				1	Q12308941
en	Narcissus	Q29946724	label	Narcissus				0	Q3305213
en	Narcissus	Q3336063	label	Narcissus				2	Q24862
en	Narcissus	Q3696682	label	Narcissus	Narcissus			2	Q55818
en	Narcissus	Q42193285	label	Narcissus				0	Q17537576
en	Narcissus	Q42193287	label	Narcissus				0	Q17537576
en	Narcissus	Q51133047	label	Narcissus				0	Q21191270
en	Narcissus	Q51133456	label	Narcissus				1	Q3305213
en	Narcissus	Q52324571	label	Narcissus				0	Q3305213
en	Narcissus	Q55934279	label	Narcissus				0	Q3305213
en	Narcissus	Q56316828	label	Narcissus				1	Q184296
en	Narcissus	Q58029377	label	Narcissus				0	Q3305213
en	Narcissus	Q6150651	label	Narcissus	Narcissus			2	Q183065 Q341 Q591919
en	Narcissus	Q61719859	label	Narcissus				0	Q11446
en	Narcissus	Q63814878	label	Narcissus				0	Q838948 Q860861
en	Narcissus	Q64516552	label	Narcissus				0	Q3305213
en	Narcissus	Q65510911	label	Narcissus				0	Q11060274
en	Narcissus	Q65576931	label	Narcissus				0	Q11060274
en	Narcissus	Q6965650	label	Narcissus				3	Q11424
en	Narcissus	Q6965652	label	Narcissus	Narcissus			1	Q215380
en	Narcissus	Q6965655	label	Narcissus	Narcissus			1	Q105543609
en	Narcissus	Q724689	alias	Tiberius Claudius Narcissus	Narciso			19	Q5
en	Narcissus	Q76552821	label	Narcissus				0	Q838948
en	Narcissus	Q77871221	label	Narcissus				0	Q3305213
en	Narcissus	Q78861639	label	Narcissus				0	Q3305213
en	Narcissus	Q79000984	label	Narcissus				0	Q3305213
en	Narcissus	Q79407904	label	Narcissus				0	Q3305213
en	Narcissus	Q79911641	label	Narcissus				0	Q860861
en	Narcissus	Q79940437	label	Narcissus				0	Q93184
en	Narcissus	Q79944644	label	Narcissus				0	Q11060274
en	Narcissus	Q828609	alias	Narcissus of Girona	Narciso di Girona			7	Q5
en	Narcissus	Q85225099	label	Narcissus				0	Q3305213
en	Narcissus	Q87126448	label	Narcissus				1	Q11424
en	Narcissus	Q97986752	label	Narcissus				0	Q11446
en	Narcissus	Q980693	label	Narcissus	Narcisso			15	Q5
en	Nectandra elaiophora	Q50854761	label	Nectandra elaiophora	Nectandra elaiophora		Nectandra elaiophora	0	Q16521
en	Nectarine	Q106318418	label	Nectarine				1	Q1504307
en	Nectarine	Q113997469	alias	Jinpuro				0	Q131295
en	Nectarine	Q122571713	label	Nectarine				0	Q486972 Q5084
en	Nectarine	Q3337675	label	Nectarine	Nectarine			2	Q4167410
en	Nectarine	Q4045146	label	Nectarine				3	Q184973
en	Nepeta japonica	Q112827352	label	Nepeta japonica				1	Q4167410
en	Neroli	Q64623560	label	Neroli				0	Q11879590
en	Neroli	Q6996603	label	Neroli	Neroli			4	Q482994
en	Nettle	Q103913292	label	Nettle				0	Q683363 Q852190
en	Nettle	Q105563543	label	Nettle				2	Q1075310 Q939770
en	Nettle	Q135061479	label	Nettle				0	Q7889
en	Nettle	Q37132313	label	Nettle	Nettle			1	Q101352
en	Nettle	Q61997692	label	Nettle				0	Q726
en	Nettle	Q62022566	label	Nettle				0	Q726
en	Nettle	Q7000521	label	Nettle	Nettle			1	Q126709483 Q20825628 Q341
en	Nettle	Q7000527	label	Nettle	Nettle			2	Q4167410
en	Nettle	Q97986787	label	Nettle				0	Q11446
en	Nettle	Q99753530	label	Nettle	Nettle			0	Q12308941
en	Nezara viridula	Q600498	label	Nezara viridula	Nezara viridula		Nezara viridula	33	Q16521
en	Nira	Q113633413	label	Nira				0	Q7889
en	Nira	Q118323407	label	Nira				0	Q486972 Q74047
en	Nira	Q130390577	label	Nira				1	
en	Nira	Q22700758	label	Nira				1	Q355304
en	Nira	Q3342115	label	Nira	Nira			4	Q4167410
en	Nira	Q37478774	label	Nira	Nira			0	Q101352
en	Nira	Q60181134	label	Nira				2	Q202444
en	Nobiru	Q11646114	label	Nobiru				2	Q18663566
en	Nobiru	Q133258232	label	Nobiru				0	Q424857
en	Nut	Q104538578	alias	Supanut Lourhaphanich				4	Q5
en	Nut	Q114232170	label	Nut	Nut (album)			3	Q482994
en	Nut	Q123924755	label	Nut				0	Q43305660
en	Nut	Q124255240	alias	Thanat Danjesda				4	Q5
en	Nut	Q1265417	label	Nut				17	Q4167410
en	Nut	Q129562139	label	Nut				1	Q5
en	Nut	Q130321418	label	Nut	Nut			0	Q101352
en	Nut	Q165496	label	Nut	Nut			67	Q146083 Q205985 Q6639573
en	Nut	Q18296490	alias	Nutm1				0	Q20747295 Q7187
en	Nut	Q2024236	alias	The Nut	Come presi moglie			11	Q11424
en	Nut	Q24414258	alias	Nutm1				0	Q20747295 Q7187
en	Nut	Q2525480	alias	Maatschappij tot Nut van 't Algemeen				6	Q43229
en	Nut	Q25908157	label	Nut	Nut			1	Q3240715
en	Nut	Q4830719	alias	306367 Nut	306367 Nut			12	Q265392 Q3863
en	Nut	Q96653669	label	Nut				0	Q12308941
en	Nutmeg	Q120758759	alias	Margaret Irvine				2	Q5
en	Nutmeg	Q141457618	label	Nutmeg				1	
en	Nutmeg	Q18712468	label	Nutmeg	Nutmeg			1	Q4830453
en	Nutmeg	Q50378472	label	Nutmeg				3	Q146
en	Nutmeg	Q59857079	label	Nutmeg				0	Q93184
en	Nutmeg	Q7070467	label	Nutmeg				2	Q215380
en	Nutmeg	Q7070469	label	Nutmeg				3	Q4167410
en	Nutmeg	Q843371	label	Nutmeg	Anarta (Calocestra) trifolii		Anarta trifolii	13	Q16521
en	Nutmeg	Q85790036	label	Nutmeg				1	Q67454740
en	Nutmeg	Q98447052	label	Nutmeg				0	Q210112
en	Oat	Q113531259	alias	Vaught				0	Q101352
en	Oat	Q120217819	alias	Chakrit Boonsing				2	Q5
en	Oat	Q126166180	alias	Pasakorn Sanrattana				2	Q5
en	Oat	Q140298311	alias	Tharathon Phumphothingam				0	Q5
en	Oat	Q18252760	label	Oat				0	Q20747295 Q7187
en	Oat	Q21988384	alias	Ornithine aminotransferase				0	Q8054
en	Oat	Q24420245	label	Oat				0	Q20747295 Q7187
en	Oat	Q28561065	alias	Ornithine aminotransferase				0	Q8054
en	Oat	Q29715644	label	Oat				0	Q7187
en	Oat	Q29812483	alias	Ornithine aminotransferase precursor Dmel_CG8782				0	Q8054
en	Oat	Q3347499	label	Oat	OAT			5	Q4167410
en	Oatmeal	Q122307387	label	Oatmeal				0	Q7889
en	Oatmeal	Q7074504	label	Oatmeal	Oatmeal			2	Q4167410
en	Oatmeal	Q7074513	label	Oatmeal				3	Q17343829
en	Ocimum gratissimum	Q2355390	label	Ocimum gratissimum	Ocimum gratissimum		Ocimum gratissimum	35	Q16521
en	Ocimum viride	Q50849861	label	Ocimum viride	Ocimum viride		Ocimum viride	0	Q16521
en	Octopus	Q1063167	alias	Octopus card				21	Q431289 Q56527811 Q6501095 Q8428168
en	Octopus	Q109715909	label	Octopus				0	Q219423
en	Octopus	Q110249510	label	Octopus				0	Q21191270
en	Octopus	Q1127371	label	Octopus				6	Q1144661 Q14942530
en	Octopus	Q113814967	label	Octopus				0	Q4202064
en	Octopus	Q120679237	alias	Game & Watch: Octopus				0	Q7889
en	Octopus	Q122921956	label	Octopus				0	Q2085381
en	Octopus	Q123666530	label	Octopus				1	Q11424
en	Octopus	Q124407831	label	Octopus				0	Q588145
en	Octopus	Q127511346	label	Octopus				0	Q21191270
en	Octopus	Q129381	label	Octopus	Octopus			5	Q482994
en	Octopus	Q133255671	label	Octopus				0	Q860861
en	Octopus	Q138574238	label	Octopus				0	Q219423 Q3305213
en	Octopus	Q17285655	label	Octopus	Octopus			1	Q215380
en	Octopus	Q1780217	label	Octopus	Octopus			12	Q21505397 Q443802
en	Octopus	Q18808434	alias	Café Fantasy				5	Q30022
en	Octopus	Q1931823	label	Octopus	Octopus			17	Q482994
en	Octopus	Q2184922	label	Octopus				2	Q215380
en	Octopus	Q2600614	label	Octopus	Octopus			9	Q134556
en	Octopus	Q2654484	label	Octopus	Octopus			2	Q1127371 Q1144661
en	Octopus	Q26561242	label	Octopus				1	Q212198
en	Octopus	Q3225839	alias	The Octopus				2	Q11424
en	Octopus	Q345164	label	Octopus	Octopus			15	Q4167410
en	Octopus	Q3823576	alias	The octopus	La piovra			2	Q11424
en	Octopus	Q5083084	alias	Charles Uzzell Edwards				3	Q5
en	Octopus	Q5643396	alias	Signode Finland				2	Q4830453
en	Octopus	Q5928348	alias	Octopus 1: White forehead				2	Q11424
en	Octopus	Q611843	label	Octopus	Octopus		Octopus	31	Q16521
en	Octopus	Q65079193	label	Octopus				1	Q482994
en	Octopus	Q65706262	label	Octopus				0	Q482994
en	Octopus	Q7077074	label	Octopus				1	Q134556
en	Octopus	Q7077075	label	Octopus				1	Q482994
en	Octopus	Q7077076	label	Octopus				0	Q11424
en	Octopus	Q7077077	label	Octopus				4	Q11424
en	Octopus	Q7077079	label	Octopus				1	Q1114461 Q15632617 Q15773347
en	Octopus	Q7077080	label	Octopus				2	Q215380
en	Octopus	Q83581533	label	Octopus				1	Q11446
en	Octopus	Q84710235	label	Octopus				0	Q11446
en	Okra	Q117022776	label	Okra				0	Q15276
en	Okra	Q3411467	label	Okra	Okra			7	Q4167410
en	Okra	Q3920947	label	Okra				5	Q4022
en	Okra	Q49307416	label	Okra				2	Q23397
en	Okra	Q52160873	label	Okra	Okra			2	Q134556
en	Olive	Q103912647	label	Olive				0	Q11446 Q852190
en	Olive	Q11237230	label	Olive				2	Q482994
en	Olive	Q11237231	label	Olive				1	Q482994
en	Olive	Q11237823	label	Olive				3	Q41298
en	Olive	Q115233269	label	Olive				0	Q88397339
en	Olive	Q115262496	label	Olive				0	Q96759164
en	Olive	Q115657691	alias	Jeiel Damina				0	Q5
en	Olive	Q115709433	label	Olive				0	Q852190
en	Olive	Q115713006	label	Olive				0	Q852190
en	Olive	Q116697488	label	Olive				0	Q3498533
en	Olive	Q117188038	label	Olive				1	Q837171
en	Olive	Q119417136	label	Olive				0	Q3305213
en	Olive	Q123518536	alias	Olibu				1	Q15632617
en	Olive	Q12608254	alias	tvN STORY	OnStyle			15	Q1616075
en	Olive	Q12608273	alias	O'live				3	Q1616075
en	Olive	Q131850365	label	Olive				0	Q5
en	Olive	Q135049692	label	Olive				0	Q7889
en	Olive	Q137225493	label	Olive				0	Q15711870 Q3658341 Q88552181
en	Olive	Q15039495	label	Olive				1	Q506240
en	Olive	Q15073865	label	Olive				2	Q11424
en	Olive	Q15440835	alias	Edgar William Olive	Edgar William Olive			2	Q5
en	Olive	Q17183262	alias	Keith Olive	Keith Olive			5	Q5
en	Olive	Q18453245	label	Olive	Olive			4	Q486972
en	Olive	Q18648740	label	Olive	Olive			4	Q11879590
en	Olive	Q2019953	label	Olive	Olive			11	Q215380
en	Olive	Q23772847	label	Olive	Olive			2	Q101352
en	Olive	Q27303815	label	Olive				0	Q15632617 Q15773347
en	Olive	Q27984832	label	Olive				2	Q17343829
en	Olive	Q298724	label	Olive	Olive			17	Q4167410
en	Olive	Q30918494	label	Olive				1	Q7725634
en	Olive	Q3350624	label	Olive	Olive			2	Q5
en	Olive	Q3708540	label	Olive	Olive			19	Q106071004 Q15127012
en	Olive	Q3881786	label	Olive	Olive			2	Q134556
en	Olive	Q48816973	label	Olive				1	Q28931760 Q4976993
en	Olive	Q5460865	alias	Olea chimanimani	Olea chimanimani		Olea chimanimani	7	Q16521
en	Olive	Q55706225	alias	Olive Penderghast				0	Q15632617 Q15773347
en	Olive	Q65218115	label	Olive	Olive			8	Q1373429 Q506883
en	Olive	Q67464137	alias	Olive Fried Chicken				0	Q1751429
en	Olive	Q7087110	label	Olive	Olive			3	Q17343829
en	Olive	Q7087111	label	Olive				2	Q17343829
en	Olive	Q7087113	label	Olive				2	Q17343829
en	Olive	Q7087114	label	Olive				7	Q17343829
en	Olive	Q7087115	label	Olive				2	Q17343829
en	Olive	Q7087117	label	Olive				1	Q17343829
en	Olive	Q7087123	label	Olive				1	Q41298
en	Olive	Q83601314	label	Olive				1	Q11446
en	Olive	Q96089432	label	Olive				0	Q5
en	Olive	Q97986918	label	Olive				0	Q11446
en	Olive	Q97986920	label	Olive				0	Q11446
en	Olive	Q97986922	label	Olive				0	Q11446
en	Olive	Q98447080	label	Olive				0	Q210112
en	Olive oil	Q93165	alias	olive oil	olio di oliva			109	Q427457 Q4739805 Q7048902 Q7445643
en	Olives	Q107559596	label	Olives				0	Q585956
en	Olives	Q117215018	label	Olives				0	Q3305213
en	Olives	Q123821935	label	Olives				2	Q4167410
en	Olives	Q36903251	label	Olives	Olives			0	Q101352
en	Olives	Q56400385	label	Olives				3	Q3055118
en	Olives	Q5970857	alias	The Olive Trees				1	Q7725634
en	Onion	Q109293200	label	Onion				0	Q732577
en	Onion	Q116709037	alias	Allister	Onion			0	Q15632617 Q1569167
en	Onion	Q121079286	label	Onion				0	Q3305213
en	Onion	Q123517553	alias	Scarface				1	Q1307329
en	Onion	Q131193282	label	Onion				0	Q7725634
en	Onion	Q131451872	alias	Bermudans				0	Q22947 Q33829 Q842438 Q96158230
en	Onion	Q141345382	label	Onion				0	Q215380
en	Onion	Q28975277	alias	onion	onion			0	Q7397
en	Onion	Q37466381	label	Onion	Onion			0	Q101352
en	Onion	Q397547	label	Onion				12	Q4167410
en	Onion	Q52514721	alias	Allium Cepa	Allium Cepa			0	Q11835431
en	Onion	Q618236	alias	The Onion	The Onion			23	Q10593346 Q2305295 Q4830453
en	Onion	Q65078164	label	Onion				2	Q482994
en	Onion	Q7093912	label	Onion	Onion			1	Q726
en	Onion	Q88085283	label	Onion				0	Q167037
en	Onion	Q97187053	label	Onion	Onion			1	Q482994
en	Onion oil	Q4348232	alias	allyl propyl disulfide				15	Q11173 Q113145171
en	Orange	Q10852041	label	Orange				0	Q482994
en	Orange	Q10854772	label	Orange				2	Q134556
en	Orange	Q1087121	label	Orange	Orange			29	Q7830213
en	Orange	Q108713885	label	Orange				0	Q3305213
en	Orange	Q110237069	label	Orange				1	Q482994
en	Orange	Q110253936	alias	Оранж				0	Q507619
en	Orange	Q110975011	label	Orange				2	Q134556
en	Orange	Q11122006	label	Orange				2	Q134556
en	Orange	Q11237536	label	Orange				1	Q134556
en	Orange	Q11237540	label	Orange	Orange			1	Q21198342
en	Orange	Q11292921	label	Orange				1	Q134556
en	Orange	Q11292922	label	Orange				13	Q1107679
en	Orange	Q1134648	label	Orange				8	Q11424
en	Orange	Q117185091	label	Orange				0	Q63952888
en	Orange	Q117185279	label	Orange				0	Q747381
en	Orange	Q117774933	label	Orange	Orange			1	Q134556
en	Orange	Q119440867	label	Orange				0	Q3305213
en	Orange	Q119876817	label	Orange				0	Q3305213
en	Orange	Q119886765	label	Orange				0	Q3305213
en	Orange	Q122811227	label	Orange				0	Q11424
en	Orange	Q123305451	label	Orange				0	Q24862
en	Orange	Q123328471	alias	Daniel Gjoka				0	Q5
en	Orange	Q124151524	label	Orange				0	Q42414514
en	Orange	Q124497313	label	Orange				2	Q169930
en	Orange	Q1253863	label	Orange	Orange			28	Q108569739
en	Orange	Q126084437	label	Orange				0	Q7397
en	Orange	Q127000123	label	Orange				0	Q1464125
en	Orange	Q135058155	label	Orange				0	Q7889
en	Orange	Q135402108	label	Orange				0	Q15711870
en	Orange	Q137423844	alias	Anris				0	Q5084
en	Orange	Q1376645	label	Orange	Orange			30	Q15127012 Q62049
en	Orange	Q138178500	label	Orange				0	Q32815
en	Orange	Q140363935	label	Orange				0	Q111353956 Q1569167
en	Orange	Q1431486	label	Orange	Orange			50	Q2401749 Q43229 Q4830453
en	Orange	Q15055569	alias	Jeremiah Gottwald	Jeremiah Gottwald			1	Q15632617 Q80447738
en	Orange	Q16280394	label	Orange				2	Q101352
en	Orange	Q17150891	label	Orange				1	Q482994
en	Orange	Q187796	label	Orange	Orange			74	Q484170
en	Orange	Q18788443	label	Orange	Orange			23	Q21198342
en	Orange	Q2000500	alias	Partner Communications Company Ltd.				12	Q1941618 Q4830453 Q6881511 Q891723
en	Orange	Q2009691	label	Orange				1	Q482994
en	Orange	Q2021222	label	Orange				1	Q482994
en	Orange	Q2028096	label	Orange	Orange			62	Q4167410
en	Orange	Q21169745	label	Orange				0	Q3305213
en	Orange	Q21341309	alias	Alan Orange	Alan Orange			2	Q5
en	Orange	Q21710109	label	Orange				1	Q641066
en	Orange	Q21775840	label	Orange	Orange			6	Q11424
en	Orange	Q22134074	label	Orange				2	Q17343829
en	Orange	Q22134075	label	Orange				2	Q17343829
en	Orange	Q2224931	label	Orange				12	Q15219655
en	Orange	Q2305582	label	Orange	Orange			18	Q2154459
en	Orange	Q24038997	alias	Orange Belgium	Orange Belgique			8	Q11371 Q4830453 Q891723
en	Orange	Q2416514	label	Orange	Orange			29	Q2154459
en	Orange	Q2417452	label	Orange	Orange			26	Q15127012
en	Orange	Q27081264	alias	The Orange				1	Q212198
en	Orange	Q27985674	label	Orange				2	Q17343829
en	Orange	Q28453305	label	Orange				2	Q482994
en	Orange	Q29020372	label	Orange				0	Q174814
en	Orange	Q2992995	alias	Orange DRC				5	Q4830453 Q6881511
en	Orange	Q3107849	alias	Innovation Explorer				3	Q11446
en	Orange	Q3301226	alias	Maurice Orange	Maurice Henri Orange			4	Q5
en	Orange	Q3355041	label	Orange	Orange			15	Q341
en	Orange	Q3355067	alias	Orange Romania				5	Q4830453
en	Orange	Q3355089	alias	Syracuse Orange				9	Q2367225
en	Orange	Q3708606	label	Orange				18	Q106071004 Q15127012
en	Orange	Q3884326	label	Orange	Orange			3	Q482994
en	Orange	Q488543	alias	Orange County	contea di Orange			58	Q13410422
en	Orange	Q491350	label	Orange	Orange			62	Q13218357 Q1549591
en	Orange	Q50367060	alias	Stadium alansar				0	
en	Orange	Q5355831	label	Orange				2	Q3032154
en	Orange	Q580973	label	Orange	Orange			49	Q188509 Q515
en	Orange	Q6051789	label	Orange				0	Q498162
en	Orange	Q60673591	label	Orange				4	Q216151 Q5
en	Orange	Q60737687	label	Orange				1	Q11424
en	Orange	Q63528784	label	Orange				0	Q28931760
en	Orange	Q63551749	label	Orange				0	Q28931760
en	Orange	Q6379805	label	Orange				5	Q55488
en	Orange	Q64201036	label	Orange				1	Q202444
en	Orange	Q7099468	label	Orange				3	Q22674925
en	Orange	Q7099469	label	Orange				4	Q17343829
en	Orange	Q7099470	label	Orange				5	Q17343829
en	Orange	Q7099495	label	Orange	Orange			11	Q17343829 Q498162
en	Orange	Q7099496	label	Orange				1	Q482994
en	Orange	Q7099498	label	Orange				3	Q55488
en	Orange	Q7099499	label	Orange	Orange			3	Q215380
en	Orange	Q7099500	label	Orange				2	Q11424
en	Orange	Q7099502	label	Orange				3	Q482994
en	Orange	Q7099504	label	Orange				1	Q134556
en	Orange	Q7099505	label	Orange				2	Q482994
en	Orange	Q7099654	alias	Orange Jordan				4	Q4830453
en	Orange	Q71139855	label	Orange				0	Q121117
en	Orange	Q74064778	label	Orange				0	Q11060274
en	Orange	Q754766	label	Orange	Orange			39	Q2154459
en	Orange	Q76338863	label	Orange				0	Q11060274
en	Orange	Q769324	alias	Orange Music Electronic Company	Orange Amplification			12	Q4830453 Q6881511
en	Orange	Q7715156	alias	Sky 5				1	Q1616075
en	Orange	Q77564226	label	Orange				0	Q3305213
en	Orange	Q80076113	label	Orange				0	Q11060274
en	Orange	Q83427834	label	Orange				0	Q7725634
en	Orange	Q91941637	label	Orange				0	Q125191
en	Orange	Q97986932	label	Orange				0	Q11446
en	Orange	Q982388	label	Orange	Orange			48	Q1093829
en	Orange	Q98447085	label	Orange				0	Q210112
en	Orange juice	Q7099770	label	Orange juice	Orange juice			2	Q4167410
en	Orchid	Q10262769	alias	Cypripedium molle	Cypripedium molle		Cypripedium molle	8	Q16521
en	Orchid	Q10266881	alias	Disa atrorubens	Disa atrorubens		Disa atrorubens	8	Q16521
en	Orchid	Q10267132	alias	Disperis erucifera	Disperis erucifera		Disperis erucifera	6	Q16521
en	Orchid	Q10267140	alias	Disperis kamerunensis	Disperis kamerunensis		Disperis kamerunensis	7	Q16521
en	Orchid	Q10267150	alias	Disperis masoalensis	Disperis masoalensis		Disperis masoalensis	6	Q16521
en	Orchid	Q104619417	label	Orchid				0	Q3305213
en	Orchid	Q105769081	label	Orchid				0	Q11446
en	Orchid	Q106863229	label	Orchid				0	Q3305213
en	Orchid	Q10949382	alias	Cypripedium segawai	Cypripedium segawai		Cypripedium segawai	1	Q16521
en	Orchid	Q112200157	label	Orchid				0	Q3305213
en	Orchid	Q117036663	label	Orchid				0	Q14970
en	Orchid	Q119348164	label	Orchid				0	Q3305213
en	Orchid	Q120015901	label	Orchid				0	Q3305213
en	Orchid	Q122710246	label	Orchid				0	Q11446
en	Orchid	Q122797336	label	Orchid				0	Q11446
en	Orchid	Q122962630	label	Orchid				0	Q15632617 Q1569167
en	Orchid	Q126146634	label	Orchid				0	Q3305213
en	Orchid	Q12737238	label	Orchid				1	
en	Orchid	Q1306953	alias	Phalaenopsis violacea	Phalaenopsis violacea		Phalaenopsis violacea	13	Q16521
en	Orchid	Q1308952	alias	Phalaenopsis lindenii	Phalaenopsis lindenii		Phalaenopsis lindenii	15	Q16521
en	Orchid	Q1312604	alias	Cattleya schilleriana	Cattleya schilleriana		Cattleya schilleriana	11	Q16521
en	Orchid	Q1312610	alias	Paphiopedilum tigrinum	Paphiopedilum tigrinum		Paphiopedilum tigrinum	11	Q16521 Q188238
en	Orchid	Q1312899	alias	Paphiopedilum ciliolare	Paphiopedilum ciliolare		Paphiopedilum ciliolare	11	Q16521
en	Orchid	Q1312911	alias	Cypripedium franchetii	Cypripedium franchetii		Cypripedium franchetii	14	Q16521 Q190903
en	Orchid	Q1312962	alias	Paphiopedilum adductum	Paphiopedilum adductum		Paphiopedilum adductum	9	Q16521
en	Orchid	Q1312983	alias	Phragmipedium besseae	Phragmipedium besseae		Phragmipedium besseae	13	Q16521
en	Orchid	Q1324704	alias	Paphiopedilum urbanianum	Paphiopedilum urbanianum		Paphiopedilum urbanianum	10	Q16521
en	Orchid	Q1332518	alias	Phalaenopsis hainanensis	Phalaenopsis hainanensis		Phalaenopsis hainanensis	4	Q16521 Q188238
en	Orchid	Q135269081	label	Orchid				0	Q5
en	Orchid	Q136762707	alias	Orchid Health				1	Q90298876
en	Orchid	Q137469116	label	Orchid				0	Q2385804
en	Orchid	Q1381864	alias	Herminium ophioglossoides	Herminium ophioglossoides		Herminium ophioglossoides	9	Q16521
en	Orchid	Q138581224	label	Orchid				0	Q7725634
en	Orchid	Q139378236	label	Orchid				0	Q11060274
en	Orchid	Q139742746	alias	Orchid Nature Reserve				0	Q179049
en	Orchid	Q1497305	alias	Cypripedium fasciolatum	Cypripedium fasciolatum		Cypripedium fasciolatum	9	Q16521
en	Orchid	Q1502635	label	Orchid	Orchid			10	Q215380
en	Orchid	Q15238166	label	Orchid	Orchid			5	Q215380
en	Orchid	Q15296051	alias	Renanthera bella	Renanthera bella		Renanthera bella	7	Q16521
en	Orchid	Q15431140	alias	Angraecum setipes	Angraecum setipes		Angraecum setipes	5	Q16521
en	Orchid	Q15434899	alias	Phaius delavayi	Phaius delavayi		Phaius delavayi	4	Q16521
en	Orchid	Q15437740	alias	Pleione coronaria	Pleione coronaria		Pleione coronaria	5	Q16521
en	Orchid	Q15442046	alias	Cynorkis aurantiaca	Cynorkis aurantiaca		Cynorkis aurantiaca	4	Q16521
en	Orchid	Q15442180	alias	Cynorkis cardiophylla	Cynorkis cardiophylla		Cynorkis cardiophylla	4	Q16521
en	Orchid	Q15442714	alias	Cynorkis henrici	Cynorkis henrici		Cynorkis henrici	4	Q16521
en	Orchid	Q15443242	alias	Cynorkis gigas	Cynorkis gigas		Cynorkis gigas	6	Q16521
en	Orchid	Q15443975	alias	Cynorkis stolonifera	Cynorkis stolonifera		Cynorkis stolonifera	4	Q16521
en	Orchid	Q15444090	alias	Polystachya aurantiaca	Polystachya aurantiaca		Polystachya aurantiaca	6	Q16521
en	Orchid	Q15444125	alias	Eulophia hians	Eulophia hians		Eulophia hians	6	Q16521
en	Orchid	Q15445149	alias	Polystachya longiscapa	Polystachya longiscapa		Polystachya longiscapa	4	Q16521
en	Orchid	Q15447283	alias	Polystachya monophylla	Polystachya monophylla		Polystachya monophylla	4	Q16521
en	Orchid	Q15448218	alias	Spathoglottis pacifica	Spathoglottis pacifica		Spathoglottis pacifica	5	Q16521
en	Orchid	Q15448391	alias	Cymbidium rectum	Cymbidium rectum		Cymbidium rectum	4	Q16521
en	Orchid	Q15460508	alias	Dendrobium prasinum	Dendrobium prasinum		Dendrobium prasinum	8	Q16521
en	Orchid	Q15465606	alias	Graphorkis ecalcarata	Graphorkis ecalcarata		Graphorkis ecalcarata	5	Q16521
en	Orchid	Q15472658	alias	Tylostigma foliosum	Tylostigma foliosum		Tylostigma foliosum	4	Q16521
en	Orchid	Q15474178	alias	Tylostigma nigrescens	Tylostigma nigrescens		Tylostigma nigrescens	4	Q16521
en	Orchid	Q15477020	alias	Habenaria ambositrana	Habenaria ambositrana		Habenaria ambositrana	5	Q16521
en	Orchid	Q15478324	alias	Habenaria clareae	Habenaria clareae		Habenaria clareae	5	Q16521
en	Orchid	Q15478887	alias	Oeceoclades longibracteata	Oeceoclades longibracteata		Oeceoclades longebracteata	5	Q16521
en	Orchid	Q15479261	alias	Habenaria bathiei	Habenaria bathiei		Habenaria bathiei	5	Q16521
en	Orchid	Q15479435	alias	Oeceoclades peyrotii	Oeceoclades peyrotii		Oeceoclades peyrotii	5	Q16521
en	Orchid	Q15480296	alias	Habenaria cirrhata	Habenaria cirrhata		Habenaria cirrhata	5	Q16521
en	Orchid	Q15482965	alias	Habenaria simplex	Habenaria simplex		Habenaria simplex	5	Q16521
en	Orchid	Q15483102	alias	Habenaria tianae	Habenaria tianae		Habenaria tianae	5	Q16521
en	Orchid	Q15483635	alias	Habenaria truncata	Habenaria truncata		Habenaria truncata	5	Q16521
en	Orchid	Q15484188	alias	Jumellea similis	Jumellea similis		Jumellea similis	4	Q16521
en	Orchid	Q15488468	alias	Acrolophia bolusii	Acrolophia bolusii		Acrolophia bolusii	4	Q16521
en	Orchid	Q15489635	alias	Aeranthes parvula	Aeranthes parvula		Aeranthes parvula	5	Q16521
en	Orchid	Q15492723	alias	Brachycorythis disoides	Brachycorythis disoides		Brachycorythis disoides	6	Q16521
en	Orchid	Q15492845	alias	Benthamia glaberrima	Benthamia glaberrima		Benthamia glaberrima	4	Q16521
en	Orchid	Q15493048	alias	Benthamia monophylla	Benthamia monophylla		Benthamia monophylla	4	Q16521
en	Orchid	Q15493970	alias	Brachycorythis pleistophylla	Brachycorythis pleistophylla		Brachycorythis pleistophylla	6	Q16521
en	Orchid	Q15494932	alias	Ceratocentron fesselii	Ceratocentron fesselii		Ceratocentron fesselii	8	Q16521
en	Orchid	Q15496798	alias	Angraecum ferkoanum	Angraecum ferkoanum		Angraecum ferkoanum	5	Q16521
en	Orchid	Q15497391	alias	Amesiella monticola	Amesiella monticola		Amesiella monticola	8	Q16521
en	Orchid	Q1599733	alias	Phalaenopsis gigantea	Phalaenopsis gigantea		Phalaenopsis gigantea	14	Q16521
en	Orchid	Q1616237	alias	Cypripedium henryi	Cypripedium henryi		Cypripedium henryi	16	Q16521 Q190903
en	Orchid	Q16683495	label	Orchid	Orchid			15	Q4167410
en	Orchid	Q17320852	alias	Jumellea alionae	Jumellea alionae		Jumellea alionae	4	Q16521
en	Orchid	Q18609	label	Orchid	Orchid			17	Q482994
en	Orchid	Q1935748	alias	Paphiopedilum emersonii	Paphiopedilum emersonii		Paphiopedilum emersonii	11	Q16521 Q188238
en	Orchid	Q1936142	alias	Paphiopedilum fowliei	Paphiopedilum fowliei		Paphiopedilum fowliei	11	Q16521
en	Orchid	Q1937303	alias	Paphiopedilum dianthum	Paphiopedilum dianthum		Paphiopedilum dianthum	14	Q16521 Q188238
en	Orchid	Q1956860	alias	Gastrochilus calceolaris	Gastrochilus calceolaris		Gastrochilus calceolaris	10	Q16521 Q188238
en	Orchid	Q20489492	label	Orchid				0	Q3305213
en	Orchid	Q20880000	label	Orchid				0	Q3305213
en	Orchid	Q2154635	label	Orchid	Orchid			32	Q15127012
en	Orchid	Q2248729	alias	Ossiculum aurantiacum	Ossiculum aurantiacum		Ossiculum aurantiacum	6	Q16521
en	Orchid	Q2440088	alias	Changnienia amoena	Changnienia amoena		Changnienia amoena	9	Q16521
en	Orchid	Q25308	label	Orchid	Orchidaceae		Orchidaceae	128	Q16521 Q886167
en	Orchid	Q2720020	alias	Caladenia	Caladenia		Caladenia	21	Q16521
en	Orchid	Q27984891	label	Orchid				2	Q17343829
en	Orchid	Q28093931	label	Orchid				0	Q3305213
en	Orchid	Q3336232	alias	Cypripedium margaritaceum	Cypripedium margaritaceum		Cypripedium margaritaceum	8	Q16521
en	Orchid	Q3336836	alias	Pleione pleionoides	Pleione pleionoides		Pleione pleionoides	8	Q16521 Q188238
en	Orchid	Q3700265	alias	Cypripedium calcicola	Cypripedium calcicola		Cypripedium calcicola	7	Q16521
en	Orchid	Q3734515	alias	Eulophiella roempleriana	Eulophiella roempleriana		Eulophiella roempleriana	7	Q16521
en	Orchid	Q4046797	alias	Phalaenopsis javanica	Phalaenopsis javanica		Phalaenopsis javanica	11	Q16521
en	Orchid	Q43895062	label	Orchid				0	Q163740 Q708676
en	Orchid	Q4763891	alias	Angraecopsis cryptantha	Angraecopsis cryptantha		Angraecopsis cryptantha	6	Q16521
en	Orchid	Q4763908	alias	Angraecum leonis	Angraecum leonis		Angraecum leonis	10	Q16521
en	Orchid	Q4763909	alias	Angraecum pyriforme	Angraecum pyriforme		Angraecum pyriforme	5	Q16521
en	Orchid	Q4803990	alias	Ascoglossum calopterum	Ascoglossum calopterum		Ascoglossum calopterum	5	Q16521
en	Orchid	Q48839877	label	Orchid				1	Q17343829
en	Orchid	Q4904786	alias	Bifrenaria harrisoniae	Bifrenaria harrisoniae		Bifrenaria harrisoniae	10	Q16521
en	Orchid	Q49216616	label	Orchid				0	Q3305213
en	Orchid	Q49363787	label	Orchid				0	Q3305213
en	Orchid	Q4987476	alias	Bulbophyllum bifarium	Bulbophyllum bifarium		Bulbophyllum bifarium	13	Q16521
en	Orchid	Q4988110	alias	Bulbophyllum gravidum	Bulbophyllum gravidum		Bulbophyllum gravidum	10	Q16521
en	Orchid	Q4988259	alias	Bulbophyllum jaapii	Bulbophyllum jaapii		Bulbophyllum jaapii	12	Q16521
en	Orchid	Q4995372	alias	Bulbophyllum pantoblepharon	Bulbophyllum pantoblepharon		Bulbophyllum pantoblepharon	9	Q16521
en	Orchid	Q4995822	alias	Bulbophyllum subclavatum	Bulbophyllum subclavatum		Bulbophyllum subclavatum	9	Q16521
en	Orchid	Q5054131	alias	Cattleya forbesii	Cattleya forbesii		Cattleya forbesii	10	Q16521
en	Orchid	Q519651	alias	Paphiopedilum delenatii	Paphiopedilum delenatii		Paphiopedilum delenatii	12	Q16521
en	Orchid	Q5223351	alias	Pleione chunii	Pleione chunii		Pleione chunii	8	Q16521 Q188238
en	Orchid	Q5223853	alias	Pleione forrestii	Pleione forrestii		Pleione forrestii	10	Q16521 Q188238
en	Orchid	Q5226162	alias	Polystachya superposita	Polystachya superposita		Polystachya superposita	8	Q16521
en	Orchid	Q5304734	alias	Dracula vampira	Dracula vampira		Dracula vampira	13	Q16521
en	Orchid	Q53864005	label	Orchid				1	Q3902068
en	Orchid	Q5454761	alias	Genyorchis macrantha	Genyorchis macrantha		Genyorchis macrantha	5	Q16521
en	Orchid	Q5455689	alias	Habenaria nigrescens	Habenaria nigrescens		Habenaria nigrescens	7	Q16521
en	Orchid	Q5471610	alias	Hemipilia cruciata	Hemipilia cruciata		Hemipilia cruciata	2	Q16521
en	Orchid	Q5473145	alias	Manniella cypripedioides	Manniella cypripedioides		Manniella cypripedioides	7	Q16521
en	Orchid	Q5476482	alias	Polystachya geniculata	Polystachya geniculata		Polystachya geniculata	7	Q16521
en	Orchid	Q5485459	alias	Habenaria maitlandii	Habenaria maitlandii		Habenaria maitlandii	7	Q16521
en	Orchid	Q5715535	alias	Black Orchid				4	Q15632617 Q1569167
en	Orchid	Q5726231	alias	Benthamia bathieana	Benthamia bathieana		Benthamia bathieana	5	Q16521
en	Orchid	Q60472046	label	Orchid				0	Q49094714
en	Orchid	Q6855694	alias	Cypripedium yunnanense	Cypripedium yunnanense		Cypripedium yunnanense	8	Q16521
en	Orchid	Q6856481	alias	Cypripedium lichiangense	Cypripedium lichiangense		Cypripedium lichiangense	10	Q16521
en	Orchid	Q7100275	label	Orchid				1	Q1077064
en	Orchid	Q74877602	label	Orchid				0	Q11060274
en	Orchid	Q74877605	label	Orchid				0	Q11060274
en	Orchid	Q79048076	label	Orchid				0	Q3305213
en	Orchid	Q7914300	alias	Vanda javierae	Vanda javierae		Vanda javierae	8	Q16521
en	Orchid	Q86062389	label	Orchid				0	Q11446
en	Orchid	Q87355054	label	Orchid				0	Q1569167 Q28020127 Q80447738 Q87576284
en	Orchid	Q9067982	alias	Renanthera citrina	Renanthera citrina		Renanthera citrina	7	Q16521 Q188238
en	Orchid	Q968519	alias	Cattleya maxima	Cattleya maxima		Cattleya maxima	13	Q16521
en	Oregano	Q19397337	label	Oregano				0	Q79007
en	Oregano	Q19397338	label	Oregano				0	Q79007
en	Oregano	Q2376040	label	Oregano	Oregano			4	Q6368
en	Oregano	Q54749563	alias	AM-iPS-11				0	Q107103143 Q21014462
en	Oregano	Q7101013	label	Oregano	Oregano			2	Q15548075 Q166142 Q341
en	Oregano	Q7101014	label	Oregano				5	Q4167410
en	Oregano	Q96065854	alias	Orégano				0	Q482994
en	Origanum	Q10323229	alias	Majorana	Majorana		Majorana	2	Q16521
en	Origanum	Q107207413	label	Origanum	Origanum			1	Q4167410
en	Origanum	Q205265	label	Origanum	Origanum		Origanum	65	Q16521
en	Origanum floribundum	Q15351927	label	Origanum floribundum	Origanum floribundum		Origanum floribundum	3	Q16521
en	Origanum oil	Q72497957	label	Origanum oil	olio di origano			0	Q11173 Q113145171 Q170885
en	Ormenis multicaulis	Q98107722	label	Ormenis multicaulis	Ormenis multicaulis		Ormenis multicaulis	0	Q16521
en	Orris	Q2031602	label	Orris	Orris			2	Q4167410
en	Orris	Q37534376	label	Orris	Orris			0	Q101352
en	Orris	Q467915	alias	Jean Ingelow	Jean Ingelow			14	Q5
en	Orris	Q71651131	label	Orris	Orris			0	Q202444
en	Orris oil	Q7104098	alias	orris oil	olio di giaggiolo			3	Q170885 Q60886625
en	Orthodon	Q13728554	label	Orthodon	Orthodon		Orthodon	3	Q310890
en	Orthodon	Q17317596	label	Orthodon	Orthodon		Orthodon	0	Q16521
en	Oyster	Q11291653	label	Oyster				1	Q5
en	Oyster	Q133865351	label	Oyster				1	Q482994
en	Oyster	Q135092112	alias	Taishan Oyster			Oyster Taishanese	1	Q16521
en	Oyster	Q139378983	label	Oyster				0	Q11060274
en	Oyster	Q17084621	label	Oyster				1	Q4830453
en	Oyster	Q21522491	alias	John Houck Oyster				0	Q5
en	Oyster	Q28872085	label	Oyster				0	Q18127
en	Oyster	Q3359184	label	Oyster				5	Q4167410
en	Oyster	Q3359188	label	Oyster	Oyster			3	Q482994
en	Oyster	Q37263692	label	Oyster	Oyster			1	Q101352
en	Oyster	Q52378810	label	Oyster				1	Q17210
en	Oyster	Q7116305	label	Oyster				2	Q17343829
en	Oyster	Q7116306	label	Oyster				1	Q41298
en	Oyster	Q7116307	label	Oyster				1	Q7725634
en	Palm	Q103914042	label	Palm				0	Q783186 Q852190
en	Palm	Q106972017	label	Palm				0	Q17524420
en	Palm	Q1078850	label	Palm				20	Q162768 Q431289 Q811701
en	Palm	Q107899862	alias	The Palm				0	Q11707 Q154250 Q1684522 Q25040717 Q4830453
en	Palm	Q122710838	label	Palm				0	Q11446
en	Palm	Q134506244	alias	Supachai Suwanon				1	Q5
en	Palm	Q140194532	alias	Anuthin Danoi				0	Q5
en	Palm	Q16650116	alias	Björn Palm	Björn Palm			2	Q5
en	Palm	Q16880920	label	Palm	Palm			8	Q101352
en	Palm	Q17538100	alias	Palmyrene script	alfabeto palmireno			12	Q185087 Q29517555 Q4004706
en	Palm	Q18244918	label	Palm				1	Q61881575
en	Palm	Q18252888	label	Palm				0	Q20747295 Q7187
en	Palm	Q19404968	label	Palm				0	Q79007
en	Palm	Q21987374	alias	Paralemmin				0	Q8054
en	Palm	Q231003	label	Palm	Palm			28	Q4167410
en	Palm	Q24380443	label	Palm				0	Q20747295 Q7187
en	Palm	Q28559494	alias	Paralemmin				0	Q8054
en	Palm	Q30668449	label	Palm				2	Q215380
en	Palm	Q42891231	alias	Olde UN Theatre				0	Q19860854 Q41253
en	Palm	Q51131137	label	Palm				0	Q3305213
en	Palm	Q65574147	label	Palm				0	Q11060274
en	Palm	Q7127957	label	Palm				6	Q17343829
en	Palm	Q7127962	label	Palm	Palm			0	Q215380
en	Palm	Q7755959	alias	The Palm				1	Q11707
en	Palm	Q83798945	label	Palm				0	Q486972
en	Palm fruit	Q116948696	label	Palm fruit				0	Q1030567
en	Palmarosa	Q104621646	label	Palmarosa	Palmarosa			0	Q11879590
en	Pandanus odoratissimus	Q104852123	label	Pandanus odoratissimus	Pandanus odoratissimus		Pandanus odoratissimus	0	Q16521
en	Pandanus odoratissimus	Q7130504	label	Pandanus odoratissimus				2	Q4167410
en	Papaver somniferum	Q131584	label	Papaver somniferum	Papaver somniferum		Papaver somniferum	95	Q11992872 Q16521
en	Papaver somniferum	Q52515921	label	Papaver somniferum				0	Q11835431
en	Papaver somniferum	Q52558433	label	Papaver somniferum				0	Q18761202
en	Papaya	Q120924867	alias	Mario Demeekus Romero				0	Q5
en	Papaya	Q130238956	alias	Papaya ltd	Papaya Ltd			1	Q18388277 Q650241
en	Papaya	Q1326688	label	Papaya				2	Q105543609
en	Papaya	Q132851360	label	Papaya				1	Q24634210
en	Papaya	Q136659922	alias	Lala				1	Q11707 Q212198
en	Papaya	Q137473422	label	Papaya				2	Q11424
en	Papaya	Q138754254	label	Papaya				0	Q101352
en	Papaya	Q17406004	label	Papaya	Papaya		Papaya	0	Q16521
en	Papaya	Q3894698	label	Papaya	Papaya			1	Q482994
en	Papaya	Q3894703	label	Papaya	Papaya			10	Q4167410
en	Papaya	Q496732	label	Papaya				4	Q641066
en	Papaya	Q55551	alias	General Tinio	General Tinio			22	Q24764
en	Papaya	Q67471511	label	Papaya				1	Q24334685
en	Papaya	Q86536341	label	Papaya	Papaya		Papaya	0	Q16521
en	Paprika	Q106824644	label	Paprika				0	Q110936397 Q15711870 Q15773317
en	Paprika	Q117351748	label	Paprika				0	Q4830453
en	Paprika	Q125865872	label	Paprika	Paprika			2	Q134556
en	Paprika	Q137884569	alias	Ashay Sewlall				1	Q5
en	Paprika	Q140199147	label	Paprika	Paprika			0	Q101352
en	Paprika	Q16472509	alias	Rosa 'Paprika'	Rosa ‘Paprika’		Rosa ‘Paprika’	2	Q26817508
en	Paprika	Q234962	label	Paprika	Paprika			25	Q4167410
en	Paprika	Q3894904	label	Paprika	Paprika			3	Q11424
en	Paprika	Q39074191	label	Paprika				2	Q11424
en	Paprika	Q56311624	label	Paprika	Paprika			4	Q117467246
en	Paprika	Q56579497	label	Paprika				4	Q105543609 Q134556
en	Paprika	Q578595	label	Paprika	Paprika - Sognando un sogno			30	Q20650540
en	Paprika	Q65807959	label	Paprika	Paprika			1	Q482994
en	Paprika	Q7133126	label	Paprika				2	Q11424
en	Paprika	Q7133127	label	Paprika				3	Q11424
en	Paprika	Q7133130	label	Paprika				8	Q7725634
en	Paprika	Q771069	label	Paprika	Paprika			19	Q11424
en	Paprika	Q83690901	alias	Rosa 'Paprika'	Rosa ‘Paprika’		Rosa ‘Paprika’	1	Q26817508
en	Paprika	Q98107793	label	Paprika				0	Q202444
en	Parmesan	Q107183337	label	Parmesan	Parmesan			0	Q101352
en	Parmesan	Q155922	label	Parmesan	Parmigiano-Reggiano			71	Q1089663 Q10943 Q185217 Q3546121
en	Parmesan	Q20819441	label	Parmesan	Parmesan			5	Q4167410
en	Parmesan	Q31222002	label	Parmesan				1	Q54050
en	Parmesan	Q62015312	label	Parmesan	Parmesan			0	Q726
en	Parmesan	Q9348	alias	Parmigianino	Parmigianino			49	Q5
en	Parmesan cheese	Q155922	alias	Parmesan	Parmigiano-Reggiano			71	Q1089663 Q10943 Q185217 Q3546121
en	Parsley	Q106937791	label	Parsley				0	Q14406742
en	Parsley	Q110751370	label	Parsley	Parsley			0	Q18127
en	Parsley	Q11328857	label	Parsley				1	Q5398426
en	Parsley	Q113956017	label	Parsley	Parsley			0	Q12308941
en	Parsley	Q117383441	label	Parsley				0	Q726
en	Parsley	Q130545663	label	Parsley				0	Q2088357
en	Parsley	Q2054180	label	Parsley	Parsley			3	Q4167410
en	Parsley	Q54749572	alias	AM-iPS-16				0	Q107103143 Q21014462
en	Parsley	Q56342742	label	Parsley				1	Q482994
en	Parsley	Q68185049	label	Parsley				1	Q5
en	Parsley	Q7139999	label	Parsley				1	Q17343829
en	Parsnip	Q111992511	label	Parsnip				1	Q215380
en	Parsnip	Q130732339	label	Parsnip				0	Q7889
en	Parsnip	Q135455947	label	Parsnip				1	Q4167410
en	Partridge	Q131279805	label	Partridge				0	Q25345958
en	Partridge	Q131279822	label	Partridge				0	
en	Partridge	Q14691098	label	Partridge				2	Q17343829
en	Partridge	Q19057737	label	Partridge	False testimonianze			0	Q21191270
en	Partridge	Q21491261	label	Partridge	Partridge			2	Q101352
en	Partridge	Q2444021	label	Partridge	Partridge			31	Q1093829
en	Partridge	Q2615261	alias	19810 Partridge	19810 Partridge			15	Q3863
en	Partridge	Q26528271	label	Partridge				0	Q41176
en	Partridge	Q31983825	label	Partridge				1	Q820477
en	Partridge	Q400588	label	Partridge	Partridge			12	Q4167410
en	Partridge	Q6251999	alias	John Partridge	John Partridge			5	Q5
en	Partridge	Q85792317	label	Partridge				1	Q11446
en	Partridge	Q98675183	label	Partridge				0	Q5
en	Passiflora edulis	Q156790	label	Passiflora edulis	Passiflora edulis		Passiflora edulis	81	Q16521
en	Passiflora mollissima	Q15093181	label	Passiflora mollissima	Passiflora mollissima		Passiflora mollissima	12	Q16521
en	Passion fruit	Q2224510	alias	passionfruit	frutto della passione			27	Q3314483 Q844144
en	Passion fruit	Q7142748	label	Passion fruit	Passion Fruit			4	Q4167410
en	Pawpaw	Q24696222	label	Pawpaw				1	Q47521
en	Pawpaw	Q7106878	alias	Osita Iheme	Osita Iheme			26	Q5
en	Pea	Q109902416	alias	Lathyrus oleraceus	Lathyrus oleraceus		Lathyrus oleraceus	1	Q16521
en	Pea	Q122682324	alias	Proto-Ea				0	Q122682276
en	Pea	Q23017954	label	Pea				4	Q486972 Q515
en	Pea	Q25237	alias	Pisum sativum	Pisum sativum		Pisum sativum	145	Q11992872 Q16521
en	Pea	Q278524	alias	PEA	PEA			15	Q4167410
en	Pea	Q37520666	label	Pea	Pea			2	Q101352
en	Peach	Q105706165	label	Peach				1	Q5
en	Peach	Q109978976	alias	Renata Daninsky	Renata Daninsky			0	Q5
en	Peach	Q110251897	label	Peach				1	Q106040099
en	Peach	Q11331770	label	Peach				1	Q4830453
en	Peach	Q11331771	label	Peach				1	Q5
en	Peach	Q11335101	label	Peach				1	Q5
en	Peach	Q117802977	label	Peach				0	Q190915 Q431289
en	Peach	Q119398164	label	Peach				0	Q3305213
en	Peach	Q135057016	label	Peach				0	Q7889
en	Peach	Q1376634	label	Peach	Peach Aviation			21	Q43229 Q46970
en	Peach	Q138855958	alias	Cape.io				0	Q4830453
en	Peach	Q139982541	alias	Princess Peach				0	Q15632617 Q15711870 Q15773347
en	Peach	Q16878249	label	Peach				2	Q101352
en	Peach	Q19968270	label	Peach	Peach			1	Q3409032
en	Peach	Q20443606	label	Peach				0	Q3305213
en	Peach	Q22096342	label	Peach	Peach			2	Q113709736 Q3220391 Q7397
en	Peach	Q24565487	label	Peach				1	Q15711870 Q24565488
en	Peach	Q2517322	label	Peach	Peach			7	Q5741069
en	Peach	Q25443835	label	Peach				1	Q482994
en	Peach	Q282456	alias	Big Buck Bunny	Big Buck Bunny			30	Q17517379 Q917641
en	Peach	Q30597741	label	Peach				3	Q134556
en	Peach	Q407512	label	Peach	Peach			17	Q4167410
en	Peach	Q47124193	alias	Mary Peach				0	Q5
en	Peach	Q49234528	label	Peach				0	Q3305213
en	Peach	Q507001	alias	Princess Peach	Principessa Peach			49	Q1569167
en	Peach	Q56878395	alias	Margarita C Peachy				0	Q5
en	Peach	Q6581375	alias	Pachara Chirathivat	Pachara Chirathivat			8	Q5
en	Peach	Q7157618	label	Peach				2	Q215380
en	Peach	Q7157619	label	Peach				2	Q134556
en	Peach	Q96031359	label	Peach				0	Q105543609
en	Peanut	Q114603851	label	Peanut				0	Q67387549 Q941818
en	Peanut	Q1155069	alias	IBM PCjr	IBM PCjr			22	Q55990535 Q751046
en	Peanut	Q122371790	label	Peanut				0	Q7889
en	Peanut	Q122376015	label	Peanut				0	Q168658
en	Peanut	Q130759537	label	Peanut				9	Q26401003
en	Peanut	Q136197029	alias	Peanut Otter				0	Q28035102
en	Peanut	Q140464400	label	Peanut				0	Q15632617
en	Peanut	Q241724	label	Peanut	Arachide			8	Q4167410
en	Peanut	Q27988767	label	Peanut				4	Q17343829
en	Peanut	Q40863461	label	Peanut	Peanut			1	Q49614
en	Peanut	Q47283860	label	Peanut				7	Q5
en	Peanut	Q64826701	alias	Lucas Nickle				0	Q15632617 Q15711870 Q3658341
en	Peanut	Q68824232	label	Peanut				0	Q7725634
en	Peanut	Q7157917	label	Peanut				1	Q17343829
en	Peanut	Q7157920	label	Peanut				6	Q17343829
en	Peanut	Q7175701	alias	Peter Mata'utia				1	Q5
en	Pear	Q1027433	label	Pear				13	Q532
en	Pear	Q105939849	label	Pear				0	Q18127
en	Pear	Q119862071	label	Pear				0	Q3305213
en	Pear	Q123554436	alias	Pharita				3	Q5
en	Pear	Q124681309	label	Pear				0	Q5
en	Pear	Q125301484	label	Pear				0	Q11469 Q631931
en	Pear	Q131314853	label	Pear				0	Q3305213
en	Pear	Q133250797	label	Pear				0	Q12308941
en	Pear	Q138779686	label	Pear				0	Q93184
en	Pear	Q139383044	label	Pear				0	Q11060274
en	Pear	Q139383071	label	Pear				0	Q11060274
en	Pear	Q140077075	label	Pear				0	Q4830453
en	Pear	Q16655249	label	Pear				5	Q482919
en	Pear	Q28451476	label	Pear				1	Q4830453
en	Pear	Q29996161	alias	Rachanee Siralert				1	Q5
en	Pear	Q36912325	label	Pear	Pear			0	Q101352
en	Pear	Q415929	label	Pear	Pear			8	Q4167410
en	Pear	Q64593913	label	Pear				0	Q93184
en	Pear	Q6583669	label	Pear				8	Q1288568 Q3073022 Q34770
en	Pear	Q7157958	label	Pear				1	Q17343829
en	Pear	Q7157966	alias	Pear Island				6	Q23442
en	Pear	Q79990360	label	Pear				0	Q1922981
en	Pear	Q91950592	label	Pear				0	Q4502142
en	Peas	Q18265052	alias	Klhdc3				0	Q20747295 Q7187
en	Peas	Q54886294	label	Peas				1	Q4167410
en	Pecan	Q117042994	label	Pecan				0	Q1504307
en	Pecan	Q2065966	label	Pecan	Pecan			4	Q4167410
en	Pecan	Q65070276	label	Pecan				2	Q17343829
en	Pecan	Q80075032	label	Pecan				0	Q125191 Q4364339
en	Pelargonium	Q146118	label	Pelargonium	Pelargonium		Pelargonium	64	Q16521
en	Pelargonium	Q7161184	alias	Pelargonium citrosum	Pelargonium 'citrosum'		Pelargonium ×citrosum	5	Q16521
en	Pelargonium tomentosum	Q18081631	label	Pelargonium tomentosum	Pelargonium tomentosum		Pelargonium tomentosum	7	Q16521
en	Pennyroyal	Q125976649	label	Pennyroyal				1	Q79007
en	Pennyroyal	Q14550289	label	Pennyroyal	Pennyroyal			1	Q4167410
en	Pennyroyal	Q18166302	label	Pennyroyal				1	Q3257686
en	Pennyroyal	Q26457885	label	Pennyroyal				0	Q41176
en	Pennyroyal	Q26527774	label	Pennyroyal				0	Q41176
en	Pennyroyal	Q26591888	label	Pennyroyal				0	Q41176
en	Pepper	Q114459235	label	Pepper				0	Q21191270
en	Pepper	Q117421225	label	Pepper				1	Q202444
en	Pepper	Q121742234	alias	Phanuroj Chalermkijporntavee				1	Q5
en	Pepper	Q121811070	label	Pepper				1	Q41176
en	Pepper	Q121875227	alias	Pongpat Unhapipatpong				0	Q5
en	Pepper	Q13018028	label	Pepper				1	Q215380
en	Pepper	Q13019395	alias	Ratthasart Korrasud				4	Q5
en	Pepper	Q134007513	label	Pepper				1	Q105543609
en	Pepper	Q134007514	label	Pepper				0	Q55850593
en	Pepper	Q135049949	label	Pepper				0	Q7889
en	Pepper	Q136335180	label	Pepper				0	Q144
en	Pepper	Q140413805	alias	Shush				0	Q620615
en	Pepper	Q140701327	label	Pepper				0	Q5
en	Pepper	Q16881110	label	Pepper				3	Q101352
en	Pepper	Q17190252	label	Pepper	Pepper			15	Q584529
en	Pepper	Q21527954	label	Pepper				3	Q11424
en	Pepper	Q2618462	alias	18022 Pepper	18022 Pepper			15	Q3863
en	Pepper	Q30325687	alias	Pepper Rose				1	Q5
en	Pepper	Q31985513	label	Pepper				1	Q820477
en	Pepper	Q40327264	label	Pepper				0	Q5
en	Pepper	Q47012488	label	Pepper				1	Q1114461 Q148401 Q15632617
en	Pepper	Q54906643	alias	MRC-iPS-43				0	Q107103143 Q21014462
en	Pepper	Q55649621	label	Pepper				2	Q620615
en	Pepper	Q63887280	label	Pepper				0	Q15632617 Q63975020
en	Pepper	Q63892805	label	Pepper				0	Q15632617 Q63975020
en	Pepper	Q7166340	label	Pepper				1	Q17343829
en	Pepper	Q7166343	label	Pepper				1	Q134556
en	Pepper	Q7166344	label	Pepper				1	Q144
en	Pepper	Q7166346	label	Pepper				0	Q134556
en	Pepper	Q742860	label	Pepper	Pepper			5	Q5741069
en	Pepper	Q95839676	label	Pepper				0	Q15711870 Q88552181
en	Pepper	Q97232140	label	Pepper				1	Q11424
en	Pepper	Q980700	label	Pepper	Pepper			20	Q4167410
en	Peppermint	Q117712660	alias	Queery with Cameron Esposito: Peppermint				0	Q61855877
en	Peppermint	Q136657238	label	Peppermint				0	Q7366
en	Peppermint	Q156037	alias	Mentha × piperita	Mentha × piperita		Mentha ×piperita	76	Q11992872 Q16521
en	Peppermint	Q16201562	label	Peppermint	Peppermint			7	Q5
en	Peppermint	Q29498972	label	Peppermint				0	Q212198
en	Peppermint	Q51517293	label	Peppermint				0	Q3331189
en	Peppermint	Q51644049	label	Peppermint	Peppermint - L'angelo della vendetta			23	Q11424
en	Peppermint	Q7166418	label	Peppermint	Peppermint			4	Q4167410
en	Peppermint	Q7166419	label	Peppermint				6	Q11424
en	Peppermint	Q80585175	label	Peppermint				0	Q212198
en	Peppers	Q110936677	alias	Peppers Hotels				0	Q115040846 Q1631129 Q4830453
en	Peppers	Q122566123	label	Peppers				0	Q486972 Q5084
en	Peppers	Q139383713	label	Peppers				0	Q11060274
en	Peppers	Q17532821	label	Peppers				0	Q41176
en	Peppers	Q2069758	label	Peppers	Peppers			3	Q4167410
en	Peppers	Q26303235	label	Peppers				0	Q41176
en	Peppers	Q26404564	label	Peppers				0	Q41176
en	Peppers	Q30527676	label	Peppers				1	Q11060274
en	Peppers	Q4646420	alias	9 Mill Street, Nantwich				2	Q3947
en	Peppers	Q47124261	alias	R.A. Peppers				0	Q5
en	Peppers	Q51517295	label	Peppers				0	Q3331189
en	Peppers	Q7166441	label	Peppers	Peppers			2	Q101352
en	Persea pubescens	Q50850642	label	Persea pubescens	Persea pubescens		Persea pubescens	0	Q16521
en	Peru balsam	Q120424	alias	balsam of Peru	balsamo del peru			17	Q1776037 Q735160 Q95997873
en	Pesto	Q130374399	label	Pesto	Pesto			8	Q26401003
en	Pesto	Q13583095	label	Pesto	Pesto			3	Q169930
en	Pesto	Q329967	alias	Paestum	Paestum			57	Q148837 Q15661340 Q839954 Q93342462
en	Pesto	Q3900763	label	Pesto	Pesto			1	Q482994
en	Pesto	Q47539442	label	Pesto	Pesto			1	Q134556
en	Pesto	Q7171509	label	Pesto	Pesto			6	Q4167410
en	Pesto	Q740822	alias	Titular see of Pesto	sede titolare di Paestum			5	Q15217609
en	Petasites fragrans	Q4082537	label	Petasites fragrans	Petasites fragans		Petasites fragrans	8	Q16521
en	Petrosimonia monandra	Q15552982	label	Petrosimonia monandra	Petrosimonia monandra		Petrosimonia monandra	7	Q16521
en	Petrosimonia monandra	Q28038537	alias	Polycnemum monandrum	Polycnemum monandrum		Polycnemum monandrum	0	Q16521
en	Phallus impudicus	Q48188	label	Phallus impudicus	Phallus impudicus		Phallus impudicus	46	Q16521
en	Phebalium dentatum	Q39835114	label	Phebalium dentatum	Phebalium dentatum		Phebalium dentatum	0	Q16521
en	Phellodendron japonicum	Q1683344	label	Phellodendron japonicum	Phellodendron japonicum		Phellodendron japonicum	1	Q16521
en	Picea canadensis	Q128116	alias	Picea glauca	Picea glauca		Picea glauca	41	Q16521
en	Picea canadensis	Q4046944	label	Picea canadensis	Picea canadensis			2	Q4167410
en	Picea orientalis	Q1145286	label	Picea orientalis	Picea orientalis		Picea orientalis	39	Q16521
en	Picea rubens	Q469151	label	Picea rubens	Picea rubens		Picea rubens	32	Q16521
en	Pike	Q104848534	alias	Nicolas Pike				2	Q5
en	Pike	Q10750068	label	Pike	Pike			15	Q17343829 Q498162 Q751708
en	Pike	Q107654750	label	Pike				0	Q11879590
en	Pike	Q115710725	label	Pike				0	Q852190
en	Pike	Q115711784	label	Pike				0	Q852190
en	Pike	Q119211595	label	Pike				0	Q3305213
en	Pike	Q119398336	label	Pike				0	Q3305213
en	Pike	Q119952058	label	Pike				0	Q3305213
en	Pike	Q12191165	label	Pike	Pike			6	Q101352
en	Pike	Q12895430	label	Pike				1	Q595523
en	Pike	Q140422673	alias	Peik Jäntti				0	Q5
en	Pike	Q14688026	label	Pike				2	Q17343829
en	Pike	Q1572341	label	Pike	Pike			15	Q1268980 Q12772052 Q899523 Q9143
en	Pike	Q16225175	label	Pike				2	Q5
en	Pike	Q16238185	alias	Pi Kappa Alpha				2	Q18811582
en	Pike	Q2094765	label	Pike				1	Q5
en	Pike	Q22076554	label	Pike				1	Q17343829
en	Pike	Q22905877	label	Pike				2	
en	Pike	Q24396856	alias	Agap2				0	Q20747295 Q7187
en	Pike	Q250238	label	Pike	Pike			20	Q4167410
en	Pike	Q4046203	label	Pike	Pike			2	Q864718
en	Pike	Q5364146	alias	USS Pike	USS A-5			6	Q17005311
en	Pike	Q6644888	label	Pike	Pike			20	Q498162
en	Pike	Q7193549	label	Pike				2	Q17343829
en	Pike	Q7193550	label	Pike				2	Q17343829
en	Pike	Q7193551	label	Pike				16	Q106071004 Q15127012
en	Pike	Q7193554	label	Pike				1	Q17343829
en	Pike	Q7193583	alias	Pike High School				1	Q9826
en	Pike	Q77949421	label	Pike				0	Q3305213
en	Pike	Q84253961	label	Pike				0	Q11446
en	Pike	Q97791732	label	Pike				0	Q202444
en	Pike	Q98507254	label	Pike				0	Q210112
en	Pilchard	Q208600	alias		sardina		Sardina pilchardus	69	Q16521
en	Pilchard	Q37542363	label	Pilchard	Pilchard			1	Q101352
en	Pilchard	Q7193834	label	Pilchard	Pilchard			1	Q4167410
en	Pimenta	Q116153361	label	Pimenta	Pimenta			1	Q134556
en	Pimenta	Q133541	label	Pimenta	Pimenta		Pimenta	26	Q16521
en	Pimenta	Q1635025	label	Pimenta	Pimenta			25	Q3184121
en	Pimenta	Q21392351	alias	Bruno Vergueiro Silva Pimenta				1	Q5
en	Pimenta	Q21446590	label	Pimenta	Pimenta			2	Q101352
en	Pimenta	Q294785	label	Pimenta	Pimenta			13	Q4167410
en	Pimenta	Q57420316	alias	NP Monteiro				0	Q5
en	Pimenta	Q64832562	alias	Jose Antônio Carlos Pimenta				0	Q5
en	Pimenta	Q88884502	alias	Raphael S. Pimenta	Raphael S. Pimenta			0	Q5
en	Pimento	Q1236127	alias	Pimiento				12	Q4886
en	Pimento	Q19823775	label	Pimento	Pimento			6	Q21191270
en	Pimento	Q37573193	label	Pimento	Pimento			0	Q101352
en	Pimento	Q55111770	label	Pimento	Pimento			2	Q4167410
en	Pimento	Q7194634	label	Pimento				2	Q17343829
en	Pimentón de la Vera	Q250271	label	Pimentón de la Vera	Pimentón de la Vera			5	Q3127593 Q42527
en	Pinaceae	Q101680	label	Pinaceae	Pinaceae		Pinaceae	86	Q16521 Q757163
en	Pinaceae	Q117188564	label	Pinaceae				0	Q21481766
en	Pineapple	Q112336497	label	Pineapple				0	Q21191270
en	Pineapple	Q11239605	label	Pineapple				1	Q482994
en	Pineapple	Q116745160	label	Pineapple				1	Q105543609
en	Pineapple	Q119947360	label	Pineapple				0	Q3305213
en	Pineapple	Q135057778	label	Pineapple				0	Q7889
en	Pineapple	Q135072302	label	Pineapple				0	Q7889
en	Pineapple	Q17361862	alias	The Pineapple				2	Q212198
en	Pineapple	Q63437769	label	Pineapple				0	Q15632617 Q80447738 Q87576284
en	Pineapple	Q7195425	label	Pineapple	Pineapple			6	Q4167410
en	Pineapple	Q80584703	alias	The Pineapple, Llandaff				0	Q212198
en	Pinus densiflora	Q1044186	label	Pinus densiflora	Pinus densiflora		Pinus densiflora	43	Q16521
en	Pinus excelsa	Q105031674	label	Pinus excelsa	Pinus excelsa		Pinus excelsa	0	Q16521
en	Pinus excelsa	Q747652	alias	Pinus wallichiana	Pinus wallichiana		Pinus wallichiana	45	Q16521
en	Pinus jeffreyi	Q251370	label	Pinus jeffreyi	Pinus jeffreyi		Pinus jeffreyi	30	Q16521
en	Pinus sabiniana	Q2473331	label	Pinus sabiniana	Pinus sabiniana		Pinus sabiniana	23	Q16521
en	Pinus sylvestris	Q133128	label	Pinus sylvestris	Pinus sylvestris		Pinus sylvestris	89	Q10884 Q16521
en	Pinus sylvestris	Q139816413	label	Pinus sylvestris				0	Q811534
en	Pinus sylvestris	Q139816414	label	Pinus sylvestris				0	Q811534
en	Pinus sylvestris	Q28919745	label	Pinus sylvestris				1	Q16887380
en	Piper chaba	Q7197320	label	Piper chaba	Piper chaba		Piper chaba	8	Q16521
en	Piper famechoni	Q110667269	label	Piper famechoni	Piper famechoni		Piper famechoni	0	Q16521
en	Piper lowong	Q18036852	label	Piper lowong	Piper lowong		Piper lowong	4	Q16521
en	Piper officinarum	Q50851188	label	Piper officinarum	Piper officinarum		Piper officinarum	0	Q16521
en	Pistachio	Q104049817	label	Pistachio				0	Q15711870 Q67022388
en	Pistachio	Q7198450	label	Pistachio	Pistachio			4	Q4167410
en	Pistachio	Q83639257	alias	Clematis 'Pistachio'	Clematis ‘Pistachio’		Clematis ‘Pistachio’	1	Q21157076
en	Pittosporum glabratum	Q10890166	label	Pittosporum glabratum	Pittosporum glabratum		Pittosporum glabratum	7	Q16521
en	Plant	Q105381859	label	Plant				0	Q3305213
en	Plant	Q106201623	label	Plant				1	Q105543609
en	Plant	Q110289384	label	Plant				1	Q482994
en	Plant	Q117043104	label	Plant	Plant			1	Q5
en	Plant	Q119393559	label	Plant				0	Q3305213
en	Plant	Q119440015	label	Plant				0	Q3305213
en	Plant	Q120065987	label	Plant				0	Q3305213
en	Plant	Q123760741	alias	Gene				0	Q11060274
en	Plant	Q130233297	label	Plant				0	Q106253710 Q2593744
en	Plant	Q135417801	label	Plant				0	Q3305213
en	Plant	Q140944698	label	Plant				0	Q35127 Q732577
en	Plant	Q18495799	label	Plant	Plant			4	Q486972
en	Plant	Q20784871	label	Plant				0	Q3305213
en	Plant	Q21338337	alias	Adrian R. Plant				1	Q5
en	Plant	Q2261946	alias	Planet Vegeta	Vegeta			4	Q108762074 Q18011141 Q2775969
en	Plant	Q24056473	label	Plant				0	Q3305213
en	Plant	Q28153532	label	Plant				2	Q17343829
en	Plant	Q346195	label	Plant	Plant			18	Q4167410
en	Plant	Q37054828	label	Plant				1	Q101352
en	Plant	Q62692367	label	Plant				0	Q1207505
en	Plant	Q64536574	label	Plant				0	Q93184
en	Plant	Q65120549	label	Plant				1	Q61960067
en	Plant	Q65454126	label	Plant				1	
en	Plant	Q7757391	alias	The Plant				1	Q506240
en	Plant	Q80025835	label	Plant				0	Q93184
en	Plant	Q88958792	label	Plant				2	Q169930
en	Plant	Q96726229	label	Plant				0	Q5633421
en	Plum	Q10503060	label	Plum				1	Q7725634
en	Plum	Q106476623	label	Plum				0	Q11060274 Q28886448
en	Plum	Q106771418	label	Plum				0	Q3305213
en	Plum	Q113126278	label	Plum				0	Q15632617 Q15773317
en	Plum	Q11819764	label	Plum	Plum			2	Q215380
en	Plum	Q126119459	label	Plum				0	Q3305213
en	Plum	Q130283140	label	Plum				1	Q202444
en	Plum	Q130302321	label	Plum				1	Q5398426
en	Plum	Q131620689	label	Plum				1	Q482994
en	Plum	Q136708074	label	Plum				0	Q215380
en	Plum	Q137887657	label	Plum				0	Q17379525
en	Plum	Q138779737	label	Plum				0	Q93184
en	Plum	Q15267085	label	Plum				2	Q17343829
en	Plum	Q20266475	label	Plum				0	Q3305213
en	Plum	Q24065179	label	Plum	Plum			2	Q1475691
en	Plum	Q24237573	label	Plum				1	Q1348589
en	Plum	Q24847468	alias	Plum Island				1	Q207524
en	Plum	Q29723392	alias	plum				0	Q7187
en	Plum	Q37276688	label	Plum	Plum			1	Q101352
en	Plum	Q415180	label	Plum	Plum			16	Q4167410
en	Plum	Q4679483	alias	Adam Meredith	Adam Meredith			2	Q5
en	Plum	Q49409690	label	Plum				0	Q3305213
en	Plum	Q50693604	label	Plum				0	Q3305213
en	Plum	Q626492	label	Plum				1	Q30941437
en	Plum	Q6401215	alias	Prunus subg. Prunus	Prunus subg. domestica		Prunus subg. Prunus	18	Q16521
en	Plum	Q64582785	label	Plum				0	Q93184
en	Plum	Q65090655	label	Plum				2	Q482994
en	Plum	Q7205296	label	Plum				5	Q17343829
en	Plum	Q78822293	label	Plum				0	Q3305213
en	Plum	Q943998	label	Plum	Plum			28	Q777120
en	Plum brandy	Q114577522	label	Plum brandy				1	Q4167410
en	Polenta	Q120068248	label	Polenta				0	Q3305213
en	Polenta	Q136868280	alias	Polenta as a side dish				1	
en	Polenta	Q136868318	alias	Polenta argentina				1	
en	Polenta	Q140652363	alias	Plentn PAT	Plentn PAT			0	Q11827455
en	Polenta	Q16670553	label	Polenta				1	Q11424
en	Polenta	Q18440193	label	Polenta	Polenta			6	Q1134686
en	Polenta	Q371813	label	Polenta	Polenta			8	Q4167410
en	Polenta	Q7209307	label	Polenta	Polenta		Polenta	5	Q16521
en	Polenta	Q99911066	label	Polenta	Polenta			1	Q101352
en	Polysiphonia fastigiata	Q104913185	label	Polysiphonia fastigiata	Polysiphonia fastigiata		Polysiphonia fastigiata	0	Q16521
en	Polysiphonia fastigiata	Q96183011	label	Polysiphonia fastigiata				0	Q125191
en	Popcorn	Q10637493	label	Popcorn	Popcorn			1	Q215380
en	Popcorn	Q111121077	label	Popcorn				0	Q654772
en	Popcorn	Q115919390	label	Popcorn				0	Q838948
en	Popcorn	Q116956680	label	Popcorn				1	Q11578774 Q24634210 Q526877
en	Popcorn	Q118186024	label	Popcorn				2	Q11424
en	Popcorn	Q11996030	label	Popcorn				1	Q482994
en	Popcorn	Q122929557	label	Popcorn				1	Q5398426
en	Popcorn	Q12621597	label	Popcorn				1	Q5398426
en	Popcorn	Q126999616	label	Popcorn				0	Q1464125
en	Popcorn	Q12738339	label	Popcorn				1	Q482994
en	Popcorn	Q15724610	label	Popcorn				3	Q1002697
en	Popcorn	Q18163226	label	Popcorn				1	Q482994
en	Popcorn	Q229193	label	Popcorn	Popcorn			18	Q4167410
en	Popcorn	Q2363552	label	Popcorn	Popcorn			4	Q47461344
en	Popcorn	Q24668290	label	Popcorn	Popcorn			1	Q5398426
en	Popcorn	Q28714039	label	Popcorn	Popcorn			1	Q482994
en	Popcorn	Q3397888	alias	PopCorn	PopCorn			3	Q7889
en	Popcorn	Q3397920	label	Popcorn				1	Q134556
en	Popcorn	Q3397927	label	Popcorn				5	Q11424
en	Popcorn	Q3908375	label	Popcorn	Popcorn			3	Q15416
en	Popcorn	Q604017	label	Popcorn	Popcorn			6	Q482994
en	Popcorn	Q61560518	label	Popcorn	Popcorn			2	Q482994
en	Popcorn	Q7229121	label	Popcorn				5	Q17343829
en	Popcorn	Q7229123	label	Popcorn	Popcorn			6	Q11424
en	Popcorn	Q7229124	label	Popcorn				3	Q7725634
en	Popcorn	Q924220	label	Popcorn	Popcorn			22	Q105543609
en	Populus balsamifera	Q149471	label	Populus balsamifera	Populus balsamifera		Populus balsamifera	35	Q16521
en	Porcini	Q118612579	label	Porcini				0	Q7889
en	Pork	Q11824072	label	Pork				1	Q5
en	Pork	Q130359239	label	Pork				0	Q105543609
en	Pork	Q130359241	label	Pork				0	Q55850593
en	Pork	Q37071431	label	Pork				0	Q101352
en	Pork	Q63886335	label	Pork				0	Q15632617 Q63975020
en	Pork	Q7230124	label	Pork	Pork			2	Q215380
en	Pork	Q7230125	label	Pork	Pork			1	Q4167410
en	Pork	Q95911177	alias	Andy Warhol's Pork				1	Q7725634
en	Potato	Q10638201	label	Potato				1	Q41298
en	Potato	Q110961586	label	Potato				0	Q110961681 Q1569167 Q80447738
en	Potato	Q1191659	label	Potato	Potato			6	Q4167410
en	Potato	Q1247716	label	Potato	Potato			5	Q215380
en	Potato	Q126022675	label	Potato				0	Q21191270
en	Potato	Q126992020	label	Potato				0	Q21191270
en	Potato	Q135026393	label	Potato				0	Q7889
en	Potato	Q135057405	label	Potato				0	Q7889
en	Potato	Q135057653	label	Potato				0	Q7889
en	Potato	Q137179595	label	Potato				0	Q15632617 Q80447738 Q87576284
en	Potato	Q16724518	label	Potato				1	Q11424
en	Potato	Q16979354	label	Potato				1	Q10689397 Q4830453
en	Potato	Q17537212	label	Potato	Potatoe		Solanum subg. Potatoe	4	Q16521
en	Potato	Q20189406	label	Potato				0	Q3305213
en	Potato	Q3399958	label	Potato	Potato			6	Q5741069
en	Potato	Q3600041	alias	88705 Potato	88705 Potato			8	Q3863
en	Potato	Q7234728	label	Potato				2	Q11424
en	Potato	Q7234729	label	Potato				1	Q21191270
en	Potato	Q84432258	alias	Jan de Haas	Jan de Haas			1	Q5
en	Potatoes	Q123288507	label	Potatoes				0	Q24862
en	Potatoes	Q125175576	label	Potatoes				0	Q21191270
en	Potatoes	Q135021431	label	Potatoes				0	Q7889
en	Potatoes	Q16176689	label	Potatoes				2	Q7725634
en	Potatoes	Q24055231	label	Potatoes				0	Q3305213
en	Potatoes	Q7235103	alias	Potoooooooo	Potoooooooo			14	Q26401003 Q726
en	Prawn	Q18719117	label	Prawn	Prawn			2	Q215380
en	Prawn	Q7238909	alias	Prawn(s)	Prawn			1	Q4167410
en	Prickly pear	Q139023	alias	Opuntia echios	Opuntia echios		Opuntia echios	9	Q16521
en	Prickly pear	Q148613	alias	Opuntia helleri	Opuntia helleri		Opuntia helleri	5	Q16521
en	Prickly pear	Q292801	alias	Opuntia galapageia	Opuntia galapageia		Opuntia galapageia	11	Q16521
en	Prickly pear	Q7242704	label	Prickly pear	Prickly pear			1	Q4167410
en	Prune	Q110383688	alias					0	Q3305213
en	Prune	Q18297723	alias	Prune1				0	Q20747295 Q7187
en	Prune	Q24395541	alias	Prune1				0	Q20747295 Q7187
en	Prune	Q2850425	alias	Ann Veronica Janssens	Ann Veronica Janssens			5	Q5
en	Prune	Q28557779	alias	Prune exopolyphosphatase 1				0	Q8054
en	Prune	Q3408597	label	Prune	Prune			2	Q11879590
en	Prune	Q344503	label	Prune	Prune			2	Q4167410
en	Prune	Q55662780	label	Prune				4	Q7889
en	Prunus	Q122356283	label	Prunus				0	Q726
en	Prunus	Q190545	label	Prunus	Prunus		Prunus	86	Q10884 Q148993 Q16521
en	Prunus	Q19444419	label	Prunus				0	Q79007
en	Prunus	Q19444429	label	Prunus				0	Q79007
en	Prunus	Q19444439	label	Prunus				0	Q79007
en	Prunus	Q19444449	label	Prunus				0	Q79007
en	Prunus	Q19444461	label	Prunus				0	Q79007
en	Prunus	Q19444473	label	Prunus				0	Q79007
en	Prunus	Q19444487	label	Prunus				0	Q79007
en	Prunus	Q19444499	label	Prunus				0	Q79007
en	Prunus	Q19444506	label	Prunus				0	Q79007
en	Prunus	Q19444514	label	Prunus				0	Q79007
en	Prunus	Q60476587	label	Prunus				0	Q3305213
en	Prunus	Q78925816	label	Prunus				0	Q3305213
en	Prunus	Q9063477	label	Prunus				3	Q4167410
en	Psilocaulon absimile	Q21325423	label	Psilocaulon absimile	Psilocaulon absimile		Psilocaulon absimile	0	Q16521
en	Pumpkin	Q102034547	label	Pumpkin				0	Q3305213
en	Pumpkin	Q104772228	label	Pumpkin				0	Q7725634
en	Pumpkin	Q112027860	label	Pumpkin				2	Q860861
en	Pumpkin	Q123517553	alias	Scarface				1	Q1307329
en	Pumpkin	Q125502611	label	Pumpkin				0	Q125502232
en	Pumpkin	Q135579797	label	Pumpkin				1	Q26401003 Q726
en	Pumpkin	Q137394006	label	Pumpkin				0	Q19921141 Q838948 Q93184
en	Pumpkin	Q15116748	label	Pumpkin	Pumpkin			3	Q482994
en	Pumpkin	Q21537192	label	Pumpkin				0	Q5
en	Pumpkin	Q21971760	label	Pumpkin				1	Q184358
en	Pumpkin	Q3410810	label	Pumpkin				2	Q215380
en	Pumpkin	Q4024890	label	Pumpkin	Zucca			7	Q11424
en	Pumpkin	Q4047634	label	Pumpkin	Pumpkin			0	Q134556
en	Pumpkin	Q51846260	label	Pumpkin				2	Q42610
en	Pumpkin	Q65040686	label	Pumpkin				4	Q17343829
en	Pumpkin	Q673101	label	Pumpkin	Pumpkin			15	Q11424
en	Pumpkin	Q7259834	label	Pumpkin	Pumpkin			6	Q4167410
en	Pumpkin	Q96619708	alias	Pumpkin: The Curious History of an American Icon				1	Q7725634
en	Quince	Q138542023	label	Quince				1	Q783794
en	Quince	Q17488589	label	Quince				0	Q17413155 Q17480853
en	Quince	Q28452815	label	Quince	Quince			3	Q11707
en	Quince	Q34737532	label	Quince				1	Q12284
en	Quince	Q37574820	label	Quince	Quince			1	Q101352
en	Quince	Q4655345	alias	A Band Called Quinn				1	Q2088357
en	Quince	Q63534388	label	Quince				0	Q15632617 Q50386450
en	Quince	Q7272090	label	Quince	Quince			1	Q4167410
en	Quince	Q98447083	label	Quince				1	Q210112
en	Radish	Q106997487	label	Radish				0	Q17537576
en	Radish	Q11241446	label	Radish				1	Q10648343
en	Radish	Q11347741	label	Radish				1	Q14637321
en	Radish	Q114707587	label	Radish				0	Q3305213
en	Radish	Q135655064	label	Radish				1	Q7725634
en	Radish	Q17314526	label	Radish				4	Q4167410
en	Radish	Q2345156	alias	Raditz	Radish			14	Q2000106 Q80447738 Q87576284
en	Radish	Q3417041	label	Radish				3	Q215380
en	Radish	Q37130273	label	Radish	Radish			0	Q101352
en	Radish	Q76349485	label	Radish				0	Q11060274
en	Raisin	Q122547182	label	Raisin				0	Q486972 Q5084
en	Raisin	Q1294667	label	Raisin	Raisin			11	Q4167410
en	Raisin	Q137393193	label	Raisin				0	Q215380
en	Raisin	Q19605439	label	Raisin				1	Q57821
en	Raisin	Q2813655	alias	1st Vendémiaire				3	Q12956717 Q14795564 Q5019497
en	Raisin	Q56309363	label	Raisin	Raisin			4	Q928830
en	Raisin	Q59856953	label	Raisin	Raisin			2	Q101352
en	Raisin	Q7285130	label	Raisin	Raisin			3	Q58483083
en	Rangpur	Q1304478	label	Rangpur	Citrus × limonia		Citrus ×limonia	17	Q11992872 Q16521
en	Rangpur	Q17079955	label	Rangpur				4	Q15642541
en	Rangpur	Q2769810	label	Rangpur				2	Q56436498
en	Rangpur	Q402021	label	Rangpur				14	Q4167410
en	Rangpur	Q60424897	label	Rangpur				0	Q56436498
en	Rangpur	Q60742445	label	Rangpur				0	Q56436498
en	Rangpur	Q7292902	label	Rangpur				9	Q839954
en	Rangpur	Q994514	label	Rangpur	Rangpur			51	Q1549591 Q515 Q56061
en	Rapeseed	Q138775222	label	Rapeseed				0	Q93184
en	Rapeseed	Q97375257	alias	Rapeweed				1	Q177932
en	Raspberries	Q103931990	label	Raspberries				0	Q3305213
en	Raspberries	Q140362884	label	Raspberries				0	Q21191270
en	Raspberries	Q20188409	label	Raspberries				0	Q3305213
en	Raspberries	Q2715339	label	Raspberries	Raspberries			14	Q215380
en	Raspberries	Q64576982	label	Raspberries				0	Q3305213
en	Raspberries	Q7295181	label	Raspberries	Raspberries			2	Q482994
en	Raspberry	Q1031912	label	Raspberry	Raspberry			11	Q4167410
en	Raspberry	Q11241543	label	Raspberry				1	Q134556
en	Raspberry	Q135056676	label	Raspberry				0	Q7889
en	Raspberry	Q37312192	label	Raspberry	Raspberry			1	Q101352
en	Raspberry	Q7295183	label	Raspberry				3	Q17343829
en	Raspberry	Q7295184	label	Raspberry				1	Q486972
en	Raspberry	Q81759345	label	Raspberry				0	Q3305213
en	Red bean	Q3127446	label	Red bean	Fagiolo rosso			9	Q4167410
en	Red currant	Q18078629	alias	Searsia chirindensis	Searsia chirindensis		Searsia chirindensis	7	Q16521
en	Red currant	Q25113603	label	Red currant	Red currant			1	Q4167410
en	Red meat	Q7305354	label	Red meat	Red meat			1	Q4167410
en	Rhizopus	Q134258	label	Rhizopus	Rhizopus		Rhizopus	26	Q16521
en	Rhizopus	Q61996490	label	Rhizopus	Rhizopus		Rhizopus	0	Q16521
en	Rhodotorula glutinis	Q10653331	label	Rhodotorula glutinis	Rhodotorula glutinis		Rhodotorula glutinis	8	Q16521
en	Rhubarb	Q115783927	label	Rhubarb				0	Q3305213
en	Rhubarb	Q126723978	label	Rhubarb				0	Q126723187
en	Rhubarb	Q139394604	label	Rhubarb				0	Q11060274
en	Rhubarb	Q7321524	label	Rhubarb	Il gatto milionario			7	Q11424
en	Rhubarb	Q7321525	label	Rhubarb				2	Q24862
en	Rhubarb	Q7321526	label	Rhubarb	Rhubarb			1	Q215380
en	Rhubarb	Q7321529	label	Rhubarb				2	Q4167410
en	Rhus coriaria	Q159546	label	Rhus coriaria	Rhus coriaria		Rhus coriaria	40	Q16521
en	Rhus glabra	Q3177997	label	Rhus glabra	Rhus glabra		Rhus glabra	18	Q16521
en	Rhus semialata	Q50864334	label	Rhus semialata	Rhus semialata		Rhus semialata	0	Q16521
en	Rhus typhia	Q111040023	label	Rhus typhia	Rhus typhia		Rhus typhia	0	Q16521
en	Ribes	Q115976838	label	Ribes				0	Q105543609
en	Ribes	Q18444533	label	Ribes	Ribes			4	Q486972
en	Ribes	Q19465545	label	Ribes				0	Q79007
en	Ribes	Q19465546	label	Ribes				0	Q79007
en	Ribes	Q22691	label	Ribes			Ribes	87	Q13184 Q16521 Q3314483
en	Ribes	Q27969510	label	Ribes	Ribes			2	Q101352
en	Ribes	Q408964	label	Ribes	Ribes			11	Q4167410
en	Ribes	Q470549	label	Ribes	Ribes			40	Q484170
en	Ribes	Q88847615	alias	Miguel Ángel Ribes				0	Q5
en	Rice	Q106997080	label	Rice				0	Q17537576
en	Rice	Q107379316	label	Rice	Rice			0	Q18127
en	Rice	Q111892258	label	Rice				0	Q111891597
en	Rice	Q112977543	alias	rice and stew with cowskin				0	Q192628 Q2095
en	Rice	Q115262683	label	Rice				0	Q96759164
en	Rice	Q116888572	label	Rice				0	Q486972
en	Rice	Q122948483	alias	Okpehe Rice				0	Q2095
en	Rice	Q123187022	label	Rice				0	Q123186574
en	Rice	Q125934874	label	Rice				1	Q56061
en	Rice	Q127699690	label	Rice				0	Q21191270
en	Rice	Q132197855	label	Rice				0	Q166142 Q17537576
en	Rice	Q13557324	label	Rice	Rice			11	Q101352
en	Rice	Q14275569	label	Rice	Rice			1	Q5633421 Q737498 Q773668
en	Rice	Q15930069	label	Rice				1	Q11424
en	Rice	Q161426	alias	Oryza molida	Oryza sativa		Oryza sativa	90	Q11992872 Q16521
en	Rice	Q1783067	label	Rice				4	Q215380
en	Rice	Q22134173	label	Rice				3	Q17343829
en	Rice	Q2249511	label	Rice	Rice			36	Q1093829
en	Rice	Q22669757	alias	Charles M. Rice	Charles Moen Rice			54	Q5
en	Rice	Q230400	label	Rice	Rice			25	Q4167410
en	Rice	Q3459602	label	Rice				7	Q17343829
en	Rice	Q3473541	label	Rice				5	Q74047
en	Rice	Q36549297	alias	Ellen L. Rice				0	Q5
en	Rice	Q60756389	label	Rice				2	Q17343829
en	Rice	Q65119040	label	Rice				2	Q12308941
en	Rice	Q7322969	label	Rice				5	Q17343829
en	Rice	Q7322971	label	Rice				1	Q17343829
en	Rice	Q7322972	label	Rice				6	Q17343829
en	Rice	Q7322981	label	Rice				1	Q5
en	Rice	Q7322982	label	Rice				6	Q11424
en	Rice	Q7322983	label	Rice				1	Q7725634
en	Rice	Q73258112	label	Rice				0	Q121117
en	Rice	Q76347411	label	Rice				0	Q11060274
en	Rice	Q7760637	label	Rice				7	Q11424
en	Rice	Q842909	alias	Rice University	Università Rice			51	Q15936437 Q23002054 Q902104
en	Rice	Q978055	label	Rice	Rice			32	Q1093829
en	Ricotta	Q10852342	label	Ricotta				2	Q4830453
en	Ricotta	Q37278499	label	Ricotta	Ricotta			0	Q101352
en	Ricotta	Q3935152	label	Ricotta	Ricotta			1	Q15632617 Q3658341
en	Ricotta	Q839019	alias	Curd Cheese	La ricotta			7	Q11424
en	Robinia pseudoacacia	Q25443539	label	Robinia pseudoacacia				2	Q20071150
en	Robinia pseudoacacia	Q28706650	label	Robinia pseudoacacia				2	Q20071150
en	Roman chamomile	Q5723577	alias	Chamaemelum nobile	Chamaemelum nobile		Chamaemelum nobile	39	Q16521
en	Romano cheese	Q7362740	label	Romano cheese				9	Q17315191 Q3088299
en	Root	Q101242941	label	Root				6	Q131436
en	Root	Q106995875	label	Root				0	Q17537576
en	Root	Q106996906	label	Root				0	Q17537576
en	Root	Q11241231	label	Root				1	Q482994
en	Root	Q11261284	label	Root				2	Q4830453 Q6881511
en	Root	Q1145795	label	Root				12	Q1074076
en	Root	Q114813756	alias	Effects of the Space Environment on the Nuclear Structure and Function of Plant Root Meristematic Cells Grown in Microgravity				0	Q108572660
en	Root	Q115262717	label	Root				0	Q96759164
en	Root	Q116309379	label	Root				0	Q30017383 Q99662445
en	Root	Q119581379	label	Root				0	Q3305213
en	Root	Q122822655	label	Root				0	Q7889
en	Root	Q128034489	label	Root				0	Q202444
en	Root	Q14575	label	Root	Root			26	Q70208
en	Root	Q16624409	label	Root				2	Q11424
en	Root	Q21188681	label	Root	Root			1	Q15632617 Q15773317
en	Root	Q22461702	label	Root				1	Q486972
en	Root	Q29718297	label	Root				0	Q7187
en	Root	Q29813809	alias	Rootletin Dmel_CG6129				0	Q8054
en	Root	Q3499184	label	Root	Root			9	Q215380
en	Root	Q351030	label	Root	Root			28	Q4167410
en	Root	Q3708378	label	Root	Root			15	Q106071004 Q15127012
en	Root	Q7366544	label	Root	Root			1	Q482994
en	Root	Q85869723	label	Root	Root			2	Q5
en	Roquefort cheese	Q189221	label	Roquefort cheese	roquefort			59	Q10943 Q1411808 Q1531597 Q16637313 Q2223649 Q3088323 Q746471
en	Rosa borbonica	Q85193749	label	Rosa borbonica	Rosa borbonica		Rosa borbonica	0	Q16521
en	Rosa centifolia	Q640505	alias	Rosa × centifolia	Rosa × centifolia		Rosa × centifolia	31	Q16521
en	Rosa rugosa	Q634975	label	Rosa rugosa	Rosa rugosa		Rosa rugosa	47	Q16521 Q756
en	Rosaceae	Q46299	label	Rosaceae			Rosaceae	100	Q16521
en	Rose	Q102259156	label	Rose				0	Q93184
en	Rose	Q102260175	label	Rose				0	Q93184
en	Rose	Q102260178	label	Rose				0	Q18761202
en	Rose	Q102260185	label	Rose				0	Q18761202
en	Rose	Q102260192	label	Rose				0	Q18761202
en	Rose	Q102260199	label	Rose				0	Q93184
en	Rose	Q102260206	label	Rose				0	Q18761202
en	Rose	Q102260212	label	Rose				0	Q18761202
en	Rose	Q102260220	label	Rose				0	Q18761202
en	Rose	Q102260226	label	Rose				0	Q18761202
en	Rose	Q102260235	label	Rose				0	Q18761202
en	Rose	Q102260242	label	Rose				0	Q93184
en	Rose	Q103781214	label	Rose				0	Q11446 Q852190
en	Rose	Q103781222	label	Rose				0	Q11446 Q852190
en	Rose	Q103983430	label	Rose				0	Q79007
en	Rose	Q103985686	label	Rose				0	Q79007
en	Rose	Q104294253	label	Rose				0	Q2151232
en	Rose	Q104603434	label	Rose				0	Q3305213
en	Rose	Q105087140	label	Rose				0	Q11060274 Q23657385
en	Rose	Q105801448	label	Rose				0	Q5
en	Rose	Q106261154	label	Rose				0	Q79007
en	Rose	Q106595945	label	Rose				4	Q11424
en	Rose	Q106764838	label	Rose				0	Q506240
en	Rose	Q106816128	label	Rose				0	Q95074
en	Rose	Q108409951	label	Rose				0	Q5
en	Rose	Q108605236	alias	Tropical Storm Rose				1	Q8092
en	Rose	Q109860507	label	Rose				3	Q11424
en	Rose	Q11242096	label	Rose				1	Q134556
en	Rose	Q11242098	label	Rose				1	Q134556
en	Rose	Q113027007	label	Rose				0	Q15632617 Q15773317
en	Rose	Q114465846	label	Rose				0	Q21191270
en	Rose	Q115262719	label	Rose				0	Q96759164
en	Rose	Q115708456	label	Rose				0	Q852190
en	Rose	Q115708784	label	Rose				0	Q852190
en	Rose	Q115709205	label	Rose				0	Q852190
en	Rose	Q115709654	label	Rose				0	Q852190
en	Rose	Q115709752	label	Rose				0	Q852190
en	Rose	Q115711730	label	Rose				0	Q852190
en	Rose	Q115712023	label	Rose				0	Q852190
en	Rose	Q115713222	label	Rose				0	Q852190
en	Rose	Q116026293	label	Rose				0	Q5
en	Rose	Q116592695	label	Rose				1	Q11446
en	Rose	Q116888593	label	Rose				0	Q486972
en	Rose	Q116888595	label	Rose				0	Q486972
en	Rose	Q117036590	alias	White Rose				1	Q15254
en	Rose	Q117076523	label	Rose				0	Q1009600
en	Rose	Q117076597	label	Rose				0	Q105999
en	Rose	Q117453874	label	Rose				0	Q5
en	Rose	Q119349061	label	Rose				0	Q726
en	Rose	Q119583478	label	Rose				0	Q3305213
en	Rose	Q119872716	label	Rose				0	Q3305213
en	Rose	Q119930941	label	Rose				0	Q3305213
en	Rose	Q119931167	label	Rose				0	Q3305213
en	Rose	Q120042044	label	Rose				0	Q3305213
en	Rose	Q120167018	alias	Natalie Rose  Davidson				0	Q5
en	Rose	Q120462546	label	Rose				0	Q11446
en	Rose	Q12050590	label	Rose				1	Q125191
en	Rose	Q121153095	label	Rose				0	Q11060274
en	Rose	Q122057789	label	Rose				0	Q726
en	Rose	Q122710968	label	Rose				0	Q11446
en	Rose	Q122797237	label	Rose				0	Q11446
en	Rose	Q123485126	label	Rose				1	Q5
en	Rose	Q12490288	label	Rose				10	Q11753321
en	Rose	Q1251065	label	Rose	Rose			42	Q4167410
en	Rose	Q12581761	label	Rose				1	Q482994
en	Rose	Q128597471	label	Rose				0	Q105543609
en	Rose	Q130485765	label	Rose				0	Q55850593
en	Rose	Q131675297	label	Rose				1	Q105543609
en	Rose	Q131913348	label	Rose				1	Q134556
en	Rose	Q132200925	label	Rose				0	Q7725634
en	Rose	Q1336049	alias	Joseph Nelson Rose	Joseph Nelson Rose			17	Q5
en	Rose	Q134510905	label	Rose				0	Q3305213
en	Rose	Q134878552	label	Rose				0	Q17538722
en	Rose	Q134896872	label	Rose				2	Q134556
en	Rose	Q135448240	label	Rose				0	Q3305213
en	Rose	Q135580654	label	Rose				0	Q15632617 Q15711870
en	Rose	Q136001120	alias	Gypsy Rose				0	Q5
en	Rose	Q136336604	label	Rose				0	Q5
en	Rose	Q136458718	label	Rose				9	Q11424
en	Rose	Q136472827	label	Rose				0	Q15632617 Q3658341
en	Rose	Q136712791	label	Rose				0	Q7777570
en	Rose	Q136712792	label	Rose				0	Q7777570
en	Rose	Q137876240	label	Rose				2	Q21191270
en	Rose	Q138248970	label	Rose				1	Q212198
en	Rose	Q138780723	label	Rose				0	Q93184
en	Rose	Q139576339	label	Rose				0	Q7725634
en	Rose	Q139695995	label	Rose				0	Q1327260 Q18219090
en	Rose	Q139736292	label	Rose				0	Q15632617 Q37146376
en	Rose	Q139885676	label	Rose				3	Q7725634
en	Rose	Q140274694	label	Rose				0	Q47461344
en	Rose	Q141353758	label	Rose				1	Q30170627 Q386208
en	Rose	Q14875764	label	Rose				1	Q486972
en	Rose	Q15299440	label	Rose	Rose			4	Q55818
en	Rose	Q15843029	label	Rose	Rose			1	Q47574
en	Rose	Q16085484	label	Rose				2	Q532
en	Rose	Q16203859	label	Rose				1	Q5
en	Rose	Q16746505	label	Rose	Rose			1	Q21191270
en	Rose	Q16879142	label	Rose				2	Q17343829
en	Rose	Q1724227	label	Rose				9	Q101352 Q829026 Q98775491
en	Rose	Q17426187	label	Rose				2	Q11424
en	Rose	Q1752518	alias	The Rose	The Rose			23	Q11424
en	Rose	Q17593393	label	Rose	Rose			1	Q506240
en	Rose	Q17745929	label	Rose				1	Q482994
en	Rose	Q17853989	alias	Sergeant Blume				0	Q1114461 Q15632617
en	Rose	Q17853991	alias	Jacob Conover				0	Q1114461
en	Rose	Q17853992	alias	Phillip Hayes				0	Q1114461
en	Rose	Q1809998	label	Rose				1	Q8436
en	Rose	Q18170357	label	Rose				3	Q11424
en	Rose	Q18454270	label	Rose	Rose			4	Q1134686
en	Rose	Q18808404	label	Rose				1	Q15711870
en	Rose	Q1887272	label	Rose				13	Q15219655
en	Rose	Q2052558	label	Rose	Rose			19	Q21191270
en	Rose	Q205326	alias	Derrick Rose	Derrick Rose			57	Q5
en	Rose	Q20642486	alias	HMS Ranger				1	Q683363
en	Rose	Q20657721	label	Rose				2	Q17343829
en	Rose	Q2166705	label	Rose	Rose			2	Q253019
en	Rose	Q2166708	label	Rose	Rose			1	Q253019
en	Rose	Q2166713	label	Rose				4	Q4022
en	Rose	Q23565440	label	Rose				1	Q24862
en	Rose	Q23762167	label	Rose				0	Q838948
en	Rose	Q23949024	label	Rose				0	Q3305213
en	Rose	Q2558257	label	Rose	Rose			6	Q15632617 Q1569167
en	Rose	Q26283184	alias	The Rose Inn				0	Q212198 Q256020
en	Rose	Q26618487	label	Rose				0	Q13360578
en	Rose	Q26714844	alias	Rose Quartz				1	Q15711870 Q26714783
en	Rose	Q2749274	label	Rose				1	Q15081030
en	Rose	Q28410748	label	Rose				1	Q5
en	Rose	Q28496805	label	Rose				1	Q105543609
en	Rose	Q28501957	alias	The Rose				0	Q111353956 Q15711870
en	Rose	Q28791859	alias	Julius Rose	Julius Rose			2	Q5
en	Rose	Q30029593	label	Rose	Rose			1	Q15303838
en	Rose	Q30105385	label	Rose				1	Q5003624 Q860861
en	Rose	Q30600936	label	Rose				2	Q134556
en	Rose	Q30742660	label	Rose				3	Q11424
en	Rose	Q3123719	label	Rose				5	Q134556
en	Rose	Q32010268	label	Rose				1	Q820477
en	Rose	Q3277177	label	Rose				6	Q134556 Q7366
en	Rose	Q3442350	label	Rose				3	Q482994
en	Rose	Q3442353	label	Rose	Rose			8	Q134768 Q2536409
en	Rose	Q3473834	label	Rose				15	Q17343829
en	Rose	Q3585338	label	Rose	Rose			10	Q11879590
en	Rose	Q3877132	alias	Ninna nanna / Rose	Ninna nanna/Rose			1	Q134556
en	Rose	Q3941234	label	Rose	Rosa			4	Q1114461 Q7725310
en	Rose	Q3941733	alias	Rosé	Rosé			2	Q482994
en	Rose	Q3943268	alias	Roujuuro Otoribashi	Rōjūrō Ōtoribashi			3	Q30061294 Q80447738 Q87576284
en	Rose	Q40231932	alias	Iver Rose	Iver Rose			0	Q5
en	Rose	Q40750599	alias	Rose Ellen Dix				0	Q5
en	Rose	Q4121267	label	Rose	Rose			1	Q15632617 Q15773317
en	Rose	Q431350	label	Rose	Rose			11	Q5
en	Rose	Q4355939	label	Rose				3	Q15632617 Q15773317
en	Rose	Q46988029	label	Rose				0	Q3305213
en	Rose	Q470655	alias	Philipp Peter Roos	Philipp Peter Roos			12	Q5
en	Rose	Q48674325	alias	Being Rose				2	Q11424
en	Rose	Q48731689	alias	Rose Tico	Rose Tico			12	Q15632617 Q15773347 Q33125444
en	Rose	Q488106	alias	No Min-woo	No Min-woo			18	Q5
en	Rose	Q49209216	label	Rose				0	Q3305213
en	Rose	Q49331045	label	Rose				0	Q3305213
en	Rose	Q50813591	label	Rose				0	Q3305213
en	Rose	Q51270	label	Rose				17	Q106071004 Q15127012
en	Rose	Q52152809	alias	Adele Sunshine	Adele Sunshine			0	Q5
en	Rose	Q5359005	alias	Elena Ferretti	Elena Ferretti			5	Q5
en	Rose	Q53950	label	Rose	Rose			46	Q747074
en	Rose	Q59543300	label	Rose				0	Q3305213
en	Rose	Q61046036	alias	Joan B. Rose	Joan Rose			2	Q5
en	Rose	Q61873960	alias	Roseli Bandeira de Assis Cavalli				0	Q5
en	Rose	Q63517617	label	Rose				0	Q15632617 Q50386450
en	Rose	Q63529390	label	Rose				0	Q28931760
en	Rose	Q63536722	label	Rose				0	Q111353943 Q50386450
en	Rose	Q63550251	label	Rose				0	Q28931760
en	Rose	Q63762737	label	Rose				0	Q15632617 Q63975020
en	Rose	Q63890419	label	Rose				0	Q15632617 Q63975020
en	Rose	Q63893110	label	Rose				0	Q15632617 Q63975020
en	Rose	Q64146936	label	Rose				0	Q125191
en	Rose	Q64494793	label	Rose				0	Q15632617 Q1569167
en	Rose	Q65386604	label	Rose				0	Q15773347
en	Rose	Q65386645	label	Rose				0	Q15632617 Q15773347
en	Rose	Q65387467	label	Rose				0	Q15632617 Q15773347
en	Rose	Q65571775	label	Rose				0	Q11060274
en	Rose	Q65571777	label	Rose				0	Q11060274
en	Rose	Q71369233	label	Rose				0	Q121117
en	Rose	Q7367603	label	Rose				3	Q486972 Q5084
en	Rose	Q7367622	label	Rose				1	Q482994
en	Rose	Q7367624	label	Rose				1	Q1004
en	Rose	Q7367625	label	Rose				1	Q7725634
en	Rose	Q7367626	label	Rose				1	Q7725634
en	Rose	Q7367638	alias	Rose Atoll Marine National Monument				4	Q1367500 Q893775
en	Rose	Q7367940	alias	Rose State College				5	Q23002039
en	Rose	Q7370184	alias	Rosé				1	Q134556
en	Rose	Q7386595	label	Rose	Róża			6	Q11424
en	Rose	Q74891531	label	Rose				0	Q11060274
en	Rose	Q75416359	label	Rose				0	Q11060274
en	Rose	Q79042665	label	Rose				0	Q3305213
en	Rose	Q79911907	label	Rose				0	Q93184
en	Rose	Q79994829	label	Rose				0	Q11060274
en	Rose	Q83631310	alias	Longrose				1	Q11446
en	Rose	Q85797901	label	Rose				1	Q11446
en	Rose	Q90696599	alias	George D. Rose				0	Q5
en	Rose	Q94638656	label	Rose				0	Q5
en	Rose	Q97987404	label	Rose				0	Q11446
en	Rose	Q97987405	label	Rose				0	Q11446
en	Rose	Q97987407	label	Rose				0	Q11446
en	Rose	Q97987408	label	Rose				0	Q11446
en	Rose	Q97987410	label	Rose				0	Q11446
en	Rose	Q97987412	label	Rose				0	Q11446
en	Rose	Q97987413	label	Rose				0	Q11446
en	Rose	Q98447057	label	Rose				0	Q210112
en	Rose	Q98608841	label	Rose				1	Q860861
en	Rose apple	Q7367989	label	Rose apple	Rose apple			2	Q4167410
en	Roselle	Q1013233	label	Roselle	Roselle			37	Q2911266
en	Roselle	Q1231529	label	Roselle	Roselle			16	Q1134686
en	Roselle	Q137847295	label	Roselle				0	Q144
en	Roselle	Q19869446	label	Roselle	Roselle			0	Q11879590
en	Roselle	Q21657862	label	Roselle				3	Q4022
en	Roselle	Q2508487	label	Roselle	Roselle			34	Q110071217
en	Roselle	Q27985863	label	Roselle				2	Q17343829
en	Roselle	Q37042244	label	Roselle	Roselle			1	Q101352
en	Roselle	Q401837	label	Roselle	Roselle			14	Q4167410
en	Roselle	Q7368244	label	Roselle				3	Q55488
en	Roselle	Q79303875	label	Roselle				0	Q108387224 Q35112127
en	Roselle	Q96402770	label	Roselle				1	Q11446
en	Roselle	Q96402775	label	Roselle				1	Q11446
en	Roselle	Q96402779	label	Roselle				1	Q15623926
en	Roselle	Q97987421	label	Roselle				0	Q11446
en	Rosemary	Q100322581	label	Rosemary				0	Q2085381 Q43229
en	Rosemary	Q102240169	alias	Salvia rosmarinus	Salvia rosmarinus		Salvia rosmarinus	115	Q11992872 Q16521 Q42295
en	Rosemary	Q10364616	label	Rosemary				2	Q5
en	Rosemary	Q103900825	label	Rosemary				0	Q1420024 Q852190
en	Rosemary	Q105860596	label	Rosemary				1	Q58483083
en	Rosemary	Q113580987	alias	Alice Miller				1	Q5
en	Rosemary	Q113613756	alias	Amy Goodhead				0	Q5
en	Rosemary	Q1169823	label	Rosemary	La ragazza Rosemarie			9	Q11424
en	Rosemary	Q123666534	label	Rosemary				2	Q11424
en	Rosemary	Q12970146	label	Rosemary				1	Q5398426
en	Rosemary	Q141270168	label	Rosemary				0	Q5
en	Rosemary	Q1428410	label	Rosemary	Rosemary			5	Q11879590
en	Rosemary	Q16134771	label	Rosemary				5	Q5
en	Rosemary	Q1865680	alias	Rosmarinus	Rosmarinus		Rosmarinus	1	Q16521
en	Rosemary	Q26286869	label	Rosemary				1	Q41176
en	Rosemary	Q26287374	label	Rosemary				0	Q13360578
en	Rosemary	Q26312250	label	Rosemary				0	Q41176
en	Rosemary	Q26325997	label	Rosemary				0	Q41176
en	Rosemary	Q26550971	label	Rosemary				0	Q41176
en	Rosemary	Q26557096	label	Rosemary				0	Q41176
en	Rosemary	Q26579401	label	Rosemary				0	Q41176
en	Rosemary	Q26588769	label	Rosemary				0	Q41176
en	Rosemary	Q26618036	label	Rosemary				0	Q3947
en	Rosemary	Q28812091	label	Rosemary				0	Q15632617 Q15773347
en	Rosemary	Q32130409	alias	Kikuko Yatauyungana				2	Q5
en	Rosemary	Q3442503	label	Rosemary	Rosemary			3	Q1569167 Q66312135
en	Rosemary	Q37522471	label	Rosemary	Rosemary			0	Q101352
en	Rosemary	Q3888093	label	Rosemary	Courtney Rush			12	Q5
en	Rosemary	Q414739	label	Rosemary	Rosemary			12	Q4167410
en	Rosemary	Q5488919	alias	Phylica polifolia	Phylica polifolia		Phylica polifolia	7	Q16521
en	Rosemary	Q64822530	label	Rosemary				0	Q25391823
en	Rosemary	Q66581834	label	Rosemary	Rosemary			1	Q11424
en	Rosemary	Q7368296	label	Rosemary	Rosemary			11	Q486972 Q6644696
en	Rosemary	Q7368299	label	Rosemary				2	Q7725634
en	Rosemary	Q7368301	label	Rosemary				1	Q1555508
en	Rosemary	Q83605283	label	Rosemary				1	Q191826
en	Rosemary	Q844932	alias					31	Q3863
en	Rosemary	Q86060830	label	Rosemary				0	Q11446
en	Rubus arcticus	Q210330	label	Rubus arcticus	Rubus arcticus		Rubus arcticus	37	Q16521
en	Rubus arcticus	Q21138946	label	Rubus arcticus	Rubus arcticus			1	Q4167410
en	Rue	Q104326450	label	Rue				0	Q2151232
en	Rue	Q104340887	label	Rue				0	Q2151232
en	Rue	Q110086632	label	Rue				0	Q144
en	Rue	Q116033979	label	Rue	Rue			1	Q134556
en	Rue	Q122365539	label	Rue				0	Q7889
en	Rue	Q12333928	label	Rue				1	Q532
en	Rue	Q14175641	label	Rue	Rue			0	Q15632617 Q15773347 Q3658341
en	Rue	Q15140428	label	Rue				2	Q486972
en	Rue	Q17804607	label	Rue				0	Q41176
en	Rue	Q18444724	label	Rue	Rue			4	Q486972
en	Rue	Q19865161	alias	Avon				3	Q17343829
en	Rue	Q19970545	label	Rue	Rue			2	Q11879590
en	Rue	Q22059002	alias	Vassar				3	Q17343829
en	Rue	Q266532	alias	The Addams Family	La famiglia Addams			23	Q5398426
en	Rue	Q30669499	label	Rue	Rue			2	Q101352
en	Rue	Q341904	label	Rue	RUE			13	Q4167410
en	Rue	Q629405	label	Rue	Rue			46	Q484170
en	Rue	Q70188	label	Rue	Rue			26	Q70208
en	Rue	Q7377760	label	Rue				1	Q17343829
en	Rue	Q7766058	alias	The Sprig of Thyme				4	Q105543609
en	Rum	Q1044363	label	Rum	Rum			21	Q2590631
en	Rum	Q123580589	label	Rum				0	Q69680123
en	Rum	Q125821813	label	Rum				0	Q17376095
en	Rum	Q126064953	label	Rum				0	Q126020951
en	Rum	Q141572329	alias	Kumron Jivachat				0	Q5
en	Rum	Q18391456	label	Rum				1	Q134556
en	Rum	Q19731677	label	Rum				1	Q965568
en	Rum	Q19861246	alias	rumseyite	rumseyite			2	Q12089225 Q729283
en	Rum	Q20521305	label	Rum				3	Q65661087
en	Rum	Q20909275	label	Rum				1	Q124714
en	Rum	Q21631252	label	Rum				5	Q65661087
en	Rum	Q21865291	label	Rum				1	
en	Rum	Q2199219	label	Rum	Rum			3	Q215380
en	Rum	Q25204596	label	Rum				4	Q11424
en	Rum	Q25462639	label	Rum				2	Q15632617 Q80447738 Q87576284
en	Rum	Q359438	label	Rum	Rum			35	Q4167410
en	Rum	Q37571901	label	Rum	Rum			1	Q101352
en	Rum	Q3943294	label	Rum	Rūm			18	Q81639
en	Rum	Q668078	label	Rum				31	Q562061 Q667509
en	Rum	Q7379090	label	Rum				6	Q532
en	Rum	Q79019951	label	Rum				0	Q1002697
en	Rum	Q975405	alias	Sultanate of Rum	Sultanato di Rum			74	Q3024240
en	Russian cheese	Q4398130	label	Russian cheese				5	Q3088299 Q3546121 Q765270
en	Rutabaga	Q2846286	alias	Andre Williams	Andre Williams			8	Q5
en	Rutabaga	Q5644541	label	Rutabaga	Rutabaga			1	Q4167410
en	Rutabaga	Q7382752	label	Rutabaga				1	
en	Rutaceae	Q146030	label	Rutaceae	Rutaceae		Rutaceae	78	Q16521
en	Saffron	Q100967603	label	Saffron				0	Q79007
en	Saffron	Q103904886	label	Saffron				0	Q1420024 Q852190
en	Saffron	Q125195555	label	Saffron				0	Q15632617 Q3658341
en	Saffron	Q135046893	label	Saffron				0	Q7889
en	Saffron	Q136473052	alias	Red Jackhammer				0	Q5
en	Saffron	Q139829934	label	Saffron				0	Q7725634
en	Saffron	Q140240788	label	Saffron				0	Q13433827
en	Saffron	Q15582782	label	Saffron	Saffron			2	Q11879590
en	Saffron	Q19895617	label	Saffron				1	Q482994
en	Saffron	Q37539019	label	Saffron	Saffron			1	Q101352
en	Saffron	Q417291	label	Saffron	Saffron			4	Q4167410
en	Saffron	Q54857352	label	Saffron				1	Q1114461 Q15632617
en	Saffron	Q56612964	label	Saffron				0	Q589282
en	Saffron	Q65971613	label	Saffron				0	Q95074
en	Saffron	Q67057325	label	Saffron				0	Q5
en	Saffron	Q6744941	label	Saffron	Safulan			2	Q30301487
en	Saffron	Q6917113	alias	Mota massyla	Mota massyla		Mota massyla	9	Q16521
en	Saffron	Q7398722	label	Saffron	Saffron			8	Q5
en	Saffron	Q84259937	label	Saffron				0	Q11446
en	Sage	Q100291640	label	Sage				0	Q3305213
en	Sage	Q107315161	label	Sage				1	Q15632617 Q1569167
en	Sage	Q109468446	label	Sage				3	Q169930
en	Sage	Q111703384	label	Sage				0	Q2460422 Q618123
en	Sage	Q115178424	label	Sage				0	Q2989457
en	Sage	Q115713050	label	Sage				0	Q852190
en	Sage	Q1165184	label	Sage	Sage			25	Q830340
en	Sage	Q120120566	label	Sage				0	Q102364578
en	Sage	Q126200919	alias	Sage Roux				0	Q5
en	Sage	Q128646749	alias	Donny Forza				0	Q5
en	Sage	Q137895874	label	Sage				0	Q24862
en	Sage	Q139438124	label	Sage				1	Q7725634
en	Sage	Q1469903	alias	Sage Group				17	Q1058914 Q891723
en	Sage	Q16162156	label	Sage				2	Q5
en	Sage	Q19387351	alias	Sage power station				1	Q15911738
en	Sage	Q19877656	label	Sage				1	Q74047
en	Sage	Q20821800	label	Sage	Sage			2	Q11879590 Q202444
en	Sage	Q2211672	label	Sage	Sage			1	Q253019
en	Sage	Q2258275	label	Sage	Sage			6	Q1094617 Q15773317
en	Sage	Q23769546	label	Sage	Sage			2	Q101352
en	Sage	Q23905952	label	Sage				0	Q17343829
en	Sage	Q2624172	alias	sage	saggio			14	Q12737077 Q20826540 Q636497
en	Sage	Q27716342	alias	SAGE: A Scholarly Journal on Black Women				2	Q5633421 Q737498
en	Sage	Q29731686	alias	sage				0	Q7187
en	Sage	Q3260592	label	Sage	Sage			16	Q4167410
en	Sage	Q36616916	alias	Lucile Sage				0	Q5
en	Sage	Q3944814	label	Sage	Sage			2	Q15008061 Q498267
en	Sage	Q42756106	label	Sage				0	Q15632617 Q15773347
en	Sage	Q444567	alias	Kay Sage	Kay Sage			20	Q5
en	Sage	Q5231561	alias	Salvia sprucei	Salvia sprucei		Salvia sprucei	8	Q16521
en	Sage	Q54749585	alias	AM-iPS-3				0	Q107103143 Q21014462
en	Sage	Q61857038	label	Sage				0	Q3305213
en	Sage	Q7399107	label	Sage				5	Q17343829
en	Sage	Q7399110	label	Sage				1	Q486972
en	Sage	Q7399111	label	Sage				6	Q498162
en	Sage	Q7399115	label	Sage				1	Q13406463
en	Sage	Q7399116	label	Sage				0	Q5
en	Sage	Q76335620	label	Sage				0	Q11060274
en	Sage	Q78725072	label	Sage				0	Q3305213
en	Saigon cinnamon	Q104094896	label	Saigon cinnamon				0	Q184453 Q28165 Q42527
en	Sake	Q105706304	label	Sake				1	Q5
en	Sake	Q105764427	label	Sake				0	Q11446
en	Sake	Q11674207	label	Sake				1	Q5
en	Sake	Q117849127	label	Sake	Sake			1	Q134556
en	Sake	Q170219	alias	sake	sakè			84	Q1142986
en	Sake	Q21143630	label	Sake	Sake			1	Q202444
en	Sake	Q21468988	label	Sake	Sake			2	Q3058029
en	Sake	Q3469367	label	Sake	Sake			8	Q4167410
en	Sake	Q36425	label	Sake	lingua sake			5	Q1288568 Q1738162 Q34770
en	Sake	Q37450702	label	Sake	Sake			0	Q101352
en	Sake	Q7402882	label	Sake				3	Q486972
en	Sake	Q84082	label	Sake				12	Q486972
en	Salmon	Q101212580	label	Salmon				0	Q202444
en	Salmon	Q104262354	label	Salmon				0	Q2151232
en	Salmon	Q107583958	label	Salmon				1	Q571
en	Salmon	Q112678335	label	Salmon	Salmon			0	Q12308941
en	Salmon	Q112974082	label	Salmon				0	Q7397
en	Salmon	Q113134057	label	Salmon				1	Q12308941
en	Salmon	Q114353578	label	Salmon				1	Q113904998 Q20723931
en	Salmon	Q115248099	alias	Miss Salmon				0	Q5
en	Salmon	Q119141914	label	Salmon				0	Q3305213
en	Salmon	Q119335960	label	Salmon				0	Q3305213
en	Salmon	Q119860409	label	Salmon				0	Q3305213
en	Salmon	Q131686763	label	Salmon				1	Q215380
en	Salmon	Q134339	alias	Salmo ohridanus	Salmo ohridanus		Salmo ohridanus	20	Q16521
en	Salmon	Q1516936	label	Salmon	Salmon			45	Q1093829 Q62049
en	Salmon	Q1565307	alias	HMS Salmon				8	Q2811
en	Salmon	Q16882547	label	Salmon				3	Q101352
en	Salmon	Q1722657	alias	Robert Salmon	Robert Salmon			6	Q5
en	Salmon	Q1771358	label	Salmon	Salmon			24	Q20643955
en	Salmon	Q18071273	alias	John Drew Salmon				3	Q5
en	Salmon	Q21387545	alias	John Tenison Salmon	John Salmon			2	Q5
en	Salmon	Q21389239	alias	Bruce R. Salmon				1	Q5
en	Salmon	Q258167	label	Salmon	Salmon			19	Q4167410
en	Salmon	Q28030582	label	Salmon				1	Q486972
en	Salmon	Q29721590	label	Salmon				0	Q7187
en	Salmon	Q310789	alias	Salmo peristericus	Salmo peristericus		Salmo peristericus	15	Q16521
en	Salmon	Q3588518	alias	Émile Frédéric Salmon	Emile Frédéric Salmon			2	Q5
en	Salmon	Q42195954	label	Salmon				3	Q3305213
en	Salmon	Q7405485	label	Salmon				3	Q132364
en	Salmon	Q7868705	alias	USS D-3				5	Q2811
en	Salmon	Q936785	alias					15	Q3863
en	Salmon	Q98507550	label	Salmon				0	Q210112
en	Salmon	Q98642759	label	Salmon				0	Q41298
en	Salt	Q103911709	label	Salt				0	Q11446 Q852190
en	Salt	Q10660721	label	Salt	Salt			1	Q134556
en	Salt	Q10660722	label	Salt	Salt			1	Q215380
en	Salt	Q108151687	label	Salt	Salt			0	Q55850593
en	Salt	Q1106355	alias	Salt-en-Donzy	Salt-en-Donzy			34	Q484170
en	Salt	Q111948676	label	Salt				1	Q7725634
en	Salt	Q116310507	label	Salt				0	Q5771190
en	Salt	Q116310855	label	Salt				0	Q5771190
en	Salt	Q116327614	label	Salt				0	Q5771190
en	Salt	Q116328882	label	Salt				0	Q5771190
en	Salt	Q116328912	label	Salt				0	Q5771190
en	Salt	Q116337029	label	Salt				0	Q5771190
en	Salt	Q116350301	label	Salt				0	Q5771190
en	Salt	Q116350338	label	Salt				0	Q5771190
en	Salt	Q116350350	label	Salt				0	Q5771190
en	Salt	Q116350362	label	Salt				0	Q5771190
en	Salt	Q116350546	label	Salt				0	Q5771190
en	Salt	Q116350569	label	Salt				0	Q5771190
en	Salt	Q116350581	label	Salt				0	Q5771190
en	Salt	Q116350669	label	Salt				0	Q5771190
en	Salt	Q116350779	label	Salt				0	Q5771190
en	Salt	Q116350825	label	Salt				0	Q5771190
en	Salt	Q116351050	label	Salt				0	Q5771190
en	Salt	Q116351074	label	Salt				0	Q5771190
en	Salt	Q116351118	label	Salt				0	Q5771190
en	Salt	Q116351164	label	Salt				0	Q5771190
en	Salt	Q116351186	label	Salt				0	Q5771190
en	Salt	Q116351209	label	Salt				0	Q5771190
en	Salt	Q116351231	label	Salt				0	Q5771190
en	Salt	Q116351279	label	Salt				0	Q5771190
en	Salt	Q116351327	label	Salt				0	Q5771190
en	Salt	Q116351351	label	Salt				0	Q5771190
en	Salt	Q116351399	label	Salt				0	Q5771190
en	Salt	Q116351421	label	Salt				0	Q5771190
en	Salt	Q116351459	label	Salt				0	Q5771190
en	Salt	Q116351460	label	Salt				0	Q5771190
en	Salt	Q116351463	label	Salt				0	Q5771190
en	Salt	Q116351485	label	Salt				0	Q5771190
en	Salt	Q116351509	label	Salt				0	Q5771190
en	Salt	Q116351572	label	Salt				0	Q5771190
en	Salt	Q116351594	label	Salt				0	Q5771190
en	Salt	Q116351616	label	Salt				0	Q5771190
en	Salt	Q116351636	label	Salt				0	Q5771190
en	Salt	Q116351658	label	Salt				0	Q5771190
en	Salt	Q116351678	label	Salt				0	Q5771190
en	Salt	Q116351694	label	Salt				0	Q5771190
en	Salt	Q116351705	label	Salt				0	Q5771190
en	Salt	Q116351712	label	Salt				0	Q5771190
en	Salt	Q116351726	label	Salt				0	Q5771190
en	Salt	Q116351746	label	Salt				0	Q5771190
en	Salt	Q116351754	label	Salt				0	Q5771190
en	Salt	Q116351760	label	Salt				0	Q5771190
en	Salt	Q116351764	label	Salt				0	Q5771190
en	Salt	Q116351778	label	Salt				0	Q5771190
en	Salt	Q116351787	label	Salt				0	Q5771190
en	Salt	Q116351788	label	Salt				0	Q5771190
en	Salt	Q116351789	label	Salt				0	Q5771190
en	Salt	Q116351793	label	Salt				0	Q5771190
en	Salt	Q116351796	label	Salt				0	Q5771190
en	Salt	Q116351797	label	Salt				0	Q5771190
en	Salt	Q116351798	label	Salt				0	Q5771190
en	Salt	Q116351799	label	Salt				0	Q5771190
en	Salt	Q116351804	label	Salt				0	Q5771190
en	Salt	Q116351805	label	Salt				0	Q5771190
en	Salt	Q116351910	label	Salt				0	Q5771190
en	Salt	Q116351922	label	Salt				0	Q5771190
en	Salt	Q116365276	label	Salt				0	Q12308941
en	Salt	Q116370946	label	Salt				0	Q5771190
en	Salt	Q116392639	label	Salt				0	Q5771190
en	Salt	Q116392641	label	Salt				0	Q5771190
en	Salt	Q116392642	label	Salt				0	Q5771190
en	Salt	Q116392643	label	Salt				0	Q5771190
en	Salt	Q116392644	label	Salt				0	Q5771190
en	Salt	Q116392647	label	Salt				0	Q5771190
en	Salt	Q116392648	label	Salt				0	Q5771190
en	Salt	Q116392649	label	Salt				0	Q5771190
en	Salt	Q116392650	label	Salt				0	Q5771190
en	Salt	Q116392651	label	Salt				0	Q5771190
en	Salt	Q116392652	label	Salt				0	Q5771190
en	Salt	Q116392654	label	Salt				0	Q5771190
en	Salt	Q116392655	label	Salt				0	Q5771190
en	Salt	Q116392656	label	Salt				0	Q5771190
en	Salt	Q116392657	label	Salt				0	Q5771190
en	Salt	Q116393899	label	Salt				0	Q5771190
en	Salt	Q116393900	label	Salt				0	Q5771190
en	Salt	Q116393901	label	Salt				0	Q5771190
en	Salt	Q116445141	label	Salt				0	Q5771190
en	Salt	Q116445294	label	Salt				0	Q5771190
en	Salt	Q117068741	label	Salt				0	Q105999
en	Salt	Q119151869	label	Salt				1	Q11707
en	Salt	Q119437549	label	Salt				0	Q3305213
en	Salt	Q121864372	label	Salt				1	Q41176
en	Salt	Q122731542	alias	Wm Salt Hale				0	Q5
en	Salt	Q126727016	label	Salt				1	Q482994
en	Salt	Q127699687	label	Salt				0	Q21191270
en	Salt	Q13444	label	Salt	Salt			45	Q33146843
en	Salt	Q135267850	label	Salt				1	Q482994
en	Salt	Q136676787	label	Salt				1	Q212198
en	Salt	Q136680342	alias	So Geum				0	Q5
en	Salt	Q138315097	label	Salt				0	Q3305213
en	Salt	Q138608767	alias	Salt Recording				0	Q43229 Q746369
en	Salt	Q139025739	label	Salt				1	Q482994
en	Salt	Q139545962	label	Salt				0	Q7725634
en	Salt	Q139720803	label	Salt				0	Q7725634
en	Salt	Q139748790	label	Salt				0	Q193495
en	Salt	Q139988472	label	Salt				0	Q11424
en	Salt	Q140784143	alias	salt				0	Q7397
en	Salt	Q141576808	label	Salt				0	Q1569167 Q28020127
en	Salt	Q16271559	alias	Salt Vidhan Sabha constituency				4	Q54375527
en	Salt	Q16424808	label	Salt				1	Q482994
en	Salt	Q16424811	label	Salt	Salt			1	Q482994
en	Salt	Q16961126	label	Salt				1	Q482994
en	Salt	Q18254261	alias	Sall3				0	Q20747295 Q7187
en	Salt	Q232952	label	Salt	Salt			39	Q4167410
en	Salt	Q23993226	label	Salt				2	Q121289819 Q130261443 Q3055118
en	Salt	Q28452230	label	Salt				1	Q11424
en	Salt	Q29653225	label	Salt	Salt			2	Q101352
en	Salt	Q3086886	label	Salt				2	Q482994
en	Salt	Q3574700	label	Salt				4	Q482994
en	Salt	Q3884382	alias	Salt Mobile	Salt Mobile			5	Q2401749 Q4830453 Q6881511
en	Salt	Q42102464	label	Salt	Salt			1	Q202444
en	Salt	Q55632402	label	Salt				3	Q11424
en	Salt	Q57400655	label	Salt				0	Q7889
en	Salt	Q62131114	label	Salt				0	Q838948
en	Salt	Q628139	label	Salt	Salt			43	Q11424
en	Salt	Q65468622	label	Salt				2	Q4400636 Q699
en	Salt	Q66951838	alias	Alec N. Salt				0	Q5
en	Salt	Q733780	alias	Henry Salt	Henry Salt			22	Q5
en	Salt	Q7405786	label	Salt				3	Q532
en	Salt	Q7405794	label	Salt				2	Q24862
en	Salt	Q7405797	label	Salt				1	Q169930
en	Salt	Q7405798	label	Salt	Salt			2	Q215380
en	Salt	Q7405799	label	Salt				2	Q7725634
en	Salt	Q7405800	label	Salt	Salt			6	Q138081351 Q29032804 Q341
en	Salt	Q76338406	label	Salt				0	Q11060274
en	Salt	Q77596522	alias	Stefan Alt				0	Q5
en	Salt	Q79446860	label	Salt	Salt			12	Q134556
en	Salt	Q80581963	label	Salt				0	Q212198
en	Salt	Q80584453	label	Salt				0	Q212198
en	Salt	Q85799279	label	Salt	Salt			2	Q482994
en	Salt	Q85799280	label	Salt				1	Q105543609
en	Salt	Q867586	label	Salt	Al-Salt			52	Q515 Q839954
en	Salt	Q92786236	label	Salt	Salt			0	Q11707
en	Salvia spinosa	Q4519764	label	Salvia spinosa	Salvia spinosa		Salvia spinosa	13	Q16521
en	Sandalwood	Q206368	alias	Sumba Island	isola Sumba			63	Q23442
en	Sandalwood	Q3250548	alias	Kannada cinema				22	Q328799 Q67515288
en	Sandalwood	Q7415972	label	Sandalwood				1	Q3957
en	Sandalwood	Q7415973	label	Sandalwood	Sandalwood			2	Q4167410
en	Sassafras	Q119200305	label	Sassafras				1	
en	Sassafras	Q119991301	label	Sassafras				0	Q4830453
en	Sassafras	Q129567226	label	Sassafras				0	Q3409032
en	Sassafras	Q131532	label	Sassafras	Sassofrasso		Sassafras	39	Q16521
en	Sassafras	Q1735132	label	Sassafras				5	Q3957
en	Sassafras	Q20685447	label	Sassafras				1	Q5741069
en	Sassafras	Q20709378	label	Sassafras				2	Q17343829
en	Sassafras	Q21902224	label	Sassafras				3	Q3257686 Q98433835
en	Sassafras	Q28932635	label	Sassafras				0	Q131862
en	Sassafras	Q30904017	label	Sassafras				2	Q3257686
en	Sassafras	Q575712	label	Sassafras	Sassafras			4	Q4167410
en	Sassafras	Q63529565	label	Sassafras				0	Q28931760
en	Sassafras	Q64513627	label	Sassafras				0	Q3305213
en	Sassafras	Q7425740	label	Sassafras				2	Q17343829
en	Sassafras	Q7425741	label	Sassafras				3	Q17343829
en	Sassafras	Q7425743	label	Sassafras				1	Q17343829
en	Sassafras	Q7425744	label	Sassafras				1	Q17343829
en	Sassafras	Q916380	label	Sassafras				4	Q726
en	Satsuma	Q103965496	label	Satsuma				0	Q13433827
en	Satsuma	Q11622336	alias	Satsuma Dog				3	Q39367
en	Satsuma	Q11622340	label	Satsuma				3	Q18663566
en	Satsuma	Q19361639	alias	Satsuma Loans	Satsuma Loans			1	Q783794
en	Satsuma	Q227481	label	Satsuma	Satsuma			27	Q4167410
en	Satsuma	Q2557371	alias	Japanese battleship Satsuma	Satsuma			13	Q847109
en	Satsuma	Q43511612	label	Satsuma				0	Q101352
en	Satsuma	Q730546	label	Satsuma	Satsuma			23	Q1059478
en	Satsuma	Q7426490	label	Satsuma				3	Q17343829
en	Satsuma	Q7426492	label	Satsuma				2	Q17343829
en	Satsuma	Q7426494	label	Satsuma				1	Q17343829
en	Satsuma	Q7426495	label	Satsuma	Satsuma		Satsuma	5	Q16521
en	Satsuma	Q79552	label	Satsuma	Satsuma			40	Q1093829
en	Sauerkraut	Q106121208	label	Sauerkraut	Sauerkraut			0	Q101352
en	Sauerkraut	Q2227177	label	Sauerkraut				4	Q117467246
en	Sausage	Q102970897	label	Sausage				0	Q11060274
en	Sausage	Q1285761	label	Sausage	Sausage			1	Q482994
en	Sausage	Q3471337	alias	San Antonio, Uvalde and Gulf Railroad	San Antonio, Uvalde and Gulf Railroad			2	Q4830453
en	Sausage	Q4227585	label	Sausage	Sausage			6	Q4167410
en	Sausage	Q7427585	label	Sausage	Sausage			2	Q215380
en	Sausage	Q7427586	label	Sausage				1	Q482994
en	Savory	Q116055300	label	Savory				0	Q88397339
en	Savory	Q137969646	alias	Avery				0	Q15632617 Q1569167 Q80447738
en	Savory	Q142710	alias	Roelant Savery	Roelandt Savery			27	Q5
en	Savory	Q29550432	label	Savory				0	Q11879590
en	Savory	Q37147809	label	Savory	Savory			1	Q101352
en	Savory	Q54749576	alias	AM-iPS-18				0	Q107103143 Q21014462
en	Savory	Q6582720	label	Savory	Savory			2	Q4167410
en	Savory	Q7428417	label	Savory				1	Q134556
en	Saxifragaceae	Q2543932	label	Saxifragaceae	Saxifragaceae		Saxifragaceae	62	Q16521
en	Scallion	Q23004874	alias	Melanie L. Scallion				1	Q5
en	Scallion	Q298632	alias	9K121 Vikhr	Vihr'			24	Q18487055 Q282472 Q4389307
en	Scallion	Q36997919	label	Scallion	Scallion			0	Q101352
en	Scallop	Q106515234	label	Scallop				2	Q5003624 Q860861
en	Scallop	Q118944841	label	Scallop				0	Q9143
en	Scallop	Q135103719	label	Scallop				1	Q21191270
en	Scotch	Q110278509	label	Scotch				0	Q15632617 Q80447738 Q87576284
en	Scotch	Q110677407	label	Scotch				0	Q121401294 Q80447738 Q87576284
en	Scotch	Q117162943	label	Scotch				0	Q431289 Q765270
en	Scotch	Q135243167	label	Scotch				0	Q4830453
en	Scotch	Q140183776	label	Scotch				0	Q11424
en	Scotch	Q14549	alias	Scots	lingua scots			120	Q1288568 Q1346342 Q33742
en	Scotch	Q2260725	label	Scotch	Scotch			15	Q9212979
en	Scotch	Q22933427	alias	Hiromitsu Morofushi				0	Q15632617 Q80447738 Q87576284
en	Scotch	Q37557840	label	Scotch	Scotch			0	Q101352
en	Scotch	Q382947	alias	Scotch whisky	Scotch whisky			49	Q140937730 Q281
en	Scotch	Q443098	label	Scotch	Scotch			13	Q4167410
en	Scotch	Q7435497	label	Scotch				1	Q34698
en	Scotch	Q98507610	label	Scotch				0	Q210112
en	Scotch whiskey	Q382947	alias	Scotch whisky	Scotch whisky			49	Q140937730 Q281
en	Sea bass	Q21071757	label	Sea bass	Sea bass			1	Q4167410
en	Seal	Q100994708	alias	Seale and Tongham				1	Q1115575 Q19953632
en	Seal	Q101110076	label	Seal				0	Q29382731
en	Seal	Q103778415	label	Seal				0	Q12859788 Q852190
en	Seal	Q103966155	label	Seal				0	Q13433827
en	Seal	Q10957106	label	Seal				1	
en	Seal	Q116243446	label	Seal				0	Q162919
en	Seal	Q116243553	label	Seal				0	Q2342540
en	Seal	Q116243746	label	Seal				0	Q2342540
en	Seal	Q116250601	label	Seal				0	Q860861
en	Seal	Q116252880	label	Seal				0	Q162919
en	Seal	Q116256770	label	Seal				0	Q162919
en	Seal	Q116273088	label	Seal				0	Q162919
en	Seal	Q116280411	label	Seal				0	Q2342540
en	Seal	Q116281842	label	Seal				0	Q162919
en	Seal	Q116342872	label	Seal				0	Q162919
en	Seal	Q116342897	label	Seal				0	Q162919
en	Seal	Q116373322	label	Seal				0	Q162919
en	Seal	Q116412311	label	Seal				0	Q162919
en	Seal	Q116413958	label	Seal				0	Q131557
en	Seal	Q116419827	label	Seal				0	Q2342540
en	Seal	Q116422631	label	Seal				0	Q162919
en	Seal	Q116422640	label	Seal				0	Q162919
en	Seal	Q116422769	label	Seal				0	Q162919
en	Seal	Q116422778	label	Seal				0	Q162919
en	Seal	Q116423174	label	Seal				0	Q2342540
en	Seal	Q116423223	label	Seal				0	Q162919
en	Seal	Q116424863	label	Seal				0	Q2342540
en	Seal	Q116424865	label	Seal				0	Q162919
en	Seal	Q116424866	label	Seal				0	Q162919
en	Seal	Q116432163	label	Seal				0	Q162919
en	Seal	Q116437176	label	Seal				0	Q162919
en	Seal	Q116438206	label	Seal				0	Q162919
en	Seal	Q116440087	label	Seal				0	Q162919
en	Seal	Q116441683	label	Seal				0	Q2342540
en	Seal	Q116441719	label	Seal				0	Q162919
en	Seal	Q116441720	label	Seal				0	Q162919
en	Seal	Q116441721	label	Seal				0	Q162919
en	Seal	Q116441907	label	Seal				0	Q2342540
en	Seal	Q117081846	label	Seal				0	Q14928
en	Seal	Q117453919	label	Seal				0	Q5
en	Seal	Q117865851	label	Seal				2	Q65618976
en	Seal	Q119627588	label	Seal				0	Q3305213
en	Seal	Q122793844	label	Seal				0	Q11446
en	Seal	Q122985315	label	Seal				0	Q43305660
en	Seal	Q123461463	label	Seal				0	Q162919
en	Seal	Q123678337	label	Seal				0	Q43305660
en	Seal	Q125219097	label	Seal				1	Q1130279 Q11879590
en	Seal	Q125881718	label	Seal				0	Q43305660
en	Seal	Q128254869	label	Seal				0	Q43305660
en	Seal	Q137734199	label	Seal				0	Q219067
en	Seal	Q138585531	label	Seal				1	Q3512806
en	Seal	Q141269295	alias	Vita Power Seal	Vita Power Seal			0	Q121289722 Q1326749
en	Seal	Q16933751	label	Seal	Seal			3	Q101352
en	Seal	Q218091	label	Seal	Seal			56	Q5
en	Seal	Q22134252	label	Seal				2	Q17343829
en	Seal	Q23939657	label	Seal				0	Q3305213
en	Seal	Q2442828	label	Seal	Seal			5	Q482994
en	Seal	Q24842089	alias	Seal Island				1	Q207524
en	Seal	Q2548925	label	Seal	Seal			9	Q482994
en	Seal	Q257102	label	Seal	Seal			24	Q4167410
en	Seal	Q2586715	label	Seal	Seal			13	Q1115575 Q532
en	Seal	Q336665	alias	decal				18	Q11177771 Q112110 Q128889633
en	Seal	Q73710830	label	Seal				1	Q53460949
en	Seal	Q79481940	label	Seal				0	Q29382731
en	Seal	Q79481948	label	Seal				0	Q29382731
en	Seal	Q79481955	label	Seal				0	Q29382731
en	Seal	Q79481961	label	Seal				0	Q29382731
en	Seal	Q79481970	label	Seal				0	Q29382731
en	Seal	Q79481993	label	Seal				0	Q29382731
en	Seal	Q80018385	label	Seal				0	Q29382731
en	Seal	Q80030786	label	Seal				0	Q60733799
en	Seal	Q83596624	label	Seal				1	Q11446
en	Seal	Q928785	label	Seal	Seal			9	Q482994
en	Seal	Q97097394	alias	Sealtres	Sealtres			2	Q5
en	Seaweed	Q131308700	alias	Amelia Peters Bingham				0	Q5
en	Seaweed	Q139414703	label	Seaweed				0	Q11060274
en	Seaweed	Q1442351	label	Seaweed	Seaweed			6	Q215380
en	Seaweed	Q19028020	label	Seaweed				0	Q7725634
en	Seaweed	Q54864229	label	Seaweed				0	Q15632617 Q15773347
en	Seaweed	Q61994590	label	Seaweed				0	Q726
en	Seaweed	Q7442278	label	Seaweed	Seaweed			5	Q4167410
en	Seaweed	Q78732539	label	Seaweed				0	Q3305213
en	Seed	Q106014671	alias	Seed Heritage				0	Q431289 Q507619
en	Seed	Q107340428	label	Seed				0	Q7725634
en	Seed	Q11308858	label	Seed				2	Q4830453
en	Seed	Q11308860	label	Seed				2	Q4830453
en	Seed	Q11980660	alias	The Seed				3	Q11424
en	Seed	Q123560861	label	Seed				1	
en	Seed	Q12605690	alias	Ahn Sang-won				2	Q5
en	Seed	Q128192161	label	Seed				0	Q11424
en	Seed	Q131445176	label	Seed				0	Q7725634
en	Seed	Q135003473	label	Seed				0	Q2725616 Q40763
en	Seed	Q136525078	label	Seed				0	Q15632617 Q1569167
en	Seed	Q139548586	label	Seed				0	Q105543609
en	Seed	Q139569172	label	Seed				0	Q105543609
en	Seed	Q140546291	label	Seed				0	Q1941779
en	Seed	Q14326533	label	Seed	Inseminazione artificiale			0	Q21191270
en	Seed	Q16875445	label	Seed	Seed			2	Q101352
en	Seed	Q1711295	label	Seed	Seed			15	Q11424
en	Seed	Q2258320	label	Seed	Il richiamo dei figli			9	Q11424
en	Seed	Q257204	label	Seed	Seed			17	Q4167410
en	Seed	Q323984	label	Seed				2	Q482994
en	Seed	Q3477656	label	Seed				3	Q5398426
en	Seed	Q3477657	label	Seed	Seed			1	Q21122879
en	Seed	Q3522643	alias	The Seed				3	Q11424
en	Seed	Q48814824	label	Seed				1	Q64170203 Q7889
en	Seed	Q586627	label	Seed	Seed			5	Q482994
en	Seed	Q7445616	label	Seed				1	Q482994
en	Seed	Q7445618	label	Seed				1	Q41298
en	Seed	Q7445619	label	Seed				1	Q738377
en	Seed	Q7445620	label	Seed				2	Q7889
en	Seed	Q75417253	label	Seed				0	Q11060274
en	Seed	Q767635	label	Seed	Casa dolce casa			5	Q21191270
en	Seed	Q79876231	label	Seed				0	Q47461344
en	Senecio kaempferi	Q109666433	label	Senecio kaempferi	Senecio kaempferi		Senecio kaempferi	0	Q16521
en	Seseli sibiricum	Q104852054	label	Seseli sibiricum	Seseli sibiricum		Seseli sibiricum	3	Q16521
en	Seseli tortuosum	Q6126256	label	Seseli tortuosum	Seseli tortuosum		Seseli tortuosum	10	Q16521
en	Shallot	Q193498	alias	Allium ascalonicum	Allium ascalonicum		Allium ascalonicum	73	Q11992872 Q16521
en	Shallot	Q7487263	label	Shallot	Shallot			1	Q4167410
en	Shellfish	Q123187057	label	Shellfish				0	Q123186574
en	Sherry	Q11245979	label	Sherry	Sherry			1	Q215380
en	Sherry	Q11306987	label	Sherry				1	Q5
en	Sherry	Q115825107	label	Sherry				1	Q1114461 Q15632617 Q15773317
en	Sherry	Q118136381	alias	Shiho Miyano				2	Q87576284
en	Sherry	Q119944574	label	Sherry				1	Q5
en	Sherry	Q132770537	label	Sherry				0	Q26401003
en	Sherry	Q1356186	alias	Jerry Bengtson	Jerry Bengtson			25	Q5
en	Sherry	Q135925954	label	Sherry				0	Q5
en	Sherry	Q1886765	label	Sherry				14	Q15219655
en	Sherry	Q20796747	label	Sherry	Sherry			3	Q11879590
en	Sherry	Q2278434	label	Sherry	Sherry			5	Q4167410
en	Sherry	Q29053382	alias	Scherezade Shroff Talwar				0	Q5
en	Sherry	Q29501563	label	Sherry				0	Q489357
en	Sherry	Q37458614	label	Sherry	Sherry			1	Q101352
en	Sherry	Q64157745	label	Sherry				0	Q125191
en	Sherry	Q7029105	label	Sherry	Sherry			2	Q5
en	Sherry	Q7495379	label	Sherry				1	Q17343829
en	Sherry	Q7495381	label	Sherry				5	Q134556
en	Sherry	Q83545784	label	Sherry				1	Q226730
en	Shiitake	Q17159270	label	Shiitake				1	Q5
en	Shoro	Q122382375	label	Shoro				2	Q41710
en	Shoro	Q124284674	label	Shoro	Shoro			0	Q101352
en	Shoro	Q16960806	label	Shoro				7	Q486972
en	Shoro	Q26943627	label	Shoro	Shoro			2	Q4167410
en	Shoro	Q35515251	label	Shoro				1	Q124714
en	Shoro	Q7501522	label	Shoro				4	Q783794
en	Shrimp	Q112201071	label	Shrimp				0	Q3305213
en	Shrimp	Q112201125	label	Shrimp				0	Q3305213
en	Shrimp	Q116396285	label	Shrimp				0	Q3305213
en	Shrimp	Q1183390	label	Shrimp	Gambero			4	Q4167410
en	Shrimp	Q135056838	label	Shrimp				0	Q7889
en	Shrimp	Q23811282	label	Shrimp				0	Q15142894 Q625107
en	Shrimp	Q3012843	label	Shrimp	Shrimp			7	Q1153376 Q15056995
en	Shrimp	Q49213204	label	Shrimp				0	Q3305213
en	Shrimp	Q49243845	label	Shrimp				0	Q3305213
en	Shrimp	Q49243952	label	Shrimp				0	Q3305213
en	Shrimp	Q63887186	label	Shrimp				0	Q15632617 Q63975020
en	Shrimp	Q73897465	label	Shrimp				1	Q11424
en	Shrimp	Q96405590	label	Shrimp				1	Q106179098 Q1075310 Q1999103
en	Smoke	Q100387436	label	Smoke				1	Q860861
en	Smoke	Q10672399	label	Smoke				1	Q11424
en	Smoke	Q106972875	label	Smoke				0	Q17524420
en	Smoke	Q107364339	label	Smoke				0	Q7725634
en	Smoke	Q108390753	label	Smoke				0	Q30070590
en	Smoke	Q108708035	label	Smoke				1	Q7725634
en	Smoke	Q108945741	label	Smoke				1	Q3331189
en	Smoke	Q112200496	label	Smoke				0	Q3305213
en	Smoke	Q113042690	alias	Usok				0	Q55850593
en	Smoke	Q115867313	label	Smoke				0	Q7433680
en	Smoke	Q116196914	label	Smoke	Smoke			1	Q482994
en	Smoke	Q118550228	label	Smoke				0	Q3305213
en	Smoke	Q118902903	label	Smoke				1	
en	Smoke	Q119936219	label	Smoke				0	Q3305213
en	Smoke	Q125187657	label	Smoke				7	Q5398426
en	Smoke	Q130726106	label	Smoke				0	Q15632617 Q1569167
en	Smoke	Q136102875	label	Smoke				1	Q105543609
en	Smoke	Q136537268	label	Smoke				0	Q102364578
en	Smoke	Q138589992	label	Smoke				0	Q11424
en	Smoke	Q139503535	label	Smoke				0	Q7302866
en	Smoke	Q140268912	label	Smoke				0	Q7725634
en	Smoke	Q140274571	label	Smoke				0	Q7725634
en	Smoke	Q14361930	label	Smoke	Infanzia rubata			0	Q21191270
en	Smoke	Q14541951	alias	Big Smoke				4	Q15632617 Q1569167
en	Smoke	Q15278253	label	Smoke	Smoke			2	Q1684522
en	Smoke	Q16185228	label	Smoke	Smoke			5	Q134556 Q7366
en	Smoke	Q16950203	label	Smoke				1	Q7725634
en	Smoke	Q17021170	label	Smoke				1	Q482994
en	Smoke	Q19044875	label	Smoke				1	Q7725634
en	Smoke	Q19044883	label	Smoke				1	Q7725634
en	Smoke	Q19363455	label	Smoke				1	Q105543609
en	Smoke	Q20997926	label	Smoke	Smoke			2	Q101352
en	Smoke	Q2415587	label	Smoke				2	Q482994
en	Smoke	Q2478434	label	Smoke	Smoke			15	Q1569167 Q15711870 Q15773317 Q15773347
en	Smoke	Q30600631	label	Smoke				1	Q482994
en	Smoke	Q345222	label	Smoke	Smoke			17	Q4167410
en	Smoke	Q3963032	label	Smoke	Smoke			2	Q482994
en	Smoke	Q42172894	label	Smoke				1	Q3537778
en	Smoke	Q4923364	alias	Blacksmoke	Blacksmoke			0	Q215380
en	Smoke	Q51619229	label	Smoke	Smoke			0	Q21191270
en	Smoke	Q56274229	label	Smoke				6	Q21191270
en	Smoke	Q5724762	label	Smoke	Fumo			14	Q7725634
en	Smoke	Q59512598	label	Smoke				0	Q3305213
en	Smoke	Q60768845	label	Smoke				1	Q526877
en	Smoke	Q60780932	label	Smoke				0	Q22075301 Q28823
en	Smoke	Q653447	label	Smoke	Smoke			26	Q11424
en	Smoke	Q7545821	label	Smoke				1	Q860861
en	Smoke	Q7545823	label	Smoke				1	Q134556 Q7366
en	Smoke	Q7545828	label	Smoke	Smoke			1	Q215380
en	Smoke	Q7545830	label	Smoke				1	Q482994
en	Smoke	Q76442666	label	Smoke				0	Q11060274
en	Smoke	Q77476400	label	Smoke				0	Q3305213
en	Smoke	Q95182601	label	Smoke				0	Q5
en	Snails	Q111842599	label	Snails				0	Q133067
en	Snails	Q15725887	label	Snails	Snails			0	Q114897636 Q15632617
en	Snails	Q30607812	label	Snails	Snails			2	Q5
en	Snails	Q50981413	label	Snails				0	Q3305213
en	Snails	Q60477637	label	Snails				0	Q3305213
en	Snails	Q64523992	label	Snails				0	Q3305213
en	Snails	Q7546946	label	Snails	Snails			1	Q482994
en	Snails	Q7546947	label	Snails	Snails			2	Q7889
en	Solanaceae	Q310162	alias	Of the Wand & the Moon	Of the Wand & the Moon			10	Q215380
en	Solidago odora	Q15566381	label	Solidago odora	Solidago odora		Solidago odora	5	Q16521
en	Sorrel	Q104298130	label	Sorrel				0	Q2151232
en	Sorrel	Q117354086	label	Sorrel				0	Q202444
en	Sorrel	Q119173709	alias	Oxalis pes-caprae var. pes-caprae	Oxalis pes-caprae var. pes-caprae		Oxalis pes-caprae var. pes-caprae	2	Q16521
en	Sorrel	Q12055363	label	Sorrel				1	Q181298
en	Sorrel	Q13426190	label	Sorrel	Sorrel			17	Q498162
en	Sorrel	Q135275186	label	Sorrel				1	Q11707
en	Sorrel	Q139549139	label	Sorrel				0	Q7725634
en	Sorrel	Q17116125	label	Sorrel				1	
en	Sorrel	Q2303529	label	Sorrel	Sorrel			4	Q4167410
en	Sorrel	Q26297	alias	Rumex acetosa	Rumex acetosa		Rumex acetosa	85	Q11992872 Q157957 Q16521 Q190903
en	Sorrel	Q37484871	label	Sorrel	Sorrel			1	Q101352
en	Sorrel	Q54749598	alias	AM-iPS-9				0	Q107103143 Q21014462
en	Sorrel	Q92787659	label	Sorrel	Sorrel			0	Q11707
en	Soy sauce	Q126999618	label	Soy sauce				0	Q1464125
en	Spaghetti	Q116871677	label	Spaghetti				0	Q101352
en	Spaghetti	Q12709592	label	Spaghetti				1	Q105543609
en	Spaghetti	Q136486150	alias	Talia food produce from flour				0	Q2095
en	Spaghetti	Q136505276	label	Spaghetti				6	Q105543609
en	Spaghetti	Q136611034	label	Spaghetti				0	Q105543609
en	Spaghetti	Q20026	alias	spaghetti	spaghetti			94	Q192874 Q2625877 Q27555297
en	Spaghetti	Q20816523	label	Spaghetti				0	Q3305213
en	Spaghetti	Q3965855	label	Spaghetti	Spaghetti			1	Q18127
en	Spaghetti	Q398796	label	Spaghetti	Spaghetti			7	Q4167410
en	Spaghetti	Q52034737	label	Spaghetti				0	Q15711870 Q15720625 Q18327525
en	Spaghetti	Q7572808	label	Spaghetti				4	Q24862
en	Spanish sage	Q49621668	alias	Salvia officinalis lavandulifolia	Salvia officinalis subsp. lavandulifolia		Salvia officinalis subsp. lavandulifolia	9	Q16521
en	Spearmint	Q106501881	label	Spearmint				0	Q11060274 Q28886448
en	Spearmint	Q122544542	label	Spearmint				0	Q486972 Q5084
en	Spearmint	Q3492819	label	Spearmint				5	Q215380
en	Spearmint	Q7574396	label	Spearmint	Spearmint			2	Q4167410
en	Spearmint	Q7574397	label	Spearmint				1	Q4173974
en	Spearmint	Q7574398	label	Spearmint				3	Q726
en	Spearmint	Q8038329	alias	Wrigley's Spearmint				8	Q105815873
en	Spearmint oil	Q64211954	alias	spearmint oil				2	Q169336 Q170885
en	Spike	Q1063142	label	Spike	Spike			25	Q18487055 Q282472
en	Spike	Q106817708	label	Spike				1	Q571
en	Spike	Q111034272	alias	Jimmy Lee				0	Q1569167
en	Spike	Q11294015	label	Spike				1	Q100911597
en	Spike	Q11296138	label	Spike				1	
en	Spike	Q11312654	label	Spike				1	Q109289221 Q1141470
en	Spike	Q114482474	label	Spike				0	Q21191270
en	Spike	Q114552553	label	Spike	Spike			0	Q5
en	Spike	Q115044244	label	Spike				0	Q15711870 Q15720625 Q88552181
en	Spike	Q115564003	alias	Middleton A. Harris				0	Q5
en	Spike	Q11740986	label	Spike				1	Q378184
en	Spike	Q119241407	label	Spike				0	Q2250719
en	Spike	Q119241472	label	Spike				0	Q2250719
en	Spike	Q123461367	label	Spike				0	Q2250719
en	Spike	Q123461370	label	Spike				0	Q2250719
en	Spike	Q123461489	label	Spike				0	Q2250719
en	Spike	Q123514904	alias	Spike the Devil Man				1	Q15632617
en	Spike	Q124461277	alias	Mario Siperman	Mario Siperman			1	Q5
en	Spike	Q125094043	label	Spike				0	Q631931
en	Spike	Q12741174	label	Spike	Spike			2	Q5
en	Spike	Q134621515	label	Spike				1	Q1792372
en	Spike	Q135402163	label	Spike				0	Q15711870
en	Spike	Q16281700	label	Spike	Spike			2	Q12308941
en	Spike	Q16608051	label	Spike	Spike			2	Q15720625
en	Spike	Q16883681	label	Spike	Spike			1	Q101352
en	Spike	Q16902983	label	Spike				2	Q7889
en	Spike	Q18027987	label	Spike	Spike			1	Q215380
en	Spike	Q18204325	label	Spike	Spike			1	Q49614
en	Spike	Q2035029	alias	Suske	Bob			4	Q1114461 Q15632617
en	Spike	Q21152714	label	Spike				2	Q1616075
en	Spike	Q2276742	label	Spike	Spike			14	Q15773317 Q4008465
en	Spike	Q22905865	alias	NAVAIR Spike				2	
en	Spike	Q233555	label	Spike	Spike			21	Q4167410
en	Spike	Q23541257	alias	Spike Trotman	Spike Trotman			6	Q5
en	Spike	Q249674	alias	Spike TV	Spike TV			3	Q2001305 Q5009242
en	Spike	Q25113795	alias	Spike (character)				1	Q4167410
en	Spike	Q25394651	alias	stud				1	Q102246227 Q39546
en	Spike	Q2541040	label	Spike	Spike			14	Q210167
en	Spike	Q2679732	alias	Spyke				6	Q1094617 Q15711870 Q15773347
en	Spike	Q2801401	alias	Spike Art Quarterly				2	Q1002697
en	Spike	Q28429685	label	Spike				2	
en	Spike	Q28496917	label	Spike				1	Q506240
en	Spike	Q31651377	label	Spike				1	Q54050
en	Spike	Q3173313	alias	Frans van Zoest	Frans van Zoest			2	Q5
en	Spike	Q3267197	label	Spike	SPIKE			6	Q482994
en	Spike	Q3493467	label	Spike				2	Q482994
en	Spike	Q3493469	label	Spike				3	Q15632617 Q15773347
en	Spike	Q3493471	label	Spike	Spike			5	Q482994
en	Spike	Q3747999	alias	Foreman Spike	Foreman Spike			2	Q15632617 Q1569167
en	Spike	Q38120536	alias	Cecil Crosley Bell	Cecil Crosley Bell			0	Q5
en	Spike	Q3966728	label	Spike	Spike (My Little Pony)			7	Q114897710
en	Spike	Q47460738	alias	Paramount Network	Paramount Network			30	Q2001305 Q5009242
en	Spike	Q550458	alias	endpin	puntale			6	Q19659292
en	Spike	Q58285023	label	Spike				1	Q15711870 Q88552181
en	Spike	Q606569	alias	Burglar	Ladro			6	Q1114461 Q15632617 Q15773347
en	Spike	Q6555759	alias	Lionel Pries	Lionel Pries			1	Q5
en	Spike	Q7577170	label	Spike				2	Q11424
en	Spike	Q7577171	label	Spike				1	
en	Spike	Q7577172	label	Spike				3	Q3297186
en	Spike	Q7577174	label	Spike				1	Q113791292
en	Spike	Q7577176	label	Spike				1	Q5
en	Spike	Q7577177	label	Spike				1	Q4117139
en	Spike	Q7577178	label	Spike				3	Q144
en	Spike	Q7577180	label	Spike	Spike			4	Q5
en	Spike	Q81761573	label	Spike				2	Q166142
en	Spinach	Q112521352	label	Spinach	Spinach			0	Q215380
en	Spinach	Q123603179	label	Spinach				1	Q7397
en	Spinach	Q1421117	label	Spinach	Eulithis mellinata		Eulithis mellinata	10	Q16521
en	Spinach	Q7577442	label	Spinach	Spinach			1	Q4167410
en	Squash	Q110249471	label	Squash				0	Q21191270
en	Squash	Q119954450	label	Squash				0	Q3305213
en	Squash	Q125502547	label	Squash				0	Q125502232
en	Squash	Q140285287	label	Squash				0	Q5
en	Squash	Q27894088	label	Squash				0	Q3305213
en	Squash	Q342702	label	Squash				9	Q4167410
en	Squash	Q34745485	label	Squash				0	Q235557
en	Squash	Q3495103	label	Squash				4	Q24862
en	Squash	Q38171601	alias	Squash at the 2017 Southeast Asian Games				2	Q51031626
en	Squash	Q5339301	alias	Cucurbita	Cucurbita		Cucurbita	86	Q16521
en	Squash	Q70441389	label	Squash				0	Q482994
en	Squash	Q74896220	label	Squash				0	Q11060274
en	Squash	Q78817927	label	Squash				0	Q3305213
en	Squash	Q79991969	label	Squash				0	Q93184
en	Squash	Q98731991	alias	SquashTM				0	Q1130645 Q188522 Q341 Q7012116 Q7705778
en	Squid	Q114353581	label	Squid				1	Q113904998 Q62035906
en	Squid	Q125210916	alias	Squidinkidink				0	Q5
en	Squid	Q131618063	alias	Alien Monster				0	Q1114461 Q2593744 Q62035906
en	Squid	Q2165498	label	Squid				14	Q124056273 Q3490799
en	Squid	Q341330	label	Squid	Squid			16	Q4167410
en	Squid	Q40409224	label	Squid				0	Q21191270
en	Squid	Q42886947	label	Squid	Squid (gruppo musicale)			10	Q215380
en	Squid	Q507768	label	Squid				1	
en	Squid	Q50813925	label	Squid				0	Q22669850 Q3305213
en	Squid	Q7582251	label	Squid				1	Q1114461
en	Squid	Q841783	label	Squid	Squid			33	Q11189
en	Star anise	Q2878644	alias	Illicium verum	Illicium verum		Illicium verum	76	Q11992872 Q16521
en	Starch	Q101141680	label	Starch				0	Q1195098
en	Starch	Q15761775	label	Starch	Starch			0	Q5633421
en	Starch	Q1741775	label	Starch	Starch			1	Q215380
en	Starch	Q37560081	label	Starch	Starch			0	Q101352
en	Starch	Q7601511	label	Starch				1	Q7889
en	Starfruit	Q125502598	label	Starfruit				0	Q125502232
en	Starfruit	Q15607402	alias	Damasonium polyspermum	Damasonium polyspermum		Damasonium polyspermum	7	Q16521
en	Starfruit	Q5212051	alias	Damasonium alisma	Damasonium alisma		Damasonium alisma	18	Q16521
en	Starfruit	Q65081396	label	Starfruit				1	Q482994
en	Stirlingia latifolia	Q7617601	label	Stirlingia latifolia	Stirlingia latifolia		Stirlingia latifolia	5	Q16521
en	Stock	Q108091008	label	Stock	Stock			0	Q473972
en	Stock	Q113917897	label	Stock	Stock			4	Q4830453
en	Stock	Q115262910	label	Stock				0	Q96759164
en	Stock	Q123022831	label	Stock				0	Q202444
en	Stock	Q125746049	label	Stock				0	Q5
en	Stock	Q127385582	label	Stock				0	Q21070568
en	Stock	Q1295866	label	Stock				1	Q169489
en	Stock	Q2014691	label	Stock				1	Q482994
en	Stock	Q213346	alias	John Stockton	John Stockton			50	Q5
en	Stock	Q21340052	alias	Jan H. Stock	Jan Hendrik Stock			1	Q5
en	Stock	Q22401372	label	Stock				1	Q8502
en	Stock	Q22401390	label	Stock				1	Q8502
en	Stock	Q22401411	label	Stock				1	Q8502
en	Stock	Q22401431	label	Stock				1	Q8502
en	Stock	Q22401449	label	Stock				1	Q8502
en	Stock	Q22401469	label	Stock				1	Q8502
en	Stock	Q22401489	label	Stock				1	Q8502
en	Stock	Q22401511	label	Stock				1	Q8502
en	Stock	Q22401534	label	Stock				1	Q8502
en	Stock	Q22401551	label	Stock				1	Q8502
en	Stock	Q22401566	label	Stock				1	Q8502
en	Stock	Q22401590	label	Stock				1	Q8502
en	Stock	Q22401610	label	Stock				1	Q8502
en	Stock	Q22401631	label	Stock				1	Q8502
en	Stock	Q22401646	label	Stock				1	Q8502
en	Stock	Q22401666	label	Stock				1	Q8502
en	Stock	Q22401684	label	Stock				1	Q8502
en	Stock	Q2350543	label	Stock	Stock			4	Q101352 Q1714800 Q333021
en	Stock	Q24664678	label	Stock				1	Q17362920
en	Stock	Q257068	label	Stock	Stock			21	Q4167410
en	Stock	Q31304731	label	Stock				1	Q54050
en	Stock	Q33694418	alias	A. Dean Stock				0	Q5
en	Stock	Q3579517	label	Stock	Éditions Stock			5	Q2085381
en	Stock	Q3792283	alias	Ignatius van der Stock	Ignatius van der Stock			5	Q5
en	Stock	Q5173626	label	Stock				16	Q1115575 Q532
en	Stock	Q55099234	label	Stock				1	Q5084
en	Stock	Q60637821	label	Stock				2	Q3257686
en	Stock	Q6297103	alias	Joy Drayton	Joy Drayton			1	Q5
en	Stock	Q64560872	label	Stock				0	Q93184
en	Stock	Q69990768	label	Stock				2	Q11183787
en	Stock	Q7617847	label	Stock				3	Q482994
en	Stock	Q96276401	label	Stock				1	Q11183787
en	Stock	Q98579447	label	Stock				1	Q98579904
en	Storax	Q26741546	label	Storax	Storax			1	Q4167410
en	Storax	Q525062	alias	Styrax	Styrax		Styrax	31	Q16521
en	Strawberry	Q104600447	label	Strawberry				1	Q341 Q7397 Q758895
en	Strawberry	Q10602024	label	Strawberry	Strawberry			6	Q134161 Q1631129 Q18534542
en	Strawberry	Q108327969	label	Strawberry				0	Q15632617 Q80447738 Q87576284
en	Strawberry	Q10836500	alias	Strawberry Township				3	Q24027556
en	Strawberry	Q116611154	label	Strawberry	Strawberry			2	Q169930
en	Strawberry	Q132717308	label	Strawberry				1	Q7397
en	Strawberry	Q135067020	label	Strawberry				0	Q7889
en	Strawberry	Q135670443	label	Strawberry				0	Q21191270
en	Strawberry	Q141137421	label	Strawberry				1	Q5398426
en	Strawberry	Q1412166	label	Strawberry	Strawberry			28	Q486972 Q498162
en	Strawberry	Q141285790	alias	MAX TIGER Drinks				0	Q431289
en	Strawberry	Q18164063	label	Strawberry				1	Q134556
en	Strawberry	Q20967703	label	Strawberry				3	Q11424
en	Strawberry	Q21427313	label	Strawberry				1	Q3314483
en	Strawberry	Q22073128	label	Strawberry				1	Q17343829
en	Strawberry	Q28873958	alias	Ichigo Hoshimiya				1	Q15632617 Q80447738
en	Strawberry	Q3296030	label	Strawberry	Strawberry			29	Q498162
en	Strawberry	Q3317207	label	Strawberry	Strawberry			26	Q15127012
en	Strawberry	Q3500183	label	Strawberry				2	Q482994
en	Strawberry	Q37539877	label	Strawberry	Strawberry			1	Q101352
en	Strawberry	Q415022	label	Strawberry	Strawberry			17	Q4167410
en	Strawberry	Q432937	alias	Chloe Jones	Chloe Jones			18	Q5
en	Strawberry	Q4706228	label	Strawberry				2	Q30167070 Q3658341
en	Strawberry	Q5111377	label	Strawberry				5	Q74047
en	Strawberry	Q58799170	label	Strawberry				0	Q17116096
en	Strawberry	Q65073339	label	Strawberry				1	Q74047
en	Strawberry	Q7622396	label	Strawberry				2	Q17343829
en	Strawberry	Q7622397	label	Strawberry	Strawberry			15	Q498162
en	Strawberry	Q7622398	label	Strawberry				3	Q17343829
en	Strawberry	Q7622401	label	Strawberry				1	Q482994
en	Strawberry	Q7622403	label	Strawberry	Strawberry			1	Q215380
en	Strawberry	Q7622404	label	Strawberry				1	Q10438042
en	Strawberry	Q7622405	label	Strawberry				0	Q11424
en	Sudachi	Q2714094	alias	12435 Sudachi	12435 Sudachi			16	Q3863
en	Sugar	Q105280908	label	Sugar				0	Q76213285
en	Sugar	Q105492351	label	Sugar	Sugar			14	Q134556 Q7366
en	Sugar	Q1057828	label	Sugar	Sugar			21	Q134556
en	Sugar	Q105818966	label	Sugar				1	Q3409032
en	Sugar	Q10683446	label	Sugar				1	Q215380
en	Sugar	Q107019258	label	Sugar				0	Q2217301
en	Sugar	Q10852474	label	Sugar				0	Q482994
en	Sugar	Q112648072	label	Sugar				0	Q3305213
en	Sugar	Q113611498	label	Sugar	Sugar			3	Q107154516
en	Sugar	Q113696648	label	Sugar	Sugar			13	Q5398426
en	Sugar	Q115758388	label	Sugar				0	Q15632617 Q80447738 Q87576284
en	Sugar	Q116205169	label	Sugar				0	Q5
en	Sugar	Q117454039	label	Sugar				0	Q5
en	Sugar	Q11838406	alias	Monique				12	Q5
en	Sugar	Q120487892	label	Sugar				1	Q482994
en	Sugar	Q121363559	label	Sugar				1	Q11424
en	Sugar	Q122697980	label	Sugar				0	Q11446
en	Sugar	Q122787045	label	Sugar				0	Q11446
en	Sugar	Q1292221	alias	Sugár	Sugár			2	Q4167410
en	Sugar	Q13039154	alias	Franceska Jaimes	Franceska Jaimes			12	Q5
en	Sugar	Q131461865	label	Sugar				0	Q7725634
en	Sugar	Q136340403	label	Sugar				0	
en	Sugar	Q136993056	label	Sugar				1	Q5
en	Sugar	Q138412825	label	Sugar				0	Q193977
en	Sugar	Q139589420	label	Sugar				0	Q15632617 Q1569167
en	Sugar	Q139772520	label	Sugar				0	Q1980247
en	Sugar	Q140582677	label	Sugar				0	Q571
en	Sugar	Q140786627	alias	sugar				0	Q7397
en	Sugar	Q141043593	label	Sugar				0	Q3331189
en	Sugar	Q14744853	label	Sugar	Zucchero			0	Q21191270
en	Sugar	Q15622732	label	Sugar	Sugar			2	Q482994
en	Sugar	Q17022312	label	Sugar				1	Q105543609
en	Sugar	Q17151298	label	Sugar				4	Q482994
en	Sugar	Q17214761	label	Sugar	Sugar			2	Q215380
en	Sugar	Q1760399	label	Sugar	Sugar			10	Q5741069
en	Sugar	Q18164094	label	Sugar				3	Q134556
en	Sugar	Q18763681	label	Sugar	Sugar			18	Q134556 Q7366
en	Sugar	Q18786431	label	Sugar				1	Q193977
en	Sugar	Q20720798	label	Sugar	Sugar			8	Q482994
en	Sugar	Q20720799	label	Sugar	Sugar			9	Q134556
en	Sugar	Q227789	label	Sugar				1	Q506240
en	Sugar	Q229039	label	Sugar	Sugar			25	Q4167410
en	Sugar	Q26904146	label	Sugar	Sugar			1	Q101352
en	Sugar	Q27430301	alias	Ivana Sugar	Ivana Sugar			6	Q5
en	Sugar	Q29093555	label	Sugar				0	Q5
en	Sugar	Q3266892	label	Sugar				3	Q482994
en	Sugar	Q3290762	label	Sugar	Sugar			8	Q11424
en	Sugar	Q3496796	label	Sugar				6	Q58483083
en	Sugar	Q352884	alias	Gregory Helms	Gregory Helms			24	Q5
en	Sugar	Q3976712	alias	Sugar Music	Sugar Music			5	Q18127 Q19720190
en	Sugar	Q4024900	label	Sugar	Zucchero, miele e peperoncino			11	Q11424
en	Sugar	Q4409437	label	Sugar				1	Q24862
en	Sugar	Q48789591	label	Sugar				1	Q482994
en	Sugar	Q489030	label	Sugar	Sugar			9	Q641066
en	Sugar	Q55634170	label	Sugar				1	Q5398426
en	Sugar	Q60424939	label	Sugar				1	Q56436498
en	Sugar	Q6135301	label	Sugar				1	Q482994
en	Sugar	Q61630858	alias	China / Sugar	China / Sugar			0	Q6128115
en	Sugar	Q620707	label	Sugar	Sugar Environment			15	Q205020
en	Sugar	Q65091783	label	Sugar				1	Q105543609
en	Sugar	Q6527491	label	Sugar				5	Q11424
en	Sugar	Q691865	label	Sugar	Sugar			9	Q134556 Q7366
en	Sugar	Q7634730	label	Sugar	Sugar - Il giovane campione			4	Q11424
en	Sugar	Q7634731	label	Sugar				1	Q482994
en	Sugar	Q7634732	label	Sugar				1	Q134556
en	Sugar	Q7634733	label	Sugar				1	Q482994
en	Sugar	Q7634735	label	Sugar				2	Q134556
en	Sugar	Q7634736	label	Sugar				2	Q105543609
en	Sugar	Q7634738	label	Sugar				1	Q15416
en	Sugar	Q7634739	label	Sugar	Sugar			2	Q482994
en	Sugar	Q7634741	label	Sugar				3	Q41298
en	Sugar	Q83611371	label	Sugar				0	Q105543609
en	Sugar	Q83665797	label	Sugar				0	Q105543609
en	Sugar	Q85803952	label	Sugar				3	Q11424
en	Sugar	Q97359824	label	Sugar	Sugar			4	Q105543609
en	Sugar	Q98446938	label	Sugar				0	Q210112
en	Sugar	Q99779405	label	Sugar	Sugar			0	Q106805967
en	Sugarcane	Q112578555	label	Sugarcane				1	Q7366
en	Sugarcane	Q116043317	label	Sugarcane				0	Q486972
en	Sugarcane	Q124309715	label	Sugarcane				8	Q11424
en	Sugarcane	Q138314214	label	Sugarcane				1	Q215380
en	Sugarcane	Q28325725	label	Sugarcane	Sugarcane			2	Q4167410
en	Sugarcane	Q65065360	label	Sugarcane	Sugarcane			2	Q169930
en	Sumac	Q1194506	label	Sumac				4	Q4167410
en	Sumac	Q125094694	label	Sumac				0	Q631931
en	Sumac	Q139439217	label	Sumac				0	Q11060274
en	Sumac	Q139746379	alias	Sumac Regional Reserve				0	Q62059246
en	Sumac	Q159546	alias	Rhus coriaria	Rhus coriaria		Rhus coriaria	40	Q16521
en	Sumac	Q19881958	label	Sumac	Sumac			5	Q215380
en	Sumac	Q65049568	label	Sumac				2	Q17343829
en	Summer savory	Q157283	alias	Satureja hortensis	Satureja hortensis		Satureja hortensis	48	Q11992872 Q16521 Q192691
en	Sweetfish	Q112199132	label	Sweetfish				0	Q3305213
en	Swiss cheese	Q15875509	alias	cheese with holes				2	Q10943
en	Swiss cheese	Q19359994	alias	Swiss cheeses	formaggio svizzero			13	Q10943
en	Swiss cheese	Q4117114	label	Swiss cheese	formaggio svizzero			16	Q10943
en	Swiss cheese	Q7658926	label	Swiss cheese	Swiss cheese			2	Q4167410
en	Swiss cheese	Q7658927	label	Swiss cheese				2	
en	Tabasco pepper	Q281405	label	Tabasco pepper	peperoncino tabasco		Capsicum frutescens ‘Tabasco’	30	Q165199 Q4886
en	Taleggio	Q101641	label	Taleggio	Taleggio			48	Q747074
en	Taleggio	Q1214884	label	Taleggio	Taleggio			10	Q4167410
en	Taleggio	Q30030999	label	Taleggio	Taleggio			1	Q15303838
en	Tamarind	Q112006071	label	Tamarind				0	Q27686
en	Tamarind	Q26386014	label	Tamarind				0	Q13360578
en	Tamarind	Q28178875	label	Tamarind				1	Q11707
en	Tamarind	Q74043436	label	Tamarind				0	Q11060274
en	Tamarind	Q92771825	label	Tamarind				1	Q4167410
en	Tangerine	Q105047420	label	Tangerine				0	Q105543609
en	Tangerine	Q105626489	label	Tangerine	Tangerine			1	Q215380
en	Tangerine	Q117383277	label	Tangerine	Tangerine			0	Q105543609
en	Tangerine	Q117386535	label	Tangerine	Tangerine			0	Q55850593
en	Tangerine	Q1206123	label	Tangerine	Tangerine			9	Q4167410
en	Tangerine	Q139800344	label	Tangerine				0	Q7725634
en	Tangerine	Q15238797	label	Tangerine				4	Q1227557 Q22687 Q4830453 Q650241
en	Tangerine	Q17041389	label	Tangerine				1	Q482994
en	Tangerine	Q19263995	label	Tangerine	Tangerine			23	Q11424
en	Tangerine	Q2360121	label	Tangerine	Tangerine			28	Q498162
en	Tangerine	Q25218669	label	Tangerine	Tangerine			2	Q58483083
en	Tangerine	Q25219176	label	Tangerine				1	Q134556
en	Tangerine	Q2613890	label	Tangerine	Tangerine			9	Q105543609
en	Tangerine	Q3980815	label	Tangerine	Tangerine			4	Q482994
en	Tangerine	Q43279424	label	Tangerine				1	Q11424
en	Tangerine	Q64578209	label	Tangerine				0	Q3305213
en	Tangerine	Q7682895	label	Tangerine	Tangerine			2	Q105543609
en	Tangerine	Q7682896	label	Tangerine				1	Q482994
en	Tangerine	Q7682897	label	Tangerine				2	Q134556 Q7366
en	Tangerine	Q7682898	label	Tangerine				3	Q506572
en	Tangerine	Q7682899	label	Tangerine				1	Q1114461
en	Tangerine	Q7682900	label	Tangerine	Tangerine			0	Q341
en	Tangerine	Q7682902	label	Tangerine				1	Q7725634
en	Tangerine	Q83666454	alias	Rosa 'Tangerine'	Rosa ‘Tangerine’		Rosa ‘Tangerine’	1	Q26817508
en	Tangerine	Q85805136	label	Tangerine				2	Q7725634
en	Tangerine	Q96407808	label	Tangerine				1	Q482994
en	Tangerine	Q96678588	label	Tangerine	Tangerine			0	Q55850593
en	Tangerine	Q98507826	label	Tangerine				0	Q210112
en	Tarragon	Q63615782	label	Tarragon				1	Q4167410
en	Tea	Q106476056	label	Tea				0	Q11060274 Q28886448
en	Tea	Q113565693	label	Tea				1	Q5
en	Tea	Q11836834	label	Tea				1	Q134556
en	Tea	Q119359366	label	Tea				0	Q3305213
en	Tea	Q120406489	label	Tea				1	Q5
en	Tea	Q12355785	label	Tea	Tea			11	Q4167410
en	Tea	Q131288357	label	Tea				3	Q482994
en	Tea	Q131471792	label	Tea				0	Q7725634
en	Tea	Q131927632	label	Tea				0	Q11424
en	Tea	Q135277866	label	Tea				2	Q5
en	Tea	Q135466397	label	Tea				4	Q620615
en	Tea	Q136776543	label	Tea				1	Q3331189
en	Tea	Q140582107	label	Tea				0	Q571
en	Tea	Q141223408	alias	Chinese Dance				0	Q105543609 Q58483088 Q929848
en	Tea	Q154396	alias	453 Tea				38	Q3863
en	Tea	Q15885810	label	Tea	Tea			11	Q11879590
en	Tea	Q18247895	alias	Slc7a2				0	Q20747295 Q7187
en	Tea	Q19912015	label	Tea				4	Q3305213
en	Tea	Q20881553	label	Tea				1	Q3305213
en	Tea	Q22286317	label	Tea	Tea		Tea	1	Q16521
en	Tea	Q29714680	alias	tea				0	Q7187
en	Tea	Q3243556	label	Tea	Tea			32	Q1093829
en	Tea	Q3516674	label	Tea	Tea			4	Q12772052 Q1993334 Q3839507 Q9143
en	Tea	Q37515729	label	Tea	Tea			1	Q101352
en	Tea	Q61627682	label	Tea				0	Q11060274
en	Tea	Q65575000	label	Tea				0	Q11060274
en	Tea	Q7691057	label	Tea				1	Q7725634
en	Tea	Q87347163	label	Tea				0	Q57608327
en	Tea	Q92390405	label	Tea				0	Q3305213
en	Tea tree oil	Q48832	alias	tea tree oil	Melaleuca essenza			24	Q169336 Q170885 Q735160 Q95997873
en	Tequila	Q111951043	label	Tequila				1	Q134556
en	Tequila	Q115384712	alias	Train to Nowhere / Tequila	Train to Nowhere / Tequila			0	Q134556
en	Tequila	Q115384894	alias	Train to Nowhere / Tequila	Train to Nowhere / Tequila			0	Q108352496
en	Tequila	Q115385048	label	Tequila	Tequila			0	Q55850643
en	Tequila	Q129174039	label	Tequila				0	Q47461344
en	Tequila	Q129174093	label	Tequila				0	Q3331189
en	Tequila	Q129174146	label	Tequila				0	Q3331189
en	Tequila	Q20273369	label	Tequila				7	Q20202352
en	Tequila	Q23040331	label	Tequila				1	Q105543609
en	Tequila	Q2330431	alias	Tequila Municipality				18	Q1952852
en	Tequila	Q2892667	label	Tequila	Tequila			8	Q105543609
en	Tequila	Q29732764	alias	teq				0	Q7187
en	Tequila	Q3326398	label	Tequila				7	Q2088357
en	Tequila	Q3846856	alias	Tequila Municipality	Tequila			15	Q1952852
en	Tequila	Q48743073	label	Tequila				2	Q134556
en	Tequila	Q56469340	label	Tequila				1	Q134556
en	Tequila	Q6142119	label	Tequila	Tequila			0	Q21191270
en	Tequila	Q6142120	alias					2	Q11424
en	Tequila	Q732012	label	Tequila	Tequila			24	Q4167410
en	Tequila	Q7701425	label	Tequila				1	Q482994
en	Tequila	Q7701427	label	Tequila				1	Q482994
en	Tequila	Q83637865	label	Tequila				1	Q14970
en	Tequila	Q83670258	alias	Rosa 'Tequila'	Rosa ‘Tequila’		Rosa ‘Tequila’	1	Q26817508
en	Tequila	Q847764	label	Tequila	Tequila			39	Q20202352
en	Tequila	Q85805936	label	Tequila	Tequila			5	Q105543609
en	Tequila	Q96679131	label	Tequila				0	Q215380
en	Teucrium chamaedrys	Q161937	label	Teucrium chamaedrys	Teucrium chamaedrys		Teucrium chamaedrys	43	Q16521
en	Texas sage	Q1023573	alias	Salvia coccinea	Salvia coccinea		Salvia coccinea	21	Q16521
en	Texas sage	Q104213276	alias	Salvia coccinea flowering top				0	Q10675206
en	Texas sage	Q2355636	alias	Leucophyllum frutescens	Leucophyllum frutescens		Leucophyllum frutescens	14	Q16521
en	Texas sage	Q7708289	label	Texas sage	Texas sage			1	Q4167410
en	Thaumatococcus daniellii	Q1735605	label	Thaumatococcus daniellii	Thaumatococcus daniellii		Thaumatococcus daniellii	22	Q11992872 Q16521
en	Thuja occidentalis	Q147468	label	Thuja occidentalis	Thuja occidentalis		Thuja occidentalis	55	Q16521
en	Thuja occidentalis	Q60174673	label	Thuja occidentalis				2	Q10977433
en	Thuja occidentalis	Q60174684	label	Thuja occidentalis				2	Q10977433
en	Thuja standishii	Q1683350	label	Thuja standishii	Thuja standishii		Thuja standishii	21	Q16521
en	Thujopsis dolabrata	Q1330391	label	Thujopsis dolabrata	Thujopsis dolabrata		Thujopsis dolabrata	32	Q16521
en	Thyme	Q115899509	label	Thyme				0	Q7433680
en	Thyme	Q120645568	label	Thyme				0	Q18534542
en	Thyme	Q126957018	label	Thyme				0	Q1464125
en	Thyme	Q138775236	label	Thyme				0	Q93184
en	Thyme	Q140197599	label	Thyme	Thyme			0	Q101352
en	Thyme	Q140538458	label	Thyme				0	Q93184
en	Thyme	Q148668	alias	Thymus vulgaris	Thymus vulgaris		Thymus vulgaris	57	Q11992872 Q16521
en	Thyme	Q5369369	label	Thyme				4	Q215380
en	Thyme	Q54749597	alias	AM-iPS-8				0	Q107103143 Q21014462
en	Thyme	Q54858160	label	Thyme				0	Q1114461 Q15632617
en	Thyme	Q7799610	label	Thyme				3	Q4167410
en	Thymus	Q131224	label	Thymus	Thymus		Thymus	91	Q16521
en	Thymus	Q231787	label	Thymus	Thymus			18	Q4167410
en	Thymus	Q27713536	label	Thymus	Thymus			0	Q5633421
en	Thymus	Q7799649	label	Thymus	Thymus		Thymus	4	Q16521
en	Thymus mastichina	Q292582	label	Thymus mastichina	Thymus mastichina		Thymus mastichina	12	Q16521
en	Thymus zygis	Q851544	label	Thymus zygis	Thymus zygis		Thymus zygis	15	Q16521
en	Tilsit cheese	Q2433798	label	Tilsit cheese	Tilsit			29	Q10943 Q19361019
en	Tobacco	Q107119808	label	Tobacco				0	Q4830453
en	Tobacco	Q123187026	label	Tobacco				0	Q123186574
en	Tobacco	Q133871250	label	Tobacco				2	Q7725634
en	Tobacco	Q138024852	label	Tobacco				0	Q860861
en	Tobacco	Q14713361	label	Tobacco				1	Q17343829
en	Tobacco	Q181095	alias	Nicotiana tabacum	Nicotiana tabacum		Nicotiana tabacum	68	Q16521 Q192691 Q21028485
en	Tobacco	Q20759927	label	Tobacco	Tobacco			6	Q4167410
en	Tobacco	Q20881124	label	Tobacco				0	Q3305213
en	Tobacco	Q22025699	label	Tobacco				1	Q26644852
en	Tobacco	Q27883650	label	Tobacco				0	Q3305213
en	Tobacco	Q28473448	label	Tobacco				0	Q3305213
en	Tobacco	Q3656836	label	Tobacco				5	Q11424
en	Tobacco	Q37242784	label	Tobacco	Tobacco			0	Q101352
en	Tobacco	Q7811452	label	Tobacco	Tobacco (musicista)			2	Q5
en	Tobacco	Q98447055	label	Tobacco				0	Q210112
en	Tolu balsam	Q312710	label	Tolu balsam				13	Q1776037 Q40034430
en	Tomato	Q107104969	label	Tomato	Tomato			0	Q18127
en	Tomato	Q12621154	label	Tomato				2	Q5398426
en	Tomato	Q126999675	label	Tomato				0	Q1464125
en	Tomato	Q16957607	label	Tomato	Tomato			4	Q482994
en	Tomato	Q17022874	label	Tomato				3	Q4830453
en	Tomato	Q18118467	alias	I Eat Tomatoes				1	Q5
en	Tomato	Q20200160	label	Tomato				0	Q3305213
en	Tomato	Q250918	label	Tomato	Tomato			9	Q1130645 Q1139923 Q131669 Q19868411
en	Tomato	Q350045	label	Tomato	Tomato			7	Q4167410
en	Tomato	Q3517444	alias	Temenis laothoe	Temenis laothoe		Temenis laothoe	6	Q16521
en	Tomato	Q3530997	alias	Tomate	Tomate			3	Q4167410
en	Tomato	Q3531007	label	Tomato	Tomato			4	Q18127
en	Tomato	Q3992593	label	Tomato	Tomato			1	Q482994
en	Tomato	Q3992595	label	Tomato	Tomato			1	Q215380
en	Tomato	Q7818544	label	Tomato				4	Q17343829
en	Tomato	Q7818545	label	Tomato				1	
en	Tomato	Q7818546	label	Tomato				2	Q4830453
en	Tomato	Q7818548	label	Tomato	Tomato			2	Q5
en	Tomato	Q98507894	label	Tomato				0	Q210112
en	Trifolium incarnatum	Q161361	label	Trifolium incarnatum	Trifolium incarnatum		Trifolium incarnatum	39	Q11992872 Q12160912 Q16521
en	Trifolium incarnatum	Q52502826	label	Trifolium incarnatum				0	Q11835431
en	Trifolium incarnatum	Q56660910	label	Trifolium incarnatum				0	Q11835431
en	Trout	Q103778362	label	Trout				0	Q12859788 Q852190
en	Trout	Q103919374	label	Trout				0	Q3305213
en	Trout	Q109752548	label	Trout	La trota			5	Q3305213
en	Trout	Q117008837	label	Trout				0	Q2928814
en	Trout	Q120032556	label	Trout				0	Q3305213
en	Trout	Q122934576	label	Trout				0	Q860861
en	Trout	Q1306377	alias	The Trout	La Truite			15	Q11424
en	Trout	Q134606536	label	Trout				0	Q3305213
en	Trout	Q16929710	label	Trout	Trout			4	Q101352
en	Trout	Q17492419	label	Trout	la trota			2	Q3305213
en	Trout	Q1900580	label	Trout	Trota			7	Q4167410
en	Trout	Q21196642	label	Trout				7	Q17343829 Q498162
en	Trout	Q26649810	alias	The Trout Inn				1	Q212198 Q256020
en	Trout	Q28549309	label	Trout				0	Q3305213
en	Trout	Q28749736	label	Trout				1	Q482994
en	Trout	Q75425501	label	Trout				0	Q11060274
en	Trout	Q7846580	label	Trout				2	Q17343829
en	Trout	Q7846581	label	Trout				2	Q17343829
en	Truffle	Q51029448	label	Truffle				1	Q215380
en	Truffle	Q527942	label	Truffle	Truffle			6	Q4167410
en	Tsuga canadensis	Q1137143	label	Tsuga canadensis	Tsuga canadensis		Tsuga canadensis	37	Q16521
en	Tsuga canadensis	Q25445672	label	Tsuga canadensis				2	Q20071150
en	Tuber	Q100269193	label	Tuber				2	Q620615 Q6368
en	Tuber	Q119443802	label	Tuber				1	Q4167410
en	Tuber	Q137196100	label	Tuber				1	Q482994
en	Tuber	Q17125263	alias	YouTuber	youtuber			70	Q109459317 Q111263847 Q111651501 Q118371929 Q12737077 Q4110598
en	Tuber	Q22983603	label	Tuber	Tuber		Tuber	2	Q16521
en	Tuber	Q2458905	label	Tuber	Tuber			6	Q4167410
en	Tuber	Q56274710	label	Tuber				2	Q215380
en	Tuber	Q7850805	label	Tuber				4	Q17343829
en	Tuber	Q7850807	label	Tuber	Tuber		Tuber	48	Q16521
en	Tuberose	Q107403516	label	Tuberose				1	Q13433827
en	Tuberose	Q109352493	label	Tuberose				3	Q482994
en	Tuberose	Q115865954	label	Tuberose				0	Q486972
en	Tuberose	Q4923384	alias	The Evening Primrose				4	Q105543609
en	Tuberose	Q61988988	label	Tuberose				0	Q726
en	Tuberose	Q98820290	label	Tuberose				0	Q125191
en	Tulip	Q103912462	label	Tulip				0	Q783186 Q852190
en	Tulip	Q105092233	label	Tulip				0	Q3305213
en	Tulip	Q106658150	label	Tulip				0	Q3305213
en	Tulip	Q106706945	label	Tulip				1	Q17343829
en	Tulip	Q11318391	label	Tulip				2	Q215380
en	Tulip	Q117021342	label	Tulip				0	Q14928
en	Tulip	Q119026065	label	Tulip				1	Q105543609
en	Tulip	Q119435815	label	Tulip				0	Q3305213
en	Tulip	Q119581542	label	Tulip				0	Q3305213
en	Tulip	Q119585281	label	Tulip				0	Q3305213
en	Tulip	Q122768660	label	Tulip				0	Q11446
en	Tulip	Q123287493	label	Tulip				0	Q24862
en	Tulip	Q123304690	label	Tulip				0	Q24862
en	Tulip	Q126697481	label	Tulip				0	Q7889
en	Tulip	Q126938250	label	Tulip				0	Q15632617 Q1569167 Q80447738
en	Tulip	Q128097355	label	Tulip				1	Q18916020
en	Tulip	Q138192298	label	Tulip				0	Q32815
en	Tulip	Q139795941	label	Tulip				0	Q4830453 Q5354754
en	Tulip	Q17379928	label	Tulip	Tulip			1	Q101352
en	Tulip	Q23698517	label	Tulip				3	Q17343829
en	Tulip	Q26159934	label	Tulip	Tulip			0	Q202866
en	Tulip	Q26434145	alias	The Tulip Public House				1	Q212198
en	Tulip	Q27986059	label	Tulip				2	Q17343829
en	Tulip	Q46991513	label	Tulip				0	Q3305213
en	Tulip	Q60754464	label	Tulip				3	Q11303
en	Tulip	Q60780876	label	Tulip				0	Q22075301 Q28823 Q29639251
en	Tulip	Q62011031	label	Tulip				0	Q726
en	Tulip	Q63120034	label	Tulip				0	Q3305213
en	Tulip	Q64515624	label	Tulip				0	Q64093742
en	Tulip	Q64515673	label	Tulip				0	Q64093742
en	Tulip	Q64582565	label	Tulip				0	Q11879590
en	Tulip	Q74891434	label	Tulip				0	Q11060274
en	Tulip	Q7852056	label	Tulip				1	Q482994
en	Tulip	Q7852057	label	Tulip	Tulip			1	Q341 Q7936632
en	Tulip	Q79927765	label	Tulip				0	Q11060274
en	Tulip	Q79927804	label	Tulip				0	Q11060274
en	Tulip	Q79927807	label	Tulip				0	Q11060274
en	Tulip	Q79927808	label	Tulip				0	Q11060274
en	Tulip	Q79927811	label	Tulip				0	Q11060274
en	Tulip	Q79927815	label	Tulip				0	Q11060274
en	Tulip	Q80231	label	Tulip	Tulip			5	Q17343829
en	Tulip	Q80403	label	Tulip	Tulip			11	Q4167410
en	Tulip	Q83652144	label	Tulip				1	Q11446
en	Tulip	Q99239347	alias	Tulip Olsen				1	Q15632617 Q15773317
en	Tuna	Q105330885	label	Tuna				1	Q146
en	Tuna	Q10706249	label	Tuna				1	Q486972
en	Tuna	Q10706251	label	Tuna				2	Q12813115 Q14839548
en	Tuna	Q10706252	label	Tuna				1	Q486972
en	Tuna	Q10706253	label	Tuna				2	Q2983893
en	Tuna	Q10706254	label	Tuna				1	Q486972
en	Tuna	Q10706255	label	Tuna				1	Q486972
en	Tuna	Q10706260	label	Tuna				2	Q615980
en	Tuna	Q10930558	label	Tuna				3	Q1500350
en	Tuna	Q109384130	label	Tuna				3	Q17051044
en	Tuna	Q109393350	label	Tuna				3	Q17051044
en	Tuna	Q109917860	label	Tuna				0	Q486972
en	Tuna	Q115572498	label	Tuna				0	Q105999
en	Tuna	Q117008364	label	Tuna				0	Q2175765
en	Tuna	Q1174370	label	Tuna	Tuna			23	Q4167410
en	Tuna	Q123218778	label	Tuna				1	Q860861
en	Tuna	Q123262066	alias	Túnid, Tuned Tuna				1	Q860861
en	Tuna	Q12377385	label	Tuna				2	Q41298
en	Tuna	Q127699686	label	Tuna				0	Q21191270
en	Tuna	Q128276974	label	Tuna				0	Q1002697
en	Tuna	Q134173931	label	Tuna				0	Q7433680
en	Tuna	Q134549229	label	Tuna				0	Q486972
en	Tuna	Q136455565	label	Tuna				0	Q17051044
en	Tuna	Q16282216	label	Tuna	Tuna			3	Q101352
en	Tuna	Q18264029	alias	Tunar				0	Q427087 Q7187
en	Tuna	Q18334181	label	Tuna				1	Q486972
en	Tuna	Q18445612	label	Tuna	Tuna			6	Q1134686
en	Tuna	Q20818039	label	Tuna				3	Q144
en	Tuna	Q21608349	label	Tuna				1	Q18333556
en	Tuna	Q21684670	label	Tuna				1	Q18333556
en	Tuna	Q21704923	label	Tuna				1	Q18333556
en	Tuna	Q21721386	label	Tuna				2	Q18333556
en	Tuna	Q21789555	label	Tuna				3	Q5
en	Tuna	Q2265260	label	Tuna	Tuna (Södertälje)			12	Q12813115 Q14839548
en	Tuna	Q2345209	label	Tuna	Tuna			11	Q12813115
en	Tuna	Q2366984	label	Tuna				5	Q12813115 Q14839548
en	Tuna	Q3299570	label	Tuna	Tuna			7	Q5
en	Tuna	Q37753535	label	Tuna				1	Q4022
en	Tuna	Q4465452	label	Tuna				1	Q4022
en	Tuna	Q45637788	label	Tuna				0	Q5
en	Tuna	Q49369555	label	Tuna				1	Q486972
en	Tuna	Q5793506	label	Tuna				7	Q532
en	Tuna	Q6021089	label	Tuna				3	Q17051044
en	Tuna	Q6066235	label	Tuna	Tuna			2	Q17051044
en	Tuna	Q6153812	label	Tuna				3	Q3677932
en	Tuna	Q65432589	label	Tuna				1	Q3257686
en	Tuna	Q70004167	label	Tuna	Tuna			1	Q3409032
en	Tuna	Q70844110	label	Tuna				0	Q121117
en	Tuna	Q71288048	label	Tuna				0	Q121117
en	Tuna	Q72905672	label	Tuna				0	Q121117
en	Tuna	Q73672380	label	Tuna				0	Q121117
en	Tuna	Q7852785	label	Tuna				3	Q190
en	Tuna	Q83642827	label	Tuna				1	Q11446
en	Tuna	Q90481440	alias	Du-na				0	Q11879590
en	Tuna	Q96334631	label	Tuna				0	Q5633421
en	Tuna	Q97232511	label	Tuna				4	Q17051044
en	Tuna	Q98447306	label	Tuna				0	Q210112
en	Turkey	Q101581905	label	Turkey				0	Q1195098
en	Turkey	Q104658877	label	Turkey				0	Q3305213
en	Turkey	Q110745867	label	Turkey				0	Q93184
en	Turkey	Q111911342	label	Turkey				1	Q49614
en	Turkey	Q11316536	label	Turkey				2	Q5
en	Turkey	Q114518783	label	Turkey				0	Q21191270
en	Turkey	Q114526925	label	Turkey				0	Q21191270
en	Turkey	Q116619351	label	Turkey				0	Q3305213
en	Turkey	Q129997181	label	Turkey				0	Q838948
en	Turkey	Q133463343	label	Turkey				0	Q3305213
en	Turkey	Q134999828	alias	The Story of the Nations, Turkey				0	
en	Turkey	Q139739587	label	Turkey				0	Q193495
en	Turkey	Q139932099	label	Turkey				0	Q3331189
en	Turkey	Q1715478	label	Turkey	Turkey			25	Q4167410
en	Turkey	Q18891267	label	Turkey				0	Q3305213
en	Turkey	Q2024092	label	Turkey	Turkey			30	Q132680629 Q15127012
en	Turkey	Q20571352	label	Turkey				6	Q21286738
en	Turkey	Q20816252	label	Turkey				0	Q3305213
en	Turkey	Q20860183	label	Turkey				0	Q3305213
en	Turkey	Q21901073	label	Turkey				1	Q54050
en	Turkey	Q43	label	Turkey	Turchia			425	Q127693126 Q1323642 Q339834 Q3624078 Q51576574 Q619610 Q6256 Q859563
en	Turkey	Q49341567	label	Turkey				1	Q111816862
en	Turkey	Q6033793	alias	Çevre Mühendisleri Odası				1	Q43229
en	Turkey	Q63864129	label	Turkey				0	Q838948 Q860861
en	Turkey	Q64512250	label	Turkey				0	Q3305213
en	Turkey	Q7855035	label	Turkey				2	Q17343829
en	Turkey	Q7855036	label	Turkey				9	Q3957
en	Turkey	Q80024371	label	Turkey				0	Q93184
en	Turkey	Q975535	label	Turkey	Turkey			39	Q1093829
en	Turmeric	Q135003623	label	Turmeric			Curcuma longa	0	Q188840 Q189819
en	Turmeric	Q47491917	label	Turmeric	Turmeric			1	Q4167410
en	Turnip	Q25470962	label	Turnip				1	Q101352 Q211503 Q5125627
en	Turpentine	Q103971095	label	Turpentine				0	Q13433827
en	Turpentine	Q134389597	label	Turpentine				1	Q4886
en	Turpentine	Q31646577	label	Turpentine				1	Q54050
en	Turpentine	Q31689843	label	Turpentine				1	Q54050
en	Turpentine	Q7856170	label	Turpentine				1	Q105543609
en	Turpentine	Q7856171	label	Turpentine	Turpentine			0	Q215380
en	Turpentine	Q7856172	label	Turpentine	Turpentine			3	Q4167410
en	Udo	Q105504737	label	Udo				2	Q18663566
en	Udo	Q11516409	label	Udo				2	Q18663566
en	Udo	Q116764480	label	Udo	Udo			0	Q101352 Q19914123
en	Udo	Q12608825	alias	U Island				5	Q23442
en	Udo	Q131090198	alias	Soludo				0	Q202444
en	Udo	Q131433379	alias	Udoka				0	Q202444
en	Udo	Q13424614	label	Udo	Pribignew			10	Q5
en	Udo	Q141591892	label	Udo				0	Q19914123
en	Udo	Q141591945	label	Udo				0	Q88865447
en	Udo	Q1465588	label	Udo	Udo			6	Q12308941
en	Udo	Q20498306	alias	Lothair Udo I, Count of Stade	Lotario Udo I di Stade			6	Q5
en	Udo	Q350727	label	Udo	Udo			14	Q4167410
en	Udo	Q359510	alias	Udo Mechels	Udo Mechels			5	Q5
en	Udo	Q37514740	label	Udo	Udo			1	Q101352
en	Udo	Q39246701	alias	Udō				0	Q101352 Q19914123
en	Udo	Q496912	label	Udo	Isola di Udo			17	Q23442
en	Udo	Q56753397	label	Udo				0	Q47461344
en	Udo	Q97291721	label	Udo				1	Q23442
en	Udo	Q97727558	label	Udo				0	Q5
en	Udo	Q97727572	label	Udo				0	Q5
en	Umbelliferae	Q10387485	label	Umbelliferae	Umbelliferae		Umbelliferae	1	Q1040689 Q16521
en	Vachellia farnesiana	Q23055981	label	Vachellia farnesiana	Vachellia farnesiana		Vachellia farnesiana	43	Q16521
en	Valerian	Q120070354	label	Valerian				0	Q12308941
en	Valerian	Q1769217	label	Valerian	Valerian			12	Q4167410
en	Valerian	Q18946747	label	Valerian				0	Q104868059 Q12308941
en	Valerian	Q20926273	alias	Valérian and the City of a Thousand Planets	Valerian e la città dei mille pianeti			42	Q11424
en	Valerian	Q30939692	label	Valerian				2	Q5
en	Valerian	Q3554205	label	Valerian	Valerian			1	Q1114461 Q15632617 Q15773347
en	Valerian	Q46750	label	Valerian	Valeriano			74	Q5
en	Valerian	Q7911208	label	Valerian	Valerian			6	Q12308941
en	Valerian oil	Q72515979	alias	Valerian root oil	Valeriana essenza			0	Q1259977 Q169336 Q735160 Q95997873
en	Valerian root oil	Q72515979	label	Valerian root oil	Valeriana essenza			0	Q1259977 Q169336 Q735160 Q95997873
en	Valeriana officinalis	Q157819	label	Valeriana officinalis	Valeriana officinalis		Valeriana officinalis	78	Q157957 Q16521 Q190903
en	Vanilla	Q106989460	label	Vanilla				0	Q134556
en	Vanilla	Q110942338	label	Vanilla				0	Q100891938 Q1569167 Q80447738
en	Vanilla	Q113289184	label	Vanilla				1	Q105543609
en	Vanilla	Q116244948	label	Vanilla				1	Q11424
en	Vanilla	Q123758110	label	Vanilla				0	Q134556
en	Vanilla	Q123759556	label	Vanilla				0	Q134556
en	Vanilla	Q136673080	label	Vanilla				1	Q11424
en	Vanilla	Q136673081	label	Vanilla				2	Q11424
en	Vanilla	Q139898784	alias	Venika Mittal				0	Q5
en	Vanilla	Q162044	label	Vanilla	Vanilla		Vanilla	70	Q16521
en	Vanilla	Q1956271	alias	Vanilla Forums				6	Q25595203
en	Vanilla	Q19878468	label	Vanilla				1	Q17343829
en	Vanilla	Q19946630	alias	San Francisco				1	Q17210
en	Vanilla	Q25461414	label	Vanilla	Vanilla			1	Q215380
en	Vanilla	Q30597381	label	Vanilla				1	Q482994
en	Vanilla	Q32859522	label	Vanilla				0	Q11424
en	Vanilla	Q3544348	label	Vanilla				5	Q134556
en	Vanilla	Q366406	label	Vanilla	Vanilla			15	Q4167410
en	Vanilla	Q4008582	label	Vanilla	Vanilla			1	Q18127
en	Vanilla	Q43431597	label	Vanilla				1	Q5
en	Vanilla	Q55973254	label	Vanilla				1	Q5
en	Vanilla	Q7914920	label	Vanilla	Vanilla			1	Q215380 Q641066
en	Vanilla	Q7914922	label	Vanilla	Vanilla			2	Q134556
en	Vanilla	Q7914923	label	Vanilla	Vanilla			1	Q169930
en	Vanilla	Q84595854	alias	Vanilla the Rabbit				0	Q1569167 Q66442954 Q80447738
en	Veal	Q36972143	label	Veal	Veal			3	Q101352
en	Veal	Q7917689	label	Veal	Veal			1	Q215380
en	Veal	Q7917690	label	Veal	Veal			5	Q4167410
en	Vegetable	Q139469477	label	Vegetable				0	Q11060274
en	Vegetable	Q3563989	label	Vegetable				3	Q4167410
en	Vegetable	Q49355472	label	Vegetable				0	Q3305213
en	Vegetable oil	Q7918340	label	Vegetable oil				1	Q4167410
en	Venison	Q62033520	label	Venison				0	Q726
en	Venison	Q7920025	label	Venison	Venison			2	Q4167410
en	Venison	Q79322030	label	Venison				0	Q3305213
en	Verbenaceae	Q156960	label	Verbenaceae	Verbenaceae		Verbenaceae	65	Q16521
en	Vervain	Q161417	alias	Verbena officinalis	Verbena officinalis		Verbena officinalis	55	Q157957 Q16521
en	Vervain	Q21160191	label	Vervain				2	Q482994
en	Vervain	Q7923003	label	Vervain	Vervain			1	Q4167410
en	Vetiver	Q1692558	label	Vetiver	Vetiver			8	Q215380
en	Vetiver	Q4010469	label	Vetiver	Vetiver			3	Q4167410
en	Vetiver	Q4016724	label	Vetiver	Vétiver			1	Q131746
en	Vetiver	Q7923746	label	Vetiver				1	Q482994
en	Vietnamese black tea	Q12598129	label	Vietnamese black tea				1	Q203415 Q40050
en	Vinegar	Q36879565	label	Vinegar	Vinegar			0	Q101352
en	Vinegar	Q39562095	label	Vinegar	Vinegar			1	Q215380
en	Vinegar	Q4013647	label	Vinegar	Vinegar			3	Q134556
en	Violet	Q100255100	alias	Vi	Vi			10	Q15632617 Q1569167 Q15711870 Q15773317
en	Violet	Q102418129	label	Violet	Violet			1	Q482994
en	Violet	Q103853836	label	Violet				0	Q11446 Q852190
en	Violet	Q10853217	label	Violet				2	Q134556
en	Violet	Q110065565	label	Violet	Violet			1	Q134556
en	Violet	Q110890412	label	Violet				0	Q7725634
en	Violet	Q111123289	label	Violet				0	Q188507 Q617839
en	Violet	Q111131073	alias	Viola come il mare	Viola come il mare			5	Q5398426
en	Violet	Q113549362	label	Violet				1	
en	Violet	Q115226383	label	Violet				0	Q56885635
en	Violet	Q115709672	label	Violet				0	Q852190
en	Violet	Q115712786	label	Violet				0	Q852190
en	Violet	Q117237613	label	Violet				0	Q58483083
en	Violet	Q119296398	label	Violet				0	Q3305213
en	Violet	Q119377369	label	Violet				0	Q3305213
en	Violet	Q122710882	label	Violet				0	Q11446
en	Violet	Q123514870	alias	Colonel Violet				1	
en	Violet	Q126726999	alias	usedcvnt				0	Q5
en	Violet	Q126916246	label	Violet				2	Q21191270
en	Violet	Q127046200	label	Violet				1	Q11424
en	Violet	Q127608212	alias	Ultima				0	Q34315358 Q3658341 Q80447738 Q87576284
en	Violet	Q131036635	alias	Sumire Yoshizawa				2	Q15632617 Q1569167 Q87576284
en	Violet	Q132069218	label	Violet				1	Q482994
en	Violet	Q134235677	label	Violet				0	Q130232
en	Violet	Q135402207	label	Violet				0	Q15711870
en	Violet	Q135452907	label	Violet				0	Q7889
en	Violet	Q139839644	label	Violet				0	Q7725634
en	Violet	Q139962206	label	Violet				1	Q11424
en	Violet	Q1454272	label	Violet	Violet			6	Q11879590
en	Violet	Q14949935	label	Violet				3	Q11424
en	Violet	Q15852980	label	Violet				1	Q7397
en	Violet	Q16163611	label	Violet				2	Q5
en	Violet	Q16258831	label	Violet				1	Q7889
en	Violet	Q1743241	label	Violet	Violet			1	Q215380
en	Violet	Q18286820	label	Violet				4	Q11424
en	Violet	Q18530661	alias	Pierre-Noël Violet	Pierre Noël Violet			4	Q5
en	Violet	Q1912232	alias	Max Barry	Max Barry			15	Q5
en	Violet	Q19898159	label	Violet				1	Q58483083
en	Violet	Q20189569	label	Violet				0	Q3305213
en	Violet	Q2035958	alias	Lee Chaolan	Lee Chaolan			12	Q15632617 Q1569167 Q80447738
en	Violet	Q21083877	label	Violet				2	Q11424
en	Violet	Q24066807	label	Violet				0	Q3305213
en	Violet	Q2460287	label	Violet	Violet			11	Q482994
en	Violet	Q2491691	label	Violet	Violet			24	Q17343829 Q498162
en	Violet	Q2527450	label	Violet	Violet			2	Q215380
en	Violet	Q257659	label	Violet	Violet			23	Q4167410
en	Violet	Q28005977	label	Violet				3	Q17343829
en	Violet	Q28811860	label	Violet				0	Q15632617 Q15773347
en	Violet	Q30112815	label	Violet	Viola			4	Q7725634
en	Violet	Q3068195	alias	Felony	Felony			4	Q5
en	Violet	Q3243369	alias	Violet Parr	Violetta Parr			11	Q15632617 Q15711870 Q52034969
en	Violet	Q3395353	label	Violet	Violet			7	Q134556
en	Violet	Q3560413	label	Violet				2	Q11446
en	Violet	Q3560414	label	Violet				1	Q43229
en	Violet	Q37487109	label	Violet	Violet			1	Q101352
en	Violet	Q4052704	label	Violet				1	Q482994
en	Violet	Q47069769	label	Violet				4	Q482994
en	Violet	Q52375470	label	Violet				1	Q17210
en	Violet	Q5960914	alias	Kumatora				1	Q1569167
en	Violet	Q6163253	label	Violet				0	Q1569167
en	Violet	Q62032716	label	Violet				0	Q726
en	Violet	Q63536736	label	Violet				0	Q111353943 Q50386450
en	Violet	Q63893724	label	Violet				0	Q15632617 Q63975020
en	Violet	Q63980472	label	Violet				0	Q726
en	Violet	Q65249449	alias	Viola				1	Q15632617 Q80447738 Q87576284
en	Violet	Q65966062	label	Violet				1	Q24334685
en	Violet	Q68069133	alias	Violet Rain	Violet Rain			1	Q5
en	Violet	Q73547295	label	Violet				3	Q11424
en	Violet	Q7933194	label	Violet	Violet			1	Q17343829
en	Violet	Q7933195	label	Violet	Violet			2	Q17343829
en	Violet	Q7933204	label	Violet	Violet			1	Q134556
en	Violet	Q7933205	label	Violet				5	Q11424
en	Violet	Q7933206	label	Violet	Violet			2	Q482994
en	Violet	Q7933208	label	Violet				6	Q24862
en	Violet	Q7933209	label	Violet				1	Q58483083
en	Violet	Q97309065	alias					1	Q4167410
en	Violet	Q97988431	label	Violet				0	Q11446
en	Violet	Q97988433	label	Violet				0	Q11446
en	Violet	Q97988435	label	Violet				0	Q11446
en	Vitis	Q113675666	label	Vitis				0	Q11183787
en	Vitis	Q113675699	label	Vitis	Vitis			0	Q17376095
en	Vitis	Q117794805	label	Vitis				0	Q1550557
en	Vitis	Q15756080	label	Vitis	Vitis			1	Q5633421
en	Vitis	Q191019	label	Vitis	Vitis		Vitis	100	Q16521
en	Vitis	Q363269	label	Vitis	Vitis			11	Q4167410
en	Vitis	Q666908	label	Vitis	Vitis			29	Q562061 Q667509
en	Vitis	Q83641031	label	Vitis	Vitis			1	Q11446
en	Vitis	Q87545983	alias	𐇳	𐇳			1	Q29654788 Q52827
en	Vitis labrusca	Q311720	label	Vitis labrusca	Vitis labrusca		Vitis labrusca	34	Q16521
en	Wallflower	Q103912767	label	Wallflower				0	Q11446 Q852190
en	Wallflower	Q119819792	label	Wallflower				0	Q3305213
en	Wallflower	Q119829573	label	Wallflower				0	Q3305213
en	Wallflower	Q124828786	label	Wallflower				0	Q21191270
en	Wallflower	Q130222917	label	Wallflower				2	Q105543609
en	Wallflower	Q135063968	label	Wallflower				0	Q7889
en	Wallflower	Q138448035	label	Wallflower				0	Q18761202 Q3305213
en	Wallflower	Q138781979	label	Wallflower				1	Q215380
en	Wallflower	Q1448525	label	Wallflower	Wallflower			4	Q1094617
en	Wallflower	Q19205273	label	Wallflower	Wallflower			5	Q482994
en	Wallflower	Q20076833	label	Wallflower	Wallflower			4	Q11424
en	Wallflower	Q7963072	label	Wallflower	Camaleonte			1	Q21191270
en	Wallflower	Q7963073	label	Wallflower	Wallflower			3	Q105543609
en	Wallflower	Q7963074	label	Wallflower				0	Q482994
en	Walnut	Q103913101	label	Walnut				0	Q11446 Q852190
en	Walnut	Q104007885	label	Walnut				0	Q13433827
en	Walnut	Q112860536	alias	Kurumi	Kurumi			0	Q15632617 Q80447738
en	Walnut	Q115226395	label	Walnut				0	Q56885635
en	Walnut	Q116697478	label	Walnut				0	Q1427536 Q3498533
en	Walnut	Q135388290	label	Walnut				0	Q17451
en	Walnut	Q141306107	label	Walnut				1	Q26401003
en	Walnut	Q18394392	label	Walnut				2	Q17343829
en	Walnut	Q2022333	label	Walnut	Walnut			35	Q15127012
en	Walnut	Q2133297	label	Walnut	Walnut			27	Q110071217
en	Walnut	Q2240007	label	Walnut	Walnut			36	Q1093829
en	Walnut	Q2363375	label	Walnut	Walnut			31	Q1093829
en	Walnut	Q23698529	label	Walnut				2	Q17343829
en	Walnut	Q257166	label	Walnut	Walnut			24	Q4167410
en	Walnut	Q27985839	label	Walnut				2	Q17343829
en	Walnut	Q46871	alias	Juglans regia	Juglans regia		Juglans regia	93	Q10884 Q11992872 Q16521
en	Walnut	Q56709163	label	Walnut				1	Q11670533 Q63979268
en	Walnut	Q65052088	label	Walnut				2	Q486972
en	Walnut	Q7963555	label	Walnut				3	Q17343829
en	Walnut	Q7963556	label	Walnut				4	Q17343829
en	Walnut	Q7963558	label	Walnut				4	Q17343829
en	Walnut	Q7963559	label	Walnut				2	Q17343829
en	Walnut	Q850979	label	Walnut	Walnut			50	Q1093829
en	Walnut	Q98447063	label	Walnut				0	Q210112
en	Walnuts	Q119317194	label	Walnuts				0	Q3305213
en	Walnuts	Q126118976	label	Walnuts				0	Q3305213
en	Walnuts	Q26312450	label	Walnuts				0	Q41176
en	Wasabi	Q104721516	label	Wasabi				0	Q95074
en	Wasabi	Q106006911	label	Wasabi				0	Q1114461 Q15632617
en	Wasabi	Q107299154	label	Wasabi				2	Q105543609
en	Wasabi	Q110976385	alias	Wasabi Hotel				0	Q27686
en	Wasabi	Q1179251	label	Wasabi	Wasabi			12	Q4167410
en	Wasabi	Q12010414	label	Wasabi				1	Q1555508
en	Wasabi	Q123472576	label	Wasabi				0	Q482994
en	Wasabi	Q20466051	label	Wasabi				1	Q1760610
en	Wasabi	Q23891278	label	Wasabi				6	Q18509232
en	Wasabi	Q28027003	label	Wasabi				1	Q15632617 Q15711870
en	Wasabi	Q60752298	alias	Wasabi Technologies				1	Q1210425 Q1346018 Q21980538
en	Wasabi	Q7971317	label	Wasabi	Wasabi			1	Q1193246
en	Wasabi	Q7971318	label	Wasabi				1	Q134556
en	Wasabi	Q89988389	alias	Nathan Lam				3	Q5
en	Wasabi	Q906639	label	Wasabi	Wasabi			34	Q11424
en	Watercress	Q103777439	label	Watercress				0	Q382586 Q852190
en	Watercress	Q104223904	alias	watercress	crescione d'acqua			0	Q20134 Q207123 Q2095
en	Watercress	Q110913894	label	Watercress				1	Q7725634
en	Watercress	Q96775191	label	Watercress				0	Q27916659
en	Watermelon	Q102236906	label	Watermelon				0	Q726
en	Watermelon	Q10713432	label	Watermelon				1	Q7725634
en	Watermelon	Q119897593	label	Watermelon				0	Q3305213
en	Watermelon	Q126999655	label	Watermelon				0	Q1464125
en	Watermelon	Q135029487	label	Watermelon				0	Q7889
en	Watermelon	Q135056995	label	Watermelon				0	Q7889
en	Watermelon	Q135063326	label	Watermelon				0	Q7889
en	Watermelon	Q20185461	label	Watermelon				0	Q3305213
en	Watermelon	Q20198911	label	Watermelon				0	Q17379525
en	Watermelon	Q20776406	label	Watermelon				0	Q3305213
en	Watermelon	Q24862612	label	Watermelon				1	Q3305213
en	Watermelon	Q33870335	alias	Orest Lebedenko	Orest Lebedenko			12	Q5
en	Watermelon	Q64154609	label	Watermelon				0	Q125191
en	Watermelon	Q74071739	label	Watermelon				0	Q11060274
en	Watermelon	Q7773740	alias	The Watermelon				2	Q11424
en	Watermelon	Q7974355	label	Watermelon				4	Q4167410
en	Watermelon	Q7974356	label	Watermelon				1	Q506240
en	Welsh onion	Q27938	label	Welsh onion	cipolla d'inverno	00003172	Allium fistulosum	65	Q11992872 Q138848994 Q157957 Q16521 Q3406628
en	Whale	Q106882278	alias	The Whale				0	Q1107 Q17517379
en	Whale	Q107316187	label	Whale				0	Q11446
en	Whale	Q110055543	label	Whale				0	Q110039749
en	Whale	Q112035719	label	Whale				1	Q7725634
en	Whale	Q115009921	label	Whale				0	Q860861
en	Whale	Q116236551	label	Whale				0	
en	Whale	Q116236552	label	Whale				0	Q29527347
en	Whale	Q117454187	label	Whale				0	Q5
en	Whale	Q12609512	label	Whale				2	Q5
en	Whale	Q139471277	label	Whale				0	Q11060274
en	Whale	Q139471289	label	Whale				0	Q11060274
en	Whale	Q140601425	label	Whale				0	Q7725634
en	Whale	Q1467670	label	Whale	Whale			8	Q215380
en	Whale	Q16969279	label	Whale	Whale			2	Q101352
en	Whale	Q17031002	alias	The Whale				1	Q506240
en	Whale	Q18749280	label	Whale				1	Q838948
en	Whale	Q18791566	alias	The Whale				5	Q11424
en	Whale	Q20669611	alias	Belton Regio	Belton Regio			15	Q3423535
en	Whale	Q25206529	label	Whale				1	Q134556
en	Whale	Q3658315	label	Whale				5	Q11424
en	Whale	Q400714	label	Whale	Whale			18	Q4167410
en	Whale	Q49458338	label	Whale				1	Q820477
en	Whale	Q61070126	label	Whale				0	Q1107 Q17517379
en	Whale	Q70749527	label	Whale				0	Q121117
en	Whale	Q72862228	label	Whale				0	Q121117
en	Whale	Q75425624	label	Whale				0	Q11060274
en	Whale	Q7990486	label	Whale				3	Q5084
en	Whale	Q7990487	label	Whale				1	Q485
en	Whale	Q7990488	label	Whale				1	Q1229765
en	Wheat	Q111385425	label	Wheat				0	Q11060274
en	Wheat	Q11175520	label	Wheat				3	Q11424
en	Wheat	Q111842682	label	Wheat				0	Q93184
en	Wheat	Q123187021	label	Wheat				0	Q123186574
en	Wheat	Q123288455	label	Wheat				0	Q24862
en	Wheat	Q123759782	label	Wheat				0	Q3305213
en	Wheat	Q139676392	label	Wheat				1	Q7725634
en	Wheat	Q14714386	label	Wheat				2	Q17343829
en	Wheat	Q16892294	label	Wheat	Wheat			2	Q101352
en	Wheat	Q20392130	label	Wheat				0	Q3305213
en	Wheat	Q20527573	label	Wheat				0	Q3305213
en	Wheat	Q30887685	label	Wheat	Grano			1	Q3305213
en	Wheat	Q30887992	label	Wheat	Frumento			1	Q3305213
en	Wheat	Q50319043	label	Wheat				0	Q3305213
en	Wheat	Q50323952	label	Wheat				0	Q3305213
en	Wheat	Q64533467	label	Wheat				0	Q93184
en	Wheat	Q7991805	label	Wheat	Wheat			2	Q215380
en	Wheat	Q7991806	label	Wheat				2	Q74047
en	Wheat	Q7991808	label	Wheat	Wheat			6	Q4167410
en	Whiskey	Q111028989	label	Whiskey				1	Q101352
en	Whiskey	Q123754423	label	Whiskey				0	Q134556
en	Whiskey	Q123921898	label	Whiskey				0	Q134556 Q7302866
en	Whiskey	Q13417988	label	Whiskey	Whiskey			2	Q4167410
en	Whiskey	Q139841279	alias	Off To California				0	Q105543609
en	Whiskey	Q30061212	label	Whiskey				1	Q13433827
en	Whiskey	Q43375085	label	Whiskey	Whiskey			3	Q134556
en	Whiskey	Q62004410	label	Whiskey				0	Q726
en	Whiskey	Q79320999	label	Whiskey				0	Q3305213
en	Whiskey	Q7993852	label	Whiskey				1	Q7725634
en	Whiskey	Q7993853	label	Whiskey				1	Q134556
en	Whiskey	Q9964	alias	W/w				155	Q19776628 Q3841820
en	Whitefish	Q115174629	label	Whitefish				0	Q56885310
en	Whitefish	Q123453	label	Whitefish	Whitefish			10	Q4167410
en	Whitefish	Q2521766	label	Whitefish				2	Q11424
en	Whitefish	Q26446	label	Whitefish	Whitefish			45	Q1093829
en	Whitefish	Q56298144	label	Whitefish				0	
en	Wild grape	Q15566937	alias	Cyphostemma lanigerum	Cyphostemma lanigerum		Cyphostemma lanigerum	5	Q16521
en	Wild grape	Q8000921	label	Wild grape				3	Q4167410
en	Wild rice	Q16880329	label	Wild rice	Wild rice			1	Q4167410
en	Wild strawberry	Q138775213	label	Wild strawberry				0	Q93184
en	Wine	Q101005083	label	Wine				0	Q7725634
en	Wine	Q102413681	label	Wine				0	Q4259259
en	Wine	Q111955542	label	Wine				2	Q7366
en	Wine	Q123863934	label	Wine				0	Q134556
en	Wine	Q123916951	label	Wine				0	Q134556 Q1399352 Q7302866
en	Wine	Q124023530	label	Wine				0	Q134556
en	Wine	Q124951843	label	Wine				0	Q3409032
en	Wine	Q132199188	label	Wine				0	Q166142 Q17537576 Q9252000
en	Wine	Q16874683	label	Wine				2	Q101352
en	Wine	Q188558	label	Wine	Wine			49	Q907342
en	Wine	Q19659032	label	Wine				0	Q79007
en	Wine	Q19659034	label	Wine				0	Q79007
en	Wine	Q37817946	alias	Réva (sculpture)				3	Q179700
en	Wine	Q4020376	label	Wine	Champagne			9	Q11424
en	Wine	Q4020378	label	Wine	Wine			10	Q5
en	Wine	Q412129	label	Wine	Wine			13	Q4167410
en	Wine	Q4456135	label	Wine				4	Q11424
en	Wine	Q8024879	label	Wine				9	Q24862
en	Winter melon	Q123207079	label	Winter melon				1	Q4167410
en	Wood	Q104144327	alias	Wardy Joubert				2	Q5
en	Wood	Q104257930	label	Wood				0	Q2151232
en	Wood	Q104351333	label	Wood				0	Q2151232
en	Wood	Q106811999	label	Wood	Wood			0	Q5
en	Wood	Q109292911	label	Wood				0	Q732577
en	Wood	Q109683396	label	Wood				0	Q11424
en	Wood	Q111133221	alias	Lake Street Transfer				1	Q11670533 Q928830
en	Wood	Q112041941	label	Wood				0	Q21014462 Q23058136
en	Wood	Q112243270	label	Wood				0	Q21191270
en	Wood	Q115233491	label	Wood				0	Q88397339
en	Wood	Q115263178	label	Wood	Wood			0	Q96759164
en	Wood	Q1158452	label	Wood				11	Q101352
en	Wood	Q116586987	alias	MakeitBang305				0	Q5
en	Wood	Q119904210	label	Wood				0	Q3305213
en	Wood	Q119904335	label	Wood				0	Q3305213
en	Wood	Q124399762	label	Wood				0	Q838948 Q93184
en	Wood	Q136443167	label	Wood				6	Q105543609
en	Wood	Q137132552	alias	Naga Vernacular architecture style				0	Q32880
en	Wood	Q137138567	alias	Shikhara architecture style				0	Q32880
en	Wood	Q137438678	label	Wood				0	Q7725634
en	Wood	Q142021	alias	(1660) Wood				33	Q3863
en	Wood	Q15815834	label	Wood				1	Q7725634
en	Wood	Q16065366	label	Wood				1	Q5
en	Wood	Q16206928	label	Wood				1	Q5
en	Wood	Q17066686	label	Wood				1	Q482994
en	Wood	Q1887109	label	Wood				15	Q15219655
en	Wood	Q20116880	alias	William Wood	William Wood			1	Q5
en	Wood	Q20792721	label	Wood				0	Q3305213
en	Wood	Q217434	alias	Grant Wood	Grant Wood			53	Q5
en	Wood	Q2218596	label	Wood	Wood			27	Q15127012
en	Wood	Q228866	label	Wood	Wood			31	Q4167410
en	Wood	Q26440299	label	Wood				0	Q41176
en	Wood	Q2783877	label	Wood	Legno			15	Q108616731
en	Wood	Q27984898	label	Wood				2	Q17343829
en	Wood	Q29402260	label	Wood				0	Q5
en	Wood	Q29879799	label	Wood	Wood			1	Q202444
en	Wood	Q30507250	alias	Jamie R. Wood	Jamie R. Wood			1	Q5
en	Wood	Q38249443	label	Wood				3	Q17343829
en	Wood	Q48838896	label	Wood				3	Q17343829
en	Wood	Q526606	alias	William Wood	Wood			7	Q5
en	Wood	Q6145777	alias	James Wood	James Wood			2	Q5
en	Wood	Q63549077	label	Wood				0	Q28931760
en	Wood	Q63549078	label	Wood				0	Q28931760
en	Wood	Q63549080	label	Wood				0	Q28931760
en	Wood	Q63549081	label	Wood				0	Q28931760
en	Wood	Q63551628	label	Wood				0	Q28931760
en	Wood	Q6603423	label	Wood	Wood			13	Q1348589
en	Wood	Q67044609	alias	Kimberly M. Wood				0	Q5
en	Wood	Q7363370	label	Wood				3	Q115140070 Q17343829
en	Wood	Q7775708	alias	The Wood	The Wood			4	Q11424
en	Wood	Q7794913	alias	Thomas Waterman Wood	Thomas Waterman Wood			6	Q5
en	Wood	Q8032141	label	Wood				2	Q17343829
en	Wood	Q8032143	label	Wood				2	Q17343829
en	Wood	Q8032150	label	Wood				1	Q5
en	Wood	Q8032151	label	Wood				0	Q134556
en	Wood	Q8032153	label	Wood				1	Q482994
en	Wood	Q8032154	label	Wood				1	Q5
en	Wood	Q8032157	label	Wood				1	Q868557
en	Wood	Q8032158	label	Wood				1	Q41298
en	Wood	Q99227902	label	Wood				1	Q5084
en	Wood apple	Q8032292	label	Wood apple				2	Q4167410
en	Wort	Q109731535	label	Wort				0	Q79007
en	Wort	Q11288798	label	Wort				1	Q15632617 Q3658341 Q80447738 Q87576284
en	Wort	Q1781630	label	Wort	Wort			8	Q4167410
en	Wort	Q18949143	label	Wort				0	Q79007
en	Wort	Q18949145	label	Wort				0	Q79007
en	Ximenia aegyptiaca	Q21877754	label	Ximenia aegyptiaca	Ximenia aegyptiaca		Ximenia aegyptiaca	0	Q16521
en	Yam	Q106823375	label	Yam				1	Q202444
en	Yam	Q108811098	label	Yam				0	Q3409032
en	Yam	Q124518717	alias	Yín				0	Q202444 Q22809413
en	Yam	Q137710624	label	Yam				1	
en	Yam	Q15062272	alias	Morehead and Upper Maro River				7	Q236425 Q25295
en	Yam	Q15270	alias	Kingisepp	Kingisepp			72	Q7930989
en	Yam	Q15912872	label	Yam				1	Q4830453
en	Yam	Q1679804	label	Yam	Terra di Iam			7	Q3024240
en	Yam	Q21697726	label	Yam				1	Q41298
en	Yam	Q2340435	label	Yam	Yam			23	Q12160552 Q178885
en	Yam	Q2598632	label	Yam	YAM			14	Q4167410
en	Yam	Q30308913	alias	Kanʿān				6	Q12405827
en	Yam	Q36692917	alias	Tim Wing Yam				0	Q5
en	Yam	Q37540571	label	Yam	Yam			1	Q101352
en	Yam	Q4175525	alias	Yem				7	
en	Yam	Q4537515	label	Yam				4	Q532
en	Yam	Q5662137	alias	Payam				10	Q486972
en	Yam	Q57423597	alias	Yam Zul Ernesto Ocampo-Díaz				0	Q5
en	Yam	Q5811902	label	Yam				6	Q532
en	Yam	Q71549	alias	Dioscorea	Dioscorea		Dioscorea	61	Q16521
en	Yam	Q73549950	alias	Yam Fortress	fortezza di Jam			9	Q19860854 Q2319498 Q57831 Q839954
en	Yam	Q7386141	alias	Ren	Rén			8	Q101352 Q1093580
en	Yam	Q93988634	alias	Xin	Xin			1	Q202444 Q22809413
en	Yeast	Q105358991	label	Yeast				1	Q191067
en	Yeast	Q118124258	label	Yeast	Yeast			2	Q11424
en	Yeast	Q17059277	label	Yeast				2	Q7725634
en	Yeast	Q57515503	label	Yeast				1	Q215380
en	Yeast	Q57516489	label	Yeast				2	Q4167410
en	Yeast	Q8050997	label	Yeast	Yeast			1	Q16024164 Q5633421
en	Yogurt	Q136434672	label	Yogurt				0	Q134556 Q136489164
en	Yogurt	Q18614537	label	Yogurt	Yogurt			0	Q838795
en	Yogurt	Q8054426	label	Yogurt	Yogurt			1	Q4167410
en	Yogurt	Q83387160	label	Yogurt				0	Q15773347 Q89050913
en	Zanthoxylum piperitum	Q167881	label	Zanthoxylum piperitum	Zanthoxylum piperitum		Zanthoxylum piperitum	23	Q16521
en	Zanthoxylum rhetsa	Q13114182	label	Zanthoxylum rhetsa	Zanthoxylum rhetsa		Zanthoxylum rhetsa	14	Q16521
en	Zingiberaceae	Q37021	label	Zingiberaceae	Zingiberaceae		Zingiberaceae	70	Q16521 Q203779
en	Zucchini	Q140313261	label	Zucchini				0	Q620615
en	Zucchini	Q30253298	alias	49187 Zucchini	49187 Zucchini			5	Q3863
en	Zucchini	Q8074973	label	Zucchini	Zucchini			4	Q4167410
en	Zucchini	Q8074974	label	Zucchini				3	Q7725634
en	Zucchini	Q96051143	label	Zucchini	Zucchini			1	Q101352
en	Zucchini	Q98446983	label	Zucchini				0	Q210112
en	acacia	Q11189957	label	acacia				1	Q482994
en	acacia	Q140655180	alias	Miele d'Abruzzo PAT	Miele d'Abruzzo PAT			0	Q629103
en	acacia	Q2828914	alias	akakia	akakia			6	
en	agarwood	Q358375	label	agarwood	agarwood			33	Q1493054 Q188840 Q40034430 Q4173974 Q87216239
en	alcoholic beverage	Q154	label	alcoholic beverage	bevanda alcolica			147	Q116861721 Q40050
en	algae	Q37868	label	algae	alga		Algae	141	Q131427 Q3322575 Q55983715
en	algae	Q74442256	label	algae				1	
en	almond	Q15545507	alias	Prunus amygdalus	Prunus amygdalus		Prunus amygdalus	135	Q11992872 Q16521
en	almond	Q184357	label	almond	mandorla	03301355		37	Q14712 Q1762933 Q25403900 Q3320037
en	almond	Q29724253	alias	alm				0	Q7187
en	almond	Q29733606	alias	BicD				0	Q7187
en	almond	Q39918	alias	Prunus dulcis	mandorlo		Prunus dulcis	3	Q16521 Q188840
en	almond flower	Q138313780	alias	almond blossom				0	Q506
en	ambrette	Q2086536	alias	Abelmoschus moschatus	Abelmoschus moschatus		Abelmoschus moschatus	34	Q16521
en	ambrette seed	Q138766228	label	ambrette seed				0	Q40763
en	ambrette seed oil	Q4064042	label	ambrette seed oil				1	Q170885
en	angelica	Q207745	alias	Angelica archangelica	Angelica archangelica		Angelica archangelica	63	Q16521 Q214609
en	angelica	Q219666	alias	Angelica	Angelica		Angelica	59	Q16521
en	angelica	Q356330	alias	angélique				10	Q230262 Q55724836
en	angelica root	Q138764569	label	angelica root				0	Q41500
en	angelica root	Q27584644	alias	Angelicae Radix				0	Q27684991 Q735160
en	angelica root	Q27653542	alias	Angelicae dahuricae radix				0	Q27684991 Q735160
en	angelica seed	Q104821984	label	angelica seed				0	Q40763 Q42527
en	animal	Q127161923	label	animal				0	Q1464125
en	animal	Q1274979	alias	creature	creatura			16	Q24229398
en	animal	Q135513492	alias	tane				1	Q132545992 Q28823112
en	animal	Q140398407	label	animal				0	Q134480019
en	animal	Q140427985	label	animal				0	Q134506144
en	animal	Q24249370	alias	non-human animal	animale non umano			3	Q13023682 Q58051350 Q729
en	animal	Q729	label	animal	animale		Animalia	320	Q104086571 Q159344 Q16521 Q36458 Q55983715
en	anise	Q28692	alias	Pimpinella anisum	Pimpinella anisum		Pimpinella anisum	107	Q11992872 Q145794 Q16521 Q756
en	anise hyssop	Q1264088	alias	Agastache foeniculum	Agastache foeniculum		Agastache foeniculum	24	Q11992872 Q16521
en	anise seed	Q33873455	label	anise seed	seme di anice verde			2	Q1364 Q2095 Q2596997 Q42527 Q735160 Q95997873
en	apple	Q104819	alias	Malus	Malus		Malus	100	Q10884 Q157957 Q16521
en	apple	Q105046815	alias	Kiwix Apple				0	Q620615
en	apple	Q1519207	label	apple				5	Q1030567 Q1424805
en	apple	Q158657	alias	Malus pumila	Malus pumila		Malus pumila	18	Q16521
en	apple	Q89	label	apple	mela	00002473		241	Q140646522 Q145150 Q3314483 Q41274
en	apple brandy	Q11283886	label	apple brandy				1	Q146470
en	apple brandy	Q2533555	alias	applejack	apple jack			19	Q91309693
en	apple juice	Q618355	label	apple juice	succo di mela			43	Q20932605
en	apple sauce	Q618345	label	apple sauce	salsa di mele			36	Q1953925 Q636056 Q746549
en	apples	Q104819	alias	Malus	Malus		Malus	100	Q10884 Q157957 Q16521
en	apricot	Q1324818	label	apricot	albicocca			17	Q1075 Q39338 Q943
en	apricot	Q3733836	label	apricot	albicocca			83	Q3314483
en	apricot	Q37453	alias	Prunus armeniaca	Prunus armeniaca		Prunus armeniaca	129	Q16521 Q904653
en	apricot kernel	Q165527	label	apricot kernel	armellina			17	Q3320037 Q3757650 Q40763
en	apricot kernel	Q27584859	alias	Armeniacae Semen				0	Q27684991 Q735160
en	arrack	Q1458114	label	arrack	arrak			32	Q56139
en	artichoke	Q21659022	alias	pomegranate				2	Q1229071 Q1429318
en	artichoke	Q23041430	alias	globe artichoke	carciofo			84	Q11004 Q55983715
en	artichoke	Q29718252	alias	atk				0	Q7187
en	artichoke	Q29813783	alias	Artichoke Dmel_CG5195				0	Q8054
en	artichokes	Q23041430	alias	globe artichoke	carciofo			84	Q11004 Q55983715
en	asparagus	Q23041045	label	asparagus	asparago			8	Q5338003
en	asparagus	Q28367	alias	Asparagus officinalis	Asparagus officinalis		Asparagus officinalis	114	Q11992872 Q157957 Q16521
en	asparagus	Q2866788	label	asparagus	asparago			4	Q1075 Q3133
en	aubergine	Q12533094	alias	eggplant	melanzana			8	Q140358161 Q140646522 Q1470762
en	aubergine	Q1403218	alias	eggplant	viola melanzana			12	Q1075 Q3257809
en	aubergine	Q29720274	alias	aub				0	Q7187
en	aubergine	Q29814444	alias	Aubergine Dmel_CG6137				0	Q8054
en	aubergine	Q56324355	alias	eggplant	Melanzana			1	Q1075 Q3257809
en	aubergine	Q7540	alias		melanzana		Solanum melongena	171	Q1086824 Q11992872 Q157957 Q16521 Q192691 Q21028485
en	aubergine	Q96138860	label	aubergine				0	Q4830453 Q6881511
en	avocado	Q131618362	label	avocado				0	Q1075 Q3133
en	avocado	Q29817876	alias	Vreteno Dmel_CG4771				0	Q8054
en	avocado	Q961769	label	avocado	avocado			18	Q13184 Q3314483 Q844144
en	azalea	Q118353099	label	azalea	azalea			45	Q189393 Q55983715
en	azalea	Q25336659	label	azalea	azalea			1	Q1075
en	bacon	Q11106	label	bacon	bacon			82	Q10990 Q191768 Q81621610
en	bacon	Q114075963	label	bacon				0	Q112607797 Q73539779
en	bacon	Q134704881	alias	Pig, pork				0	Q111973176
en	bacon	Q13923748	label	bacon				2	Q11106 Q191768
en	baked potato	Q1193251	label	baked potato	Baked potato			32	Q10514020 Q746549
en	balm	Q148396	alias	Melissa officinalis	melissa officinalis		Melissa officinalis	80	Q11992872 Q16521 Q207123
en	banana	Q116772442	label	banana				1	Q105543609 Q134556
en	banana	Q1849414	label	banana				4	Q16521
en	banana	Q503	label	banana	banana			228	Q13184 Q140646522 Q3314483 Q844144
en	bantu beer	Q2905047	alias	sorghum beer				17	Q154 Q44
en	barley	Q11577	alias	Hordeum vulgare	Hordeum vulgare		Hordeum vulgare	177	Q113976623 Q16521
en	barley	Q53864816	label	barley				1	Q3902068
en	barley	Q61665121	label	barley	orzo			1	Q12117 Q25403900 Q506139
en	basil	Q140795088	label	basil				0	Q7397
en	basil	Q38859	label	basil	Ocimum basilicum		Ocimum basilicum	122	Q11992872 Q16521 Q192691 Q207123 Q9323487
en	basil	Q57537818	label	basil				0	Q42527
en	basil	Q65522654	label	basil	foglie di basilico			0	Q2247340 Q33971 Q42527
en	basil oil	Q791577	label	basil oil				6	Q170885
en	bay	Q1124247	label	bay	campata			32	Q56052926
en	bay	Q1464666	alias	baize	panno			18	Q10572374 Q189964
en	bay	Q22906660	label	bay				1	Q2637814
en	bay	Q2445916	alias	aisle				4	Q19603939
en	bay	Q2879412	label	bay	apertura			6	Q391414
en	bay	Q3715386	alias	drive bay	cano per drive			7	Q18819626 Q317623 Q987767
en	bay	Q39594	label	bay	baia			123	Q12046615 Q2507626 Q35116038
en	bay	Q900906	label	bay	Baio			24	Q28937142 Q876459
en	bay laurel	Q26006	alias	Laurus nobilis	Laurus nobilis		Laurus nobilis	86	Q11992872 Q16521
en	bean	Q108960024	label	bean				1	Q1580166
en	bean	Q110474669	label	bean				0	Q40763
en	bean	Q117460175	alias	human clitoris				1	Q139550381 Q873072
en	bean	Q379813	label	bean	legume			91	Q12034432 Q2095 Q25403900 Q31839438 Q40763 Q502895
en	bean	Q5266546	alias	rudra veena				15	Q30034781
en	bean	Q74662248	alias	common bean	fagiolo			4	Q2095 Q25403900 Q379813 Q40763
en	beech	Q37250918	label	beech	Buche			0	Q101352
en	beech	Q3738336	label	beech	faggio			5	Q3744866
en	beech	Q998316	alias	beech wood	legno di faggio			6	Q1493054 Q2266509
en	beef	Q192628	label	beef	manzo			82	Q124815153
en	beef	Q491502	alias	hip hop rivalry				10	Q1139327 Q2447975
en	beef broth	Q96362190	alias	beef stock	brodo di manzo			1	Q13030962 Q28100368 Q3075310
en	beef liver	Q67873858	label	beef liver				0	Q1470283 Q192628
en	beef tallow	Q60823694	label	beef tallow	sego di manzo			0	Q863266
en	beef tallow	Q67756353	alias	beef fat				7	Q1423543
en	beer	Q44	label	beer	birra			232	Q134703426 Q154 Q317088 Q6744639
en	beet	Q115235959	label	beet				2	Q3902068
en	beet	Q165191	alias	Beta vulgaris	barbabietola		Beta vulgaris	98	Q16521
en	beet	Q165437	label	beet	barbabietola		Beta vulgaris subsp. vulgaris Conditiva Group	67	Q11004 Q11992872 Q16521
en	beet	Q99548274	label	beet	barbabietola			20	Q20134 Q33971
en	beet juice	Q12227334	label	beet juice	succo di barbabietola			8	Q1501257
en	beet root	Q99548274	alias	beet	barbabietola			20	Q20134 Q33971
en	bell pepper	Q1548030	label	bell pepper	peperone			68	Q11004 Q4150646
en	bell pepper	Q201959	alias	Capsicum	Capsicum		Capsicum	103	Q11992872 Q16521 Q186752
en	benzoin	Q131144012	label	benzoin				1	Q145205
en	benzoin	Q793163	alias	benzoin resin	Resina di benzoino			28	Q131144012 Q1776037 Q273131
en	benzoin resin	Q793163	label	benzoin resin	Resina di benzoino			28	Q131144012 Q1776037 Q273131
en	berries	Q16128920	alias	berry	frutti di bosco			56	Q2095 Q3314483
en	berry	Q13184	label	berry	bacca			72	Q15197056 Q27494256 Q28149961
en	berry	Q16128920	label	berry	frutti di bosco			56	Q2095 Q3314483
en	berry juice	Q126959354	label	berry juice	succo di frutti di bosco	00001641		1	Q20932605
en	berry juice	Q126959354	label	berry juice	succo di frutti di bosco	03305746		1	Q20932605
en	betel	Q159532	label	betel	Piper betle		Piper betle	81	Q11992872 Q16521
en	betel	Q29729159	alias	bet				0	Q7187
en	bilberry	Q137373481	alias	European blueberry				0	Q137373435 Q3314483
en	bilberry	Q159030	alias	Amelanchier canadensis	Amelanchier canadensis		Amelanchier canadensis	28	Q16521
en	bilberry	Q19459180	alias	Vaccinium sect. Myrtillus	Vaccinium sect. Myrtillus		Vaccinium sect. Myrtillus	1	Q16521
en	bilberry	Q5413585	alias	Vaccinium myrtillus	Vaccinium myrtillus		Vaccinium myrtillus	101	Q1151696 Q16521
en	bilberry	Q60708120	label	bilberry	mirtillo			15	Q13184 Q16128920 Q95997873
en	birch	Q25243	alias				Betula	132	Q10884 Q16521 Q757163
en	birch	Q3639198	label	birch	betulla			2	Q56875841
en	birch	Q865564	label	birch	legno di betulla			6	Q1493054 Q2266509
en	bitter almond	Q902704	label	bitter almond	Armellina			5	Q184357
en	bitter almond oil	Q139556028	label	bitter almond oil				0	Q1164590 Q7445643
en	bitter almond oil	Q879005	label	bitter almond oil				3	Q1164590 Q170885
en	bitter orange	Q147096	alias	Citrus × aurantium	Citrus × aurantium		Citrus × aurantium	86	Q11992872 Q16521
en	bitter orange	Q61671872	alias	Seville orange				1	Q2574750
en	bitter orange juice	Q110611268	label	bitter orange juice				0	Q104126379
en	bitter orange leaf	Q110611291	label	bitter orange leaf				0	Q25403900 Q33971
en	bitter orange oil	Q12214841	label	bitter orange oil				1	Q4739805
en	black bean	Q15062992	alias	black turtle bean	fagiolo nero			12	Q74662248
en	black chokeberry	Q112316678	label	black chokeberry		00004585		0	
en	black chokeberry	Q162774	alias	Aronia melanocarpa	Aronia melanocarpa		Aronia melanocarpa	41	Q11992872 Q16521
en	black chokecherry	Q162829	alias	Prunus virginiana	Prunus virginiana		Prunus virginiana	35	Q16521
en	black currant	Q146604	alias	Ribes nigrum	Ribes nigrum		Ribes nigrum	91	Q16521 Q42295
en	black currant	Q2941309	alias	blackcurrant	ribes nero	00003606		4	Q13184 Q2095 Q3241599
en	black currant juice	Q57328933	alias	blackcurrant juice	succo di ribes nero			1	Q67873323
en	black garlic	Q161316	alias	Allium nigrum	Allium nigrum		Allium nigrum	21	Q16521
en	black garlic	Q2827931	label	black garlic	aglio nero			29	Q21546392 Q746549
en	black pepper	Q22915010	label	black pepper	pepe nero			4	Q25403900 Q3143131 Q42527
en	black pepper	Q43084	label	black pepper	Piper nigrum		Piper nigrum	136	Q11992872 Q16521 Q235352
en	black raspberry	Q102824697	label	black raspberry	lampone nero			0	Q3314483
en	black raspberry	Q7376217	alias	Rubus occidentalis	Rubus occidentalis		Rubus occidentalis	18	Q11992872 Q16521
en	black tea	Q203415	label	black tea	tè nero			66	Q32022234 Q5017160 Q6097
en	blackberry	Q13180	alias	Rubus subg. Rubus	Rubus subg. Rubus		Rubus subg. Rubus	46	Q16521
en	blackberry	Q161040	alias	Morus nigra	Morus nigra		Morus nigra	70	Q16521 Q904653
en	blackberry	Q19842373	label	blackberry	mora	00003487		62	Q16128920 Q163233 Q3314483
en	blackberry	Q91623875	label	blackberry				0	Q7302866
en	blackberry brandy	Q104858633	label	blackberry brandy	distillato di more			0	Q222216
en	blackberry juice	Q104030701	label	blackberry juice	succo di more	03303186		1	Q126959354
en	blackberry juice	Q104030701	label	blackberry juice	succo di more	03543180		1	Q126959354
en	blackberry juice	Q134710857	alias	blackberry-based beverage				2	Q20932605 Q40050
en	blue cheese	Q29717284	alias	bchs				0	Q7187
en	blue cheese	Q29813155	alias	Blue cheese Dmel_CG14001				0	Q8054
en	blue cheese	Q746471	label	blue cheese	formaggio a pasta erborinata			46	Q3546121 Q391604
en	blueberry	Q113461927	alias	Vaccinium 'Sunshine Blue'	Vaccinium 'Sunshine Blue'		Vaccinium 'Sunshine Blue'	0	Q133297767 Q16521
en	blueberry	Q13178	label	blueberry	Vaccinium sect. Cyanococcus		Vaccinium sect. Cyanococcus	49	Q16128920 Q16521 Q2095 Q3314483 Q55983715
en	blueberry	Q137373435	label	blueberry				0	Q16128920 Q3314483
en	blueberry	Q17249859	alias	Vaccinium calycinum	Vaccinium calycinum		Vaccinium calycinum	6	Q16521
en	blueberry	Q17250901	alias	Vaccinium dentatum	Vaccinium dentatum		Vaccinium dentatum	5	Q16521
en	blueberry	Q1791749	alias	cultivated blueberry				2	Q16128920
en	blueberry	Q2081166	alias	Vaccinium reticulatum	Vaccinium reticulatum		Vaccinium reticulatum	10	Q16521
en	blueberry	Q4911546	alias	Billardiera longiflora	Billardiera longiflora		Billardiera longiflora	7	Q16521
en	blueberry	Q5079636	alias	Vaccinium			Vaccinium	73	Q16521
en	blueberry	Q69384528	alias	blueberry plants				0	Q5079636 Q55983715
en	bog blueberry	Q146967	alias	bog bilberry	Vaccinium uliginosum		Vaccinium uliginosum	76	Q16521
en	boiled beef	Q4938329	label	boiled beef				2	Q192628 Q28100368 Q746549
en	boldo leaf	Q96141970	alias	Boldi folium	Boldo foglia			0	Q735160 Q95997873
en	bone oil	Q15837462	alias	stinking animal oil				1	Q79529
en	bone oil	Q22806924	label	bone oil				0	Q1423543
en	bourbon whiskey	Q543127	label	bourbon whiskey	bourbon			51	Q140937730 Q694536
en	brandy	Q113833898	label	brandy				1	Q107357104 Q188451 Q201022 Q235858
en	brandy	Q146470	label	brandy	brandy			83	Q50091090 Q56139
en	brazil nut	Q12371971	alias	Brazil nut	noce brasiliana			3	Q1762933 Q3320037 Q40763
en	bread	Q14906487	label	bread				2	Q3744877
en	bread	Q7802	label	bread	pane	03000288		256	Q19861951 Q2251745 Q736427
en	brioche	Q917574	label	brioche	brioche			47	Q1401891 Q21595102 Q21596812 Q720398
en	broccoli	Q47722	label	broccoli	broccolo		Brassica oleracea var. italica	111	Q11992872 Q138848994 Q16521
en	broccoli	Q57544960	label	broccoli	broccolo			3	Q11004
en	brown rice	Q1066624	label	brown rice	riso integrale			34	Q5090
en	brown rice	Q27680137	alias	Japonica rice				0	Q27684991 Q735160
en	buchu	Q2619350	alias	Agathosma	Agathosma		Agathosma	19	Q16521
en	buchu oil	Q72513727	label	buchu oil				0	Q170885
en	buckwheat	Q53864825	label	buckwheat				1	Q3902068
en	butter	Q34172	label	butter	burro	00001023		164	Q1727434 Q185217 Q26869352 Q26882158
en	butterfat	Q909729	label	butterfat	burro anidro			21	Q127980 Q2095 Q912613
en	buttermilk	Q106612	label	buttermilk	latticello			83	Q185217 Q1872262 Q46025316
en	cabbage	Q10682490	alias	Fabric remnants				1	Q1314278
en	cabbage	Q10860508	alias					2	Q11004 Q55983715
en	cabbage	Q14328596	label	cabbage	cavolo			9	Q11004 Q55983715
en	cabbage	Q29710733	alias	cab				0	Q7187
en	cabbage	Q58677	alias	Brassica	Brassica		Brassica	74	Q16521
en	cabbage	Q62728616	alias	Brassica oleracea f. alba	Brassica oleracea var. capitata f. alba		Brassica oleracea f. alba	1	Q146212 Q16521
en	cacao	Q1062396	alias	cocoa powder	cacao in polvere			43	Q2095 Q25403900 Q56274178
en	cacao	Q208008	alias	cocoa bean	semi di cacao			52	Q192355 Q2424752 Q28213828 Q28877 Q3955017 Q40763
en	cacao	Q21384712	alias	Theobroma cacao cacao	Theobroma cacao cacao		Theobroma cacao subsp. cacao	0	Q16521
en	cacao	Q257263	label	cacao	Cacao			18	Q4167410
en	cacao	Q42385	label	cacao	Theobroma cacao		Theobroma cacao	116	Q11992872 Q16521 Q188840 Q904653
en	cajeput	Q2933398	alias	Melaleuca cajuputi	Melaleuca cajuputi		Melaleuca cajuputi	15	Q16521 Q235352 Q297248
en	cajeput oil	Q857162	label	cajeput oil				12	Q12140 Q170885 Q79529
en	calamus	Q1421070	alias	fistula				4	Q21818579
en	calamus	Q158008	alias	Acorus calamus	Acorus calamus		Acorus calamus	95	Q11992872 Q157957 Q16521 Q190903
en	callitris glauca	Q7177505	alias	Callitris glaucophylla	Callitris glaucophylla		Callitris glaucophylla	2	Q16521
en	camphor	Q124695191	alias	camphorwood				1	Q1493054 Q2266509
en	camphor	Q181559	label	camphor	canfora			77	Q107863299 Q59199015
en	camphor	Q4211771	label	camphor				2	Q21286738
en	camphor oil	Q1123087	label	camphor oil				3	
en	cantaloupe	Q477179	alias	Cucumis melo var. cantalupensis	Cantalupo		Cucumis melo var. cantalupensis	48	Q11992872 Q16521
en	cantaloupe	Q61858403	label	cantaloupe				1	Q3173962 Q3314483 Q5881191 Q61857870
en	capsicum	Q96237135	label	capsicum				0	Q735160 Q95997873
en	caraway	Q26811	alias	Carum carvi	Carum carvi		Carum carvi	107	Q11992872 Q16521 Q190903 Q207123
en	caraway seed	Q21155816	alias	caraway seeds	seme di cumino dei prati			4	Q1364 Q25403900 Q40763 Q42527 Q735160 Q95997873
en	cardamom	Q14625808	label	cardamom	cardamomo			74	Q25403900 Q2596997 Q42527 Q55983715
en	cardamom	Q33466	alias	Elettaria cardamomum	cardamomo		Elettaria cardamomum	68	Q11992872 Q16521
en	carnation	Q123688114	alias					2	Q1075 Q3142
en	carnation	Q139300897	label	carnation				0	Q506
en	carnation	Q156099	alias	Dianthus	Dianthus		Dianthus	93	Q16521 Q886167
en	carnation	Q158984	alias	Dianthus caryophyllus	Dianthus caryophyllus		Dianthus caryophyllus	79	Q157957 Q16521
en	carnation	Q1663655	label	carnation	di carnagione			15	Q3683633
en	carnation	Q29722341	alias	car				0	Q7187
en	carnation	Q29815332	alias	Carnation Dmel_CG12230				0	Q8054
en	carnation	Q3758401	label	carnation	garofano			2	Q3902068
en	carnation	Q5043809	label	carnation				2	Q1231896
en	carob	Q18205416	alias	Pod with seeds				4	Q65618976
en	carob	Q3113306	label	carob				2	Q3647172
en	carob	Q8195444	label	carob				5	Q1364
en	carrot	Q11678009	alias	Daucus carota subsp. sativus	Daucus carota subsp. sativus		Daucus carota subsp. sativus	17	Q11992872 Q16521
en	carrot	Q123663447	alias	carrot plant				0	Q2355817 Q55983715
en	carrot	Q123663529	alias	wild carrot				0	Q11004 Q502895 Q609336 Q81
en	carrot	Q81	label	carrot	carota			151	Q140358161 Q20136 Q25403900 Q31839438 Q609336 Q748611
en	cashew	Q7885904	alias	cashew nut	anacardo			15	Q1762933 Q3320037 Q951964
en	cassava	Q43304555	alias	cassava root				0	Q11004 Q141065871
en	cassava	Q83124	label	cassava	manioca		Manihot esculenta	119	Q11992872 Q16521 Q21028485 Q25403900
en	cassia	Q21156956	alias	Cinnamomum aromaticum	Cinnamomum aromaticum		Cinnamomum aromaticum	3	Q16521
en	cassia	Q7370926	alias	Rougui tea				5	Q231587
en	castoreum	Q162724	label	castoreum	castoreum			31	Q19388114 Q629103
en	catfish	Q115707279	label	catfish				0	Q152 Q55983715
en	catfish	Q21395336	alias	Zuo-Gang Peng				1	Q5
en	catfish	Q2750844	alias	catfisher				1	Q12737077
en	catfish	Q55348674	label	catfish				1	Q1419683
en	catfish	Q59576	alias	Siluriformes	Siluriformes		Siluriformes	77	Q16521
en	catfish	Q934761	alias	Atlantic wolffish	Anarhichas lupus		Anarhichas lupus	34	Q16521
en	caucus	Q125878065	alias	U.S. presidential caucus				0	Q107285205 Q2916312
en	caucus	Q125878627	alias	legislative caucus				0	Q7210356
en	caucus	Q751892	label	caucus	caucus			32	Q16334295 Q21484471 Q2761147
en	caucus	Q848197	alias	parliamentary group	gruppo parlamentare			43	Q125878627 Q16334295 Q7210356
en	cauliflower	Q23900272	label	cauliflower	cavolfiore			0	Q11004 Q729496 Q887236
en	cauliflower	Q29719090	alias	cau				0	Q7187
en	cauliflower	Q7537	alias	Brassica oleracea var. botrytis	Brassica oleracea var. botrytis		Brassica oleracea var. botrytis	112	Q11992872 Q16521
en	caviar	Q186385	label	caviar	caviale			77	Q12366140 Q18679149
en	celeriac	Q575174	label	celeriac	sedano rapa		Apium graveolens var. rapaceum	29	Q11992872 Q16521
en	celery	Q1815126	alias	Apium graveolens var. dulce	Apium graveolens var. dulce		Apium graveolens var. dulce	8	Q11992872 Q157957 Q16521
en	celery	Q23012379	label	celery	sedano			42	Q11004 Q20134 Q207123
en	celery root	Q575174	alias	celeriac	sedano rapa		Apium graveolens var. rapaceum	29	Q11992872 Q16521
en	celery seed	Q102256772	label	celery seed				1	Q25403900 Q40763
en	cereal	Q12117	label	cereal	cereale			157	Q113657383 Q192355 Q235352 Q25403900 Q2643145 Q43238
en	cereal	Q56877705	label	cereal	cereali			1	Q3902068
en	cereal	Q768267	alias	breakfast cereal	cereali per la colazione			45	Q12565022 Q2095
en	chamomile	Q14169150	label	chamomile	camomilla			27	Q207123 Q25400 Q55983715 Q9323487
en	chamomile	Q15281388	alias	Anthemis nobilis	Anthemis nobilis		Anthemis nobilis	1	Q16521
en	chamomile	Q28437	alias	Matricaria chamomilla	Matricaria chamomilla		Matricaria chamomilla	78	Q11992872 Q16521 Q190903
en	chamomile	Q424567	alias	apigenin	apigenina			25	Q113145171 Q424525
en	chamomile	Q5723577	alias	Chamaemelum nobile	Chamaemelum nobile		Chamaemelum nobile	39	Q16521
en	chamomile	Q847930	alias	Anthemis	Anthemis		Anthemis	48	Q16521
en	chamomile oil	Q1103862	alias	camomile oil	olio di camomilla			5	Q170885 Q60792639 Q735160 Q95997873
en	chayote	Q104246111	label	chayote				0	Q3314483
en	chayote	Q319611	alias	Sechium edule	Sechium edule		Sechium edule	1	Q16521
en	chayote	Q857159	alias	Xanthium strumarium	Xanthium strumarium		Xanthium strumarium	49	Q16521 Q190903
en	cheese	Q10943	label	cheese	formaggio			210	Q185217 Q19861951 Q26844116
en	cheese	Q317196	alias	rheum				34	Q1058795
en	cheese	Q55365887	label	cheese				1	Q3744877
en	cherimoya	Q158986	alias	Annona cherimola	Annona cherimola		Annona cherimola	58	Q16521
en	cherimoya	Q3205924	alias	cherimoyer				7	Q158986 Q3314483
en	cherry	Q112135905	alias	garnet				0	Q17126729 Q23786
en	cherry	Q196	label	cherry	ciliegia			101	Q140646522 Q14712
en	cherry	Q2741078	label	cherry	ciliegia			3	Q1030567
en	cherry	Q29319716	label	cherry				1	Q1075
en	cherry	Q62474322	alias	cherry tree				1	Q235352 Q55983715 Q904653
en	cherry	Q835785	label	cherry	legno di ciliegio			6	Q111983255 Q1493054
en	cherry brandy	Q2962782	label	cherry brandy	Cherry brandy			1	Q26879661
en	cherry juice	Q62030277	label	cherry juice	succo di ciliegie			10	Q20932605
en	chervil	Q21281535	label	chervil				1	Q207123
en	chervil	Q218462	alias	garden chervil			Anthriscus cerefolium	69	Q11992872 Q16521
en	chervil	Q67889389	label	chervil				0	Q207123
en	chestnut honey	Q110664230	alias	Chestnut honey				0	
en	chicken	Q140426028	label	chicken				0	Q134480019
en	chicken	Q41720	alias	game of chicken	Gioco del pollo			29	Q15079592 Q1979154
en	chicken	Q5096225	label	chicken				3	Q592
en	chicken	Q780	label	chicken	pollo		Gallus gallus domesticus	245	Q16521 Q178559 Q1797813 Q213907 Q55983715
en	chicken	Q864693	alias	chicken as food	carne di pollo			74	Q10990 Q18087876
en	chicken broth	Q96362076	alias	chicken stock				4	Q275068 Q27994917 Q3075310
en	chicken liver	Q67210929	label	chicken liver	fegato di pollo	00002705		0	Q10990 Q1470283 Q864693
en	chicken stock	Q96362076	label	chicken stock				4	Q275068 Q27994917 Q3075310
en	chickpea	Q21156930	label	chickpea	cece			5	Q1436715 Q1762933 Q379813 Q736427
en	chickpea	Q81375	alias	cicer arietinum	Cicer arietinum		Cicer arietinum	119	Q11992872 Q16521 Q756
en	chicory	Q12036363	alias	Melta				3	Q1147571 Q2963409
en	chicory	Q1474	alias	Belgian endive	Chicory		Cichorium intybus var. foliosum	16	Q11992872 Q16521
en	chicory	Q2544599	alias	Cichorium intybus	Cichorium intybus		Cichorium intybus	95	Q11992872 Q157957 Q16521 Q188840
en	chicory	Q2963409	label	chicory				3	Q1147571 Q40050 Q61951
en	chicory root	Q96240608	label	chicory root	Cicoria radice			2	Q2424752 Q735160 Q95997873
en	chilli	Q107194320	label	chilli				0	Q15688633
en	chilli	Q165199	alias	chili pepper	peperoncino			125	Q1364 Q25403900 Q2596997 Q42527 Q55983715
en	chives	Q51148	alias	Allium schoenoprasum	Allium schoenoprasum		Allium schoenoprasum	90	Q11992872 Q16521
en	chives	Q61046162	label	chives	cippolina			0	Q20134 Q207123
en	chokeberry	Q112316678	alias	black chokeberry		00004585		0	
en	chokeberry	Q158983	alias	Aronia	Aronia		Aronia	52	Q16521
en	chokeberry	Q57543544	label	chokeberry	aronia	00005232		0	Q16128920
en	cider	Q1130245	alias	lemon-lime drink	bibita al limone/lime			7	Q13417200 Q5532669
en	cider	Q167296	label	cider	sidro			84	Q11258817 Q56351009
en	cider	Q5977438	alias	apple cider	succo di mela non filtrato			13	Q2647467 Q618355
en	cigarette	Q107193992	label	cigarette				0	Q11460
en	cigarette	Q125863016	alias	cigarette russe				1	Q13266 Q59541
en	cigarette	Q1578	label	cigarette	sigaretta			132	Q223557 Q44106
en	cigarette	Q23853327	label	cigarette				1	Q13433827
en	cilantro	Q41611	alias	Coriandrum sativum	Coriandrum sativum		Coriandrum sativum	130	Q11992872 Q16521 Q25403900
en	cilantro	Q65523167	label	cilantro	foglie di coriandolo			1	Q207123 Q42527
en	cinnamon	Q28165	label	cinnamon	cannella	03301175		122	Q25403900 Q42527 Q735160 Q95997873
en	cinnamon	Q2936397	label	cinnamon				6	Q1075
en	cinnamon	Q29727869	alias	cin				0	Q7187
en	cinnamon	Q29817956	alias	Cinnamon Dmel_CG2945				0	Q8054
en	cinnamon leaf oil	Q30314560	label	cinnamon leaf oil	Olio di foglie di cannella			1	Q170885
en	cinnamon leaf oil	Q72460907	alias	cinnamon oil				5	Q170885 Q79529
en	cinnamon oil	Q30314560	alias	cinnamon leaf oil	Olio di foglie di cannella			1	Q170885
en	cinnamon oil	Q72460907	label	cinnamon oil				5	Q170885 Q79529
en	citron	Q104832496	label	citron		00003659		2	Q13184 Q1429336 Q2574750
en	citron	Q150064	label	citron			Citrus medica	79	Q11992872 Q16521
en	citron	Q18248336	alias	Cit				0	Q20747295 Q7187
en	citron	Q2974481	label	citron				6	Q1075 Q376431 Q943
en	citronella oil	Q136363181	alias	maha pengiri				0	Q170885
en	citronella oil	Q904800	label	citronella oil	Olio di citronella			18	Q170885
en	citrus	Q137183467	alias	citrus smell				0	Q137181822 Q1470701 Q2151963 Q474423
en	citrus juice	Q104126379	label	citrus juice	succo di agrumi			1	Q20932605
en	citrus oil	Q132862688	label	citrus oil				1	Q170885
en	clam	Q1192868	label	clam	vongola			36	Q192935 Q25368 Q55983715 Q6501235
en	clary sage	Q157872	alias	Salvia sclarea	Salvia sclarea		Salvia sclarea	45	Q11992872 Q16521
en	clary sage oil	Q72461037	label	clary sage oil				3	Q170885
en	cloudberry	Q160092	alias	Rubus chamaemorus	Rubus chamaemorus		Rubus chamaemorus	65	Q16521
en	cloudberry	Q65524294	label	cloudberry	camemoro	00003480		1	Q13184 Q16128920 Q3314483
en	clove	Q1102701	label	clove				1	Q3647172
en	clove	Q15622897	label	clove	chiodo di garofano			16	Q2095 Q25403900 Q27684991 Q4100298 Q42527 Q735160 Q95997873
en	clove	Q26736	label	clove	Syzygium aromaticum		Syzygium aromaticum	128	Q11992872 Q16521
en	clove	Q53862454	label	clove				1	Q3902068
en	clove oil	Q2195458	label	clove oil	Olio di chiodi di garofano			20	Q169336 Q170885 Q735160 Q95997873
en	clove pink	Q158984	alias	Dianthus caryophyllus	Dianthus caryophyllus		Dianthus caryophyllus	79	Q157957 Q16521
en	coal tar	Q948232	label	coal tar	catrame di carbone			31	Q169336 Q186209 Q35456 Q37933789
en	cockroach	Q1661828	label	cockroach	blatta			63	Q25309 Q55983715
en	cockroach	Q48968934	label	cockroach				2	Q129238 Q130989 Q18534
en	cocoa	Q1062396	alias	cocoa powder	cacao in polvere			43	Q2095 Q25403900 Q56274178
en	cocoa	Q10922464	label	cocoa				5	Q40050
en	cocoa	Q13261	alias	hot chocolate	cioccolata calda			77	Q135411960 Q1365365 Q19359564 Q84435149
en	cocoa	Q45912917	label	cocoa				1	Q195 Q25403900 Q2596997 Q3955017 Q4173974
en	cocoa liquor	Q1721876	alias	chocolate liquor	massa di cacao			20	Q195 Q2095 Q25403900 Q3955017
en	coconut	Q107197273	label	coconut				0	Q987767
en	coconut	Q107381078	label	coconut				0	Q29642950
en	coconut	Q13187	alias	Cocos nucifera	Cocos nucifera		Cocos nucifera	155	Q11992872 Q16521
en	coconut	Q29709885	alias	Rpp30				0	Q7187
en	coconut	Q3342808	label	coconut	noce di cocco			35	Q25403900 Q3320037 Q844144
en	coconut oil	Q216235	label	coconut oil	olio di cocco			65	Q60856462 Q7048902
en	cod	Q116547493	alias	cod encodes: chitin oligosaccharide deacetylase VC_RS06245				0	Q20747295 Q7187
en	cod	Q116547495	alias	chitin oligosaccharide deacetylase encoded by: cod VC_RS06245				0	Q8054
en	cod	Q13194939	label	cod	merluzzo			23	Q208028 Q55983715 Q600396
en	cod	Q18248413	label	cod				0	Q7187
en	cod	Q199788	alias	Gadus morhua	Gadus morhua		Gadus morhua	74	Q16521
en	cod	Q55348893	label	cod				1	Q1419683
en	cod liver oil	Q55830831	label	cod liver oil	olio di fegato di merluzzo			0	Q1786125 Q748786
en	cod liver oil	Q748786	label	cod liver oil	olio di fegato di merluzzo			33	Q104188376 Q28885102 Q645858
en	coffee	Q100292098	label	coffee				0	Q17244894 Q23786
en	coffee	Q156354	alias	Coffea	Coffea		Coffea	87	Q156569 Q16521
en	coffee	Q2932937	label	coffee				8	Q1075 Q47071
en	coffee	Q8486	label	coffee	caffè			260	Q1365365 Q2647467 Q37756327 Q742487
en	cognac	Q284	label	cognac	cognac			80	Q146470 Q2166541
en	condiment	Q2596997	label	condiment	condimento	00001761		54	Q189567
en	cooked apple	Q125591596	label	cooked apple				2	Q746549
en	copaiba	Q2481036	label	copaiba	Copaiba			12	Q170885 Q40034430
en	coriander	Q20856764	alias	coriander seed	seme di coriandolo			7	Q1364 Q42527
en	coriander	Q41611	alias	Coriandrum sativum	Coriandrum sativum		Coriandrum sativum	130	Q11992872 Q16521 Q25403900
en	coriander	Q65523167	alias	cilantro	foglie di coriandolo			1	Q207123 Q42527
en	coriander oil	Q1118978	alias	coriander seed oil	olio di coriandolo			3	Q4739805 Q7445643
en	corn	Q11575	alias	maize	Zea mays		Zea mays	247	Q11992872 Q12117 Q16521 Q192691 Q213907 Q31839438
en	corn	Q140429250	label	corn				0	Q2151613
en	corn	Q154558	label	corn	callo			35	Q2197452 Q949302
en	corn	Q25618328	alias	maize	mais			3	Q10675206 Q2095 Q2995529
en	corn	Q29714371	label	corn				0	Q7187
en	corn	Q3843568	alias	maize	mais			12	Q1075 Q943
en	corn	Q61665121	alias	barley	orzo			1	Q12117 Q25403900 Q506139
en	corn mint	Q160585	label	corn mint	Mentha arvensis		Mentha arvensis	69	Q16521
en	corn mint oil	Q353087	alias	mint oil				3	Q169336 Q170885
en	corn oil	Q856775	label	corn oil	Olio di semi di mais			40	Q427457 Q66902062 Q7445643
en	corn salad	Q158954	label	corn salad	Songino		Valerianella locusta	50	Q11992872 Q16521
en	corn salad	Q5243850	alias	Esquites	Esquites			12	Q2095 Q94642761
en	corn salad	Q94642761	label	corn salad				2	Q746549 Q9266
en	corn tortilla	Q15660894	label	corn tortilla	tortilla			15	Q55642411 Q5702275
en	cottage cheese	Q116007203	alias	tvorog	Tvorog			25	Q113773097 Q26842995 Q26844116 Q3323634 Q3546121 Q5435749
en	cottage cheese	Q13221624	label	cottage cheese	fiocchi di latte			38	Q123151678 Q3546121
en	cowberry	Q3553094	alias	Vaccinium vitis-idaea subsp. vitis-idaea	Vaccinium vitis-idaea subsp. vitis-idaea		Vaccinium vitis-idaea subsp. vitis-idaea	2	Q16521
en	cowberry	Q93235	alias	Vaccinium vitis-idaea	Vaccinium vitis-idaea		Vaccinium vitis-idaea	98	Q16521
en	crab	Q1516346	alias	crustacean				2	Q350945
en	crab	Q16033394	label	crab	granchio			15	Q4610 Q55983715
en	crab	Q3775013	label	crab	granchio			1	Q1419683
en	crab	Q5180207	alias	crab scratch				1	
en	cranberry	Q13181	label	cranberry	Oxycoccus		Vaccinium subg. Oxycoccus	81	Q16128920 Q16521 Q3314483
en	cranberry	Q21546387	label	cranberry	ossicocco	00003657		2	Q16128920 Q2095
en	cranberry	Q374399	alias	Vaccinium oxycoccos	Vaccinium oxycoccos	03412969	Vaccinium oxycoccos	43	Q16521
en	cranberry	Q53864917	label	cranberry				1	Q55351660
en	crayfish	Q1211742	label	crayfish	gambero d'acqua dolce			52	Q192935 Q4610 Q55983715 Q6501235
en	crayfish	Q1516346	alias	crustacean				2	Q350945
en	crayfish	Q61055369	label	crayfish				1	Q4167410
en	crayfish	Q8162866	alias	Palinurus elephas	Palinurus elephas		Palinurus elephas	31	Q16521
en	crayfish	Q916760	alias	Palinuridae	Palinuridae		Palinuridae	53	Q16521
en	cream	Q100331455	label	cream				0	Q2730433 Q594187
en	cream	Q12892502	label	cream				1	Q181780 Q187634
en	cream	Q13228	label	cream	panna			105	Q185217
en	cream	Q1363153	label	cream	crema			32	Q718608 Q904216
en	cream	Q18273728	alias	Crm				0	Q7187
en	cream	Q2730433	label	cream	crema			32	Q1075 Q23444 Q943
en	cream	Q35827236	alias	RAL 9001	RAL 9001			0	Q17421658 Q23444
en	cream cheese	Q426337	label	cream cheese	formaggio spalmabile			37	Q1472481 Q185217 Q3088299
en	creosote	Q909808	label	creosote	creosoto			37	Q66902062
en	crisp bread	Q251981	alias	crispbread	knäckebröd			31	Q666242 Q856330
en	crowberry	Q202305	alias	Empetrum nigrum	Empetrum nigrum		Empetrum nigrum	47	Q16521
en	cubeb	Q104586051	label	cubeb				1	Q3314483 Q42527
en	cucumber	Q23425	alias	Cucumis sativus	Cucumis sativus		Cucumis sativus	181	Q11992872 Q16521 Q2095
en	cucumber	Q2735883	label	cucumber	cetriolo	00003415		18	Q140358161 Q1470762
en	cumin	Q132624	alias	Cuminum cyminum	Cuminum cyminum		Cuminum cyminum	105	Q11992872 Q16521
en	cumin oil	Q55740316	label	cumin oil	olio di cumino			1	Q170885 Q7445643
en	cured ham	Q1230067	alias	Bayonne ham				12	Q5309466
en	cured ham	Q5309466	alias	raw ham	prosciutto crudo			3	Q170486 Q81621610
en	cured pork	Q104668032	label	cured pork				3	Q1427844
en	currant	Q1382423	label	currant	uvetta di Corinto			21	Q13186
en	currant	Q156957	alias	Amelanchier	Amelanchier		Amelanchier	57	Q16521
en	currant	Q3241599	label	currant	ribes			4	Q13184 Q16128920
en	custard apple	Q104126397	alias	pawpaw				0	Q3314483
en	custard apple	Q107196400	label	custard apple				0	Q335261
en	custard apple	Q3205924	alias	cherimoyer				7	Q158986 Q3314483
en	custard apple	Q6648683	alias	sugar-apple				13	Q1364 Q3314483
en	cuttlefish	Q135119	alias	Sepiidae	Sepiidae		Sepiidae	29	Q16521
en	cuttlefish	Q184479	alias	Sepiida	Sepiida		Sepiida	74	Q16521
en	cypress	Q14169641	label	cypress				10	Q10884 Q55983715
en	cypress	Q146911	alias	Cupressus	Cupressus		Cupressus	93	Q10884 Q16521
en	cypress	Q1472074	alias	Actinostrobus	Actinostrobus		Actinostrobus	23	Q16521
en	cypress	Q3677439	label	cypress	cipresso			3	Q3744866
en	cypress oil	Q867511	label	cypress oil				1	Q170885
en	daffodil	Q110102703	label	daffodil				1	Q1075 Q943
en	daffodil	Q115740436	alias	narcissus	narciso			0	Q55983715 Q886167
en	daffodil	Q27983	alias	Narcissus poeticus	Narcissus poeticus		Narcissus poeticus	43	Q16521
en	daffodil	Q29465	alias	Narcissus	Narcissus		Narcissus	103	Q16521
en	daffodil	Q53863685	alias	narcissus				1	Q47034896
en	dairy	Q185217	alias	dairy product	latticinio	00001256		83	Q112224298 Q141445975 Q25403900 Q26856857
en	dairy	Q3006053	alias	creamery				2	Q213441
en	dairy	Q637776	label	dairy	caseificio			56	Q1252971 Q41176 Q4830453 Q811102
en	date	Q114499981	alias	GNU date				0	Q312466 Q341
en	date	Q127161884	label	date				0	Q1464125
en	date	Q1361758	alias	publication date	data di pubblicazione			2	Q115668563
en	date	Q140428445	label	date				0	Q134506144
en	date	Q16302720	label	date	appuntamento romantico			18	Q12938533 Q2380882
en	date	Q1652093	label	date	dattero			53	Q1364 Q2095 Q29043273 Q844144
en	date	Q186408	alias	point in time	punto nel tempo			5	Q123095572 Q141447415
en	date	Q205892	alias	calendar date	data del calendario			67	Q138341156 Q186408 Q573
en	date	Q2380882	alias	rendezvous	appuntamento			4	Q1190554 Q2761147
en	date	Q3016931	label	date				3	Q180160
en	date	Q47150325	alias	calendar day of a given year	giorno del calendario di un dato anno			0	Q205892
en	date	Q65921687	alias	chronology				0	Q67439188
en	date	Q902501	label	date	date			10	Q18343316
en	dill	Q107381778	label	dill				0	Q29642950
en	dill	Q26686	alias	Anethum graveolens	Anethum graveolens		Anethum graveolens	113	Q11992872 Q16521 Q207123
en	dill	Q59659860	label	dill				0	Q207123 Q33971
en	dill seed	Q139678670	label	dill seed				0	Q40763 Q42527
en	dolphin	Q113483080	label	dolphin				0	Q107765406 Q113453664
en	dolphin	Q140783464	label	dolphin				0	Q7397
en	dolphin	Q215760	alias	Delphinidae	Delphinidae		Delphinidae	81	Q16521
en	dolphin	Q25212195	label	dolphin				1	Q124078422 Q728
en	dolphin	Q3704977	label	dolphin	delfino			5	Q350945
en	dolphin	Q4157298	label	dolphin				1	Q124078422 Q728
en	dolphin	Q7369	label	dolphin	delfino			131	Q160 Q215760 Q55983715
en	dolphin	Q8157	label	dolphin	briccola			20	Q27895381 Q587735 Q811979
en	dried fig	Q5678503	label	dried fig	fico secco			5	Q234901 Q2746643
en	durian	Q1135236	alias	Durio zibethinus	Durio zibethinus		Durio zibethinus	41	Q16521 Q904653
en	durian	Q134185	label	durian	durian			73	Q3314483 Q5368822
en	echinacea	Q1062627	alias	Echinacea angustifolia	Echinacea angustifolia		Echinacea angustifolia	16	Q16521
en	echinacea	Q272661	alias	Echinacea purpurea	Echinacea purpurea		Echinacea purpurea	40	Q157957 Q16521
en	eel	Q113504134	label	eel				0	Q107765406
en	eel	Q128685	alias	Anguilliformes	Anguilliformes		Anguilliformes	97	Q16521
en	eel	Q29727132	label	eel				0	Q7187
en	eel	Q3617425	label	eel	anguilla			2	Q1419683
en	eel	Q3711046	label	eel				2	Q1756633 Q55983715
en	egg	Q109124327	alias	head bump				0	Q193078
en	egg	Q109635621	alias	Emiru				13	Q5
en	egg	Q1321695	alias	egg cell	ovulo			94	Q189118 Q211050 Q3246226
en	egg	Q140395870	label	egg				0	Q134506144
en	egg	Q15260613	alias	chicken egg	uovo di gallina	03316061		22	Q25403900 Q659503 Q93189
en	egg	Q15260613	alias	chicken egg	uovo di gallina	03542951		22	Q25403900 Q659503 Q93189
en	egg	Q17147	label	egg	uovo			174	Q20056177 Q23497974 Q55597235
en	egg	Q232663	label	egg	Uovo			22	Q4167410
en	egg	Q29710185	label	egg				0	Q7187
en	egg	Q29809682	alias	Eggless Dmel_CG12196				0	Q8054
en	egg	Q55347768	label	egg				1	Q16457828
en	egg	Q93189	alias	egg as food	uovo	00001274		113	Q207961 Q2095 Q25403900 Q4764984
en	egg	Q9384	alias	testicle	testicolo			127	Q103812529 Q112826905 Q112826975 Q213456 Q25553355 Q28846466
en	egg noodle	Q116506414	label	egg noodle	pasta lunga all'uovo			4	Q16266745 Q192874 Q53619707
en	eggs	Q1321695	alias	egg cell	ovulo			94	Q189118 Q211050 Q3246226
en	eggs	Q93189	alias	egg as food	uovo	00001274		113	Q207961 Q2095 Q25403900 Q4764984
en	elder flower	Q67778134	alias	elderflower	Sambuco fiore			0	Q2349698 Q506 Q735160 Q95997873
en	elderberry	Q111096445	label	elderberry	sambuco	00003678		0	Q13184 Q16128920 Q2095 Q55983715
en	elderberry	Q22701	alias	Sambucus nigra	Sambucus nigra		Sambucus nigra	83	Q16521 Q42295 Q904653
en	elderberry	Q46993076	alias	elder				1	Q55351660
en	elderberry	Q96333359	label	elderberry				0	Q1364 Q735160 Q95997873
en	endive	Q11198330	label	endive	Endive			1	Q215380
en	endive	Q178547	alias	Cichorium endivia	Cichorium endivia		Cichorium endivia	53	Q11992872 Q16521
en	endive	Q28604477	label	endive	indivia			9	Q20134 Q502895
en	endive	Q2963415	alias	frisée lettuce	indivia riccia		Cichorium endivia var. crispum	4	Q16521
en	eucalyptus	Q118475713	label	eucalyptus				1	Q1493054 Q2266509
en	eucalyptus	Q29711358	alias	euc				0	Q7187
en	eucalyptus oil	Q511687	label	eucalyptus oil	olio di eucalipto			21	Q170885 Q60793528 Q735160 Q95997873
en	ewe	Q2409684	label	ewe				6	Q116742203 Q118947579 Q7368
en	ewe	Q62018831	alias	Yoh Kamiyama				7	Q5
en	farnesol	Q60194891	alias	(2E/Z,6E/Z)-farnesol	farnesolo			30	Q378871 Q59199015 Q72091636
en	feces	Q3174392	alias	human feces	feci umane			23	Q496 Q8191962
en	feces	Q496	label	feces	feci			120	Q103907369 Q103907951 Q112826905 Q112826975 Q1383944
en	feijoa	Q128804553	label	feijoa				0	Q1075 Q3133
en	feijoa	Q499671	alias	Acca sellowiana	Acca sellowiana		Acca sellowiana	12	Q16521
en	feijoa	Q59420273	alias	Feijoa sellowiana	Feijoa sellowiana		Feijoa sellowiana	40	Q16521
en	fennel	Q27658833	alias	fennel fruit	seme di finocchio			2	Q207123 Q27684991 Q42527 Q735160 Q95997873
en	fennel oil	Q1470519	label	fennel oil				2	Q169336 Q170885 Q735160 Q95997873
en	fenugreek	Q132655	alias	Trigonella	Trigonella		Trigonella	42	Q16521
en	fenugreek	Q133205	alias	Trigonella foenum-graecum	Trigonella foenum-graecum		Trigonella foenum-graecum	94	Q11992872 Q16521 Q192691
en	fermented tea	Q2542583	label	fermented tea	tè postfermentato			19	Q6097
en	feta cheese	Q182760	alias	feta	feta			62	Q1411808 Q185217 Q198815 Q27044265 Q3088345 Q5620025
en	fig	Q107194111	label	fig				0	Q131557
en	fig	Q2746643	label	fig	fico			30	Q140646522 Q2095 Q3314483
en	fig	Q29717066	label	fig				0	Q7187
en	fig	Q29812937	alias	Fos intronic gene Dmel_CG7615				0	Q8054
en	fig	Q36146	alias	Ficus carica	Ficus carica		Ficus carica	154	Q16521 Q904653
en	fig	Q59779505	alias	fig wood	legno di fico			1	Q1493054 Q2266509
en	fig	Q59798	alias	Ficus	Ficus		Ficus	85	Q10884 Q16521
en	filbert	Q109925415	alias	hazel wood				0	Q1493054 Q2266509
en	filbert	Q1801446	alias	Corylus maxima	Corylus maxima		Corylus maxima	38	Q11992872 Q16521
en	filbert	Q578307	alias	hazelnut	nocciola			63	Q104738415 Q11009 Q1762933 Q25403900 Q3320037
en	fish	Q124004893	label	fish				0	Q107765406 Q20723931
en	fish	Q140432129	label	fish				0	Q134506144
en	fish	Q140440709	label	fish				0	Q2151613
en	fish	Q1419683	label	fish	pesce			5	Q1424805 Q350945
en	fish	Q152	label	fish	pesce		Pisces	272	Q1230015 Q1756633 Q2612572 Q55983715 Q58051350
en	fish	Q17232141	label	fish				1	Q134556
en	fish	Q1869232	label	fish				1	Q80071
en	fish	Q307263	label	fish				18	Q14663
en	fish	Q3553322	alias	spaceship				6	Q63091761
en	fish	Q51188964	alias	D				0	Q7187
en	fish	Q5454480	label	fish				2	Q15295720
en	fish	Q77909126	label	fish				0	Q3305213
en	fish	Q87545977	alias	𐇰	𐇰			1	Q29654788 Q52827
en	fish oil	Q1786125	label	fish oil	olio di pesce			47	Q12140 Q1811022
en	flour	Q36465	label	flour	farina			151	Q25403900 Q2908004 Q736427 Q7493597
en	flower	Q107383461	label	flower				0	Q29642950
en	flower	Q140411962	label	flower				0	Q134506144
en	flower	Q27893866	label	flower				0	Q3305213
en	flower	Q29713169	alias	fwe				0	Q7187
en	flower	Q29811278	alias	Flower Dmel_CG6151				0	Q8054
en	flower	Q43154049	label	flower				1	Q1429318
en	flower	Q44407651	label	flower	fiore			0	Q163047 Q28935403
en	flower	Q47034896	label	flower	fiore			2	Q56881069
en	flower	Q506	label	flower	fiore			252	Q156428 Q20011319 Q24060707
en	flower	Q886167	alias	flowering plant	pianta fiorita			18	Q756
en	frankfurter	Q181055	alias	hot dog	hot dog			90	Q1316209 Q1778821 Q2957687 Q7427595 Q746549 Q81799
en	fried chicken	Q1065241	label	fried chicken	pollo fritto			41	Q129175686 Q27994917 Q6460735 Q7340417
en	fried chicken	Q108798661	alias	Southern fried chicken				9	Q1065241 Q19861951
en	fried pork	Q25105721	label	fried pork				2	Q28100020
en	frogs	Q3116510	alias	frog	rana			23	Q10908 Q55983715
en	fruit	Q1030567	label	fruit				2	Q1424805
en	fruit	Q1364	label	fruit	frutto			199	Q148515 Q24060707 Q27494256
en	fruit	Q1470762	alias	fruit vegetable	ortaggi da frutto			6	Q11004 Q1364 Q28149961
en	fruit	Q3314483	label	fruit	frutta			114	Q107122728 Q19861951 Q767036
en	fruit	Q5506357	label	fruit	Fruit (LGBT)			5	Q2537421 Q3239011
en	fruit brandy	Q222216	label	fruit brandy	distillato di frutta			9	Q56139
en	fruit juice	Q20932605	label	fruit juice	succo di frutta			26	Q8492
en	fruit juice	Q8492	alias	juice	succo di frutta o verdura			135	Q110908304 Q11550473 Q116861721 Q122973887 Q2647467 Q27043630 Q27043893
en	galbanum oil	Q104248125	label	galbanum oil				0	Q170885
en	garlic	Q100350709	label	garlic				1	Q1424805
en	garlic	Q21546392	label	garlic	aglio			12	Q11004 Q188748 Q25403900 Q42527 Q735160 Q95997873
en	garlic	Q23400	alias	Allium sativum	aglio		Allium sativum	188	Q11004 Q11992872 Q16521 Q188840
en	garlic mustard	Q50826504	alias	Alliaria officinalis	Alliaria officinalis		Alliaria officinalis	0	Q16521
en	garlic oil	Q72480094	label	garlic oil	olio di aglio			11	Q170885 Q4739805 Q56626657 Q79529
en	gelatin	Q179254	label	gelatin	gelatina animale			70	Q169336 Q98203694
en	geranium	Q3898877	alias	Pelargonium zonale			Pelargonium zonale	20	Q16521
en	geranium oil	Q4135941	alias	Algerian geranium oil				4	Q170885 Q72480169
en	geranium oil	Q72480169	label	geranium oil				1	Q170885
en	gin	Q140472988	alias	GIN ΠR				0	Q80359036
en	gin	Q6201789	alias	gin pole				2	
en	gin	Q959362	label	gin	gin			75	Q56139 Q80680
en	ginger	Q10796673	label	ginger				1	
en	ginger	Q15046077	label	ginger	zenzero			18	Q184208 Q20136 Q2095 Q25403900 Q42527
en	ginger	Q15335923	alias	Zingiber gramineum	Zingiber gramineum		Zingiber gramineum	4	Q16521
en	ginger	Q15336056	alias	Zingiber acuminatum	Zingiber acuminatum		Zingiber acuminatum	4	Q16521
en	ginger	Q15336133	alias	Zingiber albiflorum	Zingiber albiflorum		Zingiber albiflorum	4	Q16521
en	ginger	Q15336187	alias	Zingiber apoense	Zingiber apoense		Zingiber apoense	4	Q16521
en	ginger	Q15343171	alias	Zingiber collinsii	Zingiber collinsii		Zingiber collinsii	5	Q16521
en	ginger	Q163563	alias	Zingiber	Zingiber		Zingiber	57	Q16521 Q37021
en	ginger	Q27650669	alias	ginger rhizome				0	Q27684991 Q735160 Q95997873
en	ginger	Q3445505	alias	red (cat color)				3	Q1404066
en	ginger	Q35625	label	ginger	Zingiber officinale		Zingiber officinale	166	Q11992872 Q163563 Q16521
en	ginger grass	Q2671107	alias	Cymbopogon martini	Cymbopogon martini		Cymbopogon martini	22	Q16521
en	gnocchi	Q20063	label	gnocchi	gnocchi italiani			53	Q178 Q1854639
en	gnocchi	Q3503080	alias	Sugelli	Sugeli			2	
en	goat cheese	Q198815	label	goat cheese	formaggio di capra			37	Q185217 Q3546121
en	goat milk	Q1418287	label	goat milk	latte di capra			36	Q185217 Q8495
en	grain	Q107449010	alias	grain pattern				0	Q55413080
en	grain	Q134706636	label	grain				0	Q111398790 Q11649539 Q124078422 Q20180908
en	grain	Q2471735	label	grain				0	Q899604
en	grain	Q29726162	alias	grn				0	Q7187
en	grain	Q29817319	alias	Grain Dmel_CG9656				0	Q8054
en	grain	Q2995529	label	grain	chicco			61	Q19861951 Q25403900 Q40763 Q736427
en	grain	Q31884431	label	grain				2	Q114817 Q6671777
en	grain	Q362409	alias	grist	faricello			15	Q12117 Q2424752
en	grain	Q3774990	alias	cereal grain				1	Q2995529 Q506139
en	grain	Q52186120	alias	macroscopic particle	particella macroscopica			0	Q1621273
en	grain	Q627994	alias	film grain	Grana della pellicola			19	Q1323086 Q940260
en	grain	Q693944	label	grain	grano			38	Q3647172 Q82047057
en	grain	Q899604	alias	crystallite	cristallite			26	Q43533
en	grape	Q10978	label	grape	uva			195	Q13184 Q3314483
en	grape	Q116908502	label	grape				0	Q29642950
en	grape	Q191019	alias	Vitis	Vitis		Vitis	100	Q16521
en	grape	Q29718586	label	grape				0	Q7187
en	grape	Q29812566	alias	Punch Dmel_CG9441				0	Q8054
en	grape	Q4006808	label	grape	uva			2	Q1030567 Q1424805
en	grape	Q59188803	alias	pipkin				6	Q1317634 Q17379525 Q851782 Q96952903
en	grape brandy	Q3604688	label	grape brandy	acquavite d'uva			1	Q222216
en	grape juice	Q1209756	label	grape juice	succo d'uva			30	Q20932605
en	grape juice	Q140389101	alias	must from grape juice	mosto d'uva			0	Q1209756 Q278818
en	grape must	Q140389101	alias	must from grape juice	mosto d'uva			0	Q1209756 Q278818
en	grape must	Q2864215	alias	grape syrup				13	Q5506416
en	grape syrup	Q2864215	label	grape syrup				13	Q5506416
en	grape vine	Q123225033	alias	grapevine				0	Q917284
en	grapefruit	Q21552830	label	grapefruit	pompelmo	00003554		10	Q13184 Q1429336 Q2574750 Q3314483
en	grapefruit	Q41350	alias		Citrus × paradisi		Citrus paradisi	102	Q16521 Q188840 Q42621 Q904653
en	grapefruit blossom	Q137183334	label	grapefruit blossom				0	Q506
en	grapefruit juice	Q1138468	label	grapefruit juice	succo di pompelmo			21	Q104126379
en	grapefruit oil	Q72480837	label	grapefruit oil				1	Q170885
en	grapefruit peel	Q104704742	label	grapefruit peel				1	Q10675206 Q171187
en	grated cheese	Q3088336	label	grated cheese	formaggio grattugiato			11	Q10943 Q63442080
en	green bell pepper	Q67865843	label	green bell pepper				1	Q1548030
en	green tea	Q4001278	label	green tea	tè verde			3	Q1075 Q19847180 Q3133
en	green tea	Q484083	label	green tea	tè verde			94	Q27684991 Q32022234 Q6097 Q735160 Q95997873
en	guanciale	Q140651430	alias	Pancetta stesa PAT	Pancetta stesa PAT			0	Q1427887
en	guanciale	Q194632	label	guanciale	guanciale			31	Q3194888 Q81621610
en	guarana	Q138569043	label	guarana				0	Q1364
en	guarana	Q209089	alias	guarana plant	Guaranà		Paullinia cupana	62	Q11992872 Q16521 Q917284
en	guava	Q166843	alias	Psidium guajava	Psidium guajava		Psidium guajava	86	Q16521
en	guava	Q3181909	label	guava	guaiava			69	Q3314483
en	guava	Q4140561	alias	Google Guava				10	Q21127166 Q341
en	haddock	Q202406	label	haddock	Eglefino		Melanogrammus aeglefinus	64	Q16521 Q600396 Q951964
en	haddock	Q68440694	alias	haddock fish				0	Q192935 Q600396
en	ham	Q170486	label	ham	prosciutto			89	Q10426 Q191768 Q25403900 Q28100020 Q81621279
en	ham	Q29711727	alias	bam				0	Q7187
en	ham	Q29733664	label	ham				0	Q7187
en	ham	Q29820622	alias	Hamlet Dmel_CG31753				0	Q8054
en	ham	Q55365900	label	ham				1	Q3744877
en	ham	Q78787699	alias	pork thigh	coscia di maiale			1	Q129757 Q15850295
en	hazelnut	Q104738415	label	hazelnut				0	Q3320037
en	hazelnut	Q109925415	alias	hazel wood				0	Q1493054 Q2266509
en	hazelnut	Q3342768	label	hazelnut				4	Q376431
en	hazelnut	Q3631010	label	hazelnut	Avellane			4	Q1030567
en	hazelnut	Q578307	label	hazelnut	nocciola			63	Q104738415 Q11009 Q1762933 Q25403900 Q3320037
en	herring	Q21288543	alias	Benjamin I Herring	Benjamin I Herring			1	Q5
en	herring	Q21288545	alias	Benjamin Herring II	Benjamin, II Herring			1	Q5
en	herring	Q2147802	alias	scaled sardine	Harengula jaguana		Harengula jaguana	10	Q16521
en	herring	Q3127419	label	herring	aringa			22	Q192935 Q27141 Q55983715 Q600396
en	herring	Q3622615	label	herring	aringa			2	Q1419683
en	highbush blueberry	Q103813303	label	highbush blueberry				0	Q137373435 Q3314483
en	highbush blueberry	Q468695	alias	Vaccinium corymbosum	Vaccinium corymbosum		Vaccinium corymbosum	35	Q1151696 Q11992872 Q16521
en	hoary basil	Q3240154	alias	Ocimum americanum	Ocimum americanum		Ocimum americanum	27	Q16521
en	hogweed	Q1418112	alias	Heracleum persicum	Heracleum persicum		Heracleum persicum	27	Q16521
en	hogweed	Q19709379	alias	Heracleum sphondylium subsp. sphondylium	Heracleum sphondylium subsp. sphondylium		Heracleum sphondylium subsp. sphondylium	2	Q16521
en	hogweed	Q327106	alias	Heracleum	Heracleum		Heracleum	61	Q16521
en	hogweed	Q752675	alias	Heracleum sphondylium	Heracleum sphondylium		Heracleum sphondylium	51	Q16521
en	honey	Q10987	label	honey	miele			220	Q1783121 Q19388114 Q211439 Q25403900 Q5159627 Q6584340 Q7493597
en	honey	Q140401783	label	honey				0	Q134506144
en	honey	Q1627085	label	honey	color miele			1	Q1075 Q47071
en	honey fungus	Q473745	alias	Armillaria mellea	Armillaria mellea		Armillaria mellea	51	Q16521 Q765940
en	honeydew	Q47801	label	honeydew	melone verde		Inodorus Group	23	Q16521 Q3314483 Q5881191
en	honeydew	Q751760	label	honeydew	melata			34	Q11435
en	honeydew	Q90809376	label	honeydew				2	Q23444 Q376346
en	hop	Q104212	alias	Humulus lupulus	Humulus lupulus		Humulus lupulus	89	Q11992872 Q16521 Q190903 Q9323487
en	hop	Q109014102	label	hop				1	Q1580166
en	hop	Q115183977	alias	jump				0	Q4026292 Q6666023
en	hop	Q1153426	alias	gō				9	Q1302471
en	hop	Q1659242	alias	Sock hop				3	Q5215299
en	hop	Q18300794	alias	Ttc26				0	Q20747295 Q7187
en	hop	Q28556126	alias	Stress-induced phosphoprotein 1				0	Q8054
en	hop	Q29742539	alias	hopx				0	Q7187
en	hop	Q3840866	label	hop	luppolo			3	Q3902068
en	hop	Q51190940	label	hop				0	Q7187
en	hop	Q51236137	alias	Hopscotch Dmel_CG1594				0	Q8054
en	horseradish	Q26545	alias	Armoracia rusticana	barbaforte		Armoracia rusticana	81	Q11992872 Q156888 Q16521
en	horseradish	Q2964630	alias	horseradish root	rafano			2	Q11004 Q20136 Q27494305 Q27494555
en	huckleberry	Q2689896	label	huckleberry		00003544		12	Q16128920 Q55983715
en	huckleberry	Q5413585	alias	Vaccinium myrtillus	Vaccinium myrtillus		Vaccinium myrtillus	101	Q1151696 Q16521
en	hyacinth	Q137296434	alias	hyacinth flower				0	Q506
en	hyacinth	Q158758	label	hyacinth	Hyacinthus		Hyacinthus	73	Q16521
en	hyacinth	Q2659217	alias	jacinth	giacinto			20	Q178928
en	hyssop	Q137931	alias	Hyssopus officinalis	Dracocephalum officinale		Hyssopus officinalis	51	Q11992872 Q16521
en	hyssop	Q720501	alias	Hyssopus	Hyssopus		Hyssopus	45	Q16521
en	jackfruit	Q16136843	label	jackfruit	giaca			4	Q124499918 Q3238685 Q844144
en	jackfruit	Q45757	alias	Artocarpus heterophyllus	Artocarpus heterophyllus		Artocarpus heterophyllus	115	Q11992872 Q16521 Q188840 Q3314483
en	jasmine	Q6161740	label	jasmine				8	Q1075
en	jasmine	Q6947293	label	jasmine				1	Q482994
en	jasmine	Q82014	alias				Jasminum	115	Q16521
en	jasmine oil	Q1102633	label	jasmine oil				3	Q113145171 Q170885
en	jasmine tea	Q60855	label	jasmine tea				31	Q484083 Q6097
en	java citronella	Q11107842	alias	Cymbopogon winterianus	Cymbopogon winterianus		Cymbopogon winterianus	10	Q16521
en	jonquil	Q115740436	alias	narcissus	narciso			0	Q55983715 Q886167
en	jonquil	Q1703489	alias	Narcissus jonquilla	Narcissus jonquilla		Narcissus jonquilla	27	Q157957 Q16521
en	jonquil	Q6275890	label	jonquil				5	Q1075
en	juniper berry	Q3251025	label	juniper berry	coccola di ginepro	00003797		29	Q22710 Q42527 Q735160 Q95997873
en	juniper oil	Q848174	label	juniper oil	olio essenziale di ginepro			5	Q170885 Q735160 Q95997873
en	kaffir lime	Q137505841	label	kaffir lime				0	Q13195 Q3314483 Q502895
en	kaffir lime	Q465934	alias	Citrus hystrix	Citrus hystrix		Citrus hystrix	57	Q11992872 Q16521 Q81513
en	kale	Q45989	label	kale	cavolo riccio			52	Q11004 Q20134
en	kale	Q61676627	alias	Brassica oleracea var. sabellica	Cavolo riccio		Brassica oleracea var. sabellica	19	Q16521
en	katsuobushi	Q113739	label	katsuobushi	Katsuobushi			29	Q18679149 Q5194698 Q5307391 Q70608
en	kelp	Q1055316	label	kelp	kelp		Laminariales	43	Q16521 Q3304561
en	keta salmon	Q475211	alias	chum salmon	Oncorhynchus keta		Oncorhynchus keta	45	Q102229488 Q16521 Q600396 Q951964
en	kidney bean	Q18175531	label	kidney bean				27	Q1762933 Q74662248
en	kiwi	Q13194	alias	kiwifruit	kiwi			98	Q13184 Q3314483
en	kiwi	Q136722538	label	kiwi				2	Q12045585 Q4390467
en	kiwi	Q163522	alias	Actinidia chinensis	Actinidia chinensis		Actinidia chinensis	33	Q11992872 Q16521 Q917284
en	kiwi	Q29723046	alias	sgl				0	Q7187
en	kiwi	Q29729478	label	kiwi				0	Q7187
en	kiwi	Q29815797	alias	Sugarless Dmel_CG10072				0	Q8054
en	kiwi	Q343300	alias	Actinidia deliciosa	Actinidia deliciosa		Actinidia deliciosa	0	Q16521
en	kiwi	Q43642	alias	Apteryx	Apteryx		Apteryx	96	Q16521
en	kohlrabi	Q147202	label	kohlrabi	Brassica oleracea gongylodes		Brassica oleracea var. gongylodes	81	Q11992872 Q16521
en	kola nut	Q114264	alias	Cola	Cola		Cola	49	Q16521
en	kola nut	Q912522	label	kola nut	noce di cola			34	Q11009 Q3320037
en	krill	Q16667272	label	krill				5	Q55983715
en	krill	Q29498	alias	Euphausiacea	Euphausiacea		Euphausiacea	74	Q16521
en	kumquat	Q104005575	alias	cumquat	kumquat			2	Q1364 Q2574750 Q3314483 Q502895
en	kumquat	Q5122903	alias	cumquat	kumquat		citrus fruit	67	Q16521 Q55983715 Q81513 Q904653
en	labdanum	Q789800	alias	Cistus ladanifer	Cistus ladanifer		Cistus ladanifer	27	Q16521
en	labdanum	Q909160	label	labdanum	labdano			13	Q40034430
en	lamb	Q123122627	alias	sheep meat	carne ovina			42	Q10990 Q124815153
en	lamb	Q140435541	label	lamb				0	Q134506144
en	lamb	Q4575936	label	lamb	agnello			33	Q12038335 Q7368
en	lamb	Q643419	alias	lamb meat	carne di agnello			24	Q123122627
en	lamb	Q853498	label	lamb	agnello			3	Q350945
en	lamb liver	Q110611215	label	lamb liver		02021151		0	Q1470283 Q25403900
en	larch tree	Q61996280	alias	larch				0	Q10884 Q25618 Q55983715
en	lard	Q134704881	alias	Pig, pork				0	Q111973176
en	lard	Q140435562	label	lard				0	Q134506144
en	lard	Q72827	label	lard	strutto			64	Q1423543 Q17105036 Q1727434 Q25403900
en	laurel	Q26006	alias	Laurus nobilis	Laurus nobilis		Laurus nobilis	86	Q11992872 Q16521
en	laurel	Q788037	label	laurel	alloro			3	Q56875841
en	lavender	Q100134963	label	lavender				0	Q23786 Q27839441
en	lavender	Q107197338	label	lavender				0	Q987767
en	lavender	Q171892	alias	Lavandula	Lavandula		Lavandula	95	Q16521
en	lavender	Q2468392	label	lavender	lavanda			23	Q1075 Q428124
en	lavender	Q50844456	alias	Lavandula vera	Lavandula vera		Lavandula vera	0	Q16521
en	lavender	Q53865411	label	lavender				1	Q3902068
en	lavender	Q6502500	label	lavender				3	Q61809711
en	lavender	Q96308468	alias	lavender flower	Lavanda fiore			0	Q735160 Q95997873
en	lavender oil	Q900534	label	lavender oil	Olio essenziale di lavanda			22	Q170885 Q60792639 Q735160 Q95997873
en	leaf	Q106656496	alias	panel				0	Q4409879
en	leaf	Q107256474	label	leaf	foglio			0	Q2360980 Q63285117 Q78754808
en	leaf	Q33971	label	leaf	foglia			176	Q20011319 Q24060707
en	leaf	Q47034857	label	leaf	foglia			3	Q1424805 Q56881069
en	leaf	Q47526964	label	leaf				0	Q341
en	leaf oil	Q60793528	label	leaf oil	olio di foglia			0	Q42962 Q4739805
en	leek	Q1807269	label	leek	porro			97	Q11004 Q55983715
en	leek	Q23045440	alias	Allium ampeloprasum Leek Group	Allium ampeloprasum Leek Group		Allium ampeloprasum Leek Group	1	Q11992872 Q16521
en	lemon	Q1093742	label	lemon	limone			35	Q13184 Q1429336 Q2574750 Q3314483
en	lemon	Q112725334	label	lemon				1	
en	lemon	Q17020699	alias	Native American stickball				3	
en	lemon	Q1719534	label	lemon				4	Q1420
en	lemon	Q25666202	label	lemon				0	
en	lemon	Q2720565	label	lemon	limone			15	Q1075 Q943
en	lemon	Q27910020	alias	LExicon Model for ONtologies				0	Q1172480
en	lemon	Q29713512	alias	lem				0	Q7187
en	lemon	Q500	alias	Citrus × limon	Citrus × limon		Citrus × limon	186	Q11992872 Q16521 Q42621
en	lemon balm	Q148396	alias	Melissa officinalis	melissa officinalis		Melissa officinalis	80	Q11992872 Q16521 Q207123
en	lemon juice	Q1375049	label	lemon juice	succo di limone			21	Q115618517
en	lemon oil	Q206541	label	lemon oil				10	Q170885 Q42962
en	lemon peel	Q139031993	label	lemon peel				0	Q171187 Q25403900
en	lemon peel	Q206454	alias	lemon zest	scorza di limone			3	Q171187 Q196819 Q25403900 Q42527
en	lemon tree	Q500	alias	Citrus × limon	Citrus × limon		Citrus × limon	186	Q11992872 Q16521 Q42621
en	lemongrass	Q33913	alias	Cymbopogon citratus	Cymbopogon citratus		Cymbopogon citratus	56	Q1362373 Q16521
en	lemongrass	Q5727732	alias	Cymbopogon	Cymbopogon		Cymbopogon	70	Q16521 Q25403900
en	lemongrass oil	Q63346734	label	lemongrass oil				1	Q170885
en	lentil	Q61505177	label	lentil	lenticchia			2	Q1762933 Q25403900 Q379813
en	lettuce	Q104666136	label	lettuce	lattuga			0	Q20134
en	lettuce	Q11853965	alias	Lactuca sativa var. capitata	Lactuca sativa var. capitata		Lactuca sativa var. capitata	7	Q11992872 Q16521
en	lettuce	Q83193	alias	Lactuca sativa	Lactuca sativa		Lactuca sativa	127	Q11004 Q11992872 Q138848994 Q16521
en	licorice	Q109433927	label	licorice				1	Q1075 Q23445
en	lilac	Q12894641	label	lilac	lilla			40	Q1075 Q428124
en	lilac	Q19706038	label	lilac				2	Q15900677
en	lilac	Q6565319	alias	Syringa vulgaris	lillà comune		Syringa vulgaris	56	Q16521
en	lima bean	Q104007010	label	lima bean	fagiolo di Lima			0	Q1762933 Q379813
en	lime	Q107383885	label	lime				0	Q29642950
en	lime	Q118472578	alias	basswood				0	Q1493054 Q575018
en	lime	Q13195	label	lime	limetta			74	Q1429336 Q2574750 Q3314483 Q502895
en	lime	Q185006	alias	calcium oxide	ossido di calcio			69	Q11173 Q113145171
en	lime	Q250423	label	lime	calce			64	Q206615
en	lime	Q6549102	label	lime	Lime			2	Q271680 Q506883 Q7705752
en	lime	Q9022623	label	lime				1	
en	lime	Q906936	label	lime	lime			35	Q1075 Q21864306 Q3133 Q56053097
en	lime juice	Q5361217	label	lime juice	succo di lime			5	Q115618517
en	lime oil	Q10562018	label	lime oil				1	Q4739805
en	lime oil	Q72487476	label	lime oil				0	Q170885
en	lingonberry	Q12339956	label	lingonberry	mirtillo rosso	00003542		1	Q16128920
en	lingonberry	Q49502309	alias	Vaccinium vitis-idaea subsp. minus	Vaccinium vitis-idaea subsp. minus		Vaccinium vitis-idaea subsp. minus	0	Q16521
en	lingonberry	Q93235	alias	Vaccinium vitis-idaea	Vaccinium vitis-idaea		Vaccinium vitis-idaea	98	Q16521
en	lingonberry juice	Q10562698	label	lingonberry juice	succo di mirtillo rosso	03306129		4	Q10593333 Q126959354
en	litchi	Q105428070	label	litchi				5	Q2095 Q3314483 Q844144
en	litchi	Q13182	alias	Litchi chinensis	Litchi chinensis		Litchi chinensis	105	Q16521
en	liver	Q536284	label	liver	Fegato			11	Q1075
en	liver	Q9368	label	liver	fegato			194	Q103812529 Q112826905 Q112826975 Q126131070 Q28846466 Q4672532
en	lobster	Q1038113	alias	Nephropidae	Nephropidae		Nephropidae	81	Q16521
en	lobster	Q112240762	label	lobster				0	Q3305213
en	lobster	Q1516346	alias	crustacean				2	Q350945
en	lobster	Q3621241	label	lobster	aragosta			2	Q1419683
en	lobster	Q61864890	label	lobster	aragosta			0	Q192935 Q25403900 Q6501235
en	loganberry	Q1505704	label	loganberry	Rubus ×loganobaccus		Rubus ×loganobaccus	28	Q16521
en	long pepper	Q103200317	label	long pepper				0	Q3314483 Q42527
en	loquat	Q3346786	label	loquat	nespola giapponese			3	Q13184 Q3314483
en	loquat	Q41505	alias	Eriobotrya japonica	Rhaphiolepis bibas		Eriobotrya japonica	86	Q16521 Q904653
en	lovage	Q27615	alias	Levisticum officinale	Levisticum officinale		Levisticum officinale	56	Q11992872 Q16521 Q207123
en	lovage root	Q96308786	label	lovage root	Levistico radice	00003097		0	Q735160 Q95997873
en	macadamia nut	Q11027461	label	macadamia nut	noce macadamia			12	Q25403900 Q3320037 Q40763
en	macadamia nut	Q118455806	alias	macadamia nut wood				0	Q1493054 Q287
en	macaroni	Q105591814	alias	makaroni				1	
en	macaroni	Q1882537	label	macaroni	macaroni			14	
en	macaroni	Q20019	label	macaroni	maccheroni			71	Q178 Q2625877
en	mace	Q108913757	label	mace	qian			0	Q3647172 Q8142 Q8572111
en	mace	Q108913799	alias	Hong Kong tsin				0	Q3647172
en	mace	Q1373696	label	mace				10	Q3647172
en	mace	Q1882876	label	mace	Macis			20	Q2596997
en	mace	Q2432431	alias	ceremonial mace	Mazza cerimoniale			12	Q124078422 Q15097957 Q250902
en	mace	Q272990	label	mace	mazza			48	Q124078422 Q392326
en	mace	Q3853255	label	mace	mazza d'armi			1	Q56877007
en	mace	Q57979220	label	mace				1	Q272990
en	mackerel	Q30153	alias	Atlantic mackerel	scombro		Scomber scombrus	76	Q16521
en	mackerel	Q55348247	label	mackerel				1	Q1419683
en	mackerel	Q8064278	label	mackerel				24	Q192935 Q55983715 Q600396
en	magnolia grandiflora	Q118472044	alias	southern magnolia				0	Q118471606 Q1493054
en	maize	Q11575	label	maize	Zea mays		Zea mays	247	Q11992872 Q12117 Q16521 Q192691 Q213907 Q31839438
en	maize	Q21043717	label	maize				2	Q3902068
en	maize	Q25618328	label	maize	mais			3	Q10675206 Q2095 Q2995529
en	maize	Q3843568	label	maize	mais			12	Q1075 Q943
en	malt	Q152024	label	malt	malto			73	Q2095 Q2424752
en	malt	Q2144234	alias	malt beer				12	Q147538 Q44
en	malt	Q27660203	alias	Hordei Fructus Germinatus				0	Q27684991 Q735160
en	mandarin	Q10884099	label	mandarin				5	Q28133045
en	mandarin	Q1126165	label	mandarin	mandarino			33	Q114962596 Q28640 Q572700
en	mandarin	Q125337	alias	Citrus reticulata	Citrus reticulata		Citrus reticulata	112	Q11992872 Q16521
en	mandarin	Q29719014	alias	man				0	Q7187
en	mango	Q107194164	label	mango				0	Q1310214
en	mango	Q11341546	label	mango				1	Q1992341
en	mango	Q169	label	mango	mango			148	Q140646522 Q14712 Q3314483 Q844144
en	mango	Q25203611	label	mango				4	Q1075 Q39338 Q943
en	mango	Q29721541	alias	mng				0	Q7187
en	mango	Q7368949	alias	Rosigold				1	Q169 Q27068180
en	mangosteen	Q104030000	alias	mangostan				2	Q3314483
en	mangosteen	Q136803106	label	mangosteen				0	Q19604742
en	mangosteen	Q170662	alias	Garcinia mangostana	Garcinia mangostana		Garcinia mangostana	85	Q16521 Q904653
en	mantis shrimp	Q115215266	label	mantis shrimp				1	Q4167410
en	mantis shrimp	Q334855	alias	Stomatopoda	Stomatopoda		Stomatopoda	51	Q16521
en	maple syrup	Q402563	label	maple syrup	sciroppo d'acero			58	Q6584340
en	marjoram	Q22694	label	marjoram	Origanum majorana		Origanum majorana	92	Q11992872 Q16521
en	marjoram	Q96181239	label	marjoram	maggiorana			0	Q207123 Q735160 Q95997873
en	marjoram oil	Q72488245	label	marjoram oil				1	Q169336 Q170885
en	mashed potato	Q322787	label	mashed potato	purè di patate			64	Q10514020 Q186817
en	mashed potato	Q3297251	label	mashed potato				2	Q107357104 Q3437730
en	mashed potato	Q6783098	alias	Mashed potato	Mashed potato			2	Q4167410
en	mate	Q111568793	label	mate				0	Q16279992 Q56019
en	mate	Q117068	alias	yerba mate	Ilex paraguariensis		Ilex paraguariensis	58	Q11992872 Q16521 Q188840
en	mate	Q140983756	alias	greenhouse				0	
en	mate	Q16279992	label	mate				4	Q10669499 Q12737077 Q189290 Q28640 Q45199 Q99547053
en	mate	Q203540	label	mate	mate			71	Q138675588
en	mate	Q20819848	alias	checkmate	scacco matto			63	Q11499267 Q3392263 Q50000 Q54935803
en	mate	Q29783502	alias	slc47a5				0	Q277338 Q7187
en	mate leaf	Q96098098	alias	yerba mate leaf				0	Q735160 Q95997873
en	meat	Q10990	label	meat	carne			211	Q12973313 Q13119823 Q2095 Q25403900 Q3955017 Q629103
en	melon	Q104840660	label	melon				3	Q81163
en	melon	Q108982747	label	melon				1	Q1580166
en	melon	Q1919686	label	melon	Melone			18	Q712378
en	melon	Q5881191	label	melon	melone			42	Q11004 Q140646522 Q3173962 Q3314483
en	melon	Q81602	alias	Cucumis melo	Cucumis melo		Cucumis melo	118	Q11992872 Q16521 Q192691
en	milk	Q109147047	label	milk				0	Q5
en	milk	Q10988133	alias	cow's milk	latte vaccino	03302116		21	Q8495
en	milk	Q140436240	label	milk				0	Q134506144
en	milk	Q22728	alias	breast milk	latte materno			76	Q2095 Q8495
en	milk	Q8495	label	milk	latte			255	Q1058795 Q112826905 Q112826975 Q115435123 Q12334861 Q187634 Q2095 Q25403900 Q2647467
en	milk fat	Q909729	alias	butterfat	burro anidro			21	Q127980 Q2095 Q912613
en	mint	Q131466339	alias	minting authority				0	Q327333
en	mint	Q21573391	label	mint				1	Q3133
en	mint	Q2494758	alias	Mentha ×rotundifolia	Mentha ×rotundifolia		Mentha ×rotundifolia	14	Q136343650
en	mint	Q464780	label	mint	zecca			55	Q13226383 Q83405
en	mint	Q47859	alias				Mentha	123	Q16521
en	mint	Q5254978	label	mint	mentina			12	Q185583
en	mint oil	Q353087	label	mint oil				3	Q169336 Q170885
en	mostarda	Q140652183	alias	Marmellata di mosto e mele PAT	Marmellata di mosto e mele PAT			0	Q11827455
en	mozzarella cheese	Q14088	alias	mozzarella	mozzarella			76	Q10943 Q1412505 Q17315191 Q185217
en	mulberry leaf	Q56316433	label	mulberry leaf				3	Q27684991
en	mung bean	Q104664662	label	mung bean				0	Q379813
en	mung bean	Q484447	alias	Vigna radiata	Vigna radiata		Vigna radiata	86	Q11992872 Q16521
en	muscadine grape	Q104249692	label	muscadine grape				0	Q3314483
en	muscadine grape	Q2701573	alias	Vitis rotundifolia	Vitis rotundifolia		Vitis rotundifolia	20	Q16521
en	mushroom	Q104764031	label	mushroom				0	Q2827268
en	mushroom	Q105491933	label	mushroom				1	
en	mushroom	Q2095266	label	mushroom				2	Q3902068
en	mushroom	Q654236	alias	edible mushroom	fungo commestibile			53	Q8195619 Q83093
en	mushroom	Q83093	label	mushroom	fungo epigeo			125	Q2997741 Q56883667
en	mushrooms	Q83093	alias	mushroom	fungo epigeo			125	Q2997741 Q56883667
en	musk	Q29739211	label	musk				0	Q7187
en	musk	Q323461	label	musk	muschio			55	Q15043636 Q174211 Q56256173
en	musk	Q56465009	alias	muscle associated receptor tyrosine kinase musk				0	Q7187
en	muskmelon	Q61857870	label	muskmelon				0	Q3173962 Q3314483 Q5881191
en	muskmelon	Q81602	alias	Cucumis melo	Cucumis melo		Cucumis melo	118	Q11992872 Q16521 Q192691
en	mussel	Q13042834	label	mussel	cozza			25	Q192935 Q25368 Q55983715
en	mussel	Q27855	alias	Mytilus edulis	Mytilus edulis		Mytilus edulis	46	Q16521 Q25403900 Q6501235
en	mussel	Q67590382	alias	blue mussel				0	Q192935
en	mustard	Q1169566	label	mustard	senape			12	Q1075 Q376431 Q943
en	mustard	Q131748	label	mustard	senape			80	Q2596997 Q27493900 Q27494555 Q5368822 Q5726634
en	mustard	Q16818137	alias	mustard compound				2	Q15623926 Q174211 Q47154513
en	mustard	Q25416371	label	mustard				3	Q387914 Q47154513 Q56256173 Q662959
en	mustard	Q29714861	alias	mtd				0	Q7187
en	mustard	Q52930727	alias	English				0	Q28829877 Q413
en	mustard	Q58677	alias	Brassica	Brassica		Brassica	74	Q16521
en	mustard	Q81166	alias	mustard gas	iprite			69	Q113145171 Q25416371 Q727732
en	mustard	Q90237884	label	mustard				0	Q488383
en	mutton	Q10941604	alias		lineetta emme			10	Q10617810 Q29654788
en	mutton	Q123122627	alias	sheep meat	carne ovina			42	Q10990 Q124815153
en	mutton	Q14566073	label	mutton	carne di pecora			3	Q10990 Q123122627
en	mutton	Q449506	alias	goat meat	carne di capra			30	Q10990 Q124815153 Q28100830
en	myrrh	Q203635	label	myrrh	mirra			65	Q1776037 Q735160 Q95997873
en	myrrh	Q829540	alias	chrism	crisma			37	Q12910132 Q137270545 Q1595100
en	myrrh oil	Q1177598	label	myrrh oil				0	Q170885 Q79529
en	myrtle	Q3858954	label	myrtle	mirto			4	Q1075 Q3133 Q97380911
en	myrtle	Q53865120	label	myrtle				1	Q55351660
en	nance	Q2046782	alias	Byrsonima crassifolia	Byrsonima crassifolia		Byrsonima crassifolia	29	Q16521
en	naranjilla	Q795069	alias	Solanum quitoense	Solanum quitoense		Solanum quitoense	35	Q16521
en	narcissus	Q115740436	label	narcissus	narciso			0	Q55983715 Q886167
en	narcissus	Q29465	alias	Narcissus	Narcissus		Narcissus	103	Q16521
en	narcissus	Q53863685	label	narcissus				1	Q47034896
en	navy bean	Q17141829	label	navy bean	fagiolo tondino			15	Q74662248
en	nectarine	Q841156	label	nectarine	pesca noce			36	Q13202263 Q3314483
en	neroli	Q900616	label	neroli	Neroli			19	Q4739805
en	neroli oil	Q900616	alias	neroli	Neroli			19	Q4739805
en	nettle	Q121671	alias	Urtica	Urtica		Urtica	105	Q16521
en	nettle	Q17156444	alias	stinging plant				4	
en	nettle	Q1978388	alias	nettle cloth				6	Q1314278
en	nettle	Q48371359	alias	nettle fiber				1	Q1269339 Q161 Q20026824
en	nettle	Q53865431	label	nettle				1	Q1424805 Q3902068
en	niaouli oil	Q60849514	label	niaouli oil				1	Q170885
en	nut	Q11009	label	nut	noce			131	Q160034 Q28149961
en	nut	Q1186738	label	nut	Capotasto			16	Q19659292
en	nut	Q13219273	alias	–	lineetta enne			10	Q10617810 Q187819 Q29654788
en	nut	Q1774102	label	nut	Nut			12	Q125876332 Q2639207
en	nut	Q190009	alias	nutation	nutazione			49	Q3239681 Q79782
en	nut	Q190977	label	nut	dado			64	Q44409287 Q7797167
en	nut	Q2005489	alias	crossbow nut	noce			3	Q811909
en	nut	Q3320037	label	nut	frutta secca			21	Q2095 Q25403900 Q3314483
en	nut	Q4674568	alias	acorn nut				3	Q190977 Q44409287
en	nut	Q87523251	alias	en space	(U+2002)			1	Q29654788 Q591615
en	nutmeg	Q29727997	alias	Aatf				0	Q7187
en	nutmeg	Q29818050	alias	Apoptosis antagonizing transcription factor Dmel_CG11188				0	Q8054
en	nutmeg	Q4350189	label	nutmeg				16	Q115690076 Q77664398
en	nutmeg	Q83165	label	nutmeg	noce moscata			88	Q1878350 Q25403900 Q42527 Q847705
en	nutmeg oil	Q72496959	label	nutmeg oil				2	Q170885
en	oak leaf	Q47454196	label	oak leaf				1	Q47034857
en	oak leaf	Q96653973	label	oak leaf				0	Q33971 Q735160
en	oak leaf	Q97572539	label	oak leaf				0	Q1429318
en	oat	Q119723087	alias	open access text				0	Q96888669
en	oat	Q23088686	alias	putrescine aminotransferase b3073				0	Q20747295 Q7187
en	oat	Q28979236	alias	putative acetylornithine aminotransferase STM3218				0	Q20747295 Q7187
en	oat	Q29002787	alias	Putative acetylornithine aminotransferase STM3218				0	Q8054
en	oat	Q29738078	alias	slc22a6l				0	Q7187
en	oat	Q29748491	label	oat				0	Q7187
en	oat	Q56464481	alias	ornithine aminotransferase oat				0	Q7187
en	oat flakes	Q1208221	alias	rolled oats	fiocchi d'avena			33	Q109037830 Q2089240 Q2095
en	oatmeal	Q115626192	alias	oatmeal porridge	zuppa d'avena			23	Q186817 Q2089240
en	oatmeal	Q2089240	label	oatmeal	farina d'avena			23	Q1436715 Q25403900 Q746549 Q899696
en	octopus	Q110728806	alias					0	Q22669635
en	octopus	Q2975713	alias	British bulldogs				7	Q1509934
en	octopus	Q3823576	alias	The octopus	La piovra			2	Q11424
en	octopus	Q40152	alias	Octopoda	Octopoda		Octopoda	119	Q16521
en	octopus	Q7077081	label	octopus	Octopus			1	Q132189548 Q132563077 Q341
en	okra	Q107305183	label	okra				1	Q19861951
en	okra	Q12047207	label	okra	Abelmoschus esculentus			2	Q11004 Q1364
en	okra	Q29717203	alias	okr				0	Q7187
en	okra	Q29813084	alias	Okra Dmel_CG3736				0	Q8054
en	okra	Q65328832	label	okra				1	
en	okra	Q80531	alias	Abelmoschus esculentus	Abelmoschus esculentus		Abelmoschus esculentus	115	Q16521
en	olive	Q100331331	label	olive				0	Q594187 Q864152
en	olive	Q116787041	alias	olive green				1	Q1075 Q3133
en	olive	Q131008088	label	olive				0	Q2002016
en	olive	Q1621080	label	olive	oliva			47	Q3314483
en	olive	Q26449910	alias	green hair	verdi			3	Q1048314 Q105825176
en	olive	Q37083	alias	Olea europaea	Olea europaea		Olea europaea	145	Q10884 Q11992872 Q16521
en	olive	Q864152	label	olive	verde oliva			48	Q1075 Q3133 Q56053097
en	olive oil	Q93165	label	olive oil	olio di oliva			109	Q427457 Q4739805 Q7048902 Q7445643
en	onion	Q20875685	alias	Allium cepa				1	Q11004 Q4886
en	onion	Q23485	label	onion	cipolla		Allium cepa	199	Q11992872 Q16521
en	onion	Q28975277	label	onion	onion			0	Q7397
en	onion	Q3406628	label	onion	cipolla			16	Q11004 Q188748
en	onion	Q3677417	label	onion	cipolla			3	Q3902068
en	onion	Q49391	alias	Allium	Allium		Allium	87	Q16521 Q5368822
en	onion juice	Q104176807	label	onion juice				0	Q1501257 Q735160
en	onion oil	Q72497850	label	onion oil				0	Q4739805
en	orange	Q13191	label	orange	arancia	03309832		164	Q1429336 Q2574750 Q3314483 Q502895 Q844144
en	orange	Q29709475	alias	or				0	Q7187
en	orange	Q29809200	alias	Orange Dmel_CG3029				0	Q8054
en	orange	Q3040333	label	orange	aranciato			14	Q3404720 Q3588149
en	orange	Q3355098	alias	Citrus sinensis	arancio		Citrus ×sinensis	97	Q136343650 Q146030 Q904653
en	orange	Q39338	label	orange	arancione			151	Q3142 Q373934 Q943
en	orange	Q59318527	label	orange	arancione			1	Q23786
en	orange	Q7099506	label	orange				2	Q8171
en	orange	Q7099654	alias	Orange Jordan				4	Q4830453
en	orange flower	Q109122719	label	orange flower				2	Q506
en	orange flower	Q1152711	alias	orange blossom	zagara			20	Q506
en	orange juice	Q219059	label	orange juice	succo d'arancia			63	Q104126379
en	orange oil	Q516584	label	orange oil	olio essenziale di arancia dolce			15	Q170885 Q4739805
en	orange peel	Q102035949	label	orange peel				2	Q171187 Q25403900
en	orange tree	Q3355098	alias	Citrus sinensis	arancio		Citrus ×sinensis	97	Q136343650 Q146030 Q904653
en	orange tree	Q3621273	label	orange tree	Arancio			2	Q56875841
en	orchid	Q132545349	alias	iris suit				1	Q132545543
en	orchid	Q142269	alias	Orchideae	Orchideae		Orchideae	22	Q16521
en	orchid	Q1925148	label	orchid	orchidea			11	Q1075 Q3257809
en	orchid	Q25308	alias	Orchid	Orchidaceae		Orchidaceae	128	Q16521 Q886167
en	orchid	Q28308499	alias	orchid flower				0	Q28308458 Q62097898
en	oregano	Q134283	alias	Origanum vulgare	Origanum vulgare		Origanum vulgare	103	Q11992872 Q16521 Q2247340
en	oregano	Q92581152	label	oregano	origano			4	Q42527 Q95997873
en	oregano oil	Q99761723	label	oregano oil				0	Q170885
en	orris	Q7104100	alias	orris root	Iris florentina			6	Q41500
en	orris oil	Q7104098	label	orris oil	olio di giaggiolo			3	Q170885 Q60886625
en	orris root	Q7104100	label	orris root	Iris florentina			6	Q41500
en	ouzo	Q337687	label	ouzo	ouzo			47	Q5458202 Q549301
en	oyster	Q107411	label	oyster	ostrica		Pteriomorphia	75	Q192935 Q25326 Q25403900 Q55983715 Q58051350 Q6501235
en	oyster	Q1747334	label	oyster				7	Q10990 Q18087876
en	oyster	Q35796311	alias	RAL 1013	RAL 1013			0	Q17421658
en	palm	Q107196387	label	palm				0	Q163047 Q3348164
en	palm	Q2001588	label	palm	palmo			31	Q112826905 Q112826975 Q17781690 Q66516309
en	palm	Q2048279	label	palm	palmo			18	Q16782623 Q1978718 Q2534228 Q28608087
en	palm	Q2709536	alias	Oenocarpus bataua	Oenocarpus bataua		Oenocarpus bataua	12	Q16521
en	palm	Q29767749	alias	palm1a				0	Q7187
en	palm	Q3053177	alias	palming	Impalmaggio			3	Q350834
en	palm	Q4342806	label	palm				3	Q124078422 Q222405 Q2578402
en	palm oil	Q231458	label	palm oil	olio di palma			78	Q14515877 Q169336 Q25403900 Q427457
en	palmarosa oil	Q25401166	label	palmarosa oil				1	Q170885
en	papaya	Q12330939	label	papaya	papaya			14	Q3314483 Q844144
en	papaya	Q34887	alias	Carica papaya	Carica papaya		Carica papaya	165	Q16521
en	paprika	Q112618222	alias	paprika fruit				1	Q11004 Q148529 Q2095
en	paprika	Q3127593	label	paprika	paprica			58	Q25403900 Q42527 Q56274178
en	parmesan	Q140784233	label	parmesan				0	Q7397
en	parsley	Q107384724	label	parsley				0	Q29642950
en	parsley	Q25284	label	parsley	Petroselinum crispum		Petroselinum crispum	120	Q11992872 Q16521 Q207123
en	parsley	Q65522500	label	parsley	prezzemolo			5	Q207123 Q25403900 Q42527
en	parsnip	Q104413481	label	parsnip				0	Q20136
en	parsnip	Q1479657	alias	Pastinaca	Pastinaca		Pastinaca	38	Q16521
en	parsnip	Q188614	alias	Pastinaca sativa	Pastinaca sativa		Pastinaca sativa	85	Q11992872 Q16521
en	partridge	Q3900020	label	partridge	pernice			3	Q18408740
en	partridge	Q732775	label	partridge	pernice			42	Q16521 Q178559 Q26375 Q55983715
en	passion fruit	Q156790	alias	Passiflora edulis	Passiflora edulis		Passiflora edulis	81	Q16521
en	passion fruit	Q2224510	alias	passionfruit	frutto della passione			27	Q3314483 Q844144
en	passion fruit juice	Q57655614	label	passion fruit juice	succo di frutto della passione			1	Q27045126
en	patchouli oil	Q72499575	label	patchouli oil				2	Q170885
en	pawpaw	Q104126397	label	pawpaw				0	Q3314483
en	pawpaw	Q12330939	alias	papaya	papaya			14	Q3314483 Q844144
en	pawpaw	Q34887	alias	Carica papaya	Carica papaya		Carica papaya	165	Q16521
en	pawpaw	Q948827	alias	Asimina triloba	Asimina triloba		Asimina triloba	47	Q157957 Q16521 Q904653
en	pea	Q22569150	alias	preprotein translocase subunit SecA YPO0564				0	Q20747295 Q7187
en	pea	Q23087424	alias	protein translocation ATPase b0098				0	Q20747295 Q7187
en	pea	Q23317521	alias	preprotein translocase subunit secA BN112_4226				0	Q20747295 Q7187
en	pea	Q23416945	alias	preprotein translocase secA subunit BN117_0941				0	Q20747295 Q7187
en	pea	Q29472543	label	pea	pisello			1	Q12034432 Q25403900 Q379813 Q40763
en	pea	Q29716927	label	pea				0	Q7187
en	pea	Q29812802	alias	Peanuts Dmel_CG8241				0	Q8054
en	peach	Q13189	alias	Prunus persica	Prunus persica		Prunus persica	160	Q16521 Q904653
en	peach	Q13202263	label	peach	pesca			31	Q14712 Q3314483
en	peach	Q5148721	label	peach	pesca			22	Q1075 Q39338 Q943
en	peanut	Q29720473	alias	pnut				0	Q7187
en	peanut	Q29814578	alias	Peanut Dmel_CG8705				0	Q8054
en	peanut	Q3621199	label	peanut	arachide			22	Q1364 Q1762933 Q25403900 Q296997 Q297292 Q3320037
en	peanut	Q37383	label	peanut	Arachis hypogaea		Arachis hypogaea	135	Q11992872 Q16521 Q186752 Q192691
en	peanut	Q5463810	alias	foam peanut				2	Q66157003
en	peanut butter	Q147651	label	peanut butter	burro di arachidi			66	Q10752679 Q2095 Q5726634 Q746549
en	peanut oil	Q265878	label	peanut oil	olio di semi di arachide			49	Q427457 Q7048902 Q7445643
en	pear	Q13099586	label	pear	pera			47	Q145150 Q3314483 Q41274
en	pear	Q146281	alias	Pyrus communis	Pyrus communis		Pyrus communis	78	Q16521 Q756 Q904653
en	pear	Q3899621	label	pear	pera			6	Q1075 Q3133 Q943
en	pear	Q434	alias	Pyrus	Pyrus		Pyrus	151	Q10884 Q16521
en	pear	Q865778	label	pear	pera			2	Q1030567
en	pear brandy	Q136758154	label	pear brandy				1	Q154
en	peas	Q25237	alias	Pisum sativum	Pisum sativum		Pisum sativum	145	Q11992872 Q16521
en	pecan	Q106510499	label	pecan				0	Q1075 Q47071
en	pecan	Q107385957	label	pecan				0	Q29642950
en	pecan	Q1119911	alias	pecan nut	noce pecan			5	Q14712 Q1762933 Q3320037
en	pecan	Q117845535	label	pecan				0	Q11963245 Q1493054 Q15303351 Q206615
en	pecan	Q29714868	alias	eIF4A				0	Q7187
en	pecan	Q333877	alias	Carya illinoinensis	Carya illinoinensis		Carya illinoinensis	54	Q11992872 Q16521
en	pectin	Q188154	label	pectin	pectina			59	Q134219 Q47154513
en	pennyroyal	Q161235	alias	Mentha pulegium	Mentha pulegium		Mentha pulegium	59	Q16521
en	pennyroyal oil	Q72499652	label	pennyroyal oil				0	Q170885
en	pepino melon	Q104032416	alias	sweet cucumber	melone-pepino			0	Q3314483
en	pepper	Q106065949	alias	chili pepper				0	Q1075 Q3142
en	pepper	Q107197232	label	pepper				0	Q96953498
en	pepper	Q1380	alias	Capsicum annuum	Capsicum annuum		Capsicum annuum	93	Q11992872 Q1362373 Q16521
en	pepper	Q1548030	alias	bell pepper	peperone			68	Q11004 Q4150646
en	pepper	Q201959	alias	Capsicum	Capsicum		Capsicum	103	Q11992872 Q16521 Q186752
en	pepper	Q22907699	label	pepper	Pepe			4	Q494756
en	pepper	Q7166345	label	pepper				1	
en	pepper	Q7166347	label	pepper				1	
en	pepper	Q835356	label	pepper				2	Q3902068
en	peppermint	Q156037	alias	Mentha × piperita	Mentha × piperita		Mentha ×piperita	76	Q11992872 Q16521
en	peppermint oil	Q1002372	label	peppermint oil				1	Q170885
en	peppermint oil	Q353391	label	peppermint oil	olio di menta piperita			11	Q170885 Q25403900 Q60793528
en	peppers	Q156522	alias	Piperaceae	Piperaceae		Piperaceae	63	Q16521
en	pesto	Q134999560	alias	pesto variants				0	Q178359 Q5726634
en	pesto	Q9896	label	pesto	pesto alla genovese			72	Q134999560
en	petitgrain	Q137439008	alias	smell of petitgrain				0	Q137183467 Q474423
en	petitgrain	Q906404	label	petitgrain	Petitgrain			8	Q119892838 Q170885
en	petitgrain bigarade	Q906404	alias	petitgrain	Petitgrain			8	Q119892838 Q170885
en	pike	Q1076351	alias	hasta	hasta			24	Q15142889 Q222405 Q44475
en	pike	Q123461368	label	pike				0	Q220016
en	pike	Q1353993	alias	poulaine	Poulaine			12	Q22676
en	pike	Q165278	label	pike	luccio		Esox lucius	95	Q16521
en	pike	Q220016	label	pike	picca			40	Q124078422 Q649107
en	pike	Q2925879	label	pike				2	Q124201768 Q55983715
en	pilchard	Q2147802	alias	scaled sardine	Harengula jaguana		Harengula jaguana	10	Q16521
en	pilchard	Q5141254	alias	sardine	sardina			45	Q4928711 Q55983715
en	pimenta	Q158468	alias	allspice			Pimenta dioica	56	Q11992872 Q16521 Q9323487
en	pimento	Q158468	alias	allspice			Pimenta dioica	56	Q11992872 Q16521 Q9323487
en	pine oil	Q72499909	alias	pine needle oil				0	Q170885
en	pine oil	Q990187	label	pine oil	Olio essenziale di pino			18	Q170885
en	pineapple	Q107392592	label	pineapple				0	Q1429318
en	pineapple	Q10817602	label	pineapple	ananas			23	Q3238685 Q3314483 Q55983715 Q844144
en	pineapple	Q1493	alias	Ananas comosus	Ananas comosus		Ananas comosus	154	Q11992872 Q16521
en	pinto bean	Q323635	label	pinto bean	fagiolo pinto			16	Q74662248
en	piri piri	Q512580	label	piri piri	Bird's eye		Capsicum frutescens ‘Piri Piri’	31	Q165199 Q4886
en	pistachio	Q14959225	alias	pistachio nut	pistacchio			8	Q14712 Q1762933 Q3320037
en	pistachio	Q29716180	alias	pto				0	Q7187
en	pistachio	Q3389253	label	pistachio	pistacchio			5	Q1075 Q3133
en	pistachio	Q36071	alias	Pistacia vera	Pistacia vera		Pistacia vera	89	Q16521
en	plant	Q100401677	label	plant				0	
en	plant	Q113454507	label	plant				0	Q107765406 Q14508849 Q3244549
en	plant	Q1184366	label	plant				7	Q110533142 Q7239
en	plant	Q140396003	label	plant				0	Q134480019
en	plant	Q140433808	label	plant				0	Q134506144
en	plant	Q140443174	label	plant				0	Q134506144
en	plant	Q140445951	label	plant				0	Q134506144
en	plant	Q18010363	alias	Oxalis stenorrhyncha	Oxalis stenorrhyncha		Oxalis stenorrhyncha	4	Q16521
en	plant	Q455011	alias	shill				10	Q12737077 Q4178004 Q619553
en	plant	Q639588	label	plant				8	Q11348 Q174984
en	plant	Q7189622	alias	physical plant				5	Q1662011
en	plant	Q756	label	plant	piante		Plantae	268	Q16521 Q7239
en	plant	Q83405	alias	factory	fabbrica			121	Q13226383 Q134496677 Q1662011 Q43229 Q811979
en	plum	Q122950785	alias	human glans penis				1	Q139550381
en	plum	Q12372598	label	plum	susina			88	Q14712 Q25403900 Q3314483
en	plum	Q28308497	alias	plum blossom				0	Q28308458 Q62097898
en	plum	Q29723392	label	plum				0	Q7187
en	plum	Q29816072	alias	Plum Dmel_CG6490				0	Q8054
en	plum	Q29820457	alias	Brown Dmel_CG17632				0	Q8054
en	plum	Q3108722	label	plum				11	Q1075 Q3257809
en	plum brandy	Q368610	alias	slivovitz	slivovitz			42	Q118056350 Q222216
en	plum wine	Q16164388	alias	maesil-ju				5	Q56351009
en	plum wine	Q1927744	alias	umeshu	umeshu			22	Q154 Q4031337
en	plumcot	Q2722924	alias	Pluot	Pluot		Prunus salicina×Prunus armeniaca	16	Q16521 Q42621
en	polenta	Q10286140	alias	cornmeal				15	Q110184114 Q381350
en	popcorn	Q165112	label	popcorn	popcorn			93	Q1628963 Q749316
en	popcorn	Q17053324	label	popcorn				2	Q188451 Q2587471 Q37073
en	porcini	Q19740	alias	Boletus edulis	Boletus edulis		Boletus edulis	89	Q16521
en	pork	Q1429998	alias	pork barrel				19	Q1929688 Q5589434
en	pork	Q191768	label	pork	carne di maiale			91	Q10990 Q124748491 Q3243069
en	pork liver	Q18384179	label	pork liver	fegato di maiale			3	Q1470283 Q191768 Q25403900
en	pork sausage	Q10497217	alias	fläskkorv				3	Q131419
en	potato	Q10998	label	potato	Solanum tuberosum		Solanum tuberosum	198	Q11992872 Q157957 Q16521 Q21028485
en	potato	Q16587531	label	potato	patata			67	Q11004 Q183319 Q20136 Q736427
en	potato	Q37937	alias	sweet potato	Ipomoea batatas		Ipomoea batatas	151	Q11004 Q11992872 Q16521 Q192691
en	potato	Q694319	alias	American Woodcock	Scolopax minor		Scolopax minor	36	Q16521
en	potato chip	Q173265	label	potato chip	patatine fritte	03301833		77	Q10514020 Q2095 Q30703616 Q749316 Q851384
en	prawn	Q1058410	label	prawn	gambero			19	Q192935 Q4610 Q55983715 Q951964
en	prawn	Q136803068	label	prawn				0	Q19604742
en	prawn	Q1517781	alias	shrimp	gamberetto			53	Q192935 Q25364 Q55983715 Q951964
en	prawn	Q98862366	alias	poleepkwa				0	Q14514600 Q21192438 Q89050913
en	prickly pear	Q2146147	label	prickly pear	ficodindia			10	Q1364 Q3314483
en	prickly pear	Q29724117	alias	prp				0	Q7187
en	prune	Q29716710	alias	pn				0	Q7187
en	prune	Q29747418	label	prune				0	Q7187
en	prune	Q29812643	alias	Prune Dmel_CG3461				0	Q8054
en	prune	Q29824177	alias	Prune exopolyphosphatase				0	Q8054
en	prune	Q6766526	label	prune	prugna secca			36	Q12372598 Q234901
en	prunus	Q29715890	alias	prn				0	Q7187
en	pumpkin	Q165308	label	pumpkin	zucca	00003486		128	Q11004 Q13184 Q140358161 Q1470762 Q21484471 Q25403900 Q8026408
en	pumpkin	Q2564184	label	pumpkin	zucca			6	Q1075 Q19847194
en	pumpkin	Q4024889	label	pumpkin	zucca			2	Q3902068
en	quince	Q2751465	label	quince	cotogna			12	Q1364 Q3314483
en	quince	Q43300	alias	Cydonia oblonga	Cydonia oblonga		Cydonia oblonga	116	Q10884 Q16521 Q904653
en	quince	Q53864956	label	quince				1	Q56875841
en	rabbiteye blueberry	Q4142371	alias	Vaccinium virgatum	Vaccinium virgatum		Vaccinium virgatum	10	Q16521
en	radish	Q29726444	alias	rad				0	Q7187
en	radish	Q33669098	label	radish				0	Q20136 Q609336
en	radish	Q7224565	alias	Raphanus sativus	ravanello		Raphanus sativus	134	Q11992872 Q16521
en	raisin	Q13186	label	raisin	uva passa			103	Q234901 Q25403900
en	raisin	Q29715916	alias	rai				0	Q7187
en	rapeseed	Q177932	alias	Brassica napus	Brassica napus		Brassica napus	94	Q11992872 Q16521 Q297248
en	raspberries	Q13179	alias	raspberry	lampone			81	Q1364 Q16128920 Q163233 Q29957571 Q3314483
en	raspberry	Q1130485	alias	blowing a raspberry	pernacchia			13	Q11631013 Q1197283 Q19773264 Q51611 Q890073
en	raspberry	Q12252383	alias	Rubus idaeus	Rubus idaeus		Rubus idaeus	99	Q11992872 Q16521
en	raspberry	Q13179	label	raspberry	lampone			81	Q1364 Q16128920 Q163233 Q29957571 Q3314483
en	raspberry	Q29720554	alias	ras				0	Q7187
en	raspberry	Q29814648	alias	Raspberry Dmel_CG1799				0	Q8054
en	raspberry	Q3080423	label	raspberry	rosso lampone			15	Q1075 Q3142
en	raspberry	Q53864960	label	raspberry				1	Q55351660
en	raspberry juice	Q25220811	label	raspberry juice	succo di lampone			9	Q126959354
en	raw fish	Q44480852	label	raw fish	pesce crudo			1	Q600396 Q7296903
en	red algae	Q103169	alias				Rhodophyta	80	Q16521 Q25403900 Q37868
en	red cabbage	Q263203	label	red cabbage	cavolo rosso			43	Q11992872 Q138848994 Q14328596 Q16521
en	red currant	Q146661	alias	Ribes rubrum	Ribes rubrum		Ribes rubrum	83	Q16521 Q42295
en	red currant	Q14714085	alias	redcurrant	ribes rosso	00003766		2	Q16128920 Q3241599 Q55983715
en	red currant	Q149372	alias	Ribes sanguineum	Ribes sanguineum		Ribes sanguineum	32	Q16521
en	red meat	Q3243069	label	red meat	carne rossa			33	Q10990
en	red sage	Q1000854	alias	Salvia miltiorrhiza	Salvia miltiorrhiza		Salvia miltiorrhiza	20	Q16521 Q192691
en	red wine	Q1827	label	red wine	vino rosso			65	Q282
en	red wine	Q29707827	alias	rwi				0	Q7187
en	rhubarb	Q20767168	label	rhubarb	rabarbaro			0	Q11004
en	rhubarb	Q27650430	label	rhubarb				0	Q11004 Q27684991 Q735160
en	rhubarb	Q4886918	alias	bench-clearing brawl				5	Q27031692
en	rhubarb	Q7217716	alias	Rheum	Rheum		Rheum	66	Q16521
en	rhubarb	Q7535	label	rhubarb	Rheum		Rheum rhabarbarum	54	Q11992872 Q156117 Q16521 Q190903
en	rice	Q5090	label	rice	riso			229	Q12117 Q25403900 Q506139 Q736427 Q7493597
en	rice	Q523224	alias	cooked rice	riso in bianco			47	Q107695269 Q21976260 Q38695 Q746549
en	rice bran	Q34041491	label	rice bran	crusca di riso			4	Q188672
en	ricotta	Q140652223	alias	Cacio PAT	Cacio-ricotta			0	Q10943
en	ricotta	Q216781	label	ricotta	ricotta	03302908		60	Q17315191 Q1943539
en	ricotta	Q216781	label	ricotta	ricotta	03542738		60	Q17315191 Q1943539
en	roasted beef	Q109615251	alias	roast beef				12	Q28100368 Q899561
en	roasted chicken	Q899640	alias	roast chicken	Pollo arrosto			28	Q27994917
en	roasted mate	Q3622432	alias	mate tea				18	Q138675588
en	roasted meat	Q899561	alias	roast	arrosto			14	Q10990 Q19861951 Q25403900 Q746549
en	roasted nut	Q139546706	alias	roasted nuts				0	Q2095 Q3320037
en	roasted peanut	Q110495337	label	roasted peanut				0	Q8195619
en	roasted pork	Q844466	alias	siu yuk				13	Q1427844 Q28100020
en	root	Q111029	label	root	radice			61	Q43249
en	root	Q124382781	alias	base note				0	Q474423
en	root	Q1757074	alias	root node	nodo radice			4	Q122258005 Q1304193
en	root	Q214604	alias	zero of a function	radice			51	Q1879813 Q379825
en	root	Q255063	alias	superuser	Root			35	Q3604202
en	root	Q2879974	alias	fundamental	stato fondamentale			20	Q3344463 Q4897819
en	root	Q3614716	alias	Gyök				1	Q4167410
en	root	Q41500	label	root	radice			142	Q103812529 Q24060707
en	root	Q588247	alias	zero	Zero			12	Q214604
en	root	Q601053	alias	nth root	radicale			77	Q164307 Q47279819 Q746863 Q824282
en	root	Q6452351	label	root				13	Q4167410
en	root	Q72933452	label	root				0	Q28969364
en	root	Q947171	label	root	ROOT			15	Q188860 Q24451526 Q341 Q7397 Q9143
en	rose	Q102231	label	rose	rosa			0	Q55983715 Q886167
en	rose	Q1155211	label	rose	Rodonea			19	Q1060874 Q207527 Q24034552
en	rose	Q12979	alias	rosé wine	vino rosato			44	Q282 Q8024923
en	rose	Q1469779	label	rose	rosa			13	Q1424805 Q3941237 Q47034896
en	rose	Q16977936	label	rose				2	Q3404720
en	rose	Q28962042	alias	pink hair				2	Q1048314
en	rose	Q29716522	alias	rs				0	Q7187
en	rose	Q29823046	alias	Endothelin receptor Ba				0	Q8054
en	rose	Q3442356	label	rose				2	Q282112
en	rose	Q34687	alias	Rosa			Rosa	182	Q1369438 Q16521 Q886167 Q9323487
en	rose	Q35804095	alias	RAL 3017	RAL 3017			0	Q17421658
en	rose	Q3941237	label	rose	rosa			11	Q80071
en	rose	Q533047	label	rose	rosso fragola			25	Q1075 Q3142
en	rose	Q59318252	alias	pink				1	Q23786
en	rose	Q5961806	label	rose	Rosa			8	Q1781358 Q179899
en	rose	Q65276915	label	rose				1	Q83437
en	rose	Q89800979	label	rose				0	Q105543609
en	rose	Q97204632	alias	rosé sauce				3	Q178359
en	rose apple	Q133290	alias	Syzygium	Syzygium		Syzygium	49	Q16521
en	rose apple	Q31931	alias	Syzygium jambos	Syzygium jambos		Syzygium jambos	48	Q16521
en	rose hip	Q46740	label	rose hip	Cinorrodo			41	Q147545 Q28149961 Q41274 Q6980681
en	rose oil	Q83054	label	rose oil	Olio essenziale di rosa			35	Q170885 Q60793528
en	rose wine	Q12979	alias	rosé wine	vino rosato			44	Q282 Q8024923
en	roselle	Q140550350	alias	Sabdariffa gossypiifolia			Sabdariffa gossypiifolia	1	Q16521
en	roselle	Q319390	alias	Hibiscus sabdariffa	Hibiscus sabdariffa		Hibiscus sabdariffa	57	Q16521
en	rosemary	Q102240169	alias	Salvia rosmarinus	Salvia rosmarinus		Salvia rosmarinus	115	Q11992872 Q16521 Q42295
en	rosemary	Q12976608	label	rosemary				1	
en	rosemary	Q67206392	label	rosemary				0	Q207123 Q9323487
en	rosemary	Q68315046	label	rosemary	rosmarino			1	Q207123 Q25403900 Q42527
en	rosemary oil	Q1251367	label	rosemary oil				3	Q169336 Q170885 Q735160 Q95997873
en	rue	Q115740667	label	rue				0	Q55983715 Q886167
en	rue	Q165250	alias	Ruta	Ruta		Ruta	44	Q16521
en	rue	Q25062	alias	Ruta graveolens	Ruta graveolens		Ruta graveolens	60	Q11992872 Q16521
en	rue	Q29729416	label	rue				0	Q7187
en	rue	Q96361084	label	rue				1	Q9415
en	rum	Q107196925	label	rum				0	Q614158
en	rum	Q108962262	label	rum				1	Q1580166
en	rum	Q111991775	alias	ꝵ				1	Q19776628
en	rum	Q29725791	alias	psq				0	Q7187
en	rum	Q83376	label	rum	rum			97	Q56139 Q8148
en	rutabaga	Q104733765	label	rutabaga	rutabaga			0	Q20136 Q2585022
en	rutabaga	Q158464	alias	Brassica napus subsp. rapifera	rutabaga		Brassica napus rapifera	79	Q11992872 Q16521
en	rutabaga	Q29733800	alias	rut				0	Q7187
en	rye bread	Q3893120	label	rye bread	pane nero			51	Q7802
en	rye flour	Q10658708	label	rye flour	farina di segale			14	Q25403900 Q27876311 Q36465
en	safflower seed	Q104413623	label	safflower seed	seme di cartamo			0	Q40763
en	saffron	Q25434	label	saffron	zafferano			92	Q2349698 Q42527 Q753009 Q911922
en	saffron	Q2725283	label	saffron	zafferano			28	Q1075 Q39338 Q943
en	saffron	Q4023622	label	saffron	zafferano			2	Q3902068 Q47034896
en	sage	Q107196923	label	sage				0	Q613972
en	sage	Q1111359	alias	Salvia officinalis	Salvia officinalis		Salvia officinalis	78	Q11992872 Q157957 Q16521
en	sage	Q133892827	alias	Segun Adebayo				0	Q5
en	sage	Q157151	alias	Salvia	Salvia		Salvia	79	Q16521
en	sage	Q2349934	alias	wise old man				25	Q135929846 Q636497 Q785653
en	sage	Q2624172	label	sage	saggio			14	Q12737077 Q20826540 Q636497
en	sage	Q29731686	label	sage				0	Q7187
en	sage	Q29819922	alias	Salivary gland-expressed bHLH Dmel_CG12952				0	Q8054
en	sage	Q67206399	label	sage	Salvia			0	Q207123
en	sage	Q7399114	label	sage	salvia			5	Q1075
en	sake	Q170219	label	sake	sakè			84	Q1142986
en	salmon	Q100331441	label	salmon				0	Q2015138 Q594187
en	salmon	Q140784183	label	salmon				0	Q7397
en	salmon	Q2015138	label	salmon	salmone			25	Q137796868 Q376346 Q39338 Q429220
en	salmon	Q2796766	label	salmon	salmone			66	Q152 Q192935 Q55983715 Q600396 Q951964
en	salmon	Q29817204	alias	Garnet Dmel_CG10986				0	Q8054
en	salmon	Q3945674	label	salmon	salmone			2	Q350945
en	salmon oil	Q1233250	label	salmon oil				1	Q1423543 Q1786125
en	salmon roe	Q11602745	label	salmon roe				5	Q219426
en	salt	Q107384370	label	salt				0	Q29642950
en	salt	Q109052708	label	salt				1	Q1580166
en	salt	Q11254	alias	table salt	sale da cucina			201	Q10675206 Q169336 Q25403900 Q42527 Q6509670
en	salt	Q12370	label	salt	sale			121	Q12037703 Q2366155 Q47154513
en	salt	Q140784143	label	salt				0	Q7397
en	salt	Q14549114	label	salt				2	Q58180476
en	salt	Q1500258	label	salt	salt			23	Q184754
en	salt	Q2314	alias	sodium chloride	cloruro di sodio			84	Q113145171 Q1508568 Q44791900
en	salt	Q282694	alias	sea salt	Sale marino			45	Q11254 Q25403900
en	salt	Q29717440	label	salt				0	Q7187
en	salt	Q5771190	alias	salt cellar	saliera			14	Q287455 Q63972141
en	salt	Q63972141	label	salt				1	Q96953498
en	salt	Q7405802	label	salt				4	Q207645
en	sandalwood	Q11122366	label	sandalwood	legno di sandalo			33	Q1493054 Q2266509
en	sandalwood	Q17745752	alias	Myoporum obscurum	Myoporum obscurum		Myoporum obscurum	6	Q16521
en	sandalwood	Q65947816	alias	Santalum pyrularium	Santalum pyrularium		Santalum pyrularium	0	Q16521
en	sandalwood	Q67188394	alias	Santalum paniculatum var. paniculatum	Santalum paniculatum var. paniculatum		Santalum paniculatum var. paniculatum	0	Q16521
en	sandalwood	Q67197320	alias	Santalum paniculatum var. pilgeri	Santalum paniculatum var. pilgeri		Santalum paniculatum var. pilgeri	0	Q16521
en	sandalwood	Q7420024	alias	Santalum freycinetianum	Santalum freycinetianum		Santalum freycinetianum	7	Q16521
en	sapodilla	Q13200345	alias	chico fruit	sapodilla			4	Q1364
en	sapodilla	Q14959	alias	Manilkara zapota	Manilkara zapota		Manilkara zapota	77	Q11992872 Q16521
en	sassafras	Q124703917	label	sassafras				0	Q1493054 Q2266509
en	satsuma	Q111909135	label	satsuma				0	Q2574750
en	satsuma	Q875262	alias	Citrus unshiu	Citrus × unshiu		Citrus unshiu	31	Q16521 Q904653
en	sauerkraut	Q154166	label	sauerkraut	crauti			73	Q3688975 Q6950796 Q8195619
en	sausage	Q131419	label	sausage	insaccato			108	Q260568 Q8195619
en	savory	Q19787919	label	savory	santoreggia			1	Q207123
en	savory	Q22858	alias	Satureja	Satureja		Satureja	60	Q16521
en	savory	Q3324978	alias	savoriness				7	Q4173974
en	scallion	Q123017994	alias	ascallion				0	Q107765406 Q124004893
en	scallion	Q27938	alias	Welsh onion	cipolla d'inverno	00003172	Allium fistulosum	65	Q11992872 Q138848994 Q157957 Q16521 Q3406628
en	scallion	Q774278	label	scallion	cipollotto			43	Q11004 Q5368822 Q55983715
en	scallop	Q1311395	alias	Pectinidae	Pectinidae		Pectinidae	34	Q16521
en	scallop	Q64514672	alias	scalloping				0	Q55413080
en	scallop	Q7360490	label	scallop	capasanta			19	Q1311395 Q192935 Q55983715
en	scotch	Q110082396	label	scotch				0	
en	sea bass	Q1248017	label	sea bass				4	Q55983715
en	seal	Q1221121	alias	official seal				1	Q162919
en	seal	Q12372553	label	seal				2	
en	seal	Q1475577	alias	hermetic seal				13	Q1207505 Q1717246
en	seal	Q162919	label	seal	sigillo			71	Q112110 Q11341687 Q1941820 Q552345
en	seal	Q17004810	label	seal	tenuta meccanica			20	Q1183543
en	seal	Q1797791	label	seal				2	
en	seal	Q18253953	alias	Scn8a				0	Q20747295 Q7187
en	seal	Q2081159	label	seal	sigillo			3	Q10273457 Q109648042 Q350268
en	seal	Q3192954	label	seal				6	Q3039055 Q55983715 Q81875
en	seal	Q4329309	label	seal				6	Q110163439 Q196756
en	seal	Q58679993	alias	seal impression	impronta di sigillo			1	Q115640974
en	seal	Q6007591	alias	Impression seal				2	Q162919
en	seaweed	Q237169	label	seaweed	Fucales			59	Q37868 Q55983715
en	seaweed	Q2975713	alias	British bulldogs				7	Q1509934
en	seed	Q100275245	label	seed	seme			0	Q28969364
en	seed	Q11245771	label	seed	seed			1	Q134556
en	seed	Q123461308	label	seed				0	Q40763
en	seed	Q123461309	label	seed				0	Q40763
en	seed	Q135513492	alias	tane				1	Q132545992 Q28823112
en	seed	Q140428847	label	seed				0	Q2151613
en	seed	Q1762933	label	seed	semi			8	Q40763
en	seed	Q1886131	alias	random seed				13	Q1196827 Q18351510 Q4897819
en	seed	Q24839937	alias	preimage				1	Q18018609
en	seed	Q2574811	alias	cause	causa			19	Q112234259 Q31464082 Q4897819 Q613930
en	seed	Q3499911	label	seed	Seme (sport)			15	Q526719
en	seed	Q40763	label	seed	seme			142	Q20011319 Q2095
en	seed oil	Q7445643	label	seed oil	olio di semi			4	Q4739805
en	sesame oil	Q212317	label	sesame oil	olio di semi di sesamo			57	Q427457 Q4739805 Q7445643
en	sesame seed	Q12000036	label	sesame seed	seme di sesamo			6	Q25403900 Q40763 Q42527
en	sesame seed	Q27680308	alias	Sesami Semen				0	Q27684991 Q735160
en	shallot	Q193498	alias	Allium ascalonicum	Allium ascalonicum		Allium ascalonicum	73	Q11992872 Q16521
en	shallot	Q67206407	label	shallot	scalogno			1	Q11004 Q188748 Q42527
en	sheep cheese	Q1411808	alias	sheep milk cheese	formaggio pecorino			19	Q10943 Q3546121
en	sheep milk	Q2736146	label	sheep milk	latte di pecora			29	Q8495
en	shellfish	Q6501235	label	shellfish	frutti di mare			31	Q192935 Q55983715
en	sherry	Q16398	label	sherry	Sherry			56	Q1432594 Q1626612 Q2140699
en	sherry	Q29732400	alias	she				0	Q7187
en	sherry wine	Q16398	alias	sherry	Sherry			56	Q1432594 Q1626612 Q2140699
en	shiitake	Q320999	alias	Lentinula edodes	Lentinula edodes		Lentinula edodes	63	Q16521 Q76749327
en	shrimp	Q1517781	label	shrimp	gamberetto			53	Q192935 Q25364 Q55983715 Q951964
en	shrimp	Q29731847	alias	shp				0	Q7187
en	shrimp	Q3757921	label	shrimp	gambero			2	Q1419683
en	skim milk	Q2352187	alias	skimmed milk	latte scremato			32	Q185217 Q26845135 Q8495
en	smoke	Q130768	label	smoke	fumo			110	Q104541 Q10861378 Q1779287 Q498957
en	smoke	Q2386268	alias	tobacco smoke				10	Q130768
en	smoke	Q2906500	alias	smoke grey	fumo			4	Q1075 Q42519
en	smoke	Q47009768	label	smoke				1	Q834104
en	smoke	Q662860	alias	smoking	fumare			70	Q110207349 Q251777
en	smoked fish	Q70608	label	smoked fish	pesce affumicato			23	Q18396734 Q5194698 Q746549
en	smoked herring	Q115147923	label	smoked herring				0	Q3127419 Q3687258 Q70608
en	smoked salmon	Q2302413	label	smoked salmon	salmone affumicato			20	Q28100128 Q5194699 Q70608
en	smoked sausage	Q138690919	alias	campeira sausage				0	Q6648982
en	smoked sausage	Q98081617	label	smoked sausage				1	Q131419 Q1682434
en	snails	Q20819239	alias	Koreozospeum	Koreozospeum		Koreozospeum	2	Q16521
en	snails	Q308841	alias	snail	chiocciola			119	Q4867740 Q55983715
en	snails	Q775027	alias	Carychium	Carychium		Carychium	10	Q16521
en	snails	Q93099450	alias	Carychiella	Carychiella		Carychiella	2	Q16521
en	snap bean	Q159753	label	snap bean	Phaseolus coccineus		Phaseolus coccineus	41	Q11992872 Q16521 Q3058537
en	snap bean	Q2987371	alias	green bean	fagiolino			47	Q11004 Q145909
en	snap bean	Q42339	alias	Phaseolus vulgaris	Phaseolus vulgaris		Phaseolus vulgaris	118	Q11992872 Q16521 Q192691
en	sorrel	Q1406070	alias	chestnut	Sauro			22	Q876459
en	sorrel	Q940047	alias	Hibiscus tea	carcadè			30	Q40050 Q6097
en	sour cherry	Q131517	alias		Prunus cerasus		Prunus cerasus	91	Q16521 Q188840 Q196 Q904653
en	sour cherry	Q25506558	label	sour cherry	ciliegia acida			2	Q140646522 Q196
en	soursop	Q1709343	alias	Annona muricata	Annona muricata		Annona muricata	82	Q16521
en	soursop	Q192147	label	soursop				10	Q13184 Q3314483
en	soy milk	Q192199	label	soy milk	latte di soia			61	Q2640574 Q2647467 Q28836677 Q317088
en	soy sauce	Q229385	label	soy sauce	salsa di soia			72	Q178359 Q28836677 Q6950796
en	soybean	Q11006	label	soybean	soia		Glycine max	151	Q11992872 Q16521 Q186752 Q192691
en	soybean	Q61503220	alias	soy bean	seme di soia			1	Q25403900 Q379813
en	soybean oil	Q926892	label	soybean oil	olio di semi di soia			42	Q10675206 Q111855485 Q317088 Q427457 Q735160 Q7445643 Q7449295 Q95997873
en	spaghetti	Q128257664	label	spaghetti	piatto a base di spaghetti			0	Q18679685 Q746549
en	spaghetti	Q140655192	alias	Pasta di Antrodoco PAT	Pasta di Antrodoco PAT			0	Q2251745
en	spaghetti	Q140785435	label	spaghetti				0	Q7397
en	spaghetti	Q20026	label	spaghetti	spaghetti			94	Q192874 Q2625877 Q27555297
en	spaghetti	Q29717798	alias	spag				0	Q7187
en	spaghetti	Q29813529	alias	Spaghetti Dmel_CG13570				0	Q8054
en	sparkling wine	Q321263	label	sparkling wine	vino spumante			56	Q282 Q51909896
en	spearmint	Q104187790	label	spearmint				0	Q207123
en	spearmint	Q160114	alias	Mentha spicata	Mentha spicata		Mentha spicata	60	Q157957 Q16521 Q207123
en	spearmint oil	Q64211954	label	spearmint oil				2	Q169336 Q170885
en	spike	Q102004561	label	spike				0	Q122853628 Q839546
en	spike	Q10616593	alias	spindle				7	Q2383811
en	spike	Q123786564	label	spike	spiga			38	Q156428 Q28771638
en	spike	Q147398	alias	ear	spiga			27	Q123786564 Q20011319
en	spike	Q2025787	alias	voltage spike	spike			8	Q1386590
en	spike	Q25203449	label	spike				3	
en	spike	Q2707058	alias	spine	aculeo			15	Q102277188
en	spike	Q29732529	alias	spk				0	Q7187
en	spike	Q628155	alias	workhouse	workhouses			26	Q11755880
en	spike	Q7577179	label	spike				1	
en	spike	Q7577181	label	spike				1	Q320441
en	spike	Q7577187	label	spike				4	
en	spike	Q7940488	label	spike				3	Q8313297
en	spike	Q89458416	alias	spike glycoprotein [SARS-Cov]				0	Q258658 Q8054
en	spinach	Q36814998	label	spinach	spinaci			1	Q11004 Q20134 Q207123 Q33971
en	spinach	Q81464	alias	Spinacia oleracea	Spinacia oleracea		Spinacia oleracea	138	Q11992872 Q138848994 Q16521 Q190903 Q192691
en	split pea	Q2265406	label	split pea				8	Q55404049 Q67862893
en	spring onion	Q774278	alias	scallion	cipollotto			43	Q11004 Q5368822 Q55983715
en	squash	Q1190923	label	squash				16	Q2647467 Q5458204
en	squash	Q133201	label	squash	squash			74	Q2426135 Q31629 Q47728 Q877517
en	squash	Q29714731	alias	squ				0	Q7187
en	squash	Q29811865	alias	Squash Dmel_CG4711				0	Q8054
en	squash	Q29819092	alias	Spaghetti squash Dmel_CG3595				0	Q8054
en	squash	Q5339237	alias	gourd	zucca ornamentale			32	Q11004 Q1364 Q1470762
en	squash	Q5339301	alias	Cucurbita	Cucurbita		Cucurbita	86	Q16521
en	squash	Q893	alias	lemonade	limonata			90	Q2647467
en	squid	Q100333346	label	squid				0	Q15711870 Q15773317 Q24515688 Q73502689
en	squid	Q12608079	alias	squid game	Ojingeo			21	Q1509934
en	squid	Q29715400	alias	sqd				0	Q7187
en	squid	Q29812285	alias	Squid Dmel_CG16901				0	Q8054
en	squid	Q3542336	label	squid				2	Q2604618
en	squid	Q56826951	alias	Squid Software Foundation				0	Q163740 Q18325436
en	squid	Q81900	alias	Teuthida	Teuthida		Teuthida	99	Q16521
en	star anise	Q1760637	label	star anise	anice stellato			6	Q1364 Q42527
en	star anise	Q20727127	label	star anise	Star anise			1	Q4167410
en	star anise	Q5492045	alias	Illicium	Illicium		Illicium	34	Q16521
en	star anise oil	Q4075018	alias	badian oil				1	Q170885
en	starch	Q41534	label	starch	amido			101	Q119896085 Q134219 Q25403900 Q3333419 Q416796 Q902638 Q951964
en	stock	Q103459	alias	livestock	bestiame			109	Q136772238 Q1797813 Q57812559 Q622852
en	stock	Q112117228	label	stock				1	Q185478
en	stock	Q112154728	label	stock				1	
en	stock	Q11692	alias	share	azione			96	Q169489
en	stock	Q1196314	label	stock	titolo			30	Q116460050 Q169489 Q421829 Q557715
en	stock	Q140398466	label	stock				0	Q134506144
en	stock	Q1467867	alias	talon				4	Q29955851 Q66746920
en	stock	Q1682848	label	stock	Stock			16	Q61041319
en	stock	Q275068	alias	broth	brodo			63	Q11435 Q19861951 Q2095
en	stock	Q30063	alias	Matthiola incana	Matthiola incana		Matthiola incana	35	Q16521
en	stock	Q3051195	alias	cattle crush	arle travaglio			11	Q3629395
en	stock	Q3075310	label	stock	Fondo di cucina			23	Q275068 Q746549
en	stock	Q7617922	label	stock				2	Q29051417
en	stock	Q815410	alias	inventory	inventario			38	Q28877
en	stock	Q909380	label	stock	cassa			35	Q107184001 Q1310239 Q811909
en	storax	Q104413864	alias	Liquidambar orientalis resin				0	Q145205
en	storax	Q139259373	alias	Liquidambar styraciflua resin				0	Q145205
en	storax	Q907000	label	storax	storace			12	Q1776037 Q76626
en	strawberry	Q13158	label	strawberry	fragola		Fragaria × ananassa	135	Q11992872 Q16521
en	strawberry	Q14458220	label	strawberry	fragola	00003443		17	Q16128920 Q3314483 Q4692249
en	strawberry	Q29656628	alias	Argos Dmel_CG4531				2	Q8054
en	strawberry	Q29810410	alias	Notch Dmel_CG3936				0	Q8054
en	strawberry	Q3080396	label	strawberry				3	Q1075 Q3142
en	strawberry	Q3749232	label	strawberry	fragola			3	Q3902068
en	strawberry	Q745	alias	Fragaria	Fragaria		Fragaria	120	Q126910810 Q16521 Q25314
en	strawberry jam	Q1348968	label	strawberry jam				8	Q90000932
en	strawberry juice	Q1068602	label	strawberry juice	succo di fragola			9	Q126959354 Q2719623
en	sugar	Q11002	label	sugar	zuccheri			210	Q11358 Q17339814 Q317088 Q3400794 Q902638
en	sugar	Q121599918	alias	sugar product				0	Q1365365 Q26897776 Q3400794
en	sugar	Q140786627	label	sugar				0	Q7397
en	sugarcane	Q3391243	alias	Saccharum officinarum	Saccharum officinarum		Saccharum officinarum	69	Q16521 Q31839438
en	sugarcane	Q36940	label	sugarcane	canna da zucchero			71	Q11992872 Q1362373 Q17136949 Q2424752 Q55983715
en	sumac	Q109865874	alias	basket sumac				0	Q28969364
en	sumac	Q157649	alias	Rhus	Rhus		Rhus	62	Q16521
en	sumac	Q16131953	label	sumac				10	Q1364 Q42527
en	summer savory	Q104054483	label	summer savory				0	Q19787919 Q207123
en	sunflower oil	Q94787	label	sunflower oil	olio di semi di girasole			66	Q25403900 Q427457 Q4739805 Q7445643
en	sweet potato	Q119132668	label	sweet potato				1	Q4167410
en	sweet potato	Q12762973	label	sweet potato	patata dolce			2	Q11004 Q183319 Q736427
en	sweet potato	Q37937	label	sweet potato	Ipomoea batatas		Ipomoea batatas	151	Q11004 Q11992872 Q16521 Q192691
en	sweet potato	Q55316445	alias	🍠	🍠			1	Q1049294 Q29654788
en	sweet potatoes	Q12762973	alias	sweet potato	patata dolce			2	Q11004 Q183319 Q736427
en	sweetfish	Q642906	alias	Plecoglossus altivelis	Plecoglossus altivelis		Plecoglossus altivelis	33	Q16521
en	swiss cheese	Q29717253	alias	sws				0	Q7187
en	swiss cheese	Q29813130	alias	Swiss cheese Dmel_CG2212				0	Q8054
en	tamarind	Q105687375	label	tamarind				0	Q1493054
en	tamarind	Q2391283	alias	Tamarindus indica	tamarindo			4	Q1364 Q3314483
en	tamarind	Q5279865	alias	Diploglottis australis	Diploglottis australis		Diploglottis australis	4	Q16521
en	tamarind	Q80235	alias	Tamarindus indica	Tamarindus indica		Tamarindus indica	118	Q16521 Q25403900
en	tangerine	Q104030498	label	tangerine				0	Q3314483
en	tangerine	Q516494	label	tangerine	Citrus × tangerina		Citrus ×tangerina	42	Q16521 Q904653
en	tangerine	Q846504	label	tangerine				8	Q1075 Q39338
en	tangerine	Q875262	alias	Citrus unshiu	Citrus × unshiu		Citrus unshiu	31	Q16521 Q904653
en	tangerine juice	Q104030477	label	tangerine juice				0	Q20932605
en	tangerine oil	Q72509416	label	tangerine oil				1	Q170885
en	tarragon	Q103554747	label	tarragon	dragoncello			0	Q207123 Q2095 Q42527
en	tarragon	Q155814	label	tarragon	estragone		Artemisia dracunculus	80	Q11992872 Q16521 Q190903 Q207123
en	tea	Q101815	alias	Camellia sinensis	Camellia sinensis		Camellia sinensis	94	Q11004 Q1151696 Q11992872 Q16521 Q188840
en	tea	Q11090700	label	tea				1	Q19359564 Q2647467 Q379932 Q61951
en	tea	Q16395189	alias	high tea				1	Q6460735
en	tea	Q29714680	label	tea				0	Q7187
en	tea	Q30328768	alias	Telomere ends associated Dmel_CG30007				0	Q8054
en	tea	Q32022234	alias	tea leaves	foglie di thè			1	Q28877 Q33971
en	tea	Q6097	label	tea	tè			258	Q11090700 Q1365365 Q19359564 Q2647467 Q61951
en	tea leaf oil	Q104125130	label	tea leaf oil				0	Q170885
en	tea tree oil	Q48832	label	tea tree oil	Melaleuca essenza			24	Q169336 Q170885 Q735160 Q95997873
en	tequila	Q122195	label	tequila	tequila			83	Q726413
en	thyme	Q29711189	alias	tym				0	Q7187
en	thyme	Q3215980	label	thyme	timo			26	Q207123 Q2095 Q735160 Q95997873
en	thymus	Q163987	label	thymus	timo			78	Q112826905 Q112826975 Q113056217 Q3529455 Q66545290
en	tobacco	Q107197390	label	tobacco				0	Q987767
en	tobacco	Q1566	label	tobacco	tabacco			162	Q134172 Q1913301 Q211036 Q317088
en	tobacco	Q181095	alias	Nicotiana tabacum	Nicotiana tabacum		Nicotiana tabacum	68	Q16521 Q192691 Q21028485
en	tobacco	Q53865498	label	tobacco				1	Q3902068
en	tobacco	Q851829	alias	Nicotiana	Nicotiana		Nicotiana	68	Q16521
en	tobacco leaf	Q111130823	label	tobacco leaf				0	Q33971
en	tomato	Q140781198	label	tomato				0	Q7397
en	tomato	Q20638126	label	tomato	pomodoro	03301453		18	Q11004 Q13184 Q1470762 Q25403900 Q3314483
en	tomato	Q23501	label	tomato	Solanum lycopersicum		Solanum lycopersicum	208	Q16521 Q188840 Q31839438
en	tomato	Q93704722	label	tomato				0	Q3142 Q376346
en	tomato juice	Q787325	label	tomato juice	succo di pomodoro			44	Q1501257 Q25403900
en	trout	Q124004901	label	trout				0	Q107765406 Q113453664 Q124004893
en	trout	Q2258881	label	trout	trota			77	Q1409242 Q192935 Q55983715 Q600396
en	trout	Q3999761	label	trout	trota			2	Q1419683
en	truffle	Q2690965	label	truffle	tartufo			50	Q654236
en	tuber	Q183319	label	tuber	tubero			82	Q20011319
en	tuber	Q2458888	alias	tubular belay device	tuber			3	Q637982
en	tuber	Q66572594	alias	tuberosity				0	Q28841127
en	tuberose	Q17270998	alias	Polianthes tuberosa	Polianthes tuberosa		Polianthes tuberosa	1	Q16521
en	tulip	Q163050	alias	Tulipa sylvestris	Tulipa sylvestris		Tulipa sylvestris	34	Q16521
en	tulip	Q2459535	label	tulip				2	Q1424805
en	tulip	Q30345409	label	tulip	tulipano			0	Q199182 Q506
en	tulip	Q93201	alias	Tulipa	Tulipa		Tulipa	124	Q16521 Q886167
en	tuna	Q109112602	label	tuna				1	Q1580166
en	tuna	Q1245536	label	tuna				11	Q105756498 Q188451 Q215380
en	tuna	Q126489571	label	tuna				1	Q215185 Q55983715
en	tuna	Q139820999	label	tuna				0	Q2095 Q629103
en	tuna	Q17504707	label	tuna				4	Q152 Q192935 Q600396 Q951964
en	tuna	Q2146147	alias	prickly pear	ficodindia			10	Q1364 Q3314483
en	tuna	Q2346039	alias	Thunnus	tonno		Thunnus	61	Q152 Q16521
en	tuna	Q24691882	alias	Opuntia engelmannii var. engelmannii	Opuntia engelmannii var. engelmannii		Opuntia engelmannii var. engelmannii	0	Q16521
en	tuna	Q2739989	alias	Ventrèche de thon	Ventresca			11	Q17504707 Q2095 Q25403900
en	tuna	Q3993156	label	tuna	tonno			2	Q1419683
en	tuna	Q6146274	alias	Thunnini	Thunnini		Thunnini	50	Q16521
en	turkey	Q43794	alias	Meleagris	Meleagris		Meleagris	129	Q16521
en	turkey	Q848706	alias	domesticated turkey	tacchino domestico		Meleagris gallopavo domesticus	45	Q16521 Q178559 Q1797813
en	turmeric	Q105285406	label	turmeric				0	Q109610330 Q59199015
en	turmeric	Q20730193	label	turmeric	curcuma			4	Q2908004 Q42527
en	turmeric	Q42562	alias	Curcuma longa	Curcuma longa		Curcuma longa	127	Q11992872 Q16521
en	turnip	Q104733765	alias	rutabaga	rutabaga			0	Q20136 Q2585022
en	turnip	Q158464	alias	Brassica napus subsp. rapifera	rutabaga		Brassica napus rapifera	79	Q11992872 Q16521
en	turnip	Q25393456	label	turnip				1	Q11424
en	turnip	Q29732289	alias	tur				0	Q7187
en	turnip	Q3384	alias	Brassica rapa	Brassica rapa		Brassica rapa	73	Q16521
en	turnip	Q3916957	label	turnip	rapa			97	Q20136
en	turnip	Q3930188	label	turnip	rapa			2	Q3902068
en	turnip	Q503394	label	turnip				4	Q55983715 Q756
en	turnip	Q60714336	label	turnip				0	Q20136
en	turnip	Q7856056	label	turnip				1	Q1969448
en	turpentine	Q201382	label	turpentine				51	Q119892838 Q169336 Q170885
en	udo	Q109033615	label	udo				1	Q1580166
en	udo	Q123898049	label	udo				0	Q134556 Q7302866
en	valerian	Q157819	alias	Valeriana officinalis	Valeriana officinalis		Valeriana officinalis	78	Q157957 Q16521 Q190903
en	vanilla	Q13241	label	vanilla	vaniglia			60	Q25308 Q4173974 Q42527
en	vanilla	Q33495	alias	vanillin	vanillina			46	Q113145171 Q50823377 Q65235
en	vanilla	Q3554596	label	vanilla				1	Q1075
en	vanilla	Q7914921	label	vanilla	vaniglia			8	Q1075
en	vanilla oil	Q103829288	alias	Vanilla planifolia oil				0	Q170885
en	veal	Q2489835	label	veal				1	Q2935
en	veal	Q957434	label	veal	vitello			43	Q10990 Q192628
en	vegetable	Q11004	label	vegetable	verdura			210	Q107122728 Q1086824 Q136769237 Q19861951 Q25403900 Q46019061 Q767036
en	vegetable	Q1470762	alias	fruit vegetable	ortaggi da frutto			6	Q11004 Q1364 Q28149961
en	vegetable	Q25423203	label	vegetable				1	Q21286738
en	vegetable	Q29719301	alias	veg				0	Q7187
en	vegetable oil	Q132891044	alias	oil, fat				0	Q111973176
en	vegetable oil	Q4739805	label	vegetable oil	olio vegetale			63	Q11870297 Q25403900 Q42501 Q427457
en	venison	Q2296872	label	venison	carne di cervo			27	Q10990 Q124748491 Q19862498
en	vervain	Q165290	alias	Verbena	Verbena		Verbena	55	Q16521
en	vetiver	Q378568	alias	Chrysopogon zizanioides	vetiver		Chrysopogon zizanioides	60	Q16521
en	vetiver oil	Q2017000	label	vetiver oil				3	Q170885
en	vinegar	Q41354	label	vinegar	aceto			123	Q119720106 Q2596997 Q906356
en	violet	Q12341151	label	violet				1	Q105543609
en	violet	Q130443551	label	violet				0	Q23786 Q27839441
en	violet	Q18530661	alias	Pierre-Noël Violet	Pierre Noël Violet			4	Q5
en	violet	Q3071662	alias	Microcosmus sabatieri	Microcosmus sabatieri		Microcosmus sabatieri	11	Q16521
en	violet	Q428124	label	violet	violetto			115	Q3257809 Q374445 Q910300
en	violet	Q53864304	label	violet				1	Q3902068
en	violet leaf	Q137475815	label	violet leaf				0	Q33971 Q735160
en	violet root	Q139521543	label	violet root				0	Q41500 Q735160
en	wallflower	Q159370	alias	Erysimum cheiri	Erysimum cheiri		Erysimum × cheiri	33	Q16521
en	wallflower	Q1910993	label	wallflower				5	Q167172 Q184511 Q366773
en	wallflower	Q30063	alias	Matthiola incana	Matthiola incana		Matthiola incana	35	Q16521
en	wallflower	Q7217637	alias	wallflower(s) / The Wallflower(s) / wall flower(s)	Wallflower			6	Q4167410
en	walnut	Q208021	label	walnut	noce			74	Q107122793 Q14712 Q25403900 Q3320037
en	walnut	Q2288038	alias	walnut wood	legno di noce			3	Q1493054 Q2266509
en	walnut	Q2453469	alias				Juglans	81	Q10884 Q16521 Q757163
en	walnut	Q53864920	label	walnut				1	Q1030567
en	walnuts	Q2453469	alias				Juglans	81	Q10884 Q16521 Q757163
en	wasabi	Q107381683	label	wasabi				0	Q29642950
en	wasabi	Q12378304	label	wasabi				9	Q42527 Q5368822
en	wasabi	Q49855	alias	Eutrema japonicum	Eutrema japonicum		Eutrema japonicum	66	Q11992872 Q16521
en	water apple	Q31904	alias	Syzygium aqueum	Syzygium aqueum		Syzygium aqueum	28	Q16521
en	watercress	Q104223904	label	watercress	crescione d'acqua			0	Q20134 Q207123 Q2095
en	watercress	Q150452	alias	Nasturtium officinale	crescione d'acqua		Nasturtium officinale	78	Q11992872 Q16521 Q186101 Q190903
en	watercress	Q3697054	label	watercress	Crescione			2	Q3902068
en	watermelon	Q137712066	label	watermelon				0	Q4173974 Q899696
en	watermelon	Q17507129	label	watermelon	Citrullus lanatus		Citrullus lanatus	178	Q11992872 Q16521 Q192691
en	watermelon	Q24820286	label	watermelon	anguria			1	Q1075
en	watermelon	Q29401270	alias	Citrullus lanatus var. lanatus	Citrullus lanatus var. lanatus		Citrullus lanatus var. lanatus	0	Q16521
en	watermelon	Q38645	label	watermelon	anguria	00003673		22	Q1364 Q2095 Q3314483 Q5881191
en	wax jambu	Q11643111	alias	Syzygium samarangense	Syzygium samarangense		Syzygium samarangense	41	Q16521
en	whale	Q113483064	label	whale				0	Q107765406 Q27689085
en	whale	Q136348581	label	whale				0	Q136341756
en	whale	Q1448281	label	whale	balena			2	Q1424805 Q350945
en	whale	Q1617831	alias	High roller				8	
en	whale	Q1865281	label	whale	balena			111	Q160 Q382441 Q55983715
en	wheat	Q12799691	label	wheat				2	Q3331189
en	wheat	Q15645384	label	wheat	grano			188	Q12117 Q1436715 Q2095 Q25403900 Q506139 Q55983715
en	wheat	Q27680542	alias	Tritici Semen				0	Q27684991 Q735160
en	wheat	Q47448616	label	wheat				0	Q3902068
en	wheat	Q958363	label	wheat	grano			16	Q1075 Q47071
en	wheat bran	Q10714691	label	wheat bran	crusca di frumento			3	Q188672
en	wheat bread	Q14650718	alias	whole wheat bread				17	Q140520817
en	whiskey	Q281	alias	whisky	whisky			117	Q1479546
en	whiskey	Q9964	alias	W/w				155	Q19776628 Q3841820
en	white bread	Q1501889	label	white bread	pane bianco			37	Q7802
en	white currant juice	Q139386792	label	white currant juice				0	Q20932605
en	white wine	Q10210	label	white wine	vino bianco			57	Q282 Q8024923
en	whitefish	Q3693476	label	whitefish	coregone			2	Q1419683
en	whitefish	Q633379	label	whitefish	pesce bianco			21	Q152 Q55983715
en	whitefish	Q743084	alias	Coregonus lavaretus	Coregonus lavaretus		Coregonus lavaretus	45	Q16521
en	whitefish	Q857994	alias	Callorhinchus milii	Callorhinchus milii		Callorhinchus milii	17	Q16521
en	wild bergamot	Q1521039	alias	Monarda fistulosa	Monarda fistulosa		Monarda fistulosa	20	Q11992872 Q16521
en	wild marjoram	Q134283	alias	Origanum vulgare	Origanum vulgare		Origanum vulgare	103	Q11992872 Q16521 Q2247340
en	wild rice	Q11142858	alias	Zizania palustris	Zizania palustris		Zizania palustris	9	Q16521
en	wild rice	Q64153663	label	wild rice	riso selvatico			1	Q2095
en	wild rice	Q67188796	alias	Zizania palustris var. palustris	Zizania palustris var. palustris		Zizania palustris var. palustris	0	Q16521
en	wild strawberry	Q107262469	label	wild strawberry				0	Q13184 Q25403900
en	wild strawberry	Q146684	alias	Fragaria vesca	Fragaria vesca		Fragaria vesca	75	Q16521
en	wild strawberry	Q24689062	alias	Fragaria vesca subsp. vesca	Fragaria vesca subsp. vesca		Fragaria vesca subsp. vesca	0	Q16521
en	wine	Q140404499	label	wine				0	Q134506144
en	wine	Q282	label	wine	vino			230	Q11258817 Q56351009
en	wine	Q3014419	label	wine	vinaccia			24	Q1075 Q3142 Q428124
en	winter melon	Q104093105	alias	wax gourd				0	Q3314483
en	winter melon	Q652206	alias	Wax gourd	Benincasa hispida		Benincasa hispida	66	Q16521
en	winter savory	Q104054500	label	winter savory				0	Q19787919 Q207123
en	winter savory	Q160186	alias	Satureja montana	Satureja montana		Satureja montana	37	Q11992872 Q16521
en	wood	Q105997630	label	wood				0	Q1075
en	wood	Q116186484	alias	erect human penis				1	Q133993
en	wood	Q1259415	label	wood				5	Q1054671
en	wood	Q137126974	alias	Indo-Nepalese Pagoda architecture style				0	Q32880
en	wood	Q137127270	alias	Khas Malla architecture style				0	Q32880
en	wood	Q140434362	label	wood				0	Q109405570
en	wood	Q287	label	wood	legno			174	Q1138571 Q137424905 Q28969364 Q317088 Q40397
en	wood	Q3241565	alias	woodland	bosco			35	Q4421 Q4835091
en	wood	Q4421	alias	forest	foresta			235	Q101998 Q125824188 Q137022846 Q151885 Q1554231 Q2083910 Q27096220 Q37813 Q52105 Q618123
en	wood	Q46520157	alias	woad	guado			0	Q189720 Q63400180 Q911922
en	wood apple	Q234126	alias	Aegle marmelos	Aegle marmelos		Aegle marmelos	69	Q16521
en	wood spirit	Q14982	alias	methanol	metanolo			83	Q113145171 Q11685431
en	wood vinegar	Q1625482	alias	pyroligneous acid	distillato di legno			20	Q169336
en	wort	Q12563439	alias	suslo				4	Q11435 Q951964
en	wort	Q14404476	label	wort				14	Q11435
en	yam	Q140783724	label	yam				0	Q7397
en	yam	Q55238634	label	yam				2	Q746549 Q9266
en	yam	Q8047551	label	yam	igname			73	Q20136
en	yeast	Q11287927	alias	イースト				1	Q4167410
en	yeast	Q136704016	label	yeast				0	Q215380
en	yeast	Q45422	label	yeast	lievito			111	Q25403900 Q55983715 Q764 Q908833
en	yeast	Q719725	alias	Saccharomyces cerevisiae	Saccharomyces cerevisiae		Saccharomyces cerevisiae	68	Q16521 Q213907 Q25403900
en	yeast	Q911712	alias	baker's yeast				25	Q1786540 Q25403900 Q908833
en	yeast	Q95960308	label	yeast				0	Q783866
en	yogurt	Q13317	label	yogurt	yogurt			132	Q185217 Q26868224 Q26868628 Q951964
en	yogurt	Q3182797	alias	Dadiah				15	Q1316209 Q15299026 Q182940 Q25579312 Q3506176 Q40050
en	zucchini	Q29715623	alias	zuc				0	Q7187
en	zucchini	Q29812466	alias	Zucchini Dmel_CG12314				0	Q8054
en	zucchini	Q7533	label	zucchini	zucchina		Cucurbita pepo var. cylindrica	60	Q11004 Q1470762 Q16521 Q17119307
it	Aceto	Q18010767	label	Aceto	Aceto			4	Q4167410
it	Aceto	Q18342553	label	Aceto	Aceto			5	Q1134686
it	Aceto	Q3604284	label		Aceto			1	Q8436
it	Aceto	Q3615671	alias	Andrea Degortes	Andrea Degortes			4	Q5
it	Aceto	Q37037898	label	Aceto	Aceto			1	Q101352
it	Acetosella	Q158576	alias	Oxalis acetosella	Oxalis acetosella		Oxalis acetosella	59	Q16521 Q190903
it	Acetosella	Q32252794	label	Acetosella	Acetosella		Acetosella	0	Q16521
it	Aglio	Q18443516	label	Aglio	Aglio			5	Q1134686
it	Aglio	Q21448541	label	Aglio	Aglio			3	Q101352
it	Aglio	Q23400	alias	Allium sativum	aglio		Allium sativum	188	Q11004 Q11992872 Q16521 Q188840
it	Aglio	Q394274	label	Aglio	Aglio			4	Q4167410
it	Alloro	Q106247844	label	Alloro	Alloro			0	Q101352
it	Alloro	Q124294543	label		Alloro			1	Q4167410
it	Alloro	Q18503867	label	Alloro	Alloro			4	Q486972
it	Alloro	Q83646811	label	Alloro	Alloro			1	Q14928
it	Amarone	Q16277274	label	Amarone	Amarone			2	Q4167410
it	Amarone	Q455219	alias	Amarone della Valpolicella DOCG	Amarone della Valpolicella DOCG			18	Q282
it	Bacon	Q2878452	label	Bacon	Bacon			4	Q2679157
it	Bacon	Q6951606	label	Bacon	Bacon			4	Q101352
it	Bacon	Q798600	label	Bacon	Bacon			36	Q4167410
it	Basilico	Q134357675	label	Basilicus	Basilico			1	Q5
it	Basilico	Q27687244	label	Basilico	Basilico			2	Q4167410
it	Basilico	Q3635796	label		Basilico			1	Q482994
it	Basilico	Q37135081	label	Basilico	Basilico			1	Q101352
it	Birra	Q42937230	label	Birra	Birra			1	Q4167410
it	Brodo	Q1323142	alias	Irwin Murray Brodo	Irwin Murray Brodo			8	Q5
it	Burro	Q106245201	alias	Burrus	Burrus			1	Q777342
it	Burro	Q140651454	alias	Butiru PAT	Butiru PAT			0	Q912613
it	Burro	Q18509234	label	Burro	Burro			6	Q1134686
it	Burro	Q3647445	label	Burro	Burro			6	Q4167410
it	Burro	Q3647447	label		Burro			1	
it	Burro	Q3647448	label	Burro	Burro			3	Q11424
it	Burro	Q98882849	label	Burro	Burro			0	Q101352 Q17143070
it	Cacao	Q138880366	alias	El Carao	El Carao			0	Q72030539
it	Cacao	Q1402523	label	Cacau	Cacao			7	Q7725634
it	Cacao	Q16353716	label		Cacao			1	Q215380
it	Cacao	Q16534520	label		Cacao			1	Q482994
it	Cacao	Q257263	label	cacao	Cacao			18	Q4167410
it	Cacao	Q2932480	label	Cacao, French Guiana	Cacao			8	Q532
it	Cacao	Q37466410	label	Cacao	Cacao			0	Q101352
it	Cacao	Q87175898	label	Cacao	Cacao		Cacao	0	Q16521 Q3320037 Q47041
it	Caprino	Q100143	alias	Caprino Bergamasco	Caprino Bergamasco			52	Q747074
it	Caprino	Q18509327	label	Caprino	Caprino			5	Q486972
it	Caprino	Q21491283	label	Caprino	Caprino			1	Q101352
it	Caprino	Q223227	label	Caprino	Caprino			4	Q532
it	Caprino	Q407106	label	Caprino	Caprino			13	Q4167410
it	Caprino	Q85862741	alias		Fiume Aperto			1	Q1437299
it	Cervo	Q115040816	label	Cervo	Cervo			1	Q13410445
it	Cervo	Q131691982	label		Cervo			0	Q245117
it	Cervo	Q1616622	label	Cervo	Cervo			39	Q2276925
it	Cervo	Q18435061	label	Cervo	Cervo			4	Q486972
it	Cervo	Q18506148	label	Cervo	Cervo			4	Q486972
it	Cervo	Q2250202	label	Cervo	Cervo			10	Q4022
it	Cervo	Q268361	label	Cervo	Cervo			51	Q747074
it	Cervo	Q30024617	label	Cervo	Cervo			1	Q15303838
it	Cervo	Q3665281	label	deer in mythology	Cervo			4	Q29838690 Q4179933
it	Cervo	Q408002	label	Cervo	Cervo			26	Q4167410
it	Cervo	Q52796885	label	Cervo	Cervo			0	Q9842
it	Cipolla	Q1092707	label	Cipolla	Cipolla			9	Q4167410
it	Cipolla	Q3677419	label		Cipolla			1	Q8436
it	Cipolla	Q3677420	label		Cipolla			1	Q8436
it	Cipolla	Q36962317	label	Cipolla	Cipolla			2	Q101352
it	Farina	Q1396708	label	Farina	Farina			3	Q8436
it	Farina	Q16869896	label	Farina	Farina			5	Q101352
it	Farina	Q18453023	label	Farina	Farina			4	Q486972
it	Farina	Q2608106	label	Farina	Farina			26	Q110071217
it	Farina	Q422708	label	Farina	Farina			17	Q4167410
it	Fiori di zucca	Q16556197	label	Fiori di zucca	Fiori di zucca			2	Q11424
it	Funghi	Q107663262	label	Funghi	Funghi			0	Q101352
it	Funghi	Q764	alias	fungi			Fungi	209	Q16521 Q7239
it	Gnocchi	Q140652425	alias	Nocken PAT	Nocken PAT			0	Q2251745
it	Gnocchi	Q538640	label	Gnocchi	Gnocchi			5	Q4167410
it	Gnocchi	Q56546766	label	Gnocchi	Gnocchi			2	Q101352
it	Guanciale	Q140653221	alias	Barbina PAT	Barbina PAT			0	Q1427887
it	Guanciale	Q37292167	label	Guanciale	Guanciale			0	Q101352
it	Guanciale	Q3778173	label	Guanciale	Guanciale			1	Q4167410
it	Lamponi	Q138012783	label		Lamponi			1	Q4167410
it	Lamponi	Q16156278	label	Lamponi	Lamponi			2	Q8436
it	Lamponi	Q99909804	label	Lamponi	Lamponi			0	Q101352
it	Lardo	Q111337008	label	Lardo	Lardo			1	Q101352
it	Lardo	Q19983741	label	Lardo	Lardo			1	Q4167410
it	Latte	Q1443112	label	Latte	Latte			10	Q4167410
it	Latte	Q18428931	label	Latte	Latte			4	Q1134686
it	Latte	Q3827564	label	Latte	Latte			8	Q1134686
it	Latte	Q61945441	label	Latte	Latte			0	Q101352
it	Latte	Q6497036	label	Latte	Latte			4	Q122760330 Q183484
it	Lemongrass	Q33730009	label	Lemongrass	Lemongrass			2	Q4167410
it	Lime	Q10562006	label	Lime	Lime			2	Q482994
it	Lime	Q18439593	label	Lime	Lime			4	Q486972
it	Lime	Q352803	label	Lime	Lime			25	Q4167410
it	Lime	Q37478444	label	Lime	Lime			1	Q101352
it	Lime	Q39086685	label	Lime	Lime			13	Q129238 Q42556547 Q4830453 Q55632711
it	Lime	Q6549102	label	lime	Lime			2	Q271680 Q506883 Q7705752
it	Limone	Q125620964	label	Limone	Limone			1	Q134556
it	Limone	Q140654695	alias	Antiche varietà di pera piacentina: della Coda torta PAT	Antiche varietà di pera piacentina: della Coda torta PAT			0	Q11827455
it	Limone	Q141324630	label	Limone	Limone			1	Q100689072 Q123705
it	Limone	Q18474080	label	Limone	Limone			4	Q532
it	Limone	Q37147756	label	Limone	Limone			0	Q101352
it	Limone	Q3830028	alias	Leimon	Leimone			5	Q22988604
it	Limone	Q402897	label	Limone	Limone			19	Q4167410
it	Limone	Q85776234	label	Lemon	Limone			9	Q849425
it	Limone	Q96033484	label	Limone	Limone			1	Q134556
it	Lumache	Q140653203	alias	Vaccareddi PAT	Vaccareddi PAT			0	Q192935
it	Lumache	Q1757029	alias	Limacidae	Limacidae		Limacidae	22	Q16521
it	Mango	Q1054564	label	Mango	Mango			49	Q5
it	Mango	Q112758238	label	Mango	Mango			1	Q134556
it	Mango	Q1392195	label	Mango	Mango			19	Q515
it	Mango	Q1637528	label	Mango	Mango			21	Q188509
it	Mango	Q1992999	label	Mango	Mango			29	Q498162
it	Mango	Q20130	label	Mango	Mango			50	Q747074
it	Mango	Q204099	label	Mango	Mango			37	Q4167410
it	Mango	Q20432799	label	Mango	Mango			9	Q23442
it	Mango	Q2426245	label	Mango	Mango			3	Q28094186 Q7397
it	Mango	Q30027179	label	Mango	Mango			1	Q15303838
it	Mango	Q37268951	label	Mango	Mango			1	Q101352
it	Mango	Q3844569	label	Mango	Mango			1	Q482994
it	Mango	Q3844575	label	Mango	Mango			3	Q215380
it	Mango	Q52804783	label	Mango	Mango			0	Q126807
it	Mango	Q52808186	label	Mango	Mango			0	Q9842
it	Mango	Q78368918	label	Mango	Mango			1	Q134556
it	Mango	Q83954970	label	Mango	Mango			1	Q18127
it	Melanzana	Q116446142	label		Melanzana			1	Q4167410
it	Melanzana	Q56324355	label	eggplant	Melanzana			1	Q1075 Q3257809
it	Melanzana	Q65622099	label		Melanzana			1	Q4830453
it	Mele	Q119141732	label	Mele	Mele			1	Q5
it	Mele	Q1292654	label	Mele	Mele			15	Q4167410
it	Mele	Q16331985	label	Meles	Mele			2	Q22988604
it	Mele	Q265284	label	Mele	Mele			52	Q747074
it	Mele	Q30027419	label	Mele	Mele			1	Q15303838
it	Mele	Q37454686	label	Mele	Mele			1	Q101352
it	Menta	Q15219363	alias	Menta	stazione di Menta			4	Q55488
it	Menta	Q1546353	label	Minthe	Menta			22	Q3346693
it	Menta	Q18442784	label	Menta	Menta			4	Q486972
it	Menta	Q3854744	label	Menta	Menta			5	Q4167410
it	Miele	Q107289800	alias	Cinema Adriano	cinema Adriano			0	Q24354 Q41253
it	Miele	Q110561482	label	Miele	Miele			1	Q134556
it	Miele	Q110659172	label	Miele	Miele			1	Q134556
it	Miele	Q11682541	label	Miele	Miele			7	Q11424
it	Miele	Q178941	label	Miele	Miele			11	Q4167410
it	Miele	Q1932137	label	Miele	Miele			6	Q4022
it	Miele	Q21487951	label	Miele	Miele			1	Q101352
it	Miele	Q3857100	label		Miele			1	Q15632617
it	Miele	Q52940716	label	Miele	Miele			0	Q126807
it	Miele	Q52987626	label	Miele	Miele			0	Q126807
it	Miele	Q695230	label	Miele	Miele			32	Q15081032 Q4830453
it	Miele	Q972609	label	Sweet Tooth	Miele			9	Q7725634
it	Mostarda	Q48130647	label		Mostarda			1	Q4167410
it	Noci	Q18453243	label	Noci	Noci			4	Q486972
it	Noci	Q30028218	label	Noci	Noci			1	Q15303838
it	Noci	Q3877644	label	Noci	Noci			3	Q4167410
it	Noci	Q51836	label	Noci	Noci			46	Q747074
it	Noci	Q84155487	label	Noci	Noci			2	Q101352
it	Olive	Q15440835	alias	Edgar William Olive	Edgar William Olive			2	Q5
it	Olive	Q1621080	alias	olive	oliva			47	Q3314483
it	Olive	Q18453245	label	Olive	Olive			4	Q486972
it	Olive	Q18648740	label	Olive	Olive			4	Q11879590
it	Olive	Q2019953	label	Olive	Olive			11	Q215380
it	Olive	Q23772847	label	Olive	Olive			2	Q101352
it	Olive	Q298724	label	Olive	Olive			17	Q4167410
it	Olive	Q3350624	label	Olive	Olive			2	Q5
it	Olive	Q3708540	label	Olive	Olive			19	Q106071004 Q15127012
it	Olive	Q3881786	label	Olive	Olive			2	Q134556
it	Olive	Q65218115	label	Olive	Olive			8	Q1373429 Q506883
it	Olive	Q7087110	label	Olive	Olive			3	Q17343829
it	Origano	Q205265	alias	Origanum	Origanum		Origanum	65	Q16521
it	Pane	Q1272885	label	Pane	Pane			8	Q4167410
it	Pane	Q18429384	label	Pane	Pane			5	Q486972
it	Pane	Q2091766	alias	O Pão	Il pane			5	Q11424
it	Pane	Q23793582	label	Pane	Pane			1	Q101352
it	Pane	Q97173909	label		Pane			1	Q215380
it	Panna	Q11846406	label	Panna	Panna		Panna	8	Q16521
it	Panna	Q1529946	alias	Panna	Acqua Panna			10	Q1049049 Q124714 Q1252971 Q167270
it	Panna	Q1588594	label	Panna State	Panna			11	Q1336152 Q3024240
it	Panna	Q1660064	label	Panna	Panna			4	Q8502
it	Panna	Q18487197	label	Panna	Panna			5	Q486972
it	Panna	Q344878	label	Panna	Panna			12	Q4167410
it	Panna	Q37561912	label	Panna	Panna			0	Q101352
it	Panna	Q593695	label	Panna	Panna			28	Q515
it	Panna	Q61356258	label	Panna	Panna			3	Q11879590
it	Paprika	Q125865872	label	Paprika	Paprika			2	Q134556
it	Paprika	Q140199147	label	Paprika	Paprika			0	Q101352
it	Paprika	Q234962	label	Paprika	Paprika			25	Q4167410
it	Paprika	Q3894904	label	Paprika	Paprika			3	Q11424
it	Paprika	Q56311624	label	Paprika	Paprika			4	Q117467246
it	Paprika	Q65807959	label	Paprika	Paprika			1	Q482994
it	Paprika	Q771069	label	Paprika	Paprika			19	Q11424
it	Patate	Q21831172	label	Patate	Patate			2	Q4167410
it	Pepe	Q124335541	label	Pepe	Pepe			12	Q11424
it	Pepe	Q12504802	label	Pepe	Pepe			4	Q26211545
it	Pepe	Q12737772	label	Pepe	Pepe			1	Q5
it	Pepe	Q13096366	label	Pepe	Pepe			5	Q26211545
it	Pepe	Q18402148	label	Pepe	Pepe			6	Q1130279 Q12308941
it	Pepe	Q18435577	label	Pepe	Pepe			4	Q486972
it	Pepe	Q224433	label	Pepe	Pepe			34	Q4167410
it	Pepe	Q22907699	label	pepper	Pepe			4	Q494756
it	Pepe	Q2562884	label	Pepe	Pepe			16	Q11424
it	Pepe	Q26266099	alias	Pepé	Pepé			3	Q5
it	Pepe	Q28946894	label	Pepe	Pepe			1	Q101352
it	Pepe	Q3898708	alias	Pedro Rizzetti	Pedro Rizzetti			3	Q5
it	Pepe	Q485697	label	Pepe	Pepe			76	Q5
it	Peperoncino	Q1257814	alias	Tripterygiidae	Tripterygiidae		Tripterygiidae	28	Q16521
it	Peperoni	Q10623529	label	Peperoni	Peperoni			2	Q4167410
it	Peperoni	Q132540428	label		Peperoni			0	Q101352
it	Pernice	Q18468583	label	Pernice	Pernice			4	Q486972
it	Pernice	Q2071560	label	Pernice	Pernice			8	Q4167410
it	Pesce	Q18436220	label	Pesce	Pesce			4	Q486972
it	Pesce	Q18503511	label	Pesce	Pesce			4	Q486972
it	Pesce	Q27942929	label	Pesce	Pesce			1	Q101352
it	Pesce	Q3900693	label	Pesce 'ndrina	Pesce			2	Q3596224
it	Pesce	Q402074	label	Pesce	Pesce			11	Q4167410
it	Pesto	Q130374399	label	Pesto	Pesto			8	Q26401003
it	Pesto	Q13583095	label	Pesto	Pesto			3	Q169930
it	Pesto	Q16896941	alias	Paestum	Paestum			2	Q1134686
it	Pesto	Q3900763	label	Pesto	Pesto			1	Q482994
it	Pesto	Q47539442	label	Pesto	Pesto			1	Q134556
it	Pesto	Q7171509	label	Pesto	Pesto			6	Q4167410
it	Pimentón de la Vera	Q250271	label	Pimentón de la Vera	Pimentón de la Vera			5	Q3127593 Q42527
it	Piselli	Q37515326	label	Piselli	Piselli			0	Q101352
it	Pistacchi	Q105488406	label	Pistacchi	Pistacchi			0	Q101352
it	Polenta	Q140652363	alias	Plentn PAT	Plentn PAT			0	Q11827455
it	Polenta	Q18440193	label	Polenta	Polenta			6	Q1134686
it	Polenta	Q371813	label	Polenta	Polenta			8	Q4167410
it	Polenta	Q7209307	label	Polenta	Polenta		Polenta	5	Q16521
it	Polenta	Q99911066	label	Polenta	Polenta			1	Q101352
it	Pomodoro	Q106848486	label	Pomodoro	Pomodoro			1	Q101352
it	Pomodoro	Q1484753	label	Pomodoro	Pomodoro			5	Q4167410
it	Pomodoro	Q231156	alias	Mina	Mina			47	Q5
it	Pomodoro	Q23501	alias	tomato	Solanum lycopersicum		Solanum lycopersicum	208	Q16521 Q188840 Q31839438
it	Rafano	Q140652355	alias	Kren PAT	Kren PAT			0	Q11827455
it	Rafano	Q3928984	label	Rafano	Rafano			1	Q4167410
it	Rane	Q11890024	label	Rane	Rane			2	Q3409032
it	Rane	Q15841726	label	Rane	Rane			4	Q4167410
it	Rane	Q7292532	label	Rane	Rane			1	Q215380
it	Rane	Q7292533	label	Rane	Rane			1	Q101352
it	Rane	Q815376	alias	The Frogs	Le rane			39	Q116476516
it	Ricotta	Q37278499	label	Ricotta	Ricotta			0	Q101352
it	Ricotta	Q3935152	label	Ricotta	Ricotta			1	Q15632617 Q3658341
it	Ricotta	Q839019	alias	Curd Cheese	La ricotta			7	Q11424
it	Riso	Q10053408	label	Riso	Riso			1	Q5
it	Riso	Q113298320	alias	Sir2	Sir2			0	Q5
it	Riso	Q1210580	label	Riso	Riso			6	Q4167410
it	Riso	Q140651503	alias	Riso e carciofi alla tranese PAT	Riso e carciofi alla tranese PAT			0	Q746549
it	Riso	Q140655186	alias	Riso con la tritura o tradura PAT	Riso con la tritura o tradura PAT			0	Q2251745
it	Riso	Q18469269	label	Riso	Riso			5	Q486972
it	Riso	Q37513726	label	Riso	Riso			1	Q101352
it	Riso	Q3937023	label	Riso river	Riso			2	Q355304
it	Riso	Q52856141	label	Riso	Riso			0	Q9842
it	Rosmarino	Q102240169	alias	Salvia rosmarinus	Salvia rosmarinus		Salvia rosmarinus	115	Q11992872 Q16521 Q42295
it	Rosmarino	Q1865680	alias	Rosmarinus	Rosmarinus		Rosmarinus	1	Q16521
it	Rosmarino	Q3941546	label	Rosmarino	Rosmarino			2	Q4022
it	Sale	Q1022733	label	Sale	Sale			31	Q3957 Q7897276
it	Sale	Q1026976	label	Sale	Sale			32	Q45242174 Q515
it	Sale	Q1027921	label	Sali	Sale			24	Q57058
it	Sale	Q11892046	label	Sale	Sale			5	Q18043413 Q2024419 Q4830453
it	Sale	Q16599605	label	Sale	Sale			1	Q482994
it	Sale	Q17660	label	Sale	Sale			53	Q747074
it	Sale	Q18444765	label	Sale	Sale			4	Q1134686
it	Sale	Q18505496	label	Sale	Sale			4	Q486972
it	Sale	Q30029706	label	Sale	Sale			1	Q15303838
it	Sale	Q33616444	label	Sale	Sale			0	Q11879590
it	Sale	Q3945397	label	Sale	Sale			1	Q134556
it	Sale	Q3945398	label	Sale	Sale			1	Q134556
it	Sale	Q6495050	label	Sale	Sale			33	Q4167410
it	Sale	Q70589047	label	Sale	Sale			1	Q134556
it	Sale	Q7192965	label	Sale	Sale			5	Q18691601
it	Sale	Q97371713	label		Sale			1	
it	Salmone	Q527290	label	Salmone	Salmone			4	Q4167410
it	Santoreggia	Q22858	alias	Satureja	Satureja		Satureja	60	Q16521
it	Spaghetti	Q3965855	label	Spaghetti	Spaghetti			1	Q18127
it	Spaghetti	Q398796	label	Spaghetti	Spaghetti			7	Q4167410
it	Spinaci	Q110163476	label	Spinaci	Spinaci			1	Q101352
it	Spinaci	Q18427505	label	Spinaci	Spinaci			3	Q4167410
it	Spinaci	Q18427556	label	Spinaci	Spinaci			4	Q486972
it	Spinaci	Q18428564	label	Spinaci	Spinaci			4	Q486972
it	Spinaci	Q81464	alias	Spinacia oleracea	Spinacia oleracea		Spinacia oleracea	138	Q11992872 Q138848994 Q16521 Q190903 Q192691
it	Taleggio	Q101641	label	Taleggio	Taleggio			48	Q747074
it	Taleggio	Q1214884	label	Taleggio	Taleggio			10	Q4167410
it	Taleggio	Q30030999	label	Taleggio	Taleggio			1	Q15303838
it	Trota	Q1900580	label	Trout	Trota			7	Q4167410
it	Uova	Q118287629	label	Eggs	Uova			0	Q3305213
it	Uova	Q232663	alias	egg	Uovo			22	Q4167410
it	Zenzero	Q35625	alias	ginger	Zingiber officinale		Zingiber officinale	166	Q11992872 Q163563 Q16521
it	Zucchero	Q10420134	label	Zucchero	Zucchero			2	Q482994
it	Zucchero	Q125948	alias	Zucchero	Zucchero Fornaciari			46	Q5
it	Zucchero	Q14744853	label	Sugar	Zucchero			0	Q21191270
it	Zucchero	Q21042271	alias	Zucchero/Nostalgia	Zucchero/Nostalgia			1	Q134556
it	Zucchero	Q3227440	label	Le sucre	Zucchero			6	Q11424
it	Zucchero	Q37007555	label	Zucchero	Zucchero			0	Q101352
it	Zucchero	Q4024902	label	Zucchero	Zucchero			3	Q4167410
it	aceto	Q41354	label	vinegar	aceto			123	Q119720106 Q2596997 Q906356
it	aglio	Q21546392	label	garlic	aglio			12	Q11004 Q188748 Q25403900 Q42527 Q735160 Q95997873
it	aglio	Q23400	label	Allium sativum	aglio		Allium sativum	188	Q11004 Q11992872 Q16521 Q188840
it	aglio nero	Q2827931	label	black garlic	aglio nero			29	Q21546392 Q746549
it	alloro	Q131905301	label		alloro			1	Q4167410
it	alloro	Q2370943	label	bay leaf	alloro			40	Q33971 Q42527
it	alloro	Q26006	alias	Laurus nobilis	Laurus nobilis		Laurus nobilis	86	Q11992872 Q16521
it	alloro	Q55741167	label		alloro			0	Q811534
it	alloro	Q55742773	label		alloro			0	Q811534
it	alloro	Q788037	label	laurel	alloro			3	Q56875841
it	bacon	Q11106	label	bacon	bacon			82	Q10990 Q191768 Q81621610
it	basilico	Q38859	alias	basil	Ocimum basilicum		Ocimum basilicum	122	Q11992872 Q16521 Q192691 Q207123 Q9323487
it	basilico	Q65522654	alias	basil	foglie di basilico			0	Q2247340 Q33971 Q42527
it	birra	Q44	label	beer	birra			232	Q134703426 Q154 Q317088 Q6744639
it	brioche	Q16533773	alias	brioscia	brioscia			3	Q182940 Q917574
it	brioche	Q917574	label	brioche	brioche			47	Q1401891 Q21595102 Q21596812 Q720398
it	brodo	Q275068	label	broth	brodo			63	Q11435 Q19861951 Q2095
it	burro	Q34172	label	butter	burro	00001023		164	Q1727434 Q185217 Q26869352 Q26882158
it	cacao	Q1062396	alias	cocoa powder	cacao in polvere			43	Q2095 Q25403900 Q56274178
it	cacao	Q162078	alias	Theobroma	Theobroma		Theobroma	36	Q16521
it	caprino	Q3183966	label	Caprino cheese	caprino			4	Q17315191
it	caviale	Q186385	label	caviar	caviale			77	Q12366140 Q18679149
it	cavolo rosso	Q263203	label	red cabbage	cavolo rosso			43	Q11992872 Q138848994 Q14328596 Q16521
it	cervo	Q29838690	alias	deer	cervide			4	Q25329 Q55983715
it	cervo	Q64435043	label	deer	cervo			0	Q1229071 Q60198660
it	cervo	Q685795	label	deer	cervo			6	Q1424805 Q56877494
it	cipolla	Q23485	label	onion	cipolla		Allium cepa	199	Q11992872 Q16521
it	cipolla	Q3406628	label	onion	cipolla			16	Q11004 Q188748
it	cipolla	Q3677417	label	onion	cipolla			3	Q3902068
it	cipolla	Q849813	alias	pocket watch	orologio da tasca			44	Q1532758 Q178794
it	cipollotto	Q27938	alias	Welsh onion	cipolla d'inverno	00003172	Allium fistulosum	65	Q11992872 Q138848994 Q157957 Q16521 Q3406628
it	cipollotto	Q774278	label	scallion	cipollotto			43	Q11004 Q5368822 Q55983715
it	erba cipollina	Q51148	alias	Allium schoenoprasum	Allium schoenoprasum		Allium schoenoprasum	90	Q11992872 Q16521
it	farina	Q3505415	label	farina	farina			13	Q1436715 Q186817
it	farina	Q36465	label	flour	farina			151	Q25403900 Q2908004 Q736427 Q7493597
it	fiocchi d'avena	Q1208221	label	rolled oats	fiocchi d'avena			33	Q109037830 Q2089240 Q2095
it	formaggio grattugiato	Q3088336	label	grated cheese	formaggio grattugiato			11	Q10943 Q63442080
it	frutti di bosco	Q140655190	alias	Marmellata di mirtilli PAT	Marmellata di mirtilli PAT			0	Q2251745
it	frutti di bosco	Q16128920	label	berry	frutti di bosco			56	Q2095 Q3314483
it	funghi	Q140654738	alias	Patate e funghi PAT	Patate e funghi PAT			0	Q746549
it	gnocchi	Q1854639	label	dumpling	gnocchi			34	Q16266745
it	gnocchi	Q20063	alias	gnocchi	gnocchi italiani			53	Q178 Q1854639
it	guanciale	Q140651430	alias	Pancetta stesa PAT	Pancetta stesa PAT			0	Q1427887
it	guanciale	Q194632	label	guanciale	guanciale			31	Q3194888 Q81621610
it	lamponi	Q140655190	alias	Marmellata di mirtilli PAT	Marmellata di mirtilli PAT			0	Q2251745
it	lardo	Q140651430	alias	Pancetta stesa PAT	Pancetta stesa PAT			0	Q1427887
it	lardo	Q5437342	alias	fatback	grasso di maiale			19	Q127980 Q15850295 Q746549
it	lardo	Q694642	label	lardo	lardo			23	Q11106 Q72827
it	latte	Q11735160	label	Chapel of Transfiguration of Jesus in Krościenko nad Dunajcem	latte			2	Q108325
it	latte	Q8495	label	milk	latte			255	Q1058795 Q112826905 Q112826975 Q115435123 Q12334861 Q187634 Q2095 Q25403900 Q2647467
it	latte di soia	Q192199	label	soy milk	latte di soia			61	Q2640574 Q2647467 Q28836677 Q317088
it	lime	Q13195	alias	lime	limetta			74	Q1429336 Q2574750 Q3314483 Q502895
it	lime	Q165354	alias	Citrus × aurantiifolia	Citrus × aurantiifolia		Citrus ×aurantifolia	66	Q11992872 Q16521
it	lime	Q906936	label	lime	lime			35	Q1075 Q21864306 Q3133 Q56053097
it	limone	Q1093742	label	lemon	limone			35	Q13184 Q1429336 Q2574750 Q3314483
it	limone	Q2720565	label	lemon	limone			15	Q1075 Q943
it	limone	Q500	alias	Citrus × limon	Citrus × limon		Citrus × limon	186	Q11992872 Q16521 Q42621
it	lumache	Q19385369	alias	pipe rigate	pipe			8	Q178 Q2625877
it	maggiorana	Q22694	alias	marjoram	Origanum majorana		Origanum majorana	92	Q11992872 Q16521
it	maggiorana	Q96181239	label	marjoram	maggiorana			0	Q207123 Q735160 Q95997873
it	mango	Q136503	label	Mango	mango			32	Q4830453 Q726870 Q76213285
it	mango	Q169	label	mango	mango			148	Q140646522 Q14712 Q3314483 Q844144
it	mango	Q3919027	label	Mangifera indica	mango		Mangifera indica	89	Q16521 Q904653
it	melanzana	Q12533094	label	eggplant	melanzana			8	Q140358161 Q140646522 Q1470762
it	melanzana	Q1403218	alias	eggplant	viola melanzana			12	Q1075 Q3257809
it	melanzana	Q55267268	alias	🍆	🍆			13	Q1049294 Q29654788
it	melanzana	Q7540	label		melanzana		Solanum melongena	171	Q1086824 Q11992872 Q157957 Q16521 Q192691 Q21028485
it	mele	Q131430565	label		mele			0	Q3305213
it	mele	Q140655190	alias	Marmellata di mirtilli PAT	Marmellata di mirtilli PAT			0	Q2251745
it	menta	Q140655190	alias	Marmellata di mirtilli PAT	Marmellata di mirtilli PAT			0	Q2251745
it	menta	Q6817375	label	Menta	menta			1	Q1883967
it	miele	Q10987	label	honey	miele			220	Q1783121 Q19388114 Q211439 Q25403900 Q5159627 Q6584340 Q7493597
it	mostarda	Q1169566	alias	mustard	senape			12	Q1075 Q376431 Q943
it	mostarda	Q140652183	alias	Marmellata di mosto e mele PAT	Marmellata di mosto e mele PAT			0	Q11827455
it	mostarda	Q1653093	label	Mostarda	mostarda			16	Q2596997 Q74048276
it	noci	Q3320037	alias	nut	frutta secca			21	Q2095 Q25403900 Q3314483
it	olio d'oliva	Q93165	alias	olive oil	olio di oliva			109	Q427457 Q4739805 Q7048902 Q7445643
it	olio di semi	Q7445643	label	seed oil	olio di semi			4	Q4739805
it	origano	Q134283	alias	Origanum vulgare	Origanum vulgare		Origanum vulgare	103	Q11992872 Q16521 Q2247340
it	origano	Q92581152	label	oregano	origano			4	Q42527 Q95997873
it	pane	Q140651895	alias	Farro dicocco del Sannio PAT	Farro dicocco del Sannio PAT			0	Q11827455
it	pane	Q7802	label	bread	pane	03000288		256	Q19861951 Q2251745 Q736427
it	panna	Q13228	label	cream	panna			105	Q185217
it	paprika	Q3127593	alias	paprika	paprica			58	Q25403900 Q42527 Q56274178
it	pectina	Q188154	label	pectin	pectina			59	Q134219 Q47154513
it	pepe	Q3143131	label	peppercorn	pepe			39	Q1364 Q25403900 Q42527
it	peperoncino	Q1072946	alias	chili powder	peperoncino in polvere			25	Q2095 Q42527 Q56274178
it	peperoncino	Q165199	label	chili pepper	peperoncino			125	Q1364 Q25403900 Q2596997 Q42527 Q55983715
it	peperoni	Q140651440	alias	Cipolle PAT	Cipolle PAT			0	Q11827455
it	pernice	Q3900020	label	partridge	pernice			3	Q18408740
it	pernice	Q732775	label	partridge	pernice			42	Q16521 Q178559 Q26375 Q55983715
it	pesce	Q1419683	label	fish	pesce			5	Q1424805 Q350945
it	pesce	Q152	label	fish	pesce		Pisces	272	Q1230015 Q1756633 Q2612572 Q55983715 Q58051350
it	pesce	Q600396	label	fish as food	pesce			54	Q124816391 Q192935 Q767036
it	pesto	Q114645430	label	pesto sauce	pesto			2	
it	pesto	Q9896	alias	pesto	pesto alla genovese			72	Q134999560
it	polenta	Q119819391	label	kulesha	polenta			1	Q746549
it	pomodoro	Q140651413	alias	Imbalsadura PAT	Imbalsadura PAT			0	Q746549
it	pomodoro	Q20638126	label	tomato	pomodoro	03301453		18	Q11004 Q13184 Q1470762 Q25403900 Q3314483
it	rafano	Q159587	alias	Raphanus sativus subsp. niger	Raphanus sativus subsp. niger var. niger		Raphanus sativus var. niger	15	Q11992872 Q16521
it	rafano	Q165507	alias	Raphanus	Raphanus		Raphanus	45	Q16521
it	rafano	Q2964630	label	horseradish root	rafano			2	Q11004 Q20136 Q27494305 Q27494555
it	ricotta	Q216781	label	ricotta	ricotta	03302908		60	Q17315191 Q1943539
it	ricotta	Q216781	label	ricotta	ricotta	03542738		60	Q17315191 Q1943539
it	riso	Q161426	alias	Oryza molida	Oryza sativa		Oryza sativa	90	Q11992872 Q16521
it	riso	Q170579	label	laughter	riso			132	Q124957980 Q327968 Q97234227
it	riso	Q5090	label	rice	riso			229	Q12117 Q25403900 Q506139 Q736427 Q7493597
it	rosmarino	Q68315046	label	rosemary	rosmarino			1	Q207123 Q25403900 Q42527
it	sale	Q11254	alias	table salt	sale da cucina			201	Q10675206 Q169336 Q25403900 Q42527 Q6509670
it	sale	Q12370	label	salt	sale			121	Q12037703 Q2366155 Q47154513
it	sale	Q140652161	alias	Live curate PAT	Live curate PAT			0	Q11827455
it	sale	Q2314	alias	sodium chloride	cloruro di sodio			84	Q113145171 Q1508568 Q44791900
it	salmone	Q2015138	label	salmon	salmone			25	Q137796868 Q376346 Q39338 Q429220
it	salmone	Q2796766	label	salmon	salmone			66	Q152 Q192935 Q55983715 Q600396 Q951964
it	salmone	Q3945674	label	salmon	salmone			2	Q350945
it	salmone	Q7405484	label	salmon as food	salmone			10	Q10990 Q124810263
it	salsiccia	Q7221222	label	Italian sausage	salsiccia			21	Q2095 Q81529568
it	santoreggia	Q140655180	alias	Miele d'Abruzzo PAT	Miele d'Abruzzo PAT			0	Q629103
it	santoreggia	Q19787919	label	savory	santoreggia			1	Q207123
it	scalogno	Q193498	alias	Allium ascalonicum	Allium ascalonicum		Allium ascalonicum	73	Q11992872 Q16521
it	scalogno	Q67206407	label	shallot	scalogno			1	Q11004 Q188748 Q42527
it	sedano rapa	Q28298	alias	Apium graveolens	Apium graveolens		Apium graveolens	80	Q11992872 Q157957 Q16521 Q207123
it	sedano rapa	Q575174	label	celeriac	sedano rapa		Apium graveolens var. rapaceum	29	Q11992872 Q16521
it	semi di senape	Q1937700	alias	mustard seed	seme di senape			21	Q25403900 Q40763 Q42527
it	spaghetti	Q140655192	alias	Pasta di Antrodoco PAT	Pasta di Antrodoco PAT			0	Q2251745
it	spaghetti	Q20026	label	spaghetti	spaghetti			94	Q192874 Q2625877 Q27555297
it	spinaci	Q36814998	label	spinach	spinaci			1	Q11004 Q20134 Q207123 Q33971
it	trota	Q2258881	label	trout	trota			77	Q1409242 Q192935 Q55983715 Q600396
it	trota	Q3999761	label	trout	trota			2	Q1419683
it	uova	Q93189	alias	egg as food	uovo	00001274		113	Q207961 Q2095 Q25403900 Q4764984
it	vino bianco	Q10210	label	white wine	vino bianco			57	Q282 Q8024923
it	zenzero	Q15046077	label	ginger	zenzero			18	Q184208 Q20136 Q2095 Q25403900 Q42527
