qid	root
L1369402-S1	Q2095
Q10000271	Q2095
Q1000176	Q2095
Q1000959	Q2095
Q100107506	Q2095
Q100144799	Q2095
Q100147873	Q2095
Q100147873	Q40050
Q100156149	Q2095
Q1002439	Q2095
Q100249834	Q2095
Q100255577	Q2095
Q100255672	Q2095
Q100258377	Q2095
Q100260474	Q2095
Q100261698	Q2095
Q100268930	Q2095
Q100276703	Q2095
Q100276875	Q2095
Q100280511	Q2095
Q100285178	Q2095
Q100285281	Q2095
Q100285595	Q2095
Q1002865	Q2095
Q100287557	Q2095
Q100288343	Q2095
Q100288344	Q2095
Q100289852	Q2095
Q100290176	Q2095
Q100305621	Q2095
Q100305861	Q2095
Q100319321	Q2095
Q100319680	Q2095
Q100320371	Q2095
Q100320957	Q2095
Q100320957	Q40050
Q100323254	Q2095
Q100323634	Q2095
Q100353572	Q2095
Q100362150	Q2095
Q10036993	Q2095
Q10036993	Q40050
Q1004122	Q2095
Q1004193	Q2095
Q1004193	Q40050
Q100507578	Q2095
Q100507813	Q2095
Q100529246	Q2095
Q100533643	Q2095
Q100606305	Q2095
Q1006089	Q2095
Q1006977	Q2095
Q100701181	Q2095
Q100708675	Q2095
Q1007164	Q2095
Q1007164	Q40050
Q100724766	Q2095
Q100724766	Q40050
Q100737846	Q2095
Q100874710	Q2095
Q100892499	Q2095
Q100927397	Q2095
Q100936573	Q2095
Q100979996	Q2095
Q100980061	Q2095
Q100989033	Q2095
Q101002015	Q2095
Q101002773	Q2095
Q101002773	Q40050
Q101020313	Q2095
Q101028555	Q2095
Q101029041	Q2095
Q101064564	Q2095
Q101084341	Q2095
Q101092304	Q2095
Q101111211	Q2095
Q101111211	Q40050
Q101122441	Q2095
Q101198711	Q2095
Q101208157	Q2095
Q101209906	Q2095
Q1012556	Q2095
Q101432536	Q2095
Q1014773	Q2095
Q1014773	Q40050
Q1014883	Q2095
Q1015153	Q2095
Q1016080	Q2095
Q101611276	Q2095
Q101643769	Q2095
Q1017266	Q2095
Q1017481	Q2095
Q1018075	Q2095
Q1018081	Q2095
Q1018095	Q2095
Q1018113	Q2095
Q1018117	Q2095
Q101812515	Q2095
Q1018138	Q2095
Q101815	Q2095
Q1019164	Q2095
Q1019265	Q2095
Q1019265	Q40050
Q1019273	Q2095
Q1019358	Q2095
Q1019358	Q40050
Q1019775	Q2095
Q1020809	Q2095
Q10210	Q2095
Q10210	Q40050
Q102121344	Q2095
Q1021348	Q2095
Q102151318	Q2095
Q102158239	Q2095
Q10216	Q2095
Q10216	Q40050
Q102163551	Q2095
Q102164041	Q2095
Q102172477	Q2095
Q102172629	Q2095
Q102172641	Q2095
Q102172688	Q2095
Q102172718	Q2095
Q102173082	Q2095
Q102173104	Q2095
Q102173115	Q2095
Q102173245	Q2095
Q102173277	Q2095
Q102173316	Q2095
Q102182275	Q2095
Q102184643	Q2095
Q102186245	Q2095
Q102186245	Q40050
Q102190284	Q2095
Q10220	Q2095
Q102214461	Q2095
Q102229488	Q2095
Q10223	Q2095
Q10223	Q40050
Q1022438	Q2095
Q1022438	Q40050
Q102256899	Q2095
Q10227	Q2095
Q10227	Q40050
Q102297762	Q2095
Q102317367	Q2095
Q102317893	Q2095
Q102330562	Q2095
Q102331909	Q2095
Q102352081	Q2095
Q102352782	Q2095
Q102354256	Q2095
Q102354615	Q2095
Q102404539	Q2095
Q102417677	Q2095
Q102424252	Q2095
Q102428795	Q2095
Q102441086	Q2095
Q1024766	Q2095
Q1024912	Q2095
Q1025010	Q2095
Q1025147	Q2095
Q1025147	Q40050
Q1025407	Q2095
Q1025528	Q2095
Q1025528	Q40050
Q1025544	Q2095
Q1025544	Q40050
Q1025792	Q2095
Q1025792	Q40050
Q10261324	Q2095
Q10261845	Q2095
Q10262382	Q2095
Q1026245	Q2095
Q10262550	Q2095
Q10263838	Q2095
Q10263838	Q40050
Q1026488	Q2095
Q10267770	Q2095
Q10267772	Q2095
Q10267774	Q2095
Q10267967	Q2095
Q1026822	Q2095
Q10268334	Q2095
Q10268334	Q40050
Q10268547	Q2095
Q1026857	Q2095
Q10268731	Q2095
Q10268835	Q2095
Q1027031	Q2095
Q10271001	Q2095
Q10271025	Q2095
Q10271107	Q2095
Q10271976	Q2095
Q10272475	Q2095
Q10272677	Q2095
Q10273041	Q2095
Q10273175	Q2095
Q10274705	Q2095
Q10274752	Q2095
Q10280066	Q2095
Q10280066	Q40050
Q10280099	Q2095
Q10280224	Q2095
Q10280817	Q2095
Q102819468	Q2095
Q10282138	Q2095
Q10282399	Q2095
Q10283147	Q2095
Q1028537	Q2095
Q10285509	Q2095
Q10285511	Q2095
Q10285512	Q2095
Q10286139	Q2095
Q10286140	Q2095
Q10286142	Q2095
Q10286536	Q2095
Q10286658	Q2095
Q1028754	Q2095
Q102879568	Q2095
Q10288102	Q2095
Q10288426	Q2095
Q10288426	Q40050
Q102887302	Q2095
Q10289216	Q2095
Q102895770	Q2095
Q10289673	Q2095
Q1029030	Q2095
Q1029030	Q40050
Q10292442	Q2095
Q10292442	Q40050
Q10292445	Q2095
Q10292445	Q40050
Q10296510	Q2095
Q10297008	Q2095
Q10297008	Q40050
Q10297320	Q2095
Q10298718	Q2095
Q10299724	Q2095
Q10299724	Q40050
Q10303205	Q2095
Q10303471	Q2095
Q10305048	Q2095
Q10305048	Q40050
Q10306947	Q2095
Q10307611	Q2095
Q1031291	Q2095
Q10313095	Q2095
Q10313095	Q40050
Q10313790	Q2095
Q10314235	Q2095
Q1031545	Q2095
Q1031545	Q40050
Q10317099	Q2095
Q10317099	Q40050
Q10317113	Q2095
Q10317115	Q2095
Q1031787	Q2095
Q10317980	Q2095
Q10317980	Q40050
Q10318413	Q2095
Q10318413	Q40050
Q10318632	Q2095
Q103190054	Q2095
Q103190903	Q2095
Q10319603	Q2095
Q103198254	Q2095
Q103205838	Q2095
Q1032091	Q2095
Q1032091	Q40050
Q1032101	Q2095
Q10323517	Q2095
Q10323573	Q2095
Q10324909	Q2095
Q10324909	Q40050
Q10325664	Q2095
Q10326489	Q2095
Q10326759	Q2095
Q10327477	Q2095
Q10327477	Q40050
Q10327501	Q2095
Q10327890	Q2095
Q1032804	Q2095
Q1032804	Q40050
Q1032806	Q2095
Q10328276	Q2095
Q10328349	Q2095
Q10330254	Q2095
Q10330254	Q40050
Q10330455	Q2095
Q10330455	Q40050
Q10331615	Q2095
Q10332079	Q2095
Q10332531	Q2095
Q10332768	Q2095
Q10333009	Q2095
Q10333224	Q2095
Q1033379	Q2095
Q103348799	Q2095
Q103348799	Q40050
Q103349186	Q2095
Q103349186	Q40050
Q103349965	Q2095
Q103349965	Q40050
Q103350505	Q2095
Q103350505	Q40050
Q103351397	Q2095
Q103351397	Q40050
Q103351936	Q2095
Q103351936	Q40050
Q103352549	Q2095
Q103352549	Q40050
Q10335981	Q2095
Q10336379	Q2095
Q10336379	Q40050
Q10337004	Q2095
Q10337004	Q40050
Q1033856	Q2095
Q1034035	Q2095
Q1034035	Q40050
Q10340754	Q2095
Q10340754	Q40050
Q103409718	Q2095
Q1034132	Q2095
Q1034132	Q40050
Q10341571	Q2095
Q10341571	Q40050
Q10342301	Q2095
Q10344103	Q2095
Q10344121	Q2095
Q10345683	Q2095
Q10345989	Q2095
Q10345990	Q2095
Q10346967	Q2095
Q10347939	Q2095
Q10347966	Q2095
Q1034806	Q2095
Q1034869	Q2095
Q10348868	Q2095
Q10350065	Q2095
Q10350144	Q2095
Q10350703	Q2095
Q1035257	Q2095
Q1035257	Q40050
Q1035290	Q2095
Q10353556	Q2095
Q1035359	Q2095
Q10353695	Q2095
Q10355404	Q2095
Q10355424	Q2095
Q103554747	Q2095
Q10355655	Q2095
Q10355676	Q2095
Q10355676	Q40050
Q10355678	Q2095
Q10356075	Q2095
Q10356078	Q2095
Q10356080	Q2095
Q10356081	Q2095
Q10356086	Q2095
Q10356233	Q2095
Q10356484	Q2095
Q103626887	Q2095
Q10364123	Q2095
Q10364125	Q2095
Q10364735	Q2095
Q10365057	Q2095
Q10366795	Q2095
Q10367013	Q2095
Q1036741	Q2095
Q10368446	Q2095
Q1037015	Q2095
Q10370549	Q2095
Q10372000	Q2095
Q10373410	Q2095
Q10373413	Q2095
Q10373415	Q2095
Q10373448	Q2095
Q10374398	Q2095
Q10374646	Q2095
Q10374646	Q40050
Q10374737	Q2095
Q10374737	Q40050
Q103765549	Q2095
Q103771696	Q2095
Q103772657	Q2095
Q10377857	Q2095
Q103780435	Q2095
Q1037853	Q2095
Q10378739	Q2095
Q10378739	Q40050
Q1037878	Q2095
Q1037909	Q2095
Q10379423	Q2095
Q103795986	Q2095
Q10379618	Q2095
Q10379641	Q2095
Q10379668	Q2095
Q103813191	Q2095
Q103813303	Q2095
Q103813342	Q2095
Q103821214	Q2095
Q103822076	Q2095
Q10382382	Q2095
Q103839692	Q2095
Q103839817	Q2095
Q103840637	Q2095
Q1038537	Q2095
Q10387497	Q2095
Q10387497	Q40050
Q10388615	Q2095
Q1039131	Q2095
Q1039131	Q40050
Q10391585	Q2095
Q10391585	Q40050
Q103921799	Q2095
Q10392333	Q2095
Q10394373	Q2095
Q10394386	Q2095
Q10395380	Q2095
Q10396845	Q2095
Q10397408	Q2095
Q10397410	Q2095
Q10398	Q2095
Q103990306	Q2095
Q103996504	Q2095
Q103996504	Q40050
Q10400494	Q2095
Q104005575	Q2095
Q104005627	Q2095
Q104005627	Q40050
Q104007010	Q2095
Q104030701	Q2095
Q104030701	Q40050
Q104030862	Q2095
Q10403418	Q2095
Q104037539	Q2095
Q10403757	Q2095
Q10403913	Q2095
Q10403954	Q2095
Q104042504	Q2095
Q10404309	Q2095
Q104043548	Q2095
Q10405003	Q2095
Q10405195	Q2095
Q104052947	Q2095
Q10405645	Q2095
Q10405688	Q2095
Q1040612	Q2095
Q10406277	Q2095
Q10407363	Q2095
Q104093372	Q2095
Q1040946	Q2095
Q104094896	Q2095
Q104095322	Q2095
Q104099924	Q2095
Q104104333	Q2095
Q104109439	Q2095
Q104109792	Q2095
Q10411945	Q2095
Q104119677	Q2095
Q104121908	Q2095
Q1041222	Q2095
Q104122554	Q2095
Q104125992	Q2095
Q104126379	Q2095
Q104126379	Q40050
Q10413274	Q2095
Q10414189	Q2095
Q104155840	Q2095
Q104155840	Q40050
Q104158392	Q2095
Q104173677	Q2095
Q104176416	Q2095
Q104176997	Q2095
Q104176997	Q40050
Q104177921	Q2095
Q104178995	Q2095
Q104178995	Q40050
Q10418356	Q2095
Q10418358	Q2095
Q10418358	Q40050
Q104184382	Q2095
Q104184382	Q40050
Q104186172	Q2095
Q104188376	Q2095
Q10421134	Q2095
Q104212	Q2095
Q104219130	Q2095
Q104219801	Q2095
Q104221550	Q2095
Q104223904	Q2095
Q104224051	Q2095
Q104224564	Q2095
Q104224564	Q40050
Q104224852	Q2095
Q10422763	Q2095
Q10422763	Q40050
Q104230857	Q2095
Q10423500	Q2095
Q10423500	Q40050
Q104243574	Q2095
Q104243574	Q40050
Q10424492	Q2095
Q104246028	Q2095
Q104250633	Q2095
Q104251400	Q2095
Q104251612	Q2095
Q104252380	Q2095
Q10425488	Q2095
Q10425800	Q2095
Q10426	Q2095
Q10426599	Q2095
Q10426599	Q40050
Q1042811	Q2095
Q1042811	Q40050
Q1042920	Q2095
Q10429442	Q2095
Q10429947	Q2095
Q10430345	Q2095
Q10430345	Q40050
Q10430528	Q2095
Q10431545	Q2095
Q10431545	Q40050
Q10431700	Q2095
Q10434632	Q2095
Q10434670	Q2095
Q10434670	Q40050
Q10434926	Q2095
Q10434926	Q40050
Q10435041	Q2095
Q10435544	Q2095
Q10435636	Q2095
Q10436371	Q2095
Q10436573	Q2095
Q10436573	Q40050
Q10437104	Q2095
Q10437228	Q2095
Q104376802	Q2095
Q10437688	Q2095
Q10437688	Q40050
Q10438086	Q2095
Q104381638	Q2095
Q104383034	Q2095
Q104383910	Q2095
Q104383910	Q40050
Q10438534	Q2095
Q10438534	Q40050
Q1043890	Q2095
Q104398542	Q2095
Q10440715	Q2095
Q1044101	Q2095
Q104413265	Q2095
Q104413481	Q2095
Q104413768	Q2095
Q104414378	Q2095
Q10441446	Q2095
Q10441446	Q40050
Q104414613	Q2095
Q104414613	Q40050
Q104420412	Q2095
Q1044207	Q2095
Q1044246	Q2095
Q104438341	Q2095
Q10444683	Q2095
Q10444839	Q2095
Q104478823	Q2095
Q104483024	Q2095
Q104504307	Q2095
Q1045248	Q2095
Q104531902	Q2095
Q1045417	Q2095
Q10454547	Q2095
Q10455278	Q2095
Q10455279	Q2095
Q10455395	Q2095
Q10455483	Q2095
Q10455883	Q2095
Q10455883	Q40050
Q10456595	Q2095
Q1045836	Q2095
Q1045836	Q40050
Q1045910	Q2095
Q1045910	Q40050
Q1045978	Q2095
Q1046006	Q2095
Q1046016	Q2095
Q1046016	Q40050
Q104604704	Q2095
Q104606037	Q2095
Q10460935	Q2095
Q10461269	Q2095
Q10461865	Q2095
Q10461865	Q40050
Q10461908	Q2095
Q104622206	Q2095
Q104622587	Q2095
Q104624537	Q2095
Q104629646	Q2095
Q104629864	Q2095
Q104629902	Q2095
Q104630996	Q2095
Q104631846	Q2095
Q104631846	Q40050
Q104634768	Q2095
Q104640127	Q2095
Q104640148	Q2095
Q104641121	Q2095
Q104641151	Q2095
Q104641161	Q2095
Q104641191	Q2095
Q104641214	Q2095
Q104643364	Q2095
Q104643364	Q40050
Q104650713	Q2095
Q10465999	Q2095
Q104664167	Q2095
Q104664711	Q2095
Q104665688	Q2095
Q104665688	Q40050
Q104666136	Q2095
Q104668032	Q2095
Q104672332	Q2095
Q104673184	Q2095
Q104673882	Q2095
Q10467715	Q2095
Q1046779	Q2095
Q1046827	Q2095
Q1046827	Q40050
Q104691076	Q2095
Q1046941	Q2095
Q10469856	Q2095
Q104699765	Q2095
Q104706989	Q2095
Q10471308	Q2095
Q104717002	Q2095
Q1047243	Q2095
Q1047243	Q40050
Q1047326	Q2095
Q1047326	Q40050
Q1047384	Q2095
Q104738415	Q2095
Q1047392	Q2095
Q10477006	Q2095
Q10477229	Q2095
Q104776985	Q2095
Q104783428	Q2095
Q104787073	Q2095
Q10479193	Q2095
Q1047978	Q2095
Q10480192	Q2095
Q10480677	Q2095
Q1048130	Q2095
Q104817956	Q2095
Q104818072	Q2095
Q104818233	Q2095
Q104818276	Q2095
Q104818351	Q2095
Q104819531	Q2095
Q104821115	Q2095
Q104822314	Q2095
Q1048282	Q2095
Q104829714	Q2095
Q104829719	Q2095
Q104830799	Q2095
Q104830932	Q2095
Q104830932	Q40050
Q104832496	Q2095
Q104840853	Q2095
Q104841162	Q2095
Q104841993	Q2095
Q104842957	Q2095
Q104843600	Q2095
Q104843600	Q40050
Q104844158	Q2095
Q1048496	Q2095
Q104852303	Q2095
Q104852685	Q2095
Q104852685	Q40050
Q104853749	Q2095
Q104853763	Q2095
Q104856828	Q2095
Q104856828	Q40050
Q104857202	Q2095
Q104857202	Q40050
Q104857508	Q2095
Q104857508	Q40050
Q104857567	Q2095
Q104857567	Q40050
Q104857623	Q2095
Q104857623	Q40050
Q104857663	Q2095
Q104857663	Q40050
Q104858346	Q2095
Q104858346	Q40050
Q104858633	Q2095
Q104858633	Q40050
Q104858669	Q2095
Q104858729	Q2095
Q104858729	Q40050
Q104858796	Q2095
Q104858796	Q40050
Q104862279	Q2095
Q104864044	Q2095
Q104865077	Q2095
Q104865077	Q40050
Q104865532	Q2095
Q104865532	Q40050
Q104865533	Q2095
Q104865533	Q40050
Q104865773	Q2095
Q104865773	Q40050
Q104866094	Q2095
Q104866094	Q40050
Q104866204	Q2095
Q104866204	Q40050
Q104867091	Q2095
Q104881657	Q2095
Q104889748	Q2095
Q10489267	Q2095
Q104902094	Q2095
Q104902137	Q2095
Q104902137	Q40050
Q104902322	Q2095
Q10493892	Q2095
Q1049425	Q2095
Q1049501	Q2095
Q10495141	Q2095
Q10497217	Q2095
Q10497263	Q2095
Q10497514	Q2095
Q10497514	Q40050
Q1049852	Q2095
Q10498613	Q2095
Q10498626	Q2095
Q10499378	Q2095
Q10499491	Q2095
Q10499541	Q2095
Q10499831	Q2095
Q10499912	Q2095
Q10499912	Q40050
Q10499938	Q2095
Q10500003	Q2095
Q10500143	Q2095
Q10500143	Q40050
Q10500606	Q2095
Q105006109	Q2095
Q10500888	Q2095
Q10500888	Q40050
Q10501018	Q2095
Q10501315	Q2095
Q10501414	Q2095
Q105015387	Q2095
Q10501568	Q2095
Q10501633	Q2095
Q10501838	Q2095
Q10502922	Q2095
Q10503582	Q2095
Q105044482	Q2095
Q105044564	Q2095
Q105045810	Q2095
Q105045833	Q2095
Q105047349	Q2095
Q1050530	Q2095
Q10505302	Q2095
Q10506671	Q2095
Q105072445	Q2095
Q10507704	Q2095
Q10507704	Q40050
Q105077405	Q2095
Q105078626	Q2095
Q10508058	Q2095
Q10508197	Q2095
Q10508197	Q40050
Q105085085	Q2095
Q105085821	Q2095
Q10508645	Q2095
Q10508801	Q2095
Q10508802	Q2095
Q1050906	Q2095
Q1050906	Q40050
Q10509060	Q2095
Q10509060	Q40050
Q105091003	Q2095
Q105093605	Q2095
Q105093605	Q40050
Q105094284	Q2095
Q10509611	Q2095
Q10509612	Q2095
Q10509617	Q2095
Q10509700	Q2095
Q105097825	Q2095
Q105098362	Q2095
Q10509992	Q2095
Q10509992	Q40050
Q105100449	Q2095
Q10510105	Q2095
Q10510153	Q2095
Q10510153	Q40050
Q10510197	Q2095
Q105102759	Q2095
Q10510444	Q2095
Q10510715	Q2095
Q10511020	Q2095
Q10511135	Q2095
Q10511326	Q2095
Q1051149	Q2095
Q1051149	Q40050
Q1051155	Q2095
Q1051265	Q2095
Q10513511	Q2095
Q10514020	Q2095
Q10514423	Q2095
Q10514546	Q2095
Q1051460	Q2095
Q1051482	Q2095
Q1051492	Q2095
Q10515472	Q2095
Q10516404	Q2095
Q10516409	Q2095
Q10516409	Q40050
Q10516678	Q2095
Q1051699	Q2095
Q1051699	Q40050
Q10518439	Q2095
Q1051852	Q2095
Q1051861	Q2095
Q10519406	Q2095
Q1051963	Q2095
Q1051978	Q2095
Q10520838	Q2095
Q1052204	Q2095
Q1052236	Q2095
Q10523680	Q2095
Q1052469	Q2095
Q105264416	Q2095
Q10526694	Q2095
Q105266958	Q2095
Q105267459	Q2095
Q1052769	Q2095
Q1052769	Q40050
Q1052815	Q2095
Q105288154	Q2095
Q1053103	Q2095
Q105318869	Q2095
Q105322599	Q2095
Q10532317	Q2095
Q10532317	Q40050
Q10532369	Q2095
Q10532570	Q2095
Q1053334	Q2095
Q105337443	Q2095
Q10535460	Q2095
Q10539224	Q2095
Q10539224	Q40050
Q10539278	Q2095
Q10539708	Q2095
Q1054023	Q2095
Q1054023	Q40050
Q10540623	Q2095
Q10540862	Q2095
Q105409981	Q2095
Q105415605	Q2095
Q10541623	Q2095
Q10541623	Q40050
Q10542015	Q2095
Q10542408	Q2095
Q10542414	Q2095
Q10542414	Q40050
Q105428070	Q2095
Q10542917	Q2095
Q105429471	Q2095
Q10543525	Q2095
Q10543525	Q40050
Q10543810	Q2095
Q1054430	Q2095
Q10544495	Q2095
Q10545209	Q2095
Q10545284	Q2095
Q10545287	Q2095
Q10545287	Q40050
Q10545441	Q2095
Q10545500	Q2095
Q10546432	Q2095
Q10546432	Q40050
Q10546582	Q2095
Q10546701	Q2095
Q10546701	Q40050
Q105470873	Q2095
Q105470873	Q40050
Q105474115	Q2095
Q10547680	Q2095
Q105476834	Q2095
Q10547776	Q2095
Q10547776	Q40050
Q105480600	Q2095
Q105480717	Q2095
Q105481008	Q2095
Q10548291	Q2095
Q10548506	Q2095
Q105485736	Q2095
Q1054891	Q2095
Q105489284	Q2095
Q105490097	Q2095
Q105492043	Q2095
Q10549528	Q2095
Q10549528	Q40050
Q10549617	Q2095
Q10549669	Q2095
Q10549681	Q2095
Q105499976	Q2095
Q105501273	Q2095
Q10550152	Q2095
Q105502227	Q2095
Q105502552	Q2095
Q105502704	Q2095
Q105508520	Q2095
Q105511282	Q2095
Q10551233	Q2095
Q10551237	Q2095
Q105513845	Q2095
Q105513896	Q2095
Q105514497	Q2095
Q10551845	Q2095
Q10552255	Q2095
Q105523063	Q2095
Q105527938	Q2095
Q105528183	Q2095
Q105528218	Q2095
Q105528306	Q2095
Q105528411	Q2095
Q105528979	Q2095
Q105529039	Q2095
Q105529161	Q2095
Q1055324	Q2095
Q105533442	Q2095
Q10553438	Q2095
Q105535583	Q2095
Q105535632	Q2095
Q1055395	Q2095
Q10554012	Q2095
Q105542530	Q2095
Q105543455	Q2095
Q105544074	Q2095
Q105549190	Q2095
Q105549190	Q40050
Q105549747	Q2095
Q10555317	Q2095
Q105556658	Q2095
Q105560983	Q2095
Q105561074	Q2095
Q105572038	Q2095
Q105578604	Q2095
Q105588044	Q2095
Q105590538	Q2095
Q1055940	Q2095
Q10560667	Q2095
Q105612974	Q2095
Q105615280	Q2095
Q105616623	Q2095
Q105616623	Q40050
Q105616883	Q2095
Q10562429	Q2095
Q105626150	Q2095
Q10562698	Q2095
Q10562698	Q40050
Q105628576	Q2095
Q1056294	Q2095
Q10563342	Q2095
Q1056366	Q2095
Q105637554	Q2095
Q10563772	Q2095
Q1056415	Q2095
Q10564295	Q2095
Q105643832	Q2095
Q10564512	Q2095
Q105646100	Q2095
Q105647365	Q2095
Q10564738	Q2095
Q105653630	Q2095
Q105653630	Q40050
Q105653979	Q2095
Q105654014	Q2095
Q105654181	Q2095
Q105654208	Q2095
Q105654264	Q2095
Q1056554	Q2095
Q105656952	Q2095
Q10565830	Q2095
Q105658464	Q2095
Q105658465	Q2095
Q105658467	Q2095
Q105658468	Q2095
Q105658469	Q2095
Q105658470	Q2095
Q105658471	Q2095
Q105658479	Q2095
Q105658480	Q2095
Q105658481	Q2095
Q105658482	Q2095
Q105658483	Q2095
Q105658496	Q2095
Q105658497	Q2095
Q105658498	Q2095
Q105658499	Q2095
Q105658500	Q2095
Q105658501	Q2095
Q105658503	Q2095
Q105658507	Q2095
Q105658509	Q2095
Q105658522	Q2095
Q105658524	Q2095
Q105658530	Q2095
Q105658534	Q2095
Q105658544	Q2095
Q105658946	Q2095
Q105658947	Q2095
Q105658948	Q2095
Q105658949	Q2095
Q105658950	Q2095
Q105658951	Q2095
Q105658952	Q2095
Q105658953	Q2095
Q105658954	Q2095
Q105658955	Q2095
Q105658956	Q2095
Q105658958	Q2095
Q105658959	Q2095
Q105658960	Q2095
Q105658962	Q2095
Q105658963	Q2095
Q105658964	Q2095
Q105658965	Q2095
Q105659354	Q2095
Q105659501	Q2095
Q105660556	Q2095
Q105660619	Q2095
Q10566296	Q2095
Q10566528	Q2095
Q10567075	Q2095
Q10567313	Q2095
Q10567403	Q2095
Q105674767	Q2095
Q105674909	Q2095
Q105675486	Q2095
Q105675701	Q2095
Q105676310	Q2095
Q10568245	Q2095
Q105686321	Q2095
Q105686326	Q2095
Q105687149	Q2095
Q105687297	Q2095
Q105688475	Q2095
Q10570030	Q2095
Q105700896	Q2095
Q1057052	Q2095
Q105720189	Q2095
Q105720218	Q2095
Q105721866	Q2095
Q105722416	Q2095
Q105724270	Q2095
Q10572448	Q2095
Q10572448	Q40050
Q10572454	Q2095
Q10572454	Q40050
Q105724774	Q2095
Q105724832	Q2095
Q10572489	Q2095
Q10572489	Q40050
Q1057256	Q2095
Q10572704	Q2095
Q105727877	Q2095
Q105728960	Q2095
Q105730638	Q2095
Q105730638	Q40050
Q105733656	Q2095
Q105742108	Q2095
Q105742167	Q2095
Q105742190	Q2095
Q105742759	Q2095
Q105747930	Q2095
Q105751252	Q2095
Q10575273	Q2095
Q10575298	Q2095
Q10575298	Q40050
Q1057555	Q2095
Q10575585	Q2095
Q10576223	Q2095
Q1057649	Q2095
Q10576721	Q2095
Q10576721	Q40050
Q1057717	Q2095
Q10577610	Q2095
Q10578322	Q2095
Q10578350	Q2095
Q10578681	Q2095
Q10578820	Q2095
Q1057953	Q2095
Q1057975	Q2095
Q105809316	Q2095
Q1058104	Q2095
Q10581201	Q2095
Q10581201	Q40050
Q10581232	Q2095
Q10581232	Q40050
Q105815873	Q2095
Q1058259	Q2095
Q1058259	Q40050
Q1058296	Q2095
Q1058306	Q2095
Q1058410	Q2095
Q105847250	Q2095
Q1058490	Q2095
Q1058490	Q40050
Q10585805	Q2095
Q10585805	Q40050
Q10585941	Q2095
Q10586818	Q2095
Q105872968	Q2095
Q105872968	Q40050
Q105882605	Q2095
Q105882606	Q2095
Q105882607	Q2095
Q105882608	Q2095
Q105882609	Q2095
Q105882612	Q2095
Q105882613	Q2095
Q105882615	Q2095
Q105882617	Q2095
Q105882726	Q2095
Q105882728	Q2095
Q105882730	Q2095
Q105882732	Q2095
Q105882734	Q2095
Q105882735	Q2095
Q105882736	Q2095
Q105882738	Q2095
Q105882739	Q2095
Q105882740	Q2095
Q105882741	Q2095
Q105882744	Q2095
Q105882745	Q2095
Q105882746	Q2095
Q105882747	Q2095
Q105882748	Q2095
Q105882750	Q2095
Q105882756	Q2095
Q105882758	Q2095
Q105882768	Q2095
Q105882774	Q2095
Q105882776	Q2095
Q105882778	Q2095
Q105882782	Q2095
Q105883072	Q2095
Q10588701	Q2095
Q105890425	Q2095
Q10590161	Q2095
Q10590161	Q40050
Q1059233	Q2095
Q1059273	Q2095
Q10593154	Q2095
Q10593172	Q2095
Q10593333	Q2095
Q10593333	Q40050
Q10594968	Q2095
Q105955472	Q2095
Q105955472	Q40050
Q105955583	Q2095
Q105957927	Q2095
Q1059580	Q2095
Q105960638	Q2095
Q1059643	Q2095
Q105965457	Q2095
Q105972759	Q2095
Q105995014	Q2095
Q106000869	Q2095
Q106001996	Q2095
Q10600273	Q2095
Q10600273	Q40050
Q106008976	Q2095
Q10601545	Q2095
Q10601745	Q2095
Q106020965	Q2095
Q1060331	Q2095
Q106034445	Q2095
Q1060347	Q2095
Q106039984	Q2095
Q1060458	Q2095
Q106080413	Q2095
Q10608122	Q2095
Q1060834	Q2095
Q106090116	Q2095
Q106091180	Q2095
Q106091305	Q2095
Q106091478	Q2095
Q106106198	Q2095
Q106107395	Q2095
Q106107395	Q40050
Q106111046	Q2095
Q106114625	Q2095
Q106115460	Q2095
Q106115529	Q2095
Q1061187	Q2095
Q1061187	Q40050
Q1061508	Q2095
Q10615174	Q2095
Q106152148	Q2095
Q1061532	Q2095
Q106153304	Q2095
Q10615624	Q2095
Q1061638	Q2095
Q1061720	Q2095
Q1061720	Q40050
Q106178656	Q2095
Q1061824	Q2095
Q1061842	Q2095
Q1061856	Q2095
Q106194785	Q2095
Q1062035	Q2095
Q10620400	Q2095
Q10622049	Q2095
Q10622282	Q2095
Q1062396	Q2095
Q1062483	Q2095
Q106252	Q2095
Q106252999	Q2095
Q1062531	Q2095
Q106256810	Q2095
Q106300633	Q2095
Q106307339	Q2095
Q1063096	Q2095
Q1063115	Q2095
Q10631613	Q2095
Q10632498	Q2095
Q106326673	Q2095
Q106333717	Q2095
Q106333717	Q40050
Q106352242	Q2095
Q106355895	Q2095
Q1063560	Q2095
Q106357030	Q2095
Q10636000	Q2095
Q106363090	Q2095
Q106365726	Q2095
Q106365726	Q40050
Q10636666	Q2095
Q10636666	Q40050
Q1063736	Q2095
Q10637718	Q2095
Q10637718	Q40050
Q106379676	Q2095
Q10638007	Q2095
Q10638007	Q40050
Q10638199	Q2095
Q10638208	Q2095
Q10638277	Q2095
Q10638277	Q40050
Q10638714	Q2095
Q106395495	Q2095
Q106406706	Q2095
Q10641327	Q2095
Q106416229	Q2095
Q106416229	Q40050
Q106432476	Q2095
Q106434706	Q2095
Q106446932	Q2095
Q10646420	Q2095
Q10646811	Q2095
Q106468669	Q2095
Q10647778	Q2095
Q10647778	Q40050
Q10647781	Q2095
Q10647926	Q2095
Q10648074	Q2095
Q10648660	Q2095
Q1065033	Q2095
Q10650346	Q2095
Q106506322	Q2095
Q106506322	Q40050
Q106507086	Q2095
Q10650944	Q2095
Q106513454	Q2095
Q106520113	Q2095
Q1065241	Q2095
Q106537056	Q2095
Q106542762	Q2095
Q106542787	Q2095
Q106542819	Q2095
Q106543283	Q2095
Q106543285	Q2095
Q106543803	Q2095
Q106543804	Q2095
Q106543805	Q2095
Q106543806	Q2095
Q106543808	Q2095
Q106543809	Q2095
Q106546888	Q2095
Q106547882	Q2095
Q106547882	Q40050
Q106554912	Q2095
Q106555015	Q2095
Q106555712	Q2095
Q10657187	Q2095
Q106574276	Q2095
Q106574427	Q2095
Q10657712	Q2095
Q106577854	Q2095
Q106577859	Q2095
Q106578055	Q2095
Q106581334	Q2095
Q10658425	Q2095
Q10658708	Q2095
Q10658749	Q2095
Q10658937	Q2095
Q106589918	Q2095
Q10659007	Q2095
Q1065990	Q2095
Q10659975	Q2095
Q10659978	Q2095
Q106601417	Q2095
Q10661067	Q2095
Q10661067	Q40050
Q106612	Q2095
Q106612	Q40050
Q106612056	Q2095
Q106612227	Q2095
Q106616113	Q2095
Q10662143	Q2095
Q10662143	Q40050
Q106623607	Q2095
Q106623618	Q2095
Q10662375	Q2095
Q10662414	Q2095
Q1066251	Q2095
Q1066260	Q2095
Q10663096	Q2095
Q1066347	Q2095
Q106640666	Q2095
Q106641402	Q2095
Q106645447	Q2095
Q10665037	Q2095
Q106650913	Q2095
Q1066536	Q2095
Q10665376	Q2095
Q10665376	Q40050
Q106653772	Q2095
Q106656515	Q2095
Q1066624	Q2095
Q106670608	Q2095
Q10667095	Q2095
Q10667095	Q40050
Q106674754	Q2095
Q106678690	Q2095
Q106680422	Q2095
Q10668296	Q2095
Q10668296	Q40050
Q106684089	Q2095
Q106684828	Q2095
Q106689706	Q2095
Q10669607	Q2095
Q106696256	Q2095
Q106702187	Q2095
Q10670720	Q2095
Q10671144	Q2095
Q10671464	Q2095
Q10671706	Q2095
Q10672406	Q2095
Q10672406	Q40050
Q10672575	Q2095
Q1067261	Q2095
Q106726625	Q2095
Q10672689	Q2095
Q10672802	Q2095
Q10673363	Q2095
Q106748665	Q2095
Q106751622	Q2095
Q1067542	Q2095
Q10675660	Q2095
Q106763379	Q2095
Q1067646	Q2095
Q106765034	Q2095
Q10676538	Q2095
Q106766133	Q2095
Q106767904	Q2095
Q106768139	Q2095
Q106768821	Q2095
Q106769958	Q2095
Q10677642	Q2095
Q106777887	Q2095
Q106777931	Q2095
Q106778633	Q2095
Q106779325	Q2095
Q106779464	Q2095
Q1067842	Q2095
Q106796784	Q2095
Q1068034	Q2095
Q106804810	Q2095
Q106807449	Q2095
Q10680902	Q2095
Q10680944	Q2095
Q10680944	Q40050
Q10681399	Q2095
Q1068141	Q2095
Q106815124	Q2095
Q106817595	Q2095
Q1068180	Q2095
Q10682066	Q2095
Q10682288	Q2095
Q10682359	Q2095
Q10682456	Q2095
Q106827037	Q2095
Q10682946	Q2095
Q1068307	Q2095
Q10683206	Q2095
Q1068341	Q2095
Q1068372	Q2095
Q1068372	Q40050
Q10683843	Q2095
Q10683843	Q40050
Q1068392	Q2095
Q10683963	Q2095
Q106840433	Q2095
Q106840882	Q2095
Q106840882	Q40050
Q10684495	Q2095
Q10685345	Q2095
Q10685345	Q40050
Q106854834	Q2095
Q1068574	Q2095
Q1068602	Q2095
Q1068602	Q40050
Q106862786	Q2095
Q106866463	Q2095
Q1068671	Q2095
Q1068671	Q40050
Q106867728	Q2095
Q10687668	Q2095
Q10687907	Q2095
Q10687907	Q40050
Q10687928	Q2095
Q10688353	Q2095
Q1068892	Q2095
Q106898676	Q2095
Q1069097	Q2095
Q106910786	Q2095
Q106910786	Q40050
Q1069130	Q2095
Q1069130	Q40050
Q106919072	Q2095
Q106922460	Q2095
Q106942002	Q2095
Q106942002	Q40050
Q106951023	Q2095
Q106952818	Q2095
Q1069561	Q2095
Q1069591	Q2095
Q1069603	Q2095
Q106969864	Q2095
Q106980961	Q2095
Q106981334	Q2095
Q106982261	Q2095
Q10698666	Q2095
Q106988223	Q2095
Q10699143	Q2095
Q10699144	Q2095
Q106994312	Q2095
Q1069948	Q2095
Q1069948	Q40050
Q1069954	Q2095
Q1069954	Q40050
Q107001355	Q2095
Q1070040	Q2095
Q1070040	Q40050
Q107008224	Q2095
Q107016007	Q2095
Q107016646	Q2095
Q107022954	Q2095
Q1070271	Q2095
Q107028807	Q2095
Q107035376	Q2095
Q107036060	Q2095
Q107047575	Q2095
Q107059902	Q2095
Q107059902	Q40050
Q107061524	Q2095
Q107061556	Q2095
Q10706168	Q2095
Q107064408	Q2095
Q107064986	Q2095
Q10706676	Q2095
Q10706679	Q2095
Q1070684	Q2095
Q107071683	Q2095
Q107071944	Q2095
Q107071978	Q2095
Q107072113	Q2095
Q10707891	Q2095
Q107092059	Q2095
Q107093014	Q2095
Q1070974	Q2095
Q1070974	Q40050
Q10710162	Q2095
Q107111834	Q2095
Q10711571	Q2095
Q107122728	Q2095
Q107126067	Q2095
Q1071353	Q2095
Q107144689	Q2095
Q10714691	Q2095
Q107148885	Q2095
Q107149596	Q2095
Q107149604	Q2095
Q1071506	Q2095
Q1071506	Q40050
Q10715370	Q2095
Q107159969	Q2095
Q107159969	Q40050
Q1071605	Q2095
Q1071614	Q2095
Q10716317	Q2095
Q10716334	Q2095
Q107166476	Q2095
Q1071699	Q2095
Q1071708	Q2095
Q10717298	Q2095
Q107175849	Q2095
Q10717642	Q2095
Q10717642	Q40050
Q1071808	Q2095
Q10718152	Q2095
Q107185589	Q2095
Q107185589	Q40050
Q1071940	Q2095
Q1071940	Q40050
Q10719564	Q2095
Q10720179	Q2095
Q107203498	Q2095
Q107208174	Q2095
Q107208174	Q40050
Q1072093	Q2095
Q1072124	Q2095
Q107213541	Q2095
Q1072190	Q2095
Q1072192	Q2095
Q1072203	Q2095
Q1072235	Q2095
Q10723893	Q2095
Q10723893	Q40050
Q107241926	Q2095
Q107246423	Q2095
Q107246427	Q2095
Q107246430	Q2095
Q107246432	Q2095
Q107246433	Q2095
Q107246434	Q2095
Q107246440	Q2095
Q107246445	Q2095
Q107246454	Q2095
Q107246457	Q2095
Q107246469	Q2095
Q107246470	Q2095
Q107246471	Q2095
Q107246472	Q2095
Q107246472	Q40050
Q107246473	Q2095
Q107246473	Q40050
Q107246483	Q2095
Q107246599	Q2095
Q107246603	Q2095
Q107246605	Q2095
Q107246606	Q2095
Q107246607	Q2095
Q107246608	Q2095
Q107246610	Q2095
Q107246619	Q2095
Q107246620	Q2095
Q107246621	Q2095
Q107246625	Q2095
Q107246626	Q2095
Q107246629	Q2095
Q107246631	Q2095
Q107246632	Q2095
Q107246633	Q2095
Q107246634	Q2095
Q107246634	Q40050
Q107246635	Q2095
Q107246639	Q2095
Q107246640	Q2095
Q107246645	Q2095
Q107246646	Q2095
Q107246647	Q2095
Q107246647	Q40050
Q107246648	Q2095
Q107246649	Q2095
Q107246651	Q2095
Q107246652	Q2095
Q107246653	Q2095
Q107246694	Q2095
Q107246694	Q40050
Q107246695	Q2095
Q107246696	Q2095
Q107246700	Q2095
Q107246701	Q2095
Q107246703	Q2095
Q107246705	Q2095
Q107246706	Q2095
Q107246707	Q2095
Q107246707	Q40050
Q107246708	Q2095
Q107246708	Q40050
Q107246709	Q2095
Q107246711	Q2095
Q107246713	Q2095
Q107246714	Q2095
Q107246715	Q2095
Q107246719	Q2095
Q107246723	Q2095
Q107246724	Q2095
Q107246727	Q2095
Q107246730	Q2095
Q107246733	Q2095
Q107246736	Q2095
Q107246737	Q2095
Q107246738	Q2095
Q107246743	Q2095
Q107246744	Q2095
Q107246745	Q2095
Q107246747	Q2095
Q107246750	Q2095
Q107246754	Q2095
Q107246760	Q2095
Q107246807	Q2095
Q107246810	Q2095
Q107246812	Q2095
Q107246816	Q2095
Q107246817	Q2095
Q107246818	Q2095
Q10725554	Q2095
Q10725566	Q2095
Q107261742	Q2095
Q107261743	Q2095
Q107261744	Q2095
Q107261745	Q2095
Q107261746	Q2095
Q107261747	Q2095
Q107261749	Q2095
Q107261751	Q2095
Q107261752	Q2095
Q107261753	Q2095
Q107261754	Q2095
Q107261755	Q2095
Q107261756	Q2095
Q107261757	Q2095
Q107261758	Q2095
Q107262035	Q2095
Q107262037	Q2095
Q107262038	Q2095
Q107262039	Q2095
Q107262040	Q2095
Q107262041	Q2095
Q107262066	Q2095
Q107262067	Q2095
Q107262070	Q2095
Q107262071	Q2095
Q107262072	Q2095
Q107262073	Q2095
Q107262074	Q2095
Q107262077	Q2095
Q107262078	Q2095
Q107262097	Q2095
Q107262462	Q2095
Q107262465	Q2095
Q107262467	Q2095
Q107262467	Q40050
Q107262468	Q2095
Q107262739	Q2095
Q107262739	Q40050
Q107262741	Q2095
Q107262741	Q40050
Q107262744	Q2095
Q107262744	Q40050
Q107263089	Q2095
Q107268342	Q2095
Q1072689	Q2095
Q10727322	Q2095
Q10727324	Q2095
Q10727324	Q40050
Q107285115	Q2095
Q107289424	Q2095
Q1072897	Q2095
Q1072902	Q2095
Q107292667	Q2095
Q107292667	Q40050
Q107293020	Q2095
Q1072946	Q2095
Q10729541	Q2095
Q1072971	Q2095
Q1073041	Q2095
Q107304125	Q2095
Q107304840	Q2095
Q107304855	Q2095
Q107304898	Q2095
Q107304916	Q2095
Q107306926	Q2095
Q107307324	Q2095
Q107307325	Q2095
Q107307327	Q2095
Q107307329	Q2095
Q107307331	Q2095
Q107307332	Q2095
Q107307334	Q2095
Q107307337	Q2095
Q107307338	Q2095
Q107307339	Q2095
Q107307342	Q2095
Q107307345	Q2095
Q107307347	Q2095
Q107307349	Q2095
Q107307350	Q2095
Q107307351	Q2095
Q107307355	Q2095
Q107307360	Q2095
Q107307364	Q2095
Q107307365	Q2095
Q107307366	Q2095
Q107307367	Q2095
Q107307367	Q40050
Q107307369	Q2095
Q107307372	Q2095
Q107307373	Q2095
Q107307374	Q2095
Q107310187	Q2095
Q1073115	Q2095
Q1073142	Q2095
Q1073156	Q2095
Q1073174	Q2095
Q107323701	Q2095
Q107323860	Q2095
Q107328806	Q2095
Q107330963	Q2095
Q107336351	Q2095
Q107339876	Q2095
Q107350008	Q2095
Q107351134	Q2095
Q107353507	Q2095
Q107354109	Q2095
Q107357156	Q2095
Q107357194	Q2095
Q107357194	Q40050
Q107357988	Q2095
Q107358588	Q2095
Q107358588	Q40050
Q107358723	Q2095
Q107358749	Q2095
Q107365430	Q2095
Q107369606	Q2095
Q107370151	Q2095
Q1073862	Q2095
Q1073888	Q2095
Q107389580	Q2095
Q107390737	Q2095
Q107399494	Q2095
Q107402100	Q2095
Q107402104	Q2095
Q1074092	Q2095
Q1074092	Q40050
Q107411	Q2095
Q1074136	Q2095
Q107413926	Q2095
Q107417424	Q2095
Q107417448	Q2095
Q10742199	Q2095
Q10742202	Q2095
Q10742203	Q2095
Q10742205	Q2095
Q10742206	Q2095
Q10742207	Q2095
Q10742208	Q2095
Q10742209	Q2095
Q10742210	Q2095
Q10742214	Q2095
Q10742222	Q2095
Q10742223	Q2095
Q10742224	Q2095
Q10742230	Q2095
Q10742232	Q2095
Q10742234	Q2095
Q10742235	Q2095
Q107425936	Q2095
Q107425936	Q40050
Q107426665	Q2095
Q107426839	Q2095
Q10742887	Q2095
Q10742899	Q2095
Q10742901	Q2095
Q107434730	Q2095
Q107449672	Q2095
Q107451378	Q2095
Q107451809	Q2095
Q107463346	Q2095
Q107467804	Q2095
Q107467804	Q40050
Q1074750	Q2095
Q1074779	Q2095
Q1074779	Q40050
Q107478431	Q2095
Q10748135	Q2095
Q10748166	Q2095
Q107485430	Q2095
Q107486466	Q2095
Q10748896	Q2095
Q10748919	Q2095
Q107489664	Q2095
Q10749145	Q2095
Q10749957	Q2095
Q10750129	Q2095
Q10750129	Q40050
Q10750955	Q2095
Q10751552	Q2095
Q10751552	Q40050
Q10751820	Q2095
Q10751991	Q2095
Q10752219	Q2095
Q10752679	Q2095
Q10752808	Q2095
Q10752894	Q2095
Q107529419	Q2095
Q107535095	Q2095
Q10753530	Q2095
Q1075430	Q2095
Q10754476	Q2095
Q1075478	Q2095
Q107548429	Q2095
Q1075514	Q2095
Q107556104	Q2095
Q107558523	Q2095
Q107558749	Q2095
Q1075614	Q2095
Q107562988	Q2095
Q107563279	Q2095
Q107563660	Q2095
Q107563673	Q2095
Q107564021	Q2095
Q10757547	Q2095
Q107584270	Q2095
Q1075980	Q2095
Q1075980	Q40050
Q107598863	Q2095
Q107610602	Q2095
Q1076110	Q2095
Q107621913	Q2095
Q1076222	Q2095
Q1076222	Q40050
Q107645851	Q2095
Q107665260	Q2095
Q107667187	Q2095
Q1076824	Q2095
Q1076874	Q2095
Q107689195	Q2095
Q1076906	Q2095
Q107693925	Q2095
Q107695269	Q2095
Q107695675	Q2095
Q10771593	Q2095
Q10771602	Q2095
Q107718213	Q2095
Q107722388	Q2095
Q107739566	Q2095
Q107739770	Q2095
Q107745522	Q2095
Q107754261	Q2095
Q107755066	Q2095
Q107782305	Q2095
Q107790439	Q2095
Q107790767	Q2095
Q107791506	Q2095
Q1077966	Q2095
Q10779714	Q2095
Q107806657	Q2095
Q107806657	Q40050
Q107809872	Q2095
Q107809872	Q40050
Q107813858	Q2095
Q1078150	Q2095
Q1078202	Q2095
Q107832448	Q2095
Q107834828	Q2095
Q107835198	Q2095
Q107836323	Q2095
Q107840465	Q2095
Q107840688	Q2095
Q107841628	Q2095
Q107846503	Q2095
Q107848316	Q2095
Q107850256	Q2095
Q10785085	Q2095
Q107851208	Q2095
Q107852688	Q2095
Q107854227	Q2095
Q107855294	Q2095
Q107855662	Q2095
Q107856275	Q2095
Q107856453	Q2095
Q107856648	Q2095
Q107856750	Q2095
Q107857284	Q2095
Q107857783	Q2095
Q107858798	Q2095
Q107859176	Q2095
Q107859307	Q2095
Q107859343	Q2095
Q107862812	Q2095
Q107862813	Q2095
Q107862861	Q2095
Q107862875	Q2095
Q107862891	Q2095
Q107862910	Q2095
Q107862948	Q2095
Q107862970	Q2095
Q107863024	Q2095
Q107863049	Q2095
Q107863092	Q2095
Q107863177	Q2095
Q107863246	Q2095
Q107863271	Q2095
Q107863313	Q2095
Q107863353	Q2095
Q107864321	Q2095
Q107870318	Q2095
Q107879743	Q2095
Q107879852	Q2095
Q10788054	Q2095
Q107885744	Q2095
Q107891975	Q2095
Q1078936	Q2095
Q10794259	Q2095
Q10796548	Q2095
Q10796551	Q2095
Q107969329	Q2095
Q107980499	Q2095
Q1079875	Q2095
Q1079875	Q40050
Q107996358	Q2095
Q107996358	Q40050
Q108003309	Q2095
Q108003309	Q40050
Q108028291	Q2095
Q108030523	Q2095
Q108047543	Q2095
Q108047762	Q2095
Q108063900	Q2095
Q108063948	Q2095
Q108064182	Q2095
Q108065409	Q2095
Q108065444	Q2095
Q108086009	Q2095
Q108086096	Q2095
Q108096758	Q2095
Q108099796	Q2095
Q108112946	Q2095
Q108113397	Q2095
Q108127132	Q2095
Q108129927	Q2095
Q108130014	Q2095
Q108167316	Q2095
Q108167316	Q40050
Q108167643	Q2095
Q108168889	Q2095
Q108168889	Q40050
Q108170369	Q2095
Q108170525	Q2095
Q10817602	Q2095
Q10817668	Q2095
Q108178857	Q2095
Q108179212	Q2095
Q10818030	Q2095
Q108208251	Q2095
Q108210209	Q2095
Q108216058	Q2095
Q108234722	Q2095
Q108241611	Q2095
Q108251598	Q2095
Q108251598	Q40050
Q10825918	Q2095
Q108276468	Q2095
Q108295633	Q2095
Q108296002	Q2095
Q108304231	Q2095
Q108305832	Q2095
Q108314591	Q2095
Q108315407	Q2095
Q108327562	Q2095
Q108331164	Q2095
Q108354091	Q2095
Q108354127	Q2095
Q108354133	Q2095
Q108354146	Q2095
Q108354169	Q2095
Q108354177	Q2095
Q108354187	Q2095
Q1083561	Q2095
Q108365627	Q2095
Q108370368	Q2095
Q108376888	Q2095
Q108381937	Q2095
Q1083840	Q2095
Q108395838	Q2095
Q108402958	Q2095
Q108408336	Q2095
Q108410964	Q2095
Q108411096	Q2095
Q108411115	Q2095
Q108411562	Q2095
Q108416344	Q2095
Q108417749	Q2095
Q108417752	Q2095
Q108418101	Q2095
Q108419308	Q2095
Q108419752	Q2095
Q108423002	Q2095
Q108426273	Q2095
Q108427096	Q2095
Q108427114	Q2095
Q10842725	Q2095
Q108427299	Q2095
Q108437232	Q2095
Q108450322	Q2095
Q108455600	Q2095
Q108456308	Q2095
Q108464910	Q2095
Q108489567	Q2095
Q10850220	Q2095
Q10850220	Q40050
Q108510898	Q2095
Q108532355	Q2095
Q108537438	Q2095
Q108537438	Q40050
Q10854293	Q2095
Q10855251	Q2095
Q10855333	Q2095
Q10855366	Q2095
Q108555196	Q2095
Q10855551	Q2095
Q10855699	Q2095
Q10855985	Q2095
Q10856235	Q2095
Q10856263	Q2095
Q10856317	Q2095
Q10856318	Q2095
Q10856331	Q2095
Q10856369	Q2095
Q10856415	Q2095
Q10856452	Q2095
Q108568436	Q2095
Q10857248	Q2095
Q108576689	Q2095
Q10858146	Q2095
Q108586604	Q2095
Q10859018	Q2095
Q10859028	Q2095
Q10859079	Q2095
Q10859394	Q2095
Q108595777	Q2095
Q10859806	Q2095
Q10859880	Q2095
Q10859911	Q2095
Q10860102	Q2095
Q10860302	Q2095
Q10860328	Q2095
Q10860328	Q40050
Q10860471	Q2095
Q10860471	Q40050
Q10860508	Q2095
Q10860607	Q2095
Q108611113	Q2095
Q108611407	Q2095
Q10861275	Q2095
Q10861385	Q2095
Q10861386	Q2095
Q10861403	Q2095
Q10862203	Q2095
Q108643173	Q2095
Q108649402	Q2095
Q10865379	Q2095
Q10865834	Q2095
Q108660581	Q2095
Q108660709	Q2095
Q10866441	Q2095
Q108672552	Q2095
Q108673174	Q2095
Q108673197	Q2095
Q10868024	Q2095
Q1086824	Q2095
Q108684756	Q2095
Q108684938	Q2095
Q108685368	Q2095
Q1086855	Q2095
Q10868579	Q2095
Q1086894	Q2095
Q108692072	Q2095
Q108697619	Q2095
Q108697620	Q2095
Q108697621	Q2095
Q108697622	Q2095
Q108697623	Q2095
Q108697624	Q2095
Q108697625	Q2095
Q108697626	Q2095
Q108697627	Q2095
Q108697628	Q2095
Q108697629	Q2095
Q108697630	Q2095
Q108697631	Q2095
Q108697632	Q2095
Q108697634	Q2095
Q108697635	Q2095
Q108697637	Q2095
Q108697638	Q2095
Q108697639	Q2095
Q108697640	Q2095
Q108697641	Q2095
Q108697642	Q2095
Q108697643	Q2095
Q108697644	Q2095
Q108697646	Q2095
Q108697647	Q2095
Q108697649	Q2095
Q108697650	Q2095
Q108697651	Q2095
Q108697653	Q2095
Q108697654	Q2095
Q108697655	Q2095
Q108697656	Q2095
Q108697658	Q2095
Q108697659	Q2095
Q108697660	Q2095
Q108697661	Q2095
Q108697662	Q2095
Q108697663	Q2095
Q108697664	Q2095
Q108697665	Q2095
Q108697666	Q2095
Q108697667	Q2095
Q108697668	Q2095
Q108697669	Q2095
Q108697670	Q2095
Q108697671	Q2095
Q108697672	Q2095
Q108697673	Q2095
Q108697674	Q2095
Q108697691	Q2095
Q108697693	Q2095
Q108697694	Q2095
Q108697695	Q2095
Q108697696	Q2095
Q108697697	Q2095
Q108697698	Q2095
Q108697699	Q2095
Q108697700	Q2095
Q108697702	Q2095
Q108697703	Q2095
Q108697704	Q2095
Q108697705	Q2095
Q108697706	Q2095
Q108697708	Q2095
Q108697709	Q2095
Q108697710	Q2095
Q108697712	Q2095
Q108697713	Q2095
Q108697714	Q2095
Q108697715	Q2095
Q108697716	Q2095
Q108697717	Q2095
Q108697718	Q2095
Q108697719	Q2095
Q108697720	Q2095
Q108697721	Q2095
Q108697722	Q2095
Q108697723	Q2095
Q108697724	Q2095
Q108697725	Q2095
Q108697726	Q2095
Q108697728	Q2095
Q108697730	Q2095
Q108697731	Q2095
Q108697732	Q2095
Q108697733	Q2095
Q108697734	Q2095
Q108697735	Q2095
Q108697736	Q2095
Q108697737	Q2095
Q108697738	Q2095
Q108697740	Q2095
Q108697741	Q2095
Q108697742	Q2095
Q108697743	Q2095
Q108697744	Q2095
Q108697745	Q2095
Q108697746	Q2095
Q108697788	Q2095
Q108703191	Q2095
Q108717844	Q2095
Q10872500	Q2095
Q10872613	Q2095
Q10872613	Q40050
Q108739685	Q2095
Q108739685	Q40050
Q108747097	Q2095
Q1087577	Q2095
Q108757735	Q2095
Q108757736	Q2095
Q108759397	Q2095
Q108770407	Q2095
Q10877249	Q2095
Q10877593	Q2095
Q10877593	Q40050
Q108782735	Q2095
Q108787688	Q2095
Q108788335	Q2095
Q108794171	Q2095
Q108794274	Q2095
Q108794306	Q2095
Q108794909	Q2095
Q108798661	Q2095
Q10879885	Q2095
Q108805606	Q2095
Q108808117	Q2095
Q108808208	Q2095
Q108819329	Q2095
Q10882327	Q2095
Q10882327	Q40050
Q10882706	Q2095
Q10883503	Q2095
Q108839458	Q2095
Q108841343	Q2095
Q1088701	Q2095
Q1088701	Q40050
Q108872760	Q2095
Q108872760	Q40050
Q108874536	Q2095
Q10888066	Q2095
Q10888066	Q40050
Q108882081	Q2095
Q108882081	Q40050
Q108885127	Q2095
Q108887239	Q2095
Q108893457	Q2095
Q108898648	Q2095
Q1089051	Q2095
Q108906990	Q2095
Q108909795	Q2095
Q108909795	Q40050
Q108910183	Q2095
Q10891385	Q2095
Q108915151	Q2095
Q108915151	Q40050
Q10892132	Q2095
Q10892305	Q2095
Q108929231	Q2095
Q108946643	Q2095
Q108947435	Q2095
Q10895227	Q2095
Q10895484	Q2095
Q10895832	Q2095
Q1089663	Q2095
Q108971783	Q2095
Q108971785	Q2095
Q1089720	Q2095
Q10898791	Q2095
Q10898941	Q2095
Q10899190	Q2095
Q10899266	Q2095
Q10899388	Q2095
Q1090081	Q2095
Q109012628	Q2095
Q109017681	Q2095
Q109017702	Q2095
Q109017895	Q2095
Q109019562	Q2095
Q109019732	Q2095
Q1090298	Q2095
Q1090298	Q40050
Q1090303	Q2095
Q1090303	Q40050
Q10903647	Q2095
Q10903647	Q40050
Q109037697	Q2095
Q109037830	Q2095
Q109038487	Q2095
Q109039965	Q2095
Q109040722	Q2095
Q109040722	Q40050
Q109040786	Q2095
Q109040805	Q2095
Q109042056	Q2095
Q109043989	Q2095
Q109044154	Q2095
Q109045151	Q2095
Q109045151	Q40050
Q109045192	Q2095
Q109045435	Q2095
Q109045443	Q2095
Q109045523	Q2095
Q109045526	Q2095
Q109045754	Q2095
Q109045754	Q40050
Q109046990	Q2095
Q10904904	Q2095
Q10905087	Q2095
Q10905087	Q40050
Q109058076	Q2095
Q1090846	Q2095
Q1090846	Q40050
Q10908539	Q2095
Q109089686	Q2095
Q1090927	Q2095
Q1090927	Q40050
Q109093378	Q2095
Q109095643	Q2095
Q109095643	Q40050
Q10909628	Q2095
Q10910389	Q2095
Q109119426	Q2095
Q109121464	Q2095
Q109122290	Q2095
Q10912397	Q2095
Q1091253	Q2095
Q109132624	Q2095
Q10914420	Q2095
Q10915378	Q2095
Q10915378	Q40050
Q10915484	Q2095
Q10915604	Q2095
Q10916834	Q2095
Q109169705	Q2095
Q10917346	Q2095
Q109191849	Q2095
Q10921730	Q2095
Q109218875	Q2095
Q109236402	Q2095
Q109237018	Q2095
Q109237299	Q2095
Q109237299	Q40050
Q10924860	Q2095
Q10925229	Q2095
Q109265828	Q2095
Q109265828	Q40050
Q1092662	Q2095
Q1092712	Q2095
Q109286869	Q2095
Q109297482	Q2095
Q109298232	Q2095
Q109301486	Q2095
Q109302295	Q2095
Q109311014	Q2095
Q109311163	Q2095
Q109311163	Q40050
Q10931125	Q2095
Q109311523	Q2095
Q109311779	Q2095
Q109312037	Q2095
Q109312127	Q2095
Q109312232	Q2095
Q109312235	Q2095
Q109312236	Q2095
Q109313007	Q2095
Q109313015	Q2095
Q109313047	Q2095
Q109313057	Q2095
Q109313400	Q2095
Q109313406	Q2095
Q109313407	Q2095
Q109313410	Q2095
Q109313412	Q2095
Q109313421	Q2095
Q109313422	Q2095
Q109313948	Q2095
Q109313948	Q40050
Q109313949	Q2095
Q109313949	Q40050
Q109314192	Q2095
Q109325576	Q2095
Q109325576	Q40050
Q109325895	Q2095
Q1093320	Q2095
Q1093320	Q40050
Q109332108	Q2095
Q109336610	Q2095
Q109336610	Q40050
Q1093380	Q2095
Q109346137	Q2095
Q109347764	Q2095
Q109347764	Q40050
Q109347773	Q2095
Q109352900	Q2095
Q109358353	Q2095
Q109359051	Q2095
Q109359112	Q2095
Q109359120	Q2095
Q109359141	Q2095
Q109359141	Q40050
Q109359870	Q2095
Q109359870	Q40050
Q109359959	Q2095
Q109360280	Q2095
Q109361052	Q2095
Q109361421	Q2095
Q109361699	Q2095
Q109361722	Q2095
Q109361900	Q2095
Q109361903	Q2095
Q109362347	Q2095
Q109362448	Q2095
Q109362448	Q40050
Q109362788	Q2095
Q109362821	Q2095
Q109362929	Q2095
Q109363317	Q2095
Q109363511	Q2095
Q109364090	Q2095
Q109364090	Q40050
Q109364379	Q2095
Q10936580	Q2095
Q109366527	Q2095
Q109368458	Q2095
Q109368587	Q2095
Q109369475	Q2095
Q109370372	Q2095
Q109370422	Q2095
Q1093742	Q2095
Q1093768	Q2095
Q109377065	Q2095
Q109377176	Q2095
Q109377876	Q2095
Q109378339	Q2095
Q109378984	Q2095
Q109381328	Q2095
Q10938562	Q2095
Q109388991	Q2095
Q109389957	Q2095
Q109391476	Q2095
Q109391479	Q2095
Q109391488	Q2095
Q109403749	Q2095
Q109403749	Q40050
Q109408330	Q2095
Q109413627	Q2095
Q1094149	Q2095
Q1094149	Q40050
Q109421896	Q2095
Q109423278	Q2095
Q109423366	Q2095
Q109423366	Q40050
Q109423425	Q2095
Q10943	Q2095
Q1094305	Q2095
Q109435904	Q2095
Q109436297	Q2095
Q109436308	Q2095
Q10943800	Q2095
Q109438515	Q2095
Q109439271	Q2095
Q109439830	Q2095
Q109441388	Q2095
Q109441389	Q2095
Q109447101	Q2095
Q109453166	Q2095
Q1094559	Q2095
Q109459555	Q2095
Q10946121	Q2095
Q1094707	Q2095
Q109476295	Q2095
Q1094843	Q2095
Q1094843	Q40050
Q1094848	Q2095
Q1094848	Q40050
Q1094850	Q2095
Q1094850	Q40050
Q1094882	Q2095
Q10948857	Q2095
Q109502070	Q2095
Q109524658	Q2095
Q10952583	Q2095
Q109529822	Q2095
Q1095315	Q2095
Q109532998	Q2095
Q109533885	Q2095
Q109535897	Q2095
Q109536261	Q2095
Q109537487	Q2095
Q109537744	Q2095
Q109546526	Q2095
Q1095467	Q2095
Q10954885	Q2095
Q109551734	Q2095
Q109558070	Q2095
Q109558143	Q2095
Q109560640	Q2095
Q109562723	Q2095
Q109567454	Q2095
Q109569034	Q2095
Q109588571	Q2095
Q109588571	Q40050
Q109591481	Q2095
Q109591500	Q2095
Q109591575	Q2095
Q109591670	Q2095
Q109594337	Q2095
Q109595337	Q2095
Q109595736	Q2095
Q109595815	Q2095
Q109596124	Q2095
Q109596277	Q2095
Q109596821	Q2095
Q109598159	Q2095
Q1095983	Q2095
Q1095983	Q40050
Q109598332	Q2095
Q109598996	Q2095
Q109600360	Q2095
Q109601782	Q2095
Q109602737	Q2095
Q109602739	Q2095
Q109602746	Q2095
Q109602915	Q2095
Q109611967	Q2095
Q109615251	Q2095
Q109616822	Q2095
Q10963761	Q2095
Q109645027	Q2095
Q10964995	Q2095
Q109656993	Q2095
Q109667967	Q2095
Q109668004	Q2095
Q10966823	Q2095
Q109710212	Q2095
Q10971166	Q2095
Q10972293	Q2095
Q10973598	Q2095
Q10976640	Q2095
Q10976742	Q2095
Q109767743	Q2095
Q10978	Q2095
Q10978475	Q2095
Q10979901	Q2095
Q10979901	Q40050
Q10980554	Q2095
Q1098152	Q2095
Q1098152	Q40050
Q109827446	Q2095
Q109849372	Q2095
Q10985350	Q2095
Q1098597	Q2095
Q1098597	Q40050
Q10986174	Q2095
Q109866	Q2095
Q10987	Q2095
Q10988133	Q2095
Q10988133	Q40050
Q109886659	Q2095
Q10989778	Q2095
Q10990	Q2095
Q109905074	Q2095
Q109914319	Q2095
Q109914347	Q2095
Q109914368	Q2095
Q109914388	Q2095
Q109914555	Q2095
Q109914567	Q2095
Q109914580	Q2095
Q1099232	Q2095
Q109928326	Q2095
Q109932818	Q2095
Q109936598	Q2095
Q109943284	Q2095
Q1099457	Q2095
Q1099457	Q40050
Q109949535	Q2095
Q109955416	Q2095
Q109974202	Q2095
Q109975209	Q2095
Q10997735	Q2095
Q110014668	Q2095
Q11001474	Q2095
Q11004	Q2095
Q110042427	Q2095
Q110061263	Q2095
Q1101046	Q2095
Q110105830	Q2095
Q110105830	Q40050
Q110106177	Q2095
Q110106177	Q40050
Q110115200	Q2095
Q110115200	Q40050
Q110115559	Q2095
Q110117776	Q2095
Q110122147	Q2095
Q110127742	Q2095
Q110129212	Q2095
Q110129502	Q2095
Q110130025	Q2095
Q110130025	Q40050
Q110132849	Q2095
Q11013300	Q2095
Q110133485	Q2095
Q110134698	Q2095
Q110146538	Q2095
Q110184114	Q2095
Q1102023	Q2095
Q110220935	Q2095
Q1102230	Q2095
Q110228883	Q2095
Q110232547	Q2095
Q110256340	Q2095
Q110256900	Q2095
Q110262919	Q2095
Q110263128	Q2095
Q1102633	Q2095
Q110269523	Q2095
Q110269527	Q2095
Q110270871	Q2095
Q110273315	Q2095
Q110273642	Q2095
Q11027461	Q2095
Q110276382	Q2095
Q110279244	Q2095
Q110279308	Q2095
Q110281191	Q2095
Q110301589	Q2095
Q110324118	Q2095
Q110362900	Q2095
Q110378029	Q2095
Q110378029	Q40050
Q1103862	Q2095
Q11038964	Q2095
Q110398728	Q2095
Q110408247	Q2095
Q110413224	Q2095
Q110413296	Q2095
Q110413296	Q40050
Q110419691	Q2095
Q1104399	Q2095
Q110442996	Q2095
Q110443000	Q2095
Q110448601	Q2095
Q110456412	Q2095
Q1104577	Q2095
Q1104585	Q2095
Q11045882	Q2095
Q1104594	Q2095
Q1104594	Q40050
Q110460981	Q2095
Q110464779	Q2095
Q110464779	Q40050
Q110469197	Q2095
Q11047203	Q2095
Q110474734	Q2095
Q1104947	Q2095
Q1104949	Q2095
Q1104949	Q40050
Q110495184	Q2095
Q110498955	Q2095
Q1105083	Q2095
Q110517376	Q2095
Q1105210	Q2095
Q1105210	Q40050
Q1105215	Q2095
Q11053051	Q2095
Q11053051	Q40050
Q110536414	Q2095
Q1105371	Q2095
Q1105503	Q2095
Q1105512	Q2095
Q110562468	Q2095
Q110571357	Q2095
Q110577413	Q2095
Q11060609	Q2095
Q11060609	Q40050
Q110611096	Q2095
Q110611098	Q2095
Q110611099	Q2095
Q110611100	Q2095
Q110611102	Q2095
Q110611110	Q2095
Q110611112	Q2095
Q110611112	Q40050
Q110611114	Q2095
Q110611118	Q2095
Q110611121	Q2095
Q110611122	Q2095
Q110611123	Q2095
Q110611125	Q2095
Q110611127	Q2095
Q110611130	Q2095
Q110611131	Q2095
Q110611133	Q2095
Q110611135	Q2095
Q110611136	Q2095
Q110611146	Q2095
Q110611147	Q2095
Q110611147	Q40050
Q110611160	Q2095
Q110611163	Q2095
Q110611164	Q2095
Q110611164	Q40050
Q110611165	Q2095
Q110611166	Q2095
Q110611167	Q2095
Q110611168	Q2095
Q110611169	Q2095
Q110611170	Q2095
Q110611171	Q2095
Q110611173	Q2095
Q110611174	Q2095
Q110611175	Q2095
Q110611176	Q2095
Q110611176	Q40050
Q110611178	Q2095
Q110611179	Q2095
Q110611180	Q2095
Q110611181	Q2095
Q110611183	Q2095
Q110611184	Q2095
Q110611185	Q2095
Q110611186	Q2095
Q110611187	Q2095
Q110611189	Q2095
Q110611192	Q2095
Q110611194	Q2095
Q110611195	Q2095
Q110611196	Q2095
Q110611197	Q2095
Q110611198	Q2095
Q110611200	Q2095
Q110611202	Q2095
Q110611203	Q2095
Q110611205	Q2095
Q110611215	Q2095
Q110611217	Q2095
Q110611218	Q2095
Q110611219	Q2095
Q110611220	Q2095
Q110611220	Q40050
Q110611222	Q2095
Q110611223	Q2095
Q110611224	Q2095
Q110611225	Q2095
Q110611226	Q2095
Q110611227	Q2095
Q110611228	Q2095
Q110611230	Q2095
Q110611231	Q2095
Q110611234	Q2095
Q110611235	Q2095
Q110611239	Q2095
Q110611240	Q2095
Q110611241	Q2095
Q110611242	Q2095
Q110611242	Q40050
Q110611244	Q2095
Q110611246	Q2095
Q110611250	Q2095
Q110611252	Q2095
Q110611253	Q2095
Q110611254	Q2095
Q110611257	Q2095
Q110611258	Q2095
Q110611259	Q2095
Q110611261	Q2095
Q110611262	Q2095
Q110611264	Q2095
Q110611266	Q2095
Q110611268	Q2095
Q110611268	Q40050
Q110611269	Q2095
Q110611270	Q2095
Q110611271	Q2095
Q110611272	Q2095
Q110611273	Q2095
Q110611274	Q2095
Q110611275	Q2095
Q110611276	Q2095
Q110611277	Q2095
Q110611279	Q2095
Q110611280	Q2095
Q110611281	Q2095
Q110611282	Q2095
Q110611282	Q40050
Q110611286	Q2095
Q110611287	Q2095
Q110611288	Q2095
Q110611289	Q2095
Q110611292	Q2095
Q110611299	Q2095
Q110611301	Q2095
Q110611302	Q2095
Q110611303	Q2095
Q110611304	Q2095
Q110611336	Q2095
Q110612561	Q2095
Q110612942	Q2095
Q1106176	Q2095
Q1106176	Q40050
Q110619720	Q2095
Q11062733	Q2095
Q110627713	Q2095
Q110627728	Q2095
Q1106345	Q2095
Q110639963	Q2095
Q110651429	Q2095
Q110654496	Q2095
Q110654496	Q40050
Q110664671	Q2095
Q110664680	Q2095
Q11066473	Q2095
Q110693434	Q2095
Q110701994	Q2095
Q110720774	Q2095
Q1107324	Q2095
Q11075630	Q2095
Q1107571	Q2095
Q1107571	Q40050
Q1107581	Q2095
Q1107581	Q40050
Q11075906	Q2095
Q11076102	Q2095
Q11076619	Q2095
Q1107669	Q2095
Q11077259	Q2095
Q110776121	Q2095
Q110781883	Q2095
Q11078597	Q2095
Q110799086	Q2095
Q11079928	Q2095
Q110808849	Q2095
Q110811265	Q2095
Q110820348	Q2095
Q1108310	Q2095
Q110831239	Q2095
Q110834503	Q2095
Q110834778	Q2095
Q110834827	Q2095
Q110835162	Q2095
Q110835162	Q40050
Q110835450	Q2095
Q110835450	Q40050
Q11084043	Q2095
Q110855197	Q2095
Q11085987	Q2095
Q110864743	Q2095
Q11087090	Q2095
Q110877350	Q2095
Q110885312	Q2095
Q110885432	Q2095
Q1108866	Q2095
Q110887865	Q2095
Q110889124	Q2095
Q110894306	Q2095
Q110895659	Q2095
Q11090700	Q2095
Q11090700	Q40050
Q110908304	Q2095
Q110908304	Q40050
Q110908305	Q2095
Q110910093	Q2095
Q110910147	Q2095
Q11091874	Q2095
Q110920147	Q2095
Q110924259	Q2095
Q11093486	Q2095
Q110940774	Q2095
Q110945408	Q2095
Q1109599	Q2095
Q110962496	Q2095
Q110962505	Q2095
Q110966095	Q2095
Q110974067	Q2095
Q11098740	Q2095
Q110997855	Q2095
Q110997855	Q40050
Q1110171	Q2095
Q1110171	Q40050
Q1110192	Q2095
Q111019266	Q2095
Q111028903	Q2095
Q111028903	Q40050
Q111028971	Q2095
Q111028971	Q40050
Q111029089	Q2095
Q111029089	Q40050
Q111029394	Q2095
Q111029394	Q40050
Q111029945	Q2095
Q111029945	Q40050
Q11103307	Q2095
Q111040548	Q2095
Q111046463	Q2095
Q11106	Q2095
Q111095697	Q2095
Q111095709	Q2095
Q111096445	Q2095
Q111097996	Q2095
Q111099291	Q2095
Q11111511	Q2095
Q11111511	Q40050
Q1111169	Q2095
Q111120215	Q2095
Q11113119	Q2095
Q11113287	Q2095
Q111133654	Q2095
Q111133655	Q2095
Q111153370	Q2095
Q111153370	Q40050
Q111171518	Q2095
Q111172550	Q2095
Q111172550	Q40050
Q11117465	Q2095
Q11117594	Q2095
Q111181715	Q2095
Q111182015	Q2095
Q11118783	Q2095
Q111190656	Q2095
Q111201505	Q2095
Q111201505	Q40050
Q1112057	Q2095
Q1112057	Q40050
Q111207587	Q2095
Q111207587	Q40050
Q111207593	Q2095
Q111207636	Q2095
Q111211562	Q2095
Q111211710	Q2095
Q111211805	Q2095
Q1112191	Q2095
Q111227491	Q2095
Q11125856	Q2095
Q1112606	Q2095
Q11126954	Q2095
Q11126954	Q40050
Q111283137	Q2095
Q11128870	Q2095
Q11130296	Q2095
Q111306412	Q2095
Q111314178	Q2095
Q111315249	Q2095
Q111315249	Q40050
Q111318005	Q2095
Q111329417	Q2095
Q1113301	Q2095
Q111335689	Q2095
Q11133630	Q2095
Q11133630	Q40050
Q111356050	Q2095
Q111360094	Q2095
Q111370754	Q2095
Q11137549	Q2095
Q11137549	Q40050
Q111398890	Q2095
Q111398939	Q2095
Q11140708	Q2095
Q11141042	Q2095
Q111421330	Q2095
Q111421330	Q40050
Q11142711	Q2095
Q11142810	Q2095
Q11144306	Q2095
Q111443336	Q2095
Q11144465	Q2095
Q111450509	Q2095
Q11145813	Q2095
Q11145813	Q40050
Q1114674	Q2095
Q11147805	Q2095
Q111494142	Q2095
Q11149430	Q2095
Q1115080	Q2095
Q1115080	Q40050
Q1115085	Q2095
Q111509746	Q2095
Q111509746	Q40050
Q11151345	Q2095
Q11153171	Q2095
Q111544100	Q2095
Q111575659	Q2095
Q111584831	Q2095
Q111584831	Q40050
Q111584837	Q2095
Q111584837	Q40050
Q111584846	Q2095
Q111584846	Q40050
Q111584860	Q2095
Q111584860	Q40050
Q111584906	Q2095
Q111584906	Q40050
Q111589037	Q2095
Q111589124	Q2095
Q11159	Q2095
Q111590368	Q2095
Q111590368	Q40050
Q11159183	Q2095
Q111598609	Q2095
Q111598964	Q2095
Q111604426	Q2095
Q11161	Q2095
Q11162	Q2095
Q111621158	Q2095
Q111621158	Q40050
Q111628882	Q2095
Q11164	Q2095
Q111651093	Q2095
Q111651093	Q40050
Q111653031	Q2095
Q111660902	Q2095
Q111660902	Q40050
Q1116734	Q2095
Q111674044	Q2095
Q11168485	Q2095
Q111687252	Q2095
Q111705550	Q2095
Q1117173	Q2095
Q111724269	Q2095
Q11172466	Q2095
Q11172495	Q2095
Q11172505	Q2095
Q11172515	Q2095
Q11172960	Q2095
Q11173321	Q2095
Q111734889	Q2095
Q11173928	Q2095
Q11174346	Q2095
Q11174489	Q2095
Q111745712	Q2095
Q11174787	Q2095
Q11174787	Q40050
Q111747941	Q2095
Q11174860	Q2095
Q11174861	Q2095
Q11174862	Q2095
Q11174939	Q2095
Q11175039	Q2095
Q11175394	Q2095
Q111755418	Q2095
Q11175878	Q2095
Q11175898	Q2095
Q11176730	Q2095
Q111784605	Q2095
Q111792608	Q2095
Q111794245	Q2095
Q111795828	Q2095
Q11179944	Q2095
Q11179980	Q2095
Q111804862	Q2095
Q11180598	Q2095
Q111812659	Q2095
Q1118196	Q2095
Q111826864	Q2095
Q111829191	Q2095
Q111834905	Q2095
Q111836713	Q2095
Q111836713	Q40050
Q111836983	Q2095
Q111846691	Q2095
Q11184977	Q2095
Q111855485	Q2095
Q111875190	Q2095
Q111875190	Q40050
Q11188147	Q2095
Q1118978	Q2095
Q11189865	Q2095
Q111898703	Q2095
Q11190199	Q2095
Q111904334	Q2095
Q111904767	Q2095
Q111904781	Q2095
Q111905143	Q2095
Q11190742	Q2095
Q111907435	Q2095
Q111908166	Q2095
Q111908166	Q40050
Q111909135	Q2095
Q111913166	Q2095
Q111913233	Q2095
Q111913468	Q2095
Q111914087	Q2095
Q111914931	Q2095
Q111915346	Q2095
Q111915346	Q40050
Q111915626	Q2095
Q111917546	Q2095
Q111917727	Q2095
Q111919719	Q2095
Q11192866	Q2095
Q11192866	Q40050
Q111937800	Q2095
Q111937800	Q40050
Q1119435	Q2095
Q11194892	Q2095
Q11195431	Q2095
Q11195431	Q40050
Q11195514	Q2095
Q111975411	Q2095
Q111975853	Q2095
Q111975853	Q40050
Q111981894	Q2095
Q111981908	Q2095
Q111981913	Q2095
Q1119911	Q2095
Q111992458	Q2095
Q112036371	Q2095
Q112042016	Q2095
Q112052646	Q2095
Q112053209	Q2095
Q112055300	Q2095
Q112057584	Q2095
Q112061588	Q2095
Q112073845	Q2095
Q112076360	Q2095
Q112076385	Q2095
Q112078825	Q2095
Q112078825	Q40050
Q1120818	Q2095
Q1120818	Q40050
Q1121085	Q2095
Q112109007	Q2095
Q112109007	Q40050
Q112116547	Q2095
Q112116547	Q40050
Q112117087	Q2095
Q112118165	Q2095
Q112118178	Q2095
Q112119030	Q2095
Q1121213	Q2095
Q112122384	Q2095
Q112122384	Q40050
Q1121224	Q2095
Q1121224	Q40050
Q112123070	Q2095
Q112123070	Q40050
Q112130176	Q2095
Q1121330	Q2095
Q1121330	Q40050
Q112150894	Q2095
Q112156900	Q2095
Q112165138	Q2095
Q112165148	Q2095
Q112165149	Q2095
Q112165151	Q2095
Q112165152	Q2095
Q112165154	Q2095
Q112165155	Q2095
Q112165669	Q2095
Q112168981	Q2095
Q112169778	Q2095
Q112173562	Q2095
Q112176713	Q2095
Q112178239	Q2095
Q112178239	Q40050
Q112182363	Q2095
Q112182375	Q2095
Q112182469	Q2095
Q112185001	Q2095
Q112194323	Q2095
Q112224246	Q2095
Q112224298	Q2095
Q112224321	Q2095
Q11223740	Q2095
Q11223740	Q40050
Q11223858	Q2095
Q11224176	Q2095
Q11224200	Q2095
Q112244816	Q2095
Q112247828	Q2095
Q112256513	Q2095
Q112257652	Q2095
Q11227166	Q2095
Q11228902	Q2095
Q112306487	Q2095
Q112306487	Q40050
Q112306519	Q2095
Q112306531	Q2095
Q112306588	Q2095
Q112306588	Q40050
Q112306602	Q2095
Q112306602	Q40050
Q11232157	Q2095
Q11232972	Q2095
Q11233148	Q2095
Q11233148	Q40050
Q11235217	Q2095
Q11235970	Q2095
Q11236775	Q2095
Q11237581	Q2095
Q11237581	Q40050
Q11238659	Q2095
Q11238799	Q2095
Q11239619	Q2095
Q112404922	Q2095
Q11241290	Q2095
Q11242256	Q2095
Q11242258	Q2095
Q11242475	Q2095
Q11242475	Q40050
Q1124327	Q2095
Q11243809	Q2095
Q1124398	Q2095
Q1124398	Q40050
Q1124672	Q2095
Q1124753	Q2095
Q1124761	Q2095
Q11247969	Q2095
Q11248972	Q2095
Q1125112	Q2095
Q11251780	Q2095
Q11251780	Q40050
Q11252514	Q2095
Q1125274	Q2095
Q1125320	Q2095
Q11254	Q2095
Q11254736	Q2095
Q11254736	Q40050
Q11254981	Q2095
Q1125542	Q2095
Q112567295	Q2095
Q11256851	Q2095
Q11256912	Q2095
Q11256939	Q2095
Q11256971	Q2095
Q11256971	Q40050
Q11257088	Q2095
Q11257243	Q2095
Q11257507	Q2095
Q11257745	Q2095
Q11257796	Q2095
Q11258023	Q2095
Q11258062	Q2095
Q11258259	Q2095
Q11258393	Q2095
Q112585939	Q2095
Q11258602	Q2095
Q112586067	Q2095
Q11258799	Q2095
Q11258806	Q2095
Q11258809	Q2095
Q11258817	Q2095
Q11258817	Q40050
Q11258834	Q2095
Q11258867	Q2095
Q11258882	Q2095
Q11258884	Q2095
Q11258896	Q2095
Q11258904	Q2095
Q11258929	Q2095
Q11258949	Q2095
Q11258949	Q40050
Q11259037	Q2095
Q11259057	Q2095
Q11259060	Q2095
Q11259115	Q2095
Q11259116	Q2095
Q11259182	Q2095
Q11259489	Q2095
Q11259528	Q2095
Q11259841	Q2095
Q11260025	Q2095
Q11260027	Q2095
Q11260315	Q2095
Q11260403	Q2095
Q11260432	Q2095
Q11260433	Q2095
Q11260435	Q2095
Q11260470	Q2095
Q112605733	Q2095
Q11260599	Q2095
Q11260623	Q2095
Q11260632	Q2095
Q11260635	Q2095
Q11260648	Q2095
Q11260677	Q2095
Q11260677	Q40050
Q11260682	Q2095
Q11260789	Q2095
Q112608074	Q2095
Q112608085	Q2095
Q112608085	Q40050
Q11260815	Q2095
Q11260930	Q2095
Q11260995	Q2095
Q112610072	Q2095
Q11261020	Q2095
Q11261069	Q2095
Q11261071	Q2095
Q11261074	Q2095
Q11261129	Q2095
Q11261190	Q2095
Q11261191	Q2095
Q11261365	Q2095
Q11261398	Q2095
Q11261445	Q2095
Q11261467	Q2095
Q11261489	Q2095
Q11261499	Q2095
Q11261547	Q2095
Q11261557	Q2095
Q11261726	Q2095
Q11261779	Q2095
Q11261791	Q2095
Q11261804	Q2095
Q11261814	Q2095
Q112618222	Q2095
Q11261883	Q2095
Q11262023	Q2095
Q112623018	Q2095
Q11262318	Q2095
Q11262341	Q2095
Q112623414	Q2095
Q11262599	Q2095
Q1126275	Q2095
Q11262779	Q2095
Q112628433	Q2095
Q11263417	Q2095
Q11263421	Q2095
Q11263584	Q2095
Q112635932	Q2095
Q112635932	Q40050
Q11263604	Q2095
Q11263643	Q2095
Q11263764	Q2095
Q11263774	Q2095
Q11263791	Q2095
Q11263802	Q2095
Q11263819	Q2095
Q11263884	Q2095
Q11263925	Q2095
Q11263945	Q2095
Q11264066	Q2095
Q11264119	Q2095
Q11264120	Q2095
Q11264136	Q2095
Q11264136	Q40050
Q11264154	Q2095
Q11264215	Q2095
Q11264256	Q2095
Q11264277	Q2095
Q11264297	Q2095
Q11264310	Q2095
Q11264314	Q2095
Q11264327	Q2095
Q11264327	Q40050
Q11264339	Q2095
Q11264362	Q2095
Q11264372	Q2095
Q11264386	Q2095
Q11264397	Q2095
Q11264521	Q2095
Q11264523	Q2095
Q11264587	Q2095
Q11264695	Q2095
Q11264697	Q2095
Q11264789	Q2095
Q11264807	Q2095
Q11264879	Q2095
Q11264882	Q2095
Q11265010	Q2095
Q11265229	Q2095
Q11265405	Q2095
Q112654213	Q2095
Q11265425	Q2095
Q112654653	Q2095
Q11265542	Q2095
Q11265742	Q2095
Q11265921	Q2095
Q11265923	Q2095
Q11265947	Q2095
Q11266026	Q2095
Q11266028	Q2095
Q112660788	Q2095
Q11266096	Q2095
Q112661348	Q2095
Q11266228	Q2095
Q11266440	Q2095
Q11266463	Q2095
Q11266608	Q2095
Q11266618	Q2095
Q11266889	Q2095
Q112669258	Q2095
Q112669702	Q2095
Q11267061	Q2095
Q11267063	Q2095
Q11267114	Q2095
Q11267199	Q2095
Q11267209	Q2095
Q11267210	Q2095
Q11267212	Q2095
Q112672127	Q2095
Q11267216	Q2095
Q11267263	Q2095
Q11267298	Q2095
Q112673004	Q2095
Q112673016	Q2095
Q112673016	Q40050
Q11267327	Q2095
Q112674694	Q2095
Q112674694	Q40050
Q112674922	Q2095
Q112675942	Q2095
Q11267635	Q2095
Q11267836	Q2095
Q11267876	Q2095
Q11267936	Q2095
Q11267938	Q2095
Q11267938	Q40050
Q11268063	Q2095
Q112681147	Q2095
Q112681147	Q40050
Q11268153	Q2095
Q11268639	Q2095
Q11268641	Q2095
Q11268660	Q2095
Q11268667	Q2095
Q11268685	Q2095
Q11268811	Q2095
Q11268882	Q2095
Q11268939	Q2095
Q11269157	Q2095
Q11269205	Q2095
Q11269248	Q2095
Q11269303	Q2095
Q11269366	Q2095
Q11269369	Q2095
Q11269378	Q2095
Q11269408	Q2095
Q11269413	Q2095
Q11269495	Q2095
Q11269621	Q2095
Q11269739	Q2095
Q11269939	Q2095
Q11270124	Q2095
Q11270124	Q40050
Q11270152	Q2095
Q11270205	Q2095
Q11270244	Q2095
Q11270472	Q2095
Q11270489	Q2095
Q11270489	Q40050
Q11270523	Q2095
Q11270523	Q40050
Q11270879	Q2095
Q11270968	Q2095
Q11271190	Q2095
Q11271290	Q2095
Q11271361	Q2095
Q11271375	Q2095
Q11271421	Q2095
Q11271477	Q2095
Q11271556	Q2095
Q11271585	Q2095
Q11271624	Q2095
Q11271682	Q2095
Q11271737	Q2095
Q11271920	Q2095
Q11271930	Q2095
Q11272048	Q2095
Q11272076	Q2095
Q11272080	Q2095
Q11272101	Q2095
Q11272188	Q2095
Q11272461	Q2095
Q11272509	Q2095
Q11272866	Q2095
Q11272875	Q2095
Q11272914	Q2095
Q11272921	Q2095
Q112729959	Q2095
Q112730001	Q2095
Q11273150	Q2095
Q11273229	Q2095
Q11273473	Q2095
Q11273516	Q2095
Q11273518	Q2095
Q11273547	Q2095
Q11273560	Q2095
Q11273589	Q2095
Q11273633	Q2095
Q11273798	Q2095
Q11273846	Q2095
Q11273854	Q2095
Q11273856	Q2095
Q11273893	Q2095
Q11273899	Q2095
Q11273957	Q2095
Q11273984	Q2095
Q11274144	Q2095
Q11274200	Q2095
Q11274235	Q2095
Q11274308	Q2095
Q11274308	Q40050
Q11274449	Q2095
Q11274474	Q2095
Q11274488	Q2095
Q11274510	Q2095
Q11274596	Q2095
Q11274724	Q2095
Q11274765	Q2095
Q11274898	Q2095
Q11274901	Q2095
Q11274901	Q40050
Q11274940	Q2095
Q11274985	Q2095
Q11275028	Q2095
Q11275124	Q2095
Q11275153	Q2095
Q11275191	Q2095
Q11275192	Q2095
Q11275307	Q2095
Q11275349	Q2095
Q11275521	Q2095
Q11275564	Q2095
Q11275575	Q2095
Q11275575	Q40050
Q11275595	Q2095
Q11275835	Q2095
Q11275959	Q2095
Q112759831	Q2095
Q112759831	Q40050
Q11276058	Q2095
Q112760594	Q2095
Q112760696	Q2095
Q11276076	Q2095
Q11276179	Q2095
Q11276230	Q2095
Q112762474	Q2095
Q11276259	Q2095
Q11276263	Q2095
Q11276269	Q2095
Q11276281	Q2095
Q11276695	Q2095
Q11276726	Q2095
Q11276726	Q40050
Q11276778	Q2095
Q11276996	Q2095
Q11277004	Q2095
Q1127705	Q2095
Q11277194	Q2095
Q11277195	Q2095
Q11277200	Q2095
Q11277208	Q2095
Q11277209	Q2095
Q11277418	Q2095
Q11277440	Q2095
Q11277477	Q2095
Q11277538	Q2095
Q11277583	Q2095
Q11277584	Q2095
Q11277590	Q2095
Q11277612	Q2095
Q11277624	Q2095
Q11277634	Q2095
Q11277740	Q2095
Q11277814	Q2095
Q112778777	Q2095
Q11277913	Q2095
Q11278027	Q2095
Q11278034	Q2095
Q11278034	Q40050
Q11278053	Q2095
Q11278088	Q2095
Q11278109	Q2095
Q11278209	Q2095
Q11278496	Q2095
Q11278555	Q2095
Q11278627	Q2095
Q11278637	Q2095
Q112787717	Q2095
Q11278790	Q2095
Q11278798	Q2095
Q11278798	Q40050
Q11278936	Q2095
Q11278944	Q2095
Q11278951	Q2095
Q11279007	Q2095
Q11279007	Q40050
Q11279318	Q2095
Q11279319	Q2095
Q112799255	Q2095
Q11280033	Q2095
Q11280034	Q2095
Q11280038	Q2095
Q11280099	Q2095
Q11280104	Q2095
Q11280200	Q2095
Q11280203	Q2095
Q11280251	Q2095
Q11280254	Q2095
Q11280354	Q2095
Q11280364	Q2095
Q11280753	Q2095
Q11281047	Q2095
Q11281050	Q2095
Q112813989	Q2095
Q112813989	Q40050
Q11281424	Q2095
Q1128163	Q2095
Q1128163	Q40050
Q11281792	Q2095
Q112818476	Q2095
Q11282169	Q2095
Q11282171	Q2095
Q11282175	Q2095
Q11282537	Q2095
Q11282537	Q40050
Q11282883	Q2095
Q11282883	Q40050
Q11282888	Q2095
Q11282888	Q40050
Q11283173	Q2095
Q11283173	Q40050
Q11283886	Q2095
Q11283886	Q40050
Q11284032	Q2095
Q1128444	Q2095
Q1128444	Q40050
Q112850312	Q2095
Q11285070	Q2095
Q11285070	Q40050
Q11285089	Q2095
Q11285089	Q40050
Q11285177	Q2095
Q11285229	Q2095
Q11285246	Q2095
Q11285246	Q40050
Q11285278	Q2095
Q11285384	Q2095
Q11285384	Q40050
Q11285588	Q2095
Q11285588	Q40050
Q11285764	Q2095
Q112860630	Q2095
Q11286341	Q2095
Q11286367	Q2095
Q11286427	Q2095
Q11286607	Q2095
Q11286607	Q40050
Q11286685	Q2095
Q11286686	Q2095
Q11286693	Q2095
Q11286693	Q40050
Q11286874	Q2095
Q11286892	Q2095
Q11287147	Q2095
Q11287332	Q2095
Q11287332	Q40050
Q11287400	Q2095
Q11287400	Q40050
Q112875918	Q2095
Q11288287	Q2095
Q11288323	Q2095
Q11288325	Q2095
Q11288325	Q40050
Q11288609	Q2095
Q11288757	Q2095
Q11289041	Q2095
Q11289046	Q2095
Q11289053	Q2095
Q11289053	Q40050
Q11289355	Q2095
Q11289419	Q2095
Q11289419	Q40050
Q11289615	Q2095
Q11289840	Q2095
Q11289840	Q40050
Q11289896	Q2095
Q11290005	Q2095
Q11290194	Q2095
Q11291153	Q2095
Q11291153	Q40050
Q11291312	Q2095
Q11291312	Q40050
Q11291366	Q2095
Q112913780	Q2095
Q112913780	Q40050
Q11291498	Q2095
Q11291498	Q40050
Q11291999	Q2095
Q11292372	Q2095
Q11292373	Q2095
Q11293225	Q2095
Q11293688	Q2095
Q11293739	Q2095
Q11293757	Q2095
Q11293757	Q40050
Q11293843	Q2095
Q11293960	Q2095
Q11293966	Q2095
Q11294083	Q2095
Q11294083	Q40050
Q11294085	Q2095
Q11294085	Q40050
Q11294248	Q2095
Q11294291	Q2095
Q11294292	Q2095
Q11294320	Q2095
Q11294320	Q40050
Q11294479	Q2095
Q11294485	Q2095
Q11294598	Q2095
Q11294598	Q40050
Q11294997	Q2095
Q11295147	Q2095
Q11295147	Q40050
Q11295150	Q2095
Q11295230	Q2095
Q11295230	Q40050
Q11295282	Q2095
Q11295282	Q40050
Q11295283	Q2095
Q11295284	Q2095
Q11295288	Q2095
Q11295436	Q2095
Q11295482	Q2095
Q11295520	Q2095
Q11295520	Q40050
Q11295521	Q2095
Q11295521	Q40050
Q11295522	Q2095
Q11295522	Q40050
Q11295711	Q2095
Q11296160	Q2095
Q11296314	Q2095
Q11296648	Q2095
Q11296678	Q2095
Q112967822	Q2095
Q11296812	Q2095
Q11297228	Q2095
Q11297275	Q2095
Q11297516	Q2095
Q11297516	Q40050
Q11297533	Q2095
Q112977543	Q2095
Q1129838	Q2095
Q11298635	Q2095
Q11298649	Q2095
Q11298739	Q2095
Q11299091	Q2095
Q11299418	Q2095
Q11299418	Q40050
Q11299457	Q2095
Q11299471	Q2095
Q11299565	Q2095
Q11299565	Q40050
Q11299605	Q2095
Q11299605	Q40050
Q112998953	Q2095
Q11299929	Q2095
Q11299991	Q2095
Q113002820	Q2095
Q113003157	Q2095
Q11300425	Q2095
Q11300425	Q40050
Q11300426	Q2095
Q11300426	Q40050
Q11300440	Q2095
Q11300522	Q2095
Q11300551	Q2095
Q11300551	Q40050
Q113009365	Q2095
Q11300957	Q2095
Q11301550	Q2095
Q11301806	Q2095
Q11301806	Q40050
Q11301817	Q2095
Q11301817	Q40050
Q11301893	Q2095
Q11301893	Q40050
Q11301946	Q2095
Q11302150	Q2095
Q11302268	Q2095
Q11302381	Q2095
Q1130245	Q2095
Q1130245	Q40050
Q1130250	Q2095
Q113028406	Q2095
Q11302948	Q2095
Q11302948	Q40050
Q11303423	Q2095
Q11303423	Q40050
Q11303453	Q2095
Q11303499	Q2095
Q11303596	Q2095
Q11303652	Q2095
Q11303684	Q2095
Q11303852	Q2095
Q113038963	Q2095
Q113039087	Q2095
Q11304576	Q2095
Q11304616	Q2095
Q11304616	Q40050
Q11304799	Q2095
Q11304799	Q40050
Q11304810	Q2095
Q11304812	Q2095
Q11304813	Q2095
Q11304814	Q2095
Q11304972	Q2095
Q11305834	Q2095
Q11305834	Q40050
Q11305839	Q2095
Q11305839	Q40050
Q11305844	Q2095
Q11305844	Q40050
Q11305846	Q2095
Q11305846	Q40050
Q11305999	Q2095
Q11306381	Q2095
Q11306591	Q2095
Q11306726	Q2095
Q11306726	Q40050
Q11306923	Q2095
Q113070503	Q2095
Q113070599	Q2095
Q11307140	Q2095
Q11307266	Q2095
Q11307369	Q2095
Q11307512	Q2095
Q11307629	Q2095
Q11307780	Q2095
Q11307787	Q2095
Q11307787	Q40050
Q11307835	Q2095
Q11307835	Q40050
Q11307887	Q2095
Q11307887	Q40050
Q1130800	Q2095
Q11308400	Q2095
Q11308400	Q40050
Q11308449	Q2095
Q11308473	Q2095
Q11308834	Q2095
Q11308887	Q2095
Q11309661	Q2095
Q11310088	Q2095
Q11310465	Q2095
Q11310468	Q2095
Q11310661	Q2095
Q113107649	Q2095
Q11310970	Q2095
Q11311060	Q2095
Q11311293	Q2095
Q11311293	Q40050
Q113114616	Q2095
Q11311616	Q2095
Q11311616	Q40050
Q11311915	Q2095
Q11311917	Q2095
Q11311918	Q2095
Q11312517	Q2095
Q11312517	Q40050
Q11312555	Q2095
Q11312646	Q2095
Q113130047	Q2095
Q113131032	Q2095
Q11313337	Q2095
Q113134143	Q2095
Q11313508	Q2095
Q11313508	Q40050
Q11314002	Q2095
Q11314011	Q2095
Q11314084	Q2095
Q11314084	Q40050
Q113143770	Q2095
Q113143770	Q40050
Q11314427	Q2095
Q11314581	Q2095
Q11314983	Q2095
Q113158882	Q2095
Q11316045	Q2095
Q11316417	Q2095
Q11316510	Q2095
Q11316528	Q2095
Q113174240	Q2095
Q113174240	Q40050
Q113174241	Q2095
Q113174241	Q40050
Q11317803	Q2095
Q11317803	Q40050
Q11317904	Q2095
Q11317905	Q2095
Q11318281	Q2095
Q1131837	Q2095
Q11318388	Q2095
Q11318419	Q2095
Q11318420	Q2095
Q11318424	Q2095
Q11318426	Q2095
Q11318428	Q2095
Q11318440	Q2095
Q11318547	Q2095
Q11318559	Q2095
Q11318584	Q2095
Q11318588	Q2095
Q11318643	Q2095
Q11318643	Q40050
Q11318890	Q2095
Q11318954	Q2095
Q11318954	Q40050
Q1131897	Q2095
Q1131897	Q40050
Q11319153	Q2095
Q11319153	Q40050
Q11319283	Q2095
Q113199286	Q2095
Q11321349	Q2095
Q11321349	Q40050
Q11321401	Q2095
Q11321957	Q2095
Q11321957	Q40050
Q11322056	Q2095
Q11322169	Q2095
Q11322169	Q40050
Q11322243	Q2095
Q11322253	Q2095
Q11322253	Q40050
Q11322573	Q2095
Q11322794	Q2095
Q11322928	Q2095
Q11322928	Q40050
Q11323173	Q2095
Q11324298	Q2095
Q11324336	Q2095
Q11324409	Q2095
Q11324409	Q40050
Q11324964	Q2095
Q11324964	Q40050
Q11325693	Q2095
Q11325693	Q40050
Q11325797	Q2095
Q11325797	Q40050
Q11325798	Q2095
Q11325798	Q40050
Q11326001	Q2095
Q11326001	Q40050
Q11326033	Q2095
Q11326034	Q2095
Q11326036	Q2095
Q11326069	Q2095
Q11326372	Q2095
Q11326469	Q2095
Q11326596	Q2095
Q1132679	Q2095
Q11327046	Q2095
Q11327115	Q2095
Q11327141	Q2095
Q11327392	Q2095
Q11327392	Q40050
Q11327589	Q2095
Q11327742	Q2095
Q11327743	Q2095
Q11327745	Q2095
Q113279398	Q2095
Q11327942	Q2095
Q11327953	Q2095
Q11327956	Q2095
Q11327988	Q2095
Q11328029	Q2095
Q11328029	Q40050
Q11328065	Q2095
Q11328065	Q40050
Q11328230	Q2095
Q11328230	Q40050
Q11328562	Q2095
Q11328605	Q2095
Q11328643	Q2095
Q113291374	Q2095
Q11329168	Q2095
Q113292533	Q2095
Q113292966	Q2095
Q113298200	Q2095
Q11330198	Q2095
Q11330205	Q2095
Q113302651	Q2095
Q11330634	Q2095
Q11330797	Q2095
Q1133104	Q2095
Q1133123	Q2095
Q1133127	Q2095
Q11331461	Q2095
Q11331598	Q2095
Q11331598	Q40050
Q11331654	Q2095
Q11331654	Q40050
Q11331741	Q2095
Q11331991	Q2095
Q1133209	Q2095
Q11332167	Q2095
Q11332417	Q2095
Q11332507	Q2095
Q1133342	Q2095
Q11333432	Q2095
Q113334375	Q2095
Q11333438	Q2095
Q11333615	Q2095
Q113339	Q2095
Q113339	Q40050
Q11333930	Q2095
Q11333951	Q2095
Q11333951	Q40050
Q11334094	Q2095
Q11334094	Q40050
Q11334340	Q2095
Q11334688	Q2095
Q113348972	Q2095
Q11335008	Q2095
Q11335008	Q40050
Q11335081	Q2095
Q11335081	Q40050
Q11335169	Q2095
Q11335169	Q40050
Q11335301	Q2095
Q11335301	Q40050
Q11335663	Q2095
Q11335862	Q2095
Q11335934	Q2095
Q11335934	Q40050
Q11336275	Q2095
Q11336635	Q2095
Q11336637	Q2095
Q113368015	Q2095
Q11336977	Q2095
Q11337025	Q2095
Q11337029	Q2095
Q11337030	Q2095
Q11337030	Q40050
Q1133722	Q2095
Q113373355	Q2095
Q113373355	Q40050
Q11337373	Q2095
Q113374280	Q2095
Q113374280	Q40050
Q113374299	Q2095
Q1133745	Q2095
Q113376865	Q2095
Q11337766	Q2095
Q11337807	Q2095
Q11337807	Q40050
Q11338074	Q2095
Q11338075	Q2095
Q11338102	Q2095
Q11338139	Q2095
Q11338154	Q2095
Q113381739	Q2095
Q11338415	Q2095
Q11338428	Q2095
Q11338601	Q2095
Q11338657	Q2095
Q11338657	Q40050
Q11338778	Q2095
Q11338779	Q2095
Q11338779	Q40050
Q11338785	Q2095
Q11338785	Q40050
Q11338827	Q2095
Q11338875	Q2095
Q113389041	Q2095
Q113389225	Q2095
Q113389255	Q2095
Q113389319	Q2095
Q113389900	Q2095
Q113390657	Q2095
Q113390657	Q40050
Q113390839	Q2095
Q11339168	Q2095
Q11339168	Q40050
Q11339220	Q2095
Q11339222	Q2095
Q11339225	Q2095
Q11339275	Q2095
Q1133945	Q2095
Q11339483	Q2095
Q11339483	Q40050
Q11339918	Q2095
Q11340176	Q2095
Q11340273	Q2095
Q11340273	Q40050
Q11340457	Q2095
Q11340898	Q2095
Q11340923	Q2095
Q113410072	Q2095
Q113410153	Q2095
Q113410616	Q2095
Q11341085	Q2095
Q11341085	Q40050
Q113411438	Q2095
Q11341180	Q2095
Q11341292	Q2095
Q11341301	Q2095
Q113415553	Q2095
Q11341801	Q2095
Q11341815	Q2095
Q11341994	Q2095
Q11342193	Q2095
Q11342193	Q40050
Q11342363	Q2095
Q11342511	Q2095
Q11342877	Q2095
Q11342877	Q40050
Q11342911	Q2095
Q11342916	Q2095
Q11342935	Q2095
Q11342949	Q2095
Q11342962	Q2095
Q11342980	Q2095
Q11343007	Q2095
Q11343012	Q2095
Q11343012	Q40050
Q11343134	Q2095
Q11343134	Q40050
Q113432237	Q2095
Q113432251	Q2095
Q11343229	Q2095
Q113434795	Q2095
Q11343518	Q2095
Q11344145	Q2095
Q11344146	Q2095
Q11344146	Q40050
Q11344149	Q2095
Q11344348	Q2095
Q11344348	Q40050
Q11344415	Q2095
Q11344563	Q2095
Q11344627	Q2095
Q11344627	Q40050
Q113451751	Q2095
Q113455543	Q2095
Q11345615	Q2095
Q11345818	Q2095
Q11346020	Q2095
Q11346028	Q2095
Q11346028	Q40050
Q11346205	Q2095
Q11346205	Q40050
Q113463743	Q2095
Q113466947	Q2095
Q113468779	Q2095
Q113468779	Q40050
Q11346907	Q2095
Q1134713	Q2095
Q1134713	Q40050
Q11347260	Q2095
Q11347431	Q2095
Q11347447	Q2095
Q11347547	Q2095
Q11347758	Q2095
Q11347764	Q2095
Q11347810	Q2095
Q11347810	Q40050
Q11347920	Q2095
Q11347920	Q40050
Q1134797	Q2095
Q1134797	Q40050
Q113480487	Q2095
Q113481770	Q2095
Q113481959	Q2095
Q11348512	Q2095
Q11348710	Q2095
Q113487285	Q2095
Q11348844	Q2095
Q11348950	Q2095
Q11348961	Q2095
Q11349209	Q2095
Q11349209	Q40050
Q113493151	Q2095
Q11349540	Q2095
Q11349540	Q40050
Q11349663	Q2095
Q11349819	Q2095
Q11349933	Q2095
Q113499431	Q2095
Q11350917	Q2095
Q11351199	Q2095
Q11351260	Q2095
Q11351281	Q2095
Q11351431	Q2095
Q11351495	Q2095
Q11351495	Q40050
Q11351678	Q2095
Q11351678	Q40050
Q113517007	Q2095
Q11352226	Q2095
Q11352485	Q2095
Q11352713	Q2095
Q11352761	Q2095
Q113530798	Q2095
Q11353238	Q2095
Q1135327	Q2095
Q113534616	Q2095
Q11353687	Q2095
Q11353986	Q2095
Q11355117	Q2095
Q1135526	Q2095
Q11355298	Q2095
Q11355376	Q2095
Q1135539	Q2095
Q11355870	Q2095
Q113560755	Q2095
Q1135639	Q2095
Q1135639	Q40050
Q11356390	Q2095
Q113564248	Q2095
Q11356762	Q2095
Q11356842	Q2095
Q11356922	Q2095
Q11357026	Q2095
Q11357026	Q40050
Q11357411	Q2095
Q11357853	Q2095
Q1135788	Q2095
Q113581194	Q2095
Q113581194	Q40050
Q1135831	Q2095
Q11358938	Q2095
Q11359063	Q2095
Q11360029	Q2095
Q11360567	Q2095
Q11360567	Q40050
Q11360600	Q2095
Q11360667	Q2095
Q113612703	Q2095
Q113620534	Q2095
Q113620534	Q40050
Q113621010	Q2095
Q113624894	Q2095
Q11362646	Q2095
Q113627927	Q2095
Q1136304	Q2095
Q113644741	Q2095
Q113645506	Q2095
Q1136488	Q2095
Q113648975	Q2095
Q113649017	Q2095
Q1136498	Q2095
Q113653553	Q2095
Q1136551	Q2095
Q1136551	Q40050
Q1136584	Q2095
Q1136584	Q40050
Q1136588	Q2095
Q1136588	Q40050
Q113659074	Q2095
Q1136591	Q2095
Q1136591	Q40050
Q1136596	Q2095
Q1136596	Q40050
Q1136597	Q2095
Q1136597	Q40050
Q1136598	Q2095
Q1136598	Q40050
Q1136602	Q2095
Q1136602	Q40050
Q1136603	Q2095
Q1136603	Q40050
Q1136605	Q2095
Q1136605	Q40050
Q1136606	Q2095
Q1136606	Q40050
Q1136610	Q2095
Q1136610	Q40050
Q11366283	Q2095
Q113666509	Q2095
Q113667563	Q2095
Q1136702	Q2095
Q11367190	Q2095
Q11367841	Q2095
Q11367883	Q2095
Q11367956	Q2095
Q113680307	Q2095
Q113680577	Q2095
Q113680577	Q40050
Q1136833	Q2095
Q1136847	Q2095
Q113685625	Q2095
Q1136876	Q2095
Q1136907	Q2095
Q1136961	Q2095
Q113699860	Q2095
Q11370031	Q2095
Q11370409	Q2095
Q11370574	Q2095
Q11370671	Q2095
Q11370689	Q2095
Q11371209	Q2095
Q113712201	Q2095
Q1137204	Q2095
Q11372049	Q2095
Q11372295	Q2095
Q11372634	Q2095
Q11372637	Q2095
Q11372639	Q2095
Q11373260	Q2095
Q113739	Q2095
Q11374565	Q2095
Q11374720	Q2095
Q11374829	Q2095
Q1137495	Q2095
Q113754254	Q2095
Q113754254	Q40050
Q113756295	Q2095
Q113756295	Q40050
Q113756305	Q2095
Q113756305	Q40050
Q113756309	Q2095
Q113756585	Q2095
Q113756585	Q40050
Q11375740	Q2095
Q1137604	Q2095
Q1137604	Q40050
Q11376061	Q2095
Q1137679	Q2095
Q1137701	Q2095
Q113773034	Q2095
Q113773034	Q40050
Q113773097	Q2095
Q113773149	Q2095
Q113773149	Q40050
Q11377628	Q2095
Q11377735	Q2095
Q11377768	Q2095
Q11377799	Q2095
Q1137797	Q2095
Q1137803	Q2095
Q11378039	Q2095
Q11378086	Q2095
Q11378101	Q2095
Q11378279	Q2095
Q11378430	Q2095
Q113785146	Q2095
Q11378795	Q2095
Q11378795	Q40050
Q11378803	Q2095
Q11378913	Q2095
Q11378917	Q2095
Q11379123	Q2095
Q11379123	Q40050
Q11379187	Q2095
Q11379187	Q40050
Q1137966	Q2095
Q11380668	Q2095
Q11380763	Q2095
Q11381421	Q2095
Q11381472	Q2095
Q113815312	Q2095
Q11381662	Q2095
Q11381682	Q2095
Q11381682	Q40050
Q11381686	Q2095
Q11381686	Q40050
Q11381926	Q2095
Q113828119	Q2095
Q11383028	Q2095
Q113833296	Q2095
Q113833737	Q2095
Q1138371	Q2095
Q113840312	Q2095
Q113840405	Q2095
Q113840552	Q2095
Q1138468	Q2095
Q1138468	Q40050
Q11384932	Q2095
Q113852765	Q2095
Q113852779	Q2095
Q113854965	Q2095
Q113855577	Q2095
Q11385745	Q2095
Q113858365	Q2095
Q113858921	Q2095
Q113859684	Q2095
Q11386069	Q2095
Q11386071	Q2095
Q11386094	Q2095
Q11386205	Q2095
Q113869555	Q2095
Q113869555	Q40050
Q11387612	Q2095
Q11387612	Q40050
Q11388871	Q2095
Q11389772	Q2095
Q113900228	Q2095
Q113900280	Q2095
Q11390440	Q2095
Q11390605	Q2095
Q11390680	Q2095
Q11390756	Q2095
Q11390756	Q40050
Q11390969	Q2095
Q11391101	Q2095
Q11391124	Q2095
Q11391553	Q2095
Q11391786	Q2095
Q11392516	Q2095
Q11392800	Q2095
Q1139302	Q2095
Q1139319	Q2095
Q1139364	Q2095
Q11393689	Q2095
Q11393750	Q2095
Q1139389	Q2095
Q113946149	Q2095
Q113948914	Q2095
Q113952065	Q2095
Q113952068	Q2095
Q1139527	Q2095
Q11395289	Q2095
Q11395299	Q2095
Q11395303	Q2095
Q11395307	Q2095
Q11395308	Q2095
Q1139546	Q2095
Q1139549	Q2095
Q1139549	Q40050
Q113956814	Q2095
Q113956814	Q40050
Q11395758	Q2095
Q113958126	Q2095
Q113958138	Q2095
Q11395837	Q2095
Q11395942	Q2095
Q11396182	Q2095
Q11396678	Q2095
Q11396701	Q2095
Q11396840	Q2095
Q11396941	Q2095
Q11397032	Q2095
Q11397033	Q2095
Q113976567	Q2095
Q113988259	Q2095
Q11398910	Q2095
Q113996881	Q2095
Q113997060	Q2095
Q11399749	Q2095
Q11399779	Q2095
Q11399815	Q2095
Q114002041	Q2095
Q114002041	Q40050
Q11400397	Q2095
Q1140098	Q2095
Q1140131	Q2095
Q1140186	Q2095
Q11402186	Q2095
Q114023789	Q2095
Q11402431	Q2095
Q114040821	Q2095
Q114042285	Q2095
Q114042294	Q2095
Q1140464	Q2095
Q11404743	Q2095
Q11404913	Q2095
Q11404916	Q2095
Q114049673	Q2095
Q114049673	Q40050
Q11405053	Q2095
Q11405208	Q2095
Q11405615	Q2095
Q1140567	Q2095
Q114057994	Q2095
Q11406984	Q2095
Q11407832	Q2095
Q11408324	Q2095
Q11408416	Q2095
Q11408569	Q2095
Q11408659	Q2095
Q11408659	Q40050
Q114088286	Q2095
Q11408972	Q2095
Q11409180	Q2095
Q11409239	Q2095
Q1140959	Q2095
Q1141033	Q2095
Q11410776	Q2095
Q11410776	Q40050
Q11411983	Q2095
Q11412305	Q2095
Q11412389	Q2095
Q11412390	Q2095
Q11412640	Q2095
Q11412715	Q2095
Q1141370	Q2095
Q11413827	Q2095
Q11414538	Q2095
Q1141574	Q2095
Q11416718	Q2095
Q11416782	Q2095
Q1141693	Q2095
Q1141693	Q40050
Q11417011	Q2095
Q11417012	Q2095
Q11417013	Q2095
Q11417014	Q2095
Q11417017	Q2095
Q11417018	Q2095
Q11417019	Q2095
Q11417020	Q2095
Q11417021	Q2095
Q11417298	Q2095
Q11417716	Q2095
Q11418243	Q2095
Q11418356	Q2095
Q11418497	Q2095
Q11418680	Q2095
Q11418701	Q2095
Q11419150	Q2095
Q11419918	Q2095
Q11420167	Q2095
Q1142021	Q2095
Q1142021	Q40050
Q1142029	Q2095
Q11420440	Q2095
Q1142123	Q2095
Q11421284	Q2095
Q114213193	Q2095
Q11422173	Q2095
Q114226148	Q2095
Q114226148	Q40050
Q11423039	Q2095
Q11423044	Q2095
Q11423054	Q2095
Q1142449	Q2095
Q1142459	Q2095
Q1142459	Q40050
Q11424710	Q2095
Q11424710	Q40050
Q1142483	Q2095
Q1142484	Q2095
Q1142484	Q40050
Q1142485	Q2095
Q1142485	Q40050
Q1142487	Q2095
Q1142487	Q40050
Q1142503	Q2095
Q1142506	Q2095
Q1142539	Q2095
Q11425631	Q2095
Q11427849	Q2095
Q1142836	Q2095
Q1142841	Q2095
Q11428578	Q2095
Q11428579	Q2095
Q11428589	Q2095
Q11428593	Q2095
Q11428594	Q2095
Q11428977	Q2095
Q114290659	Q2095
Q1142939	Q2095
Q11429632	Q2095
Q11429632	Q40050
Q1142986	Q2095
Q1142986	Q40050
Q1142998	Q2095
Q11430289	Q2095
Q11432638	Q2095
Q11433019	Q2095
Q11433019	Q40050
Q11433503	Q2095
Q11433557	Q2095
Q11433557	Q40050
Q11433594	Q2095
Q11433717	Q2095
Q1143401	Q2095
Q114347778	Q2095
Q114352250	Q2095
Q114353571	Q2095
Q114353925	Q2095
Q114353925	Q40050
Q11435539	Q2095
Q11435991	Q2095
Q114362092	Q2095
Q114362093	Q2095
Q114362094	Q2095
Q11436258	Q2095
Q114363284	Q2095
Q11436997	Q2095
Q1143727	Q2095
Q11438129	Q2095
Q11438619	Q2095
Q11439849	Q2095
Q1144102	Q2095
Q1144106	Q2095
Q1144139	Q2095
Q11441527	Q2095
Q11442097	Q2095
Q11442105	Q2095
Q114421387	Q2095
Q11442200	Q2095
Q114422469	Q2095
Q11442514	Q2095
Q11442943	Q2095
Q11442950	Q2095
Q11443039	Q2095
Q11443332	Q2095
Q11443995	Q2095
Q11444867	Q2095
Q11444867	Q40050
Q11445132	Q2095
Q11445430	Q2095
Q1144556	Q2095
Q11445585	Q2095
Q1144668	Q2095
Q11447460	Q2095
Q114475740	Q2095
Q114475740	Q40050
Q11447803	Q2095
Q11447803	Q40050
Q11447901	Q2095
Q1144889	Q2095
Q1144927	Q2095
Q1144935	Q2095
Q11449516	Q2095
Q11449516	Q40050
Q11449789	Q2095
Q11449960	Q2095
Q11450321	Q2095
Q1145039	Q2095
Q11450919	Q2095
Q11451687	Q2095
Q11452659	Q2095
Q11453069	Q2095
Q11453447	Q2095
Q11454169	Q2095
Q11454373	Q2095
Q11455608	Q2095
Q11455801	Q2095
Q114559542	Q2095
Q11455957	Q2095
Q11456003	Q2095
Q11456003	Q40050
Q11456299	Q2095
Q11456312	Q2095
Q114564161	Q2095
Q114564249	Q2095
Q114564252	Q2095
Q114564263	Q2095
Q114564265	Q2095
Q114564301	Q2095
Q114565330	Q2095
Q114565330	Q40050
Q11456979	Q2095
Q11457145	Q2095
Q11457280	Q2095
Q11458199	Q2095
Q1145832	Q2095
Q11458750	Q2095
Q11458898	Q2095
Q1146046	Q2095
Q1146093	Q2095
Q11461968	Q2095
Q114626741	Q2095
Q11462940	Q2095
Q11462941	Q2095
Q114634252	Q2095
Q11464369	Q2095
Q11464483	Q2095
Q11464483	Q40050
Q114646384	Q2095
Q114646384	Q40050
Q11464898	Q2095
Q11465459	Q2095
Q11465772	Q2095
Q11466334	Q2095
Q1146721	Q2095
Q1146721	Q40050
Q114676900	Q2095
Q114679328	Q2095
Q1146826	Q2095
Q1146826	Q40050
Q11468260	Q2095
Q1146928	Q2095
Q11470005	Q2095
Q114701058	Q2095
Q1147035	Q2095
Q11470942	Q2095
Q11471083	Q2095
Q1147190	Q2095
Q1147190	Q40050
Q11472234	Q2095
Q114733505	Q2095
Q114733853	Q2095
Q11473964	Q2095
Q11474262	Q2095
Q11475216	Q2095
Q11475284	Q2095
Q11475333	Q2095
Q11475346	Q2095
Q114756150	Q2095
Q1147571	Q2095
Q1147571	Q40050
Q114760518	Q2095
Q11476054	Q2095
Q11476280	Q2095
Q1147677	Q2095
Q114779420	Q2095
Q114789363	Q2095
Q11479217	Q2095
Q11479380	Q2095
Q1147946	Q2095
Q114796671	Q2095
Q1148077	Q2095
Q11481352	Q2095
Q11481723	Q2095
Q11481736	Q2095
Q11481890	Q2095
Q11481892	Q2095
Q11481915	Q2095
Q114832486	Q2095
Q11483853	Q2095
Q11483874	Q2095
Q11484408	Q2095
Q11484441	Q2095
Q11486053	Q2095
Q11487140	Q2095
Q11487172	Q2095
Q114875798	Q2095
Q114877258	Q2095
Q114877258	Q40050
Q11487735	Q2095
Q1148776	Q2095
Q114888032	Q2095
Q11488935	Q2095
Q1148919	Q2095
Q11489246	Q2095
Q11489261	Q2095
Q11489262	Q2095
Q11489309	Q2095
Q11489657	Q2095
Q11489671	Q2095
Q11490398	Q2095
Q114905118	Q2095
Q114924	Q2095
Q11492452	Q2095
Q114932667	Q2095
Q11493481	Q2095
Q11495440	Q2095
Q11496170	Q2095
Q11496171	Q2095
Q11496655	Q2095
Q11496877	Q2095
Q11497126	Q2095
Q11497260	Q2095
Q11498397	Q2095
Q11498426	Q2095
Q11498426	Q40050
Q11498438	Q2095
Q11498439	Q2095
Q11498516	Q2095
Q11498707	Q2095
Q11498791	Q2095
Q11499086	Q2095
Q11499111	Q2095
Q11499111	Q40050
Q11499259	Q2095
Q11499534	Q2095
Q114998143	Q2095
Q114998143	Q40050
Q115000483	Q2095
Q115011594	Q2095
Q1150150	Q2095
Q11501703	Q2095
Q11501752	Q2095
Q11501752	Q40050
Q11502124	Q2095
Q11502783	Q2095
Q11502972	Q2095
Q115033296	Q2095
Q115036294	Q2095
Q115038633	Q2095
Q115039421	Q2095
Q115039569	Q2095
Q115040383	Q2095
Q115040524	Q2095
Q115048728	Q2095
Q11504931	Q2095
Q115049415	Q2095
Q115054111	Q2095
Q115055877	Q2095
Q11507075	Q2095
Q1150728	Q2095
Q1150728	Q40050
Q1150849	Q2095
Q1150849	Q40050
Q1150860	Q2095
Q1150860	Q40050
Q11509025	Q2095
Q11509025	Q40050
Q1150915	Q2095
Q1150915	Q40050
Q1150937	Q2095
Q1150937	Q40050
Q11509519	Q2095
Q11509519	Q40050
Q11509651	Q2095
Q11509654	Q2095
Q11509658	Q2095
Q1150971	Q2095
Q1150971	Q40050
Q1150976	Q2095
Q1150976	Q40050
Q1150979	Q2095
Q1150979	Q40050
Q1150981	Q2095
Q1150981	Q40050
Q1150985	Q2095
Q1150985	Q40050
Q115098530	Q2095
Q1150988	Q2095
Q1150988	Q40050
Q11509898	Q2095
Q1150990	Q2095
Q1150990	Q40050
Q1150991	Q2095
Q1150991	Q40050
Q1150995	Q2095
Q1150995	Q40050
Q1150996	Q2095
Q1150996	Q40050
Q1151005	Q2095
Q1151005	Q40050
Q1151010	Q2095
Q1151010	Q40050
Q1151015	Q2095
Q1151015	Q40050
Q1151017	Q2095
Q1151017	Q40050
Q11510628	Q2095
Q1151092	Q2095
Q11511231	Q2095
Q115113002	Q2095
Q115113002	Q40050
Q11511626	Q2095
Q11511859	Q2095
Q11511882	Q2095
Q11511884	Q2095
Q11511886	Q2095
Q11511886	Q40050
Q11512091	Q2095
Q11512286	Q2095
Q11512293	Q2095
Q11512293	Q40050
Q11512294	Q2095
Q11512294	Q40050
Q11512296	Q2095
Q11512298	Q2095
Q11512298	Q40050
Q115125851	Q2095
Q115136624	Q2095
Q11513842	Q2095
Q115142470	Q2095
Q11514494	Q2095
Q11514495	Q2095
Q115147923	Q2095
Q115147930	Q2095
Q115149470	Q2095
Q115152034	Q2095
Q115152134	Q2095
Q115160304	Q2095
Q11516035	Q2095
Q11516405	Q2095
Q115164521	Q2095
Q115164693	Q2095
Q115165283	Q2095
Q11516578	Q2095
Q115166223	Q2095
Q115166341	Q2095
Q11517869	Q2095
Q11517913	Q2095
Q11517915	Q2095
Q11517918	Q2095
Q11518501	Q2095
Q1151879	Q2095
Q1151879	Q40050
Q115188364	Q2095
Q115193626	Q2095
Q115193626	Q40050
Q115202716	Q2095
Q115205140	Q2095
Q115205825	Q2095
Q11521610	Q2095
Q11521612	Q2095
Q1152248	Q2095
Q1152248	Q40050
Q11525024	Q2095
Q11525024	Q40050
Q115251	Q2095
Q1152551	Q2095
Q1152551	Q40050
Q115259290	Q2095
Q11527297	Q2095
Q1152783	Q2095
Q1152821	Q2095
Q11528422	Q2095
Q11529313	Q2095
Q11529950	Q2095
Q115300807	Q2095
Q115300807	Q40050
Q115301128	Q2095
Q115301128	Q40050
Q115304508	Q2095
Q115315058	Q2095
Q11532457	Q2095
Q11533510	Q2095
Q11534724	Q2095
Q115353571	Q2095
Q11535612	Q2095
Q11535759	Q2095
Q11535786	Q2095
Q11536097	Q2095
Q11536098	Q2095
Q11536457	Q2095
Q11536888	Q2095
Q11536888	Q40050
Q11536931	Q2095
Q11536931	Q40050
Q11537027	Q2095
Q11537252	Q2095
Q11537642	Q2095
Q11537649	Q2095
Q11537667	Q2095
Q115377291	Q2095
Q115379803	Q2095
Q115379803	Q40050
Q11538137	Q2095
Q11538228	Q2095
Q11538239	Q2095
Q11538378	Q2095
Q115385112	Q2095
Q115386099	Q2095
Q11538967	Q2095
Q11538971	Q2095
Q11539277	Q2095
Q11539277	Q40050
Q11539932	Q2095
Q11539955	Q2095
Q11539955	Q40050
Q11540467	Q2095
Q115408718	Q2095
Q1154164	Q2095
Q11542213	Q2095
Q1154225	Q2095
Q11542761	Q2095
Q11543501	Q2095
Q115435012	Q2095
Q115435012	Q40050
Q115435123	Q2095
Q115435123	Q40050
Q115435494	Q2095
Q115435494	Q40050
Q115435523	Q2095
Q115435523	Q40050
Q115435591	Q2095
Q115435591	Q40050
Q115435644	Q2095
Q115435644	Q40050
Q115443	Q2095
Q11544908	Q2095
Q115456597	Q2095
Q11547034	Q2095
Q115474	Q2095
Q115478274	Q2095
Q115478274	Q40050
Q11548023	Q2095
Q11548151	Q2095
Q11548633	Q2095
Q11548637	Q2095
Q11548828	Q2095
Q11548941	Q2095
Q11549231	Q2095
Q11549267	Q2095
Q11549635	Q2095
Q11549635	Q40050
Q11549638	Q2095
Q11549639	Q2095
Q11549659	Q2095
Q1154989	Q2095
Q1154989	Q40050
Q115499544	Q2095
Q11550577	Q2095
Q115507887	Q2095
Q11550970	Q2095
Q11550988	Q2095
Q11551104	Q2095
Q11551127	Q2095
Q115512140	Q2095
Q115515499	Q2095
Q115519518	Q2095
Q11552547	Q2095
Q11553410	Q2095
Q11554097	Q2095
Q11554312	Q2095
Q11554313	Q2095
Q11554329	Q2095
Q11554370	Q2095
Q115549260	Q2095
Q11555357	Q2095
Q115556938	Q2095
Q11556384	Q2095
Q11556392	Q2095
Q11556400	Q2095
Q11556721	Q2095
Q115570247	Q2095
Q115570247	Q40050
Q1155703	Q2095
Q1155703	Q40050
Q115574159	Q2095
Q11557591	Q2095
Q11558269	Q2095
Q11559112	Q2095
Q11559206	Q2095
Q11559212	Q2095
Q11559234	Q2095
Q11559422	Q2095
Q11559796	Q2095
Q11559815	Q2095
Q11559819	Q2095
Q11559843	Q2095
Q11559937	Q2095
Q11560264	Q2095
Q11560264	Q40050
Q11560393	Q2095
Q11560393	Q40050
Q115604898	Q2095
Q115604898	Q40050
Q115607456	Q2095
Q115607456	Q40050
Q115607485	Q2095
Q115607485	Q40050
Q115607684	Q2095
Q115607684	Q40050
Q115607763	Q2095
Q115609194	Q2095
Q115609440	Q2095
Q115609456	Q2095
Q115609509	Q2095
Q115615436	Q2095
Q115617830	Q2095
Q115617830	Q40050
Q115617837	Q2095
Q115617837	Q40050
Q115617924	Q2095
Q115617924	Q40050
Q115617944	Q2095
Q115617944	Q40050
Q115617949	Q2095
Q115617949	Q40050
Q115618168	Q2095
Q115618168	Q40050
Q115618304	Q2095
Q115618359	Q2095
Q115618375	Q2095
Q115618379	Q2095
Q115618401	Q2095
Q115618407	Q2095
Q115618410	Q2095
Q115618416	Q2095
Q115618429	Q2095
Q115618436	Q2095
Q115618468	Q2095
Q115618479	Q2095
Q115618486	Q2095
Q115618500	Q2095
Q115618505	Q2095
Q115618507	Q2095
Q115618510	Q2095
Q115618517	Q2095
Q115618517	Q40050
Q115618523	Q2095
Q115618544	Q2095
Q115618563	Q2095
Q115618574	Q2095
Q115618581	Q2095
Q115618640	Q2095
Q115618652	Q2095
Q115618750	Q2095
Q115618753	Q2095
Q115618760	Q2095
Q115618791	Q2095
Q115618800	Q2095
Q115618813	Q2095
Q115618816	Q2095
Q115618818	Q2095
Q115618823	Q2095
Q115618827	Q2095
Q115618843	Q2095
Q115619065	Q2095
Q115619069	Q2095
Q115619074	Q2095
Q115619076	Q2095
Q115619082	Q2095
Q115619085	Q2095
Q115619093	Q2095
Q115619118	Q2095
Q115619121	Q2095
Q115619132	Q2095
Q115619182	Q2095
Q115619185	Q2095
Q115619190	Q2095
Q115619194	Q2095
Q115619200	Q2095
Q115619205	Q2095
Q115619209	Q2095
Q115619212	Q2095
Q115619224	Q2095
Q115619228	Q2095
Q115619231	Q2095
Q115626192	Q2095
Q11562894	Q2095
Q11562951	Q2095
Q11562951	Q40050
Q11562975	Q2095
Q11562990	Q2095
Q11563656	Q2095
Q11563737	Q2095
Q11563774	Q2095
Q11564080	Q2095
Q11564135	Q2095
Q11564135	Q40050
Q11564137	Q2095
Q11565048	Q2095
Q1156522	Q2095
Q1156522	Q40050
Q11565590	Q2095
Q11565716	Q2095
Q11566111	Q2095
Q1156634	Q2095
Q115663659	Q2095
Q11566510	Q2095
Q115668676	Q2095
Q115668676	Q40050
Q1156691	Q2095
Q11567016	Q2095
Q11567016	Q40050
Q115670395	Q2095
Q11567137	Q2095
Q11567414	Q2095
Q11567414	Q40050
Q11567618	Q2095
Q11567619	Q2095
Q11567620	Q2095
Q11567623	Q2095
Q11567626	Q2095
Q11567629	Q2095
Q11567676	Q2095
Q11567681	Q2095
Q11567691	Q2095
Q11567797	Q2095
Q11567801	Q2095
Q11567803	Q2095
Q115678396	Q2095
Q11567931	Q2095
Q11568691	Q2095
Q115690026	Q2095
Q11569253	Q2095
Q11569315	Q2095
Q11569896	Q2095
Q11570019	Q2095
Q11570036	Q2095
Q115700524	Q2095
Q11570067	Q2095
Q115702169	Q2095
Q11570229	Q2095
Q11570320	Q2095
Q11570322	Q2095
Q11571233	Q2095
Q11571233	Q40050
Q115714347	Q2095
Q115714743	Q2095
Q115714993	Q2095
Q11571934	Q2095
Q11572043	Q2095
Q11572403	Q2095
Q11572418	Q2095
Q11572492	Q2095
Q11572769	Q2095
Q115730138	Q2095
Q115732147	Q2095
Q11573721	Q2095
Q11573998	Q2095
Q11574180	Q2095
Q11574182	Q2095
Q11574227	Q2095
Q11574262	Q2095
Q11574319	Q2095
Q11574320	Q2095
Q11574384	Q2095
Q11574395	Q2095
Q11574398	Q2095
Q11574840	Q2095
Q11574840	Q40050
Q11574844	Q2095
Q11574844	Q40050
Q11574949	Q2095
Q11574954	Q2095
Q115749912	Q2095
Q11576725	Q2095
Q1157710	Q2095
Q1157769	Q2095
Q11577834	Q2095
Q11578189	Q2095
Q115783621	Q2095
Q115783621	Q40050
Q115783648	Q2095
Q115783648	Q40050
Q11578401	Q2095
Q11578401	Q40050
Q115785575	Q2095
Q11579051	Q2095
Q11579051	Q40050
Q115791834	Q2095
Q11579286	Q2095
Q11579290	Q2095
Q115795093	Q2095
Q115795107	Q2095
Q11579516	Q2095
Q1157952	Q2095
Q11579607	Q2095
Q11579607	Q40050
Q11579832	Q2095
Q115798940	Q2095
Q11579948	Q2095
Q115799674	Q2095
Q11580040	Q2095
Q11580040	Q40050
Q11580081	Q2095
Q115801972	Q2095
Q115802819	Q2095
Q11580315	Q2095
Q115804031	Q2095
Q115804034	Q2095
Q115804034	Q40050
Q11580451	Q2095
Q11580511	Q2095
Q11580733	Q2095
Q11580733	Q40050
Q115807671	Q2095
Q11580915	Q2095
Q115814329	Q2095
Q11581546	Q2095
Q11581573	Q2095
Q115816722	Q2095
Q115819779	Q2095
Q11583325	Q2095
Q11583421	Q2095
Q11583956	Q2095
Q11585379	Q2095
Q11585395	Q2095
Q11585395	Q40050
Q11585397	Q2095
Q115857680	Q2095
Q115857680	Q40050
Q115858747	Q2095
Q115864743	Q2095
Q115864743	Q40050
Q11586488	Q2095
Q11586883	Q2095
Q115869626	Q2095
Q115869626	Q40050
Q11587	Q2095
Q115871227	Q2095
Q115871227	Q40050
Q1158765	Q2095
Q1158765	Q40050
Q11587820	Q2095
Q11587820	Q40050
Q11588062	Q2095
Q11588439	Q2095
Q11588447	Q2095
Q11588553	Q2095
Q11588682	Q2095
Q11589783	Q2095
Q11589783	Q40050
Q115907637	Q2095
Q115917358	Q2095
Q115919940	Q2095
Q11592112	Q2095
Q11593816	Q2095
Q11593881	Q2095
Q11594880	Q2095
Q115959653	Q2095
Q11596618	Q2095
Q11596840	Q2095
Q11597028	Q2095
Q115973790	Q2095
Q11597392	Q2095
Q11598110	Q2095
Q11598630	Q2095
Q11599096	Q2095
Q11599871	Q2095
Q116002953	Q2095
Q116007203	Q2095
Q11602159	Q2095
Q11602159	Q40050
Q11602462	Q2095
Q11602513	Q2095
Q11602530	Q2095
Q11602532	Q2095
Q11602975	Q2095
Q116031902	Q2095
Q11603443	Q2095
Q116037859	Q2095
Q116039190	Q2095
Q11604251	Q2095
Q11604285	Q2095
Q11604430	Q2095
Q11604445	Q2095
Q11604467	Q2095
Q11604498	Q2095
Q11604527	Q2095
Q11604545	Q2095
Q11604648	Q2095
Q11604650	Q2095
Q11604652	Q2095
Q11604732	Q2095
Q11604874	Q2095
Q1160522	Q2095
Q11605259	Q2095
Q11605259	Q40050
Q11605346	Q2095
Q11605373	Q2095
Q11605387	Q2095
Q11605387	Q40050
Q11605486	Q2095
Q11605555	Q2095
Q11605763	Q2095
Q116059542	Q2095
Q116059542	Q40050
Q11606834	Q2095
Q11608010	Q2095
Q11608013	Q2095
Q11608081	Q2095
Q11608108	Q2095
Q11608605	Q2095
Q11608605	Q40050
Q11608714	Q2095
Q11608826	Q2095
Q11608881	Q2095
Q11609282	Q2095
Q11609405	Q2095
Q11610025	Q2095
Q11610952	Q2095
Q11611432	Q2095
Q11611438	Q2095
Q11611494	Q2095
Q11611501	Q2095
Q11611812	Q2095
Q11611813	Q2095
Q11612009	Q2095
Q11612853	Q2095
Q11613282	Q2095
Q11613505	Q2095
Q11614016	Q2095
Q11614567	Q2095
Q116146103	Q2095
Q116150719	Q2095
Q11615097	Q2095
Q11615196	Q2095
Q11615521	Q2095
Q116158085	Q2095
Q11616139	Q2095
Q11616677	Q2095
Q11616701	Q2095
Q116168676	Q2095
Q116170384	Q2095
Q116170681	Q2095
Q116170731	Q2095
Q1161714	Q2095
Q1161714	Q40050
Q116172515	Q2095
Q1161792	Q2095
Q1161792	Q40050
Q11617958	Q2095
Q11617958	Q40050
Q11618004	Q2095
Q11618006	Q2095
Q11618043	Q2095
Q116180788	Q2095
Q11618094	Q2095
Q11618150	Q2095
Q11618421	Q2095
Q116186231	Q2095
Q116188631	Q2095
Q116188631	Q40050
Q116188654	Q2095
Q116188846	Q2095
Q11619010	Q2095
Q11619984	Q2095
Q11619998	Q2095
Q11619998	Q40050
Q116204985	Q2095
Q11620616	Q2095
Q11620703	Q2095
Q11621154	Q2095
Q11621171	Q2095
Q11621863	Q2095
Q11621966	Q2095
Q11621980	Q2095
Q11621981	Q2095
Q11621982	Q2095
Q11622155	Q2095
Q11622161	Q2095
Q11622168	Q2095
Q11622329	Q2095
Q116233410	Q2095
Q116244942	Q2095
Q11624558	Q2095
Q116250424	Q2095
Q11625228	Q2095
Q11625583	Q2095
Q11625632	Q2095
Q116256635	Q2095
Q11625732	Q2095
Q11625732	Q40050
Q116258808	Q2095
Q116258808	Q40050
Q116259944	Q2095
Q11626129	Q2095
Q11626556	Q2095
Q116269610	Q2095
Q116270157	Q2095
Q116271874	Q2095
Q11627190	Q2095
Q116271920	Q2095
Q116271920	Q40050
Q1162763	Q2095
Q1162763	Q40050
Q11627781	Q2095
Q11627781	Q40050
Q116282390	Q2095
Q11628324	Q2095
Q116283585	Q2095
Q116283585	Q40050
Q116285069	Q2095
Q116288583	Q2095
Q116289179	Q2095
Q116289179	Q40050
Q116290577	Q2095
Q116290577	Q40050
Q1162965	Q2095
Q116296519	Q2095
Q116296519	Q40050
Q11630586	Q2095
Q11630693	Q2095
Q1163138	Q2095
Q11631777	Q2095
Q116327	Q2095
Q11633058	Q2095
Q11633158	Q2095
Q11633166	Q2095
Q11633167	Q2095
Q11633168	Q2095
Q11633169	Q2095
Q11633170	Q2095
Q11633171	Q2095
Q11633174	Q2095
Q11633176	Q2095
Q11633778	Q2095
Q11634324	Q2095
Q11634325	Q2095
Q11634490	Q2095
Q116347263	Q2095
Q116347263	Q40050
Q11635249	Q2095
Q11635826	Q2095
Q11635826	Q40050
Q11636404	Q2095
Q11636406	Q2095
Q11637138	Q2095
Q11637231	Q2095
Q11637234	Q2095
Q11637285	Q2095
Q11637469	Q2095
Q116376822	Q2095
Q116376825	Q2095
Q116376827	Q2095
Q116376828	Q2095
Q116376831	Q2095
Q116376832	Q2095
Q116376834	Q2095
Q116376836	Q2095
Q116376838	Q2095
Q116376842	Q2095
Q116376843	Q2095
Q116376845	Q2095
Q116376847	Q2095
Q116376848	Q2095
Q116376850	Q2095
Q116376851	Q2095
Q116376855	Q2095
Q116376856	Q2095
Q116376858	Q2095
Q116376859	Q2095
Q116376861	Q2095
Q116376865	Q2095
Q116376869	Q2095
Q116376871	Q2095
Q116376873	Q2095
Q116376875	Q2095
Q116376878	Q2095
Q116376881	Q2095
Q116376882	Q2095
Q116376884	Q2095
Q116376886	Q2095
Q116376889	Q2095
Q116376892	Q2095
Q116376897	Q2095
Q116376900	Q2095
Q116376902	Q2095
Q116376905	Q2095
Q116376908	Q2095
Q116376910	Q2095
Q116376911	Q2095
Q116376913	Q2095
Q116376915	Q2095
Q116376917	Q2095
Q116376919	Q2095
Q116376922	Q2095
Q116376925	Q2095
Q116376927	Q2095
Q116376931	Q2095
Q116376932	Q2095
Q116376934	Q2095
Q116376936	Q2095
Q116376938	Q2095
Q116376941	Q2095
Q116376943	Q2095
Q116376945	Q2095
Q116376946	Q2095
Q116376950	Q2095
Q116376952	Q2095
Q116376956	Q2095
Q116376958	Q2095
Q116376962	Q2095
Q116376964	Q2095
Q116376968	Q2095
Q116376970	Q2095
Q116376972	Q2095
Q116376975	Q2095
Q116376977	Q2095
Q116376979	Q2095
Q116376982	Q2095
Q116376986	Q2095
Q116376990	Q2095
Q116376993	Q2095
Q116376996	Q2095
Q116376998	Q2095
Q116376999	Q2095
Q116377001	Q2095
Q116377004	Q2095
Q116377006	Q2095
Q116377008	Q2095
Q116377011	Q2095
Q116377015	Q2095
Q116377016	Q2095
Q116377018	Q2095
Q116377019	Q2095
Q116377022	Q2095
Q116377024	Q2095
Q116377026	Q2095
Q116377028	Q2095
Q116377030	Q2095
Q116377034	Q2095
Q116377036	Q2095
Q116377038	Q2095
Q116377040	Q2095
Q116377041	Q2095
Q116377044	Q2095
Q116377047	Q2095
Q116377049	Q2095
Q116377051	Q2095
Q116377053	Q2095
Q116377055	Q2095
Q116377058	Q2095
Q116377061	Q2095
Q116377063	Q2095
Q116377065	Q2095
Q116377068	Q2095
Q11637813	Q2095
Q1163791	Q2095
Q1163791	Q40050
Q11638505	Q2095
Q116390743	Q2095
Q11640361	Q2095
Q11641746	Q2095
Q11642095	Q2095
Q116421984	Q2095
Q11642789	Q2095
Q116432148	Q2095
Q11643285	Q2095
Q11643455	Q2095
Q11643872	Q2095
Q11643879	Q2095
Q11644313	Q2095
Q11644342	Q2095
Q11644404	Q2095
Q11644451	Q2095
Q11644487	Q2095
Q11644489	Q2095
Q11644490	Q2095
Q11644495	Q2095
Q11644839	Q2095
Q116449375	Q2095
Q1164590	Q2095
Q11646110	Q2095
Q11646473	Q2095
Q11646981	Q2095
Q11647361	Q2095
Q11647656	Q2095
Q11647842	Q2095
Q1164799	Q2095
Q11648031	Q2095
Q11648031	Q40050
Q11648097	Q2095
Q11648100	Q2095
Q11648259	Q2095
Q116487533	Q2095
Q11649570	Q2095
Q11650401	Q2095
Q116506414	Q2095
Q11650717	Q2095
Q11650870	Q2095
Q11651437	Q2095
Q11651721	Q2095
Q11652067	Q2095
Q11652067	Q40050
Q11652139	Q2095
Q11652330	Q2095
Q116528304	Q2095
Q116528331	Q2095
Q1165331	Q2095
Q11653414	Q2095
Q1165352	Q2095
Q1165352	Q40050
Q116543927	Q2095
Q116546884	Q2095
Q116547064	Q2095
Q11656558	Q2095
Q11657492	Q2095
Q11657513	Q2095
Q11659802	Q2095
Q11659818	Q2095
Q11659863	Q2095
Q11659870	Q2095
Q11659870	Q40050
Q116601648	Q2095
Q116603699	Q2095
Q116603699	Q40050
Q11660390	Q2095
Q11660393	Q2095
Q11660393	Q40050
Q11660771	Q2095
Q11661478	Q2095
Q116618905	Q2095
Q116618976	Q2095
Q11661912	Q2095
Q11662686	Q2095
Q11662710	Q2095
Q11663583	Q2095
Q11663583	Q40050
Q116638599	Q2095
Q116641741	Q2095
Q116642666	Q2095
Q116642911	Q2095
Q116643147	Q2095
Q11664516	Q2095
Q11664945	Q2095
Q11664953	Q2095
Q11665438	Q2095
Q11665702	Q2095
Q11665702	Q40050
Q11665881	Q2095
Q11665912	Q2095
Q11665983	Q2095
Q11666078	Q2095
Q11666106	Q2095
Q11666261	Q2095
Q11666757	Q2095
Q11666757	Q40050
Q11666818	Q2095
Q11666818	Q40050
Q11667127	Q2095
Q116681205	Q2095
Q11668602	Q2095
Q11668602	Q40050
Q11668712	Q2095
Q116689799	Q2095
Q11669310	Q2095
Q116693687	Q2095
Q11669466	Q2095
Q116698160	Q2095
Q116698172	Q2095
Q11670597	Q2095
Q11671898	Q2095
Q11671898	Q40050
Q11671983	Q2095
Q11672762	Q2095
Q116728462	Q2095
Q116728462	Q40050
Q11673153	Q2095
Q116733019	Q2095
Q11673376	Q2095
Q116733837	Q2095
Q11673565	Q2095
Q116736305	Q2095
Q11673843	Q2095
Q11673843	Q40050
Q116739067	Q2095
Q11673921	Q2095
Q11673928	Q2095
Q116739662	Q2095
Q116739662	Q40050
Q116739668	Q2095
Q116739668	Q40050
Q116739700	Q2095
Q116739700	Q40050
Q116739707	Q2095
Q116739707	Q40050
Q116739711	Q2095
Q116739711	Q40050
Q116739718	Q2095
Q116739718	Q40050
Q11674068	Q2095
Q116741143	Q2095
Q116741143	Q40050
Q116741144	Q2095
Q116741144	Q40050
Q116741147	Q2095
Q116741147	Q40050
Q116741148	Q2095
Q116741148	Q40050
Q116741149	Q2095
Q116741149	Q40050
Q116741153	Q2095
Q116741153	Q40050
Q116741167	Q2095
Q116741167	Q40050
Q116741186	Q2095
Q116741186	Q40050
Q116741195	Q2095
Q116741195	Q40050
Q116741207	Q2095
Q116741207	Q40050
Q116741211	Q2095
Q116741211	Q40050
Q116741213	Q2095
Q116741213	Q40050
Q116741215	Q2095
Q116741215	Q40050
Q11674158	Q2095
Q11674162	Q2095
Q11674166	Q2095
Q11674167	Q2095
Q11674169	Q2095
Q11674224	Q2095
Q11674229	Q2095
Q11674263	Q2095
Q11674265	Q2095
Q11674275	Q2095
Q11674289	Q2095
Q11674291	Q2095
Q11674303	Q2095
Q11674307	Q2095
Q11674330	Q2095
Q11674332	Q2095
Q11674333	Q2095
Q11674342	Q2095
Q11674345	Q2095
Q11674350	Q2095
Q11674361	Q2095
Q116745127	Q2095
Q11674519	Q2095
Q116745198	Q2095
Q116745706	Q2095
Q11675194	Q2095
Q116753090	Q2095
Q11675474	Q2095
Q11675518	Q2095
Q11675615	Q2095
Q11675813	Q2095
Q11675821	Q2095
Q11675829	Q2095
Q11675857	Q2095
Q11675921	Q2095
Q11676312	Q2095
Q11676454	Q2095
Q11676485	Q2095
Q116765639	Q2095
Q116767571	Q2095
Q116771989	Q2095
Q116771989	Q40050
Q116773100	Q2095
Q11677381	Q2095
Q11677382	Q2095
Q11677407	Q2095
Q11677410	Q2095
Q11677821	Q2095
Q11677885	Q2095
Q116778899	Q2095
Q11677965	Q2095
Q11678020	Q2095
Q11678032	Q2095
Q116785175	Q2095
Q11678540	Q2095
Q11678540	Q40050
Q11678829	Q2095
Q11678829	Q40050
Q11678836	Q2095
Q116788485	Q2095
Q116788587	Q2095
Q11678910	Q2095
Q11678964	Q2095
Q11679965	Q2095
Q11680825	Q2095
Q11680910	Q2095
Q116810133	Q2095
Q116814536	Q2095
Q116817861	Q2095
Q11681793	Q2095
Q116834464	Q2095
Q1168351	Q2095
Q1168351	Q40050
Q116842438	Q2095
Q11684396	Q2095
Q116846078	Q2095
Q11685295	Q2095
Q11685351	Q2095
Q11685626	Q2095
Q11685626	Q40050
Q116859574	Q2095
Q116865768	Q2095
Q11686754	Q2095
Q116869244	Q2095
Q116869244	Q40050
Q11688697	Q2095
Q1168872	Q2095
Q1168872	Q40050
Q11689160	Q2095
Q11690062	Q2095
Q11690534	Q2095
Q116909753	Q2095
Q11691341	Q2095
Q11691341	Q40050
Q11691388	Q2095
Q11691713	Q2095
Q11692131	Q2095
Q11692311	Q2095
Q116926120	Q2095
Q116926120	Q40050
Q116936424	Q2095
Q11694313	Q2095
Q11695181	Q2095
Q11695181	Q40050
Q11695785	Q2095
Q116958027	Q2095
Q116958028	Q2095
Q116958047	Q2095
Q116958048	Q2095
Q116958065	Q2095
Q116958205	Q2095
Q116958213	Q2095
Q11696033	Q2095
Q116961410	Q2095
Q116961411	Q2095
Q116961411	Q40050
Q116961477	Q2095
Q11696257	Q2095
Q11696544	Q2095
Q116965702	Q2095
Q116972170	Q2095
Q11697583	Q2095
Q116978915	Q2095
Q116984509	Q2095
Q116985058	Q2095
Q116991	Q2095
Q11699222	Q2095
Q11699481	Q2095
Q116995647	Q2095
Q116995676	Q2095
Q11700033	Q2095
Q117000884	Q2095
Q11700178	Q2095
Q11701172	Q2095
Q117011849	Q2095
Q11701578	Q2095
Q11701587	Q2095
Q11701592	Q2095
Q11701597	Q2095
Q117022	Q2095
Q11702846	Q2095
Q11703020	Q2095
Q11703047	Q2095
Q11703351	Q2095
Q117037449	Q2095
Q117037449	Q40050
Q117038355	Q2095
Q117038374	Q2095
Q117038858	Q2095
Q117039205	Q2095
Q117040512	Q2095
Q11704720	Q2095
Q11705125	Q2095
Q11705125	Q40050
Q117051304	Q2095
Q11705164	Q2095
Q117060567	Q2095
Q1170613	Q2095
Q117061518	Q2095
Q117061527	Q2095
Q117063126	Q2095
Q11706433	Q2095
Q117066118	Q2095
Q1170667	Q2095
Q117068284	Q2095
Q117072235	Q2095
Q117084700	Q2095
Q117084707	Q2095
Q117085624	Q2095
Q117085916	Q2095
Q117087656	Q2095
Q117100755	Q2095
Q117100755	Q40050
Q117148246	Q2095
Q11715140	Q2095
Q11716143	Q2095
Q11716216	Q2095
Q117187798	Q2095
Q117192636	Q2095
Q117208186	Q2095
Q117208187	Q2095
Q117209489	Q2095
Q117209540	Q2095
Q117213644	Q2095
Q117213644	Q40050
Q117213874	Q2095
Q117213874	Q40050
Q117214255	Q2095
Q117214255	Q40050
Q117220543	Q2095
Q117231375	Q2095
Q117231920	Q2095
Q117237531	Q2095
Q117237531	Q40050
Q117239275	Q2095
Q117239275	Q40050
Q117242249	Q2095
Q117242249	Q40050
Q11725557	Q2095
Q117256373	Q2095
Q11725980	Q2095
Q11727138	Q2095
Q117272413	Q2095
Q117272413	Q40050
Q117275822	Q2095
Q1172858	Q2095
Q117285866	Q2095
Q117290006	Q2095
Q117306362	Q2095
Q117307020	Q2095
Q11730807	Q2095
Q117310058	Q2095
Q117313316	Q2095
Q117338214	Q2095
Q117353093	Q2095
Q117354714	Q2095
Q117357968	Q2095
Q117357968	Q40050
Q117359905	Q2095
Q117382907	Q2095
Q11739104	Q2095
Q11740164	Q2095
Q11740317	Q2095
Q11744324	Q2095
Q11744325	Q2095
Q117459468	Q2095
Q117460089	Q2095
Q117466458	Q2095
Q117466458	Q40050
Q117466459	Q2095
Q117466459	Q40050
Q117466460	Q2095
Q117466460	Q40050
Q117466681	Q2095
Q117466681	Q40050
Q117467386	Q2095
Q117468569	Q2095
Q117469478	Q2095
Q117475263	Q2095
Q11748113	Q2095
Q117481518	Q2095
Q11750717	Q2095
Q11751063	Q2095
Q11751674	Q2095
Q11753791	Q2095
Q11755575	Q2095
Q11755575	Q40050
Q117599084	Q2095
Q117617502	Q2095
Q11762241	Q2095
Q11765230	Q2095
Q117662368	Q2095
Q11766465	Q2095
Q11766483	Q2095
Q117671970	Q2095
Q117671970	Q40050
Q117708479	Q2095
Q11771087	Q2095
Q11771141	Q2095
Q11772662	Q2095
Q11772662	Q40050
Q117739920	Q2095
Q117741658	Q2095
Q11774318	Q2095
Q11774709	Q2095
Q11774709	Q40050
Q11775275	Q2095
Q11775275	Q40050
Q1177538	Q2095
Q117759394	Q2095
Q1177598	Q2095
Q117767141	Q2095
Q117771966	Q2095
Q117800921	Q2095
Q117815182	Q2095
Q117829229	Q2095
Q117829229	Q40050
Q117832690	Q2095
Q117833196	Q2095
Q117838275	Q2095
Q117840771	Q2095
Q117840786	Q2095
Q11784344	Q2095
Q11784344	Q40050
Q1178472	Q2095
Q117847811	Q2095
Q11785734	Q2095
Q117861283	Q2095
Q117862884	Q2095
Q11786569	Q2095
Q11786569	Q40050
Q117884769	Q2095
Q11793323	Q2095
Q11794717	Q2095
Q11795630	Q2095
Q11796861	Q2095
Q11797012	Q2095
Q11797012	Q40050
Q11799388	Q2095
Q117997943	Q2095
Q11802321	Q2095
Q11802933	Q2095
Q118053971	Q2095
Q118053971	Q40050
Q118056350	Q2095
Q118056350	Q40050
Q118115016	Q2095
Q11812770	Q2095
Q118129319	Q2095
Q118139279	Q2095
Q118141647	Q2095
Q118143103	Q2095
Q118143103	Q40050
Q11814703	Q2095
Q11816618	Q2095
Q11816977	Q2095
Q118174174	Q2095
Q118186787	Q2095
Q11818747	Q2095
Q11818747	Q40050
Q11818757	Q2095
Q11818757	Q40050
Q118189128	Q2095
Q118189462	Q2095
Q11819250	Q2095
Q118198446	Q2095
Q11820413	Q2095
Q1182091	Q2095
Q118210896	Q2095
Q118216649	Q2095
Q118220895	Q2095
Q118220895	Q40050
Q1182344	Q2095
Q118242311	Q2095
Q118242311	Q40050
Q118263931	Q2095
Q11826942	Q2095
Q11826943	Q2095
Q11826944	Q2095
Q118271033	Q2095
Q11827450	Q2095
Q1182764	Q2095
Q118288558	Q2095
Q1182886	Q2095
Q118290778	Q2095
Q118302267	Q2095
Q118302751	Q2095
Q118304282	Q2095
Q118314587	Q2095
Q11832180	Q2095
Q11832183	Q2095
Q11832349	Q2095
Q11832349	Q40050
Q118323643	Q2095
Q118352184	Q2095
Q11835420	Q2095
Q11837128	Q2095
Q11837847	Q2095
Q11837847	Q40050
Q118382840	Q2095
Q118384286	Q2095
Q11838743	Q2095
Q118390379	Q2095
Q11839552	Q2095
Q11839576	Q2095
Q118395975	Q2095
Q1183990	Q2095
Q118428051	Q2095
Q118451828	Q2095
Q118463799	Q2095
Q118470980	Q2095
Q118470982	Q2095
Q118486828	Q2095
Q118486828	Q40050
Q118489612	Q2095
Q11849588	Q2095
Q118517274	Q2095
Q118517274	Q40050
Q1185324	Q2095
Q11853508	Q2095
Q11855692	Q2095
Q11856250	Q2095
Q11856456	Q2095
Q11856456	Q40050
Q1185709	Q2095
Q118574754	Q2095
Q118574815	Q2095
Q11857503	Q2095
Q11857878	Q2095
Q11859360	Q2095
Q11859368	Q2095
Q11859427	Q2095
Q11859428	Q2095
Q11860084	Q2095
Q11860084	Q40050
Q118601096	Q2095
Q118601273	Q2095
Q118601427	Q2095
Q118601427	Q40050
Q118603440	Q2095
Q118610367	Q2095
Q118610443	Q2095
Q118610533	Q2095
Q118612720	Q2095
Q11861785	Q2095
Q11861785	Q40050
Q11863553	Q2095
Q11863616	Q2095
Q11863616	Q40050
Q118645683	Q2095
Q118652592	Q2095
Q118652592	Q40050
Q11865260	Q2095
Q1186598	Q2095
Q11866240	Q2095
Q11866453	Q2095
Q118669715	Q2095
Q11867533	Q2095
Q11867540	Q2095
Q11867540	Q40050
Q118677189	Q2095
Q118677189	Q40050
Q118677993	Q2095
Q118698052	Q2095
Q118698052	Q40050
Q11870297	Q2095
Q11870306	Q2095
Q11870615	Q2095
Q11870740	Q2095
Q11872145	Q2095
Q11872145	Q40050
Q118725971	Q2095
Q118726793	Q2095
Q118726852	Q2095
Q118727116	Q2095
Q118727349	Q2095
Q11872845	Q2095
Q11872845	Q40050
Q1187319	Q2095
Q11873290	Q2095
Q11873290	Q40050
Q11874508	Q2095
Q118746862	Q2095
Q118746867	Q2095
Q118746871	Q2095
Q118746882	Q2095
Q11875337	Q2095
Q11875337	Q40050
Q11875764	Q2095
Q11875926	Q2095
Q1187678	Q2095
Q118779921	Q2095
Q118783723	Q2095
Q1187846	Q2095
Q1187912	Q2095
Q11880608	Q2095
Q1188066	Q2095
Q118814509	Q2095
Q118814688	Q2095
Q118818058	Q2095
Q118818513	Q2095
Q118818952	Q2095
Q118818955	Q2095
Q118819064	Q2095
Q118819102	Q2095
Q118819104	Q2095
Q118819108	Q2095
Q118819111	Q2095
Q118819115	Q2095
Q118819118	Q2095
Q118819153	Q2095
Q118819162	Q2095
Q118819170	Q2095
Q118819178	Q2095
Q118819181	Q2095
Q118819183	Q2095
Q118819185	Q2095
Q118819222	Q2095
Q118819229	Q2095
Q118819232	Q2095
Q118819253	Q2095
Q118819272	Q2095
Q118819277	Q2095
Q118819297	Q2095
Q118819305	Q2095
Q118819317	Q2095
Q118819677	Q2095
Q118819723	Q2095
Q118819742	Q2095
Q118819745	Q2095
Q118819751	Q2095
Q118823515	Q2095
Q118823573	Q2095
Q118827797	Q2095
Q1188380	Q2095
Q11884431	Q2095
Q11884431	Q40050
Q11886671	Q2095
Q118869788	Q2095
Q118869788	Q40050
Q1188729	Q2095
Q118874942	Q2095
Q118874942	Q40050
Q11888821	Q2095
Q11888821	Q40050
Q11889044	Q2095
Q11889044	Q40050
Q1188911	Q2095
Q11889435	Q2095
Q118903360	Q2095
Q118903360	Q40050
Q11890345	Q2095
Q11890345	Q40050
Q118905568	Q2095
Q118906653	Q2095
Q11891334	Q2095
Q11891335	Q2095
Q1189138	Q2095
Q11891415	Q2095
Q11892106	Q2095
Q1189231	Q2095
Q1189241	Q2095
Q11893103	Q2095
Q11893920	Q2095
Q11893920	Q40050
Q118947831	Q2095
Q118947848	Q2095
Q118956479	Q2095
Q118956765	Q2095
Q118957148	Q2095
Q11895752	Q2095
Q11896442	Q2095
Q11896442	Q40050
Q11896500	Q2095
Q1189869	Q2095
Q118995991	Q2095
Q1190074	Q2095
Q1190074	Q40050
Q119010473	Q2095
Q11903301	Q2095
Q11904061	Q2095
Q1190414	Q2095
Q1190475	Q2095
Q11904932	Q2095
Q11906687	Q2095
Q11907443	Q2095
Q11907497	Q2095
Q11907650	Q2095
Q1190838	Q2095
Q1190923	Q2095
Q1190923	Q40050
Q11909504	Q2095
Q11909573	Q2095
Q11909573	Q40050
Q11910487	Q2095
Q11910487	Q40050
Q11910917	Q2095
Q11910917	Q40050
Q1191138	Q2095
Q11912257	Q2095
Q1191278	Q2095
Q11912912	Q2095
Q119132560	Q2095
Q119139178	Q2095
Q11914388	Q2095
Q11914390	Q2095
Q11914391	Q2095
Q11914392	Q2095
Q11914394	Q2095
Q11914395	Q2095
Q11915602	Q2095
Q11915632	Q2095
Q11915634	Q2095
Q11916443	Q2095
Q11916448	Q2095
Q119171003	Q2095
Q119171003	Q40050
Q11917162	Q2095
Q11917168	Q2095
Q11919199	Q2095
Q119198471	Q2095
Q119198843	Q2095
Q119203	Q2095
Q11920651	Q2095
Q11921580	Q2095
Q11921967	Q2095
Q1192207	Q2095
Q11922605	Q2095
Q11922606	Q2095
Q119230232	Q2095
Q11923085	Q2095
Q11923801	Q2095
Q11923801	Q40050
Q11923862	Q2095
Q11925347	Q2095
Q11925347	Q40050
Q11925454	Q2095
Q119262826	Q2095
Q1192868	Q2095
Q119294825	Q2095
Q11929815	Q2095
Q11932238	Q2095
Q1193251	Q2095
Q119334608	Q2095
Q11934496	Q2095
Q11934902	Q2095
Q119352364	Q2095
Q11935404	Q2095
Q119361146	Q2095
Q119362260	Q2095
Q11936373	Q2095
Q11937348	Q2095
Q11937654	Q2095
Q11937667	Q2095
Q11937682	Q2095
Q11937682	Q40050
Q1193772	Q2095
Q1193772	Q40050
Q1193831	Q2095
Q11939306	Q2095
Q11939713	Q2095
Q11942732	Q2095
Q119436208	Q2095
Q119441937	Q2095
Q119442209	Q2095
Q1194601	Q2095
Q11947709	Q2095
Q119479162	Q2095
Q11948183	Q2095
Q11948183	Q40050
Q11948194	Q2095
Q1194937	Q2095
Q1194937	Q40050
Q119506385	Q2095
Q11950904	Q2095
Q119520979	Q2095
Q11952105	Q2095
Q119527495	Q2095
Q1195276	Q2095
Q1195290	Q2095
Q1195324	Q2095
Q1195324	Q40050
Q119539370	Q2095
Q119540225	Q2095
Q119540443	Q2095
Q119540614	Q2095
Q119540652	Q2095
Q119540715	Q2095
Q119541430	Q2095
Q11954455	Q2095
Q11954573	Q2095
Q11954573	Q40050
Q11954575	Q2095
Q11954575	Q40050
Q11954752	Q2095
Q11955418	Q2095
Q11955418	Q40050
Q11955443	Q2095
Q11956910	Q2095
Q11956910	Q40050
Q119580643	Q2095
Q119580769	Q2095
Q11959318	Q2095
Q11959318	Q40050
Q119597139	Q2095
Q119597139	Q40050
Q119605527	Q2095
Q1196125	Q2095
Q11961506	Q2095
Q1196166	Q2095
Q11961672	Q2095
Q11961829	Q2095
Q11962275	Q2095
Q11962275	Q40050
Q11962286	Q2095
Q1196289	Q2095
Q11963254	Q2095
Q11963254	Q40050
Q11969000	Q2095
Q11971605	Q2095
Q119722087	Q2095
Q119724198	Q2095
Q1197400	Q2095
Q11974674	Q2095
Q119778178	Q2095
Q1197873	Q2095
Q11979474	Q2095
Q119803122	Q2095
Q119805381	Q2095
Q1198126	Q2095
Q1198126	Q40050
Q11981420	Q2095
Q119820702	Q2095
Q11982212	Q2095
Q11985052	Q2095
Q11985052	Q40050
Q119854050	Q2095
Q11985609	Q2095
Q119863250	Q2095
Q11986712	Q2095
Q11987908	Q2095
Q119894990	Q2095
Q119898571	Q2095
Q11990064	Q2095
Q1199019	Q2095
Q11991	Q2095
Q11991266	Q2095
Q119929812	Q2095
Q119929812	Q40050
Q119932150	Q2095
Q11993707	Q2095
Q11993707	Q40050
Q11994509	Q2095
Q11994509	Q40050
Q11995365	Q2095
Q11996671	Q2095
Q11996674	Q2095
Q11996829	Q2095
Q1199738	Q2095
Q119982765	Q2095
Q1199936	Q2095
Q11999930	Q2095
Q119999621	Q2095
Q119999902	Q2095
Q12000036	Q2095
Q12001043	Q2095
Q1200514	Q2095
Q120069075	Q2095
Q12007500	Q2095
Q12008405	Q2095
Q12008405	Q40050
Q1200915	Q2095
Q1200945	Q2095
Q1200945	Q40050
Q12009459	Q2095
Q120096	Q2095
Q12010831	Q2095
Q12010831	Q40050
Q12012266	Q2095
Q12012465	Q2095
Q12012465	Q40050
Q120174787	Q2095
Q120176495	Q2095
Q12017928	Q2095
Q12018397	Q2095
Q120189941	Q2095
Q120189941	Q40050
Q12019323	Q2095
Q12019525	Q2095
Q12020034	Q2095
Q12020426	Q2095
Q12020438	Q2095
Q120208035	Q2095
Q12022183	Q2095
Q12022183	Q40050
Q1202221	Q2095
Q12022214	Q2095
Q12022257	Q2095
Q12022257	Q40050
Q1202255	Q2095
Q12024336	Q2095
Q12024380	Q2095
Q12024490	Q2095
Q120253304	Q2095
Q120266072	Q2095
Q12027869	Q2095
Q12027869	Q40050
Q120282412	Q2095
Q1202833	Q2095
Q12028879	Q2095
Q120289988	Q2095
Q12030196	Q2095
Q12031532	Q2095
Q12031550	Q2095
Q12031551	Q2095
Q12031817	Q2095
Q12031987	Q2095
Q120333038	Q2095
Q120333167	Q2095
Q12033319	Q2095
Q12033599	Q2095
Q12033599	Q40050
Q12033904	Q2095
Q12034052	Q2095
Q12034453	Q2095
Q12034890	Q2095
Q12034890	Q40050
Q12034915	Q2095
Q12034915	Q40050
Q120355311	Q2095
Q12036307	Q2095
Q12036307	Q40050
Q12036363	Q2095
Q12036363	Q40050
Q12037401	Q2095
Q12038653	Q2095
Q1203874	Q2095
Q1203893	Q2095
Q12038988	Q2095
Q120391804	Q2095
Q12039208	Q2095
Q120394663	Q2095
Q120395550	Q2095
Q1203995	Q2095
Q1203995	Q40050
Q12040362	Q2095
Q1204167	Q2095
Q1204167	Q40050
Q120422413	Q2095
Q12043041	Q2095
Q120442409	Q2095
Q120442409	Q40050
Q12044492	Q2095
Q12044493	Q2095
Q120446101	Q2095
Q120446107	Q2095
Q12045459	Q2095
Q12045473	Q2095
Q12045578	Q2095
Q12045959	Q2095
Q1204605	Q2095
Q12046217	Q2095
Q12046259	Q2095
Q1204628	Q2095
Q1204628	Q40050
Q12046987	Q2095
Q12047207	Q2095
Q12047663	Q2095
Q12048010	Q2095
Q120486465	Q2095
Q1204897	Q2095
Q120493206	Q2095
Q120495866	Q2095
Q12050379	Q2095
Q12050870	Q2095
Q12050900	Q2095
Q12050900	Q40050
Q12051359	Q2095
Q12053417	Q2095
Q12053417	Q40050
Q12054162	Q2095
Q12054238	Q2095
Q12054238	Q40050
Q12054311	Q2095
Q12054639	Q2095
Q12054869	Q2095
Q120549053	Q2095
Q120549053	Q40050
Q12055596	Q2095
Q1205609	Q2095
Q12056407	Q2095
Q12056671	Q2095
Q12057344	Q2095
Q12057344	Q40050
Q12058313	Q2095
Q12058313	Q40050
Q12058748	Q2095
Q12058996	Q2095
Q12059484	Q2095
Q12059629	Q2095
Q12059685	Q2095
Q120598270	Q2095
Q120598270	Q40050
Q120599590	Q2095
Q12059964	Q2095
Q12060038	Q2095
Q1206045	Q2095
Q1206045	Q40050
Q12061056	Q2095
Q12063757	Q2095
Q120643646	Q2095
Q120644116	Q2095
Q120644131	Q2095
Q120648586	Q2095
Q120669331	Q2095
Q120669355	Q2095
Q120680838	Q2095
Q120681446	Q2095
Q120681710	Q2095
Q120682642	Q2095
Q120703855	Q2095
Q12071938	Q2095
Q12071954	Q2095
Q12071954	Q40050
Q120737149	Q2095
Q120746727	Q2095
Q120746727	Q40050
Q120752789	Q2095
Q1207626	Q2095
Q1207732	Q2095
Q120777817	Q2095
Q120779634	Q2095
Q120779634	Q40050
Q120783890	Q2095
Q120790304	Q2095
Q120801866	Q2095
Q1208221	Q2095
Q120823652	Q2095
Q120824242	Q2095
Q120829140	Q2095
Q12084278	Q2095
Q120847608	Q2095
Q12085692	Q2095
Q120860928	Q2095
Q120867166	Q2095
Q120867636	Q2095
Q120878037	Q2095
Q120890674	Q2095
Q12089386	Q2095
Q12089386	Q40050
Q120916593	Q2095
Q120919679	Q2095
Q120919888	Q2095
Q120919912	Q2095
Q120919912	Q40050
Q120919958	Q2095
Q120920042	Q2095
Q120920487	Q2095
Q120920507	Q2095
Q120944378	Q2095
Q120961735	Q2095
Q12097130	Q2095
Q120972787	Q2095
Q1209756	Q2095
Q1209756	Q40050
Q12097630	Q2095
Q1210091	Q2095
Q1210091	Q40050
Q1210230	Q2095
Q12102563	Q2095
Q121026980	Q2095
Q121029119	Q2095
Q121037170	Q2095
Q12104	Q2095
Q12105882	Q2095
Q12105883	Q2095
Q1210656	Q2095
Q1210656	Q40050
Q12107189	Q2095
Q121089786	Q2095
Q12109320	Q2095
Q1211297	Q2095
Q121140766	Q2095
Q12114157	Q2095
Q121157049	Q2095
Q121157575	Q2095
Q121162872	Q2095
Q1211684	Q2095
Q12117	Q2095
Q1211742	Q2095
Q12117602	Q2095
Q121189217	Q2095
Q12127250	Q2095
Q12127250	Q40050
Q121338090	Q2095
Q121338182	Q2095
Q12137633	Q2095
Q1213855	Q2095
Q121409949	Q2095
Q121432920	Q2095
Q121432920	Q40050
Q121456319	Q2095
Q121456319	Q40050
Q121483583	Q2095
Q121494864	Q2095
Q121495458	Q2095
Q121498047	Q2095
Q121498047	Q40050
Q1215556	Q2095
Q12156539	Q2095
Q121599918	Q2095
Q12160988	Q2095
Q1216141	Q2095
Q121614616	Q2095
Q12162645	Q2095
Q121632964	Q2095
Q1216999	Q2095
Q1217008	Q2095
Q12174019	Q2095
Q12174204	Q2095
Q12174204	Q40050
Q121753193	Q2095
Q121804925	Q2095
Q12180874	Q2095
Q121811337	Q2095
Q121817804	Q2095
Q121817804	Q40050
Q121817946	Q2095
Q121817946	Q40050
Q12182909	Q2095
Q121832765	Q2095
Q12184192	Q2095
Q12185204	Q2095
Q1218531	Q2095
Q121862998	Q2095
Q12186677	Q2095
Q12186724	Q2095
Q12186755	Q2095
Q12187005	Q2095
Q12187210	Q2095
Q12187786	Q2095
Q121878115	Q2095
Q1219001	Q2095
Q12190450	Q2095
Q12191243	Q2095
Q12191959	Q2095
Q12192675	Q2095
Q1219287	Q2095
Q12192991	Q2095
Q12193185	Q2095
Q12193569	Q2095
Q12194007	Q2095
Q12197	Q2095
Q12197801	Q2095
Q12198094	Q2095
Q12198360	Q2095
Q12199278	Q2095
Q12199281	Q2095
Q12200	Q2095
Q12200653	Q2095
Q12202405	Q2095
Q12203259	Q2095
Q12203365	Q2095
Q12203429	Q2095
Q122045403	Q2095
Q122053021	Q2095
Q122053021	Q40050
Q12205688	Q2095
Q12205689	Q2095
Q12207462	Q2095
Q12210568	Q2095
Q1221061	Q2095
Q12210696	Q2095
Q12211790	Q2095
Q12211966	Q2095
Q12212000	Q2095
Q12214407	Q2095
Q12214858	Q2095
Q122154	Q2095
Q12216180	Q2095
Q12216302	Q2095
Q122167947	Q2095
Q12217216	Q2095
Q12217216	Q40050
Q12218398	Q2095
Q12218456	Q2095
Q12218486	Q2095
Q12219244	Q2095
Q12219245	Q2095
Q122195	Q2095
Q122195	Q40050
Q122199045	Q2095
Q122199158	Q2095
Q12220257	Q2095
Q12220420	Q2095
Q1222099	Q2095
Q12221085	Q2095
Q122218331	Q2095
Q122228524	Q2095
Q122237047	Q2095
Q122237637	Q2095
Q122237724	Q2095
Q122237762	Q2095
Q122237887	Q2095
Q122241480	Q2095
Q122241559	Q2095
Q12224438	Q2095
Q12224442	Q2095
Q12224780	Q2095
Q122258938	Q2095
Q12227158	Q2095
Q12227334	Q2095
Q12227334	Q40050
Q122278353	Q2095
Q122278353	Q40050
Q12228319	Q2095
Q122284518	Q2095
Q12229493	Q2095
Q12229500	Q2095
Q12229502	Q2095
Q122295640	Q2095
Q12230290	Q2095
Q12230377	Q2095
Q122305565	Q2095
Q12230639	Q2095
Q12230755	Q2095
Q122318007	Q2095
Q12232943	Q2095
Q122331596	Q2095
Q122331690	Q2095
Q12233354	Q2095
Q122335037	Q2095
Q1223352	Q2095
Q12233696	Q2095
Q12233999	Q2095
Q12234917	Q2095
Q122354181	Q2095
Q122354953	Q2095
Q12235754	Q2095
Q12236278	Q2095
Q12236287	Q2095
Q122362951	Q2095
Q122370317	Q2095
Q1223811	Q2095
Q12238320	Q2095
Q122389490	Q2095
Q12239327	Q2095
Q122417689	Q2095
Q122423459	Q2095
Q122426876	Q2095
Q12243469	Q2095
Q12243625	Q2095
Q12244460	Q2095
Q1224461	Q2095
Q12244832	Q2095
Q12244839	Q2095
Q12244843	Q2095
Q122451068	Q2095
Q12250023	Q2095
Q122501690	Q2095
Q12250336	Q2095
Q122506398	Q2095
Q122514382	Q2095
Q1225145	Q2095
Q122528692	Q2095
Q1225577	Q2095
Q122599557	Q2095
Q122599557	Q40050
Q122602908	Q2095
Q122609155	Q2095
Q12261332	Q2095
Q122624863	Q2095
Q122632985	Q2095
Q12264276	Q2095
Q1226539	Q2095
Q122659569	Q2095
Q122661138	Q2095
Q122662498	Q2095
Q1226651	Q2095
Q122667149	Q2095
Q122676743	Q2095
Q122677946	Q2095
Q122686531	Q2095
Q12269862	Q2095
Q12269996	Q2095
Q122702954	Q2095
Q12271168	Q2095
Q1227144	Q2095
Q122722927	Q2095
Q122723474	Q2095
Q12273417	Q2095
Q1227562	Q2095
Q122761370	Q2095
Q122762245	Q2095
Q1227641	Q2095
Q1227641	Q40050
Q122780697	Q2095
Q122780717	Q2095
Q1227853	Q2095
Q1227882	Q2095
Q122790013	Q2095
Q122790091	Q2095
Q12279155	Q2095
Q12279211	Q2095
Q122792121	Q2095
Q12279669	Q2095
Q12280453	Q2095
Q122808444	Q2095
Q122808989	Q2095
Q122809311	Q2095
Q122809311	Q40050
Q122809709	Q2095
Q122811070	Q2095
Q122811204	Q2095
Q122820717	Q2095
Q12282669	Q2095
Q122827956	Q2095
Q122828168	Q2095
Q122834611	Q2095
Q12284060	Q2095
Q122842209	Q2095
Q1228728	Q2095
Q122877681	Q2095
Q12289076	Q2095
Q122898358	Q2095
Q12290109	Q2095
Q12290109	Q40050
Q1229049	Q2095
Q1229049	Q40050
Q122906717	Q2095
Q122906717	Q40050
Q12290688	Q2095
Q122908649	Q2095
Q122912900	Q2095
Q122917163	Q2095
Q122918802	Q2095
Q122918802	Q40050
Q122918822	Q2095
Q12292267	Q2095
Q122925646	Q2095
Q122927520	Q2095
Q122933287	Q2095
Q12293376	Q2095
Q12293377	Q2095
Q122937245	Q2095
Q122937245	Q40050
Q122937385	Q2095
Q122937385	Q40050
Q12293790	Q2095
Q122940800	Q2095
Q12294105	Q2095
Q122942370	Q2095
Q1229505	Q2095
Q122955057	Q2095
Q122955057	Q40050
Q122957244	Q2095
Q12295770	Q2095
Q122960549	Q2095
Q12296059	Q2095
Q122960896	Q2095
Q122960937	Q2095
Q122961540	Q2095
Q122961540	Q40050
Q122961542	Q2095
Q122961542	Q40050
Q122963869	Q2095
Q122963869	Q40050
Q122965079	Q2095
Q122965079	Q40050
Q122969792	Q2095
Q12297082	Q2095
Q1229737	Q2095
Q122973887	Q2095
Q122973887	Q40050
Q122974529	Q2095
Q122981285	Q2095
Q122981426	Q2095
Q123000009	Q2095
Q123001183	Q2095
Q1230067	Q2095
Q123009213	Q2095
Q123009878	Q2095
Q123010073	Q2095
Q123015196	Q2095
Q123019948	Q2095
Q12302713	Q2095
Q123028095	Q2095
Q12304464	Q2095
Q123049684	Q2095
Q123049684	Q40050
Q123055099	Q2095
Q12306402	Q2095
Q12308562	Q2095
Q123090891	Q2095
Q123093204	Q2095
Q1231078	Q2095
Q12311056	Q2095
Q12311056	Q40050
Q12311058	Q2095
Q12311058	Q40050
Q12311059	Q2095
Q12311059	Q40050
Q123116138	Q2095
Q12311997	Q2095
Q123122627	Q2095
Q123122630	Q2095
Q123124821	Q2095
Q12313322	Q2095
Q12313427	Q2095
Q1231414	Q2095
Q123142484	Q2095
Q123142525	Q2095
Q123143631	Q2095
Q12314775	Q2095
Q123151	Q2095
Q123151	Q40050
Q123151678	Q2095
Q123152970	Q2095
Q1231549	Q2095
Q1231562	Q2095
Q12315862	Q2095
Q123160832	Q2095
Q123160920	Q2095
Q123168373	Q2095
Q123171246	Q2095
Q123171413	Q2095
Q12317560	Q2095
Q123177512	Q2095
Q1231813	Q2095
Q1231847	Q2095
Q123187468	Q2095
Q123190646	Q2095
Q123194106	Q2095
Q123197340	Q2095
Q123199835	Q2095
Q123201806	Q2095
Q12320445	Q2095
Q12320445	Q40050
Q12320673	Q2095
Q12321030	Q2095
Q12321030	Q40050
Q12321295	Q2095
Q123221343	Q2095
Q123229923	Q2095
Q123229923	Q40050
Q12322996	Q2095
Q12323032	Q2095
Q12323032	Q40050
Q123232228	Q2095
Q12324500	Q2095
Q12324500	Q40050
Q123251283	Q2095
Q123252571	Q2095
Q123252571	Q40050
Q1232535	Q2095
Q123256086	Q2095
Q123256158	Q2095
Q123261365	Q2095
Q123264913	Q2095
Q123264913	Q40050
Q1232663	Q2095
Q123276570	Q2095
Q123276570	Q40050
Q123277538	Q2095
Q123279097	Q2095
Q123280080	Q2095
Q12328281	Q2095
Q123298756	Q2095
Q123298878	Q2095
Q123302266	Q2095
Q12330380	Q2095
Q12330513	Q2095
Q12330939	Q2095
Q123310300	Q2095
Q123314397	Q2095
Q1233145	Q2095
Q1233250	Q2095
Q12332550	Q2095
Q123334353	Q2095
Q12334407	Q2095
Q1233453	Q2095
Q12334995	Q2095
Q12334995	Q40050
Q12335177	Q2095
Q12335177	Q40050
Q123353	Q2095
Q12335442	Q2095
Q12335442	Q40050
Q12336074	Q2095
Q12336179	Q2095
Q12336219	Q2095
Q12336567	Q2095
Q12336625	Q2095
Q12336640	Q2095
Q123367188	Q2095
Q123367188	Q40050
Q12336720	Q2095
Q123368017	Q2095
Q123371569	Q2095
Q12337652	Q2095
Q1233805	Q2095
Q12338154	Q2095
Q123383207	Q2095
Q123396435	Q2095
Q123398722	Q2095
Q123398942	Q2095
Q123399027	Q2095
Q12339956	Q2095
Q123400088	Q2095
Q123401316	Q2095
Q123402136	Q2095
Q123408474	Q2095
Q123408693	Q2095
Q123411715	Q2095
Q123411755	Q2095
Q12341186	Q2095
Q123413268	Q2095
Q12341730	Q2095
Q1234364	Q2095
Q1234364	Q40050
Q123440105	Q2095
Q123441	Q2095
Q12344306	Q2095
Q123457994	Q2095
Q123458126	Q2095
Q123458338	Q2095
Q123459407	Q2095
Q123464697	Q2095
Q123465119	Q2095
Q123466756	Q2095
Q123468944	Q2095
Q123473916	Q2095
Q123474083	Q2095
Q123474241	Q2095
Q123474581	Q2095
Q123480553	Q2095
Q123488249	Q2095
Q123488279	Q2095
Q123503114	Q2095
Q123503171	Q2095
Q123503313	Q2095
Q123507458	Q2095
Q123510600	Q2095
Q123510771	Q2095
Q123510827	Q2095
Q123510977	Q2095
Q123511003	Q2095
Q123511576	Q2095
Q123511654	Q2095
Q123514659	Q2095
Q123514855	Q2095
Q123515210	Q2095
Q123515252	Q2095
Q123515253	Q2095
Q123515778	Q2095
Q1235386	Q2095
Q1235386	Q40050
Q1235430	Q2095
Q123550994	Q2095
Q123560928	Q2095
Q123561547	Q2095
Q123562383	Q2095
Q1235730	Q2095
Q123576144	Q2095
Q123577388	Q2095
Q1235795	Q2095
Q123600514	Q2095
Q12360357	Q2095
Q123614854	Q2095
Q123616254	Q2095
Q1236200	Q2095
Q123631	Q2095
Q1236601	Q2095
Q12366140	Q2095
Q123663523	Q2095
Q123663523	Q40050
Q123663529	Q2095
Q12366986	Q2095
Q12367438	Q2095
Q12367693	Q2095
Q123680356	Q2095
Q123680356	Q40050
Q123690449	Q2095
Q123691869	Q2095
Q1236939	Q2095
Q1236939	Q40050
Q123695402	Q2095
Q123695547	Q2095
Q123703069	Q2095
Q123703506	Q2095
Q12370530	Q2095
Q12370801	Q2095
Q12371971	Q2095
Q12372598	Q2095
Q12372738	Q2095
Q123744922	Q2095
Q123744922	Q40050
Q123765095	Q2095
Q1237731	Q2095
Q123777274	Q2095
Q123777274	Q40050
Q1238064	Q2095
Q1238105	Q2095
Q1238130	Q2095
Q123818587	Q2095
Q123818932	Q2095
Q123818960	Q2095
Q123819382	Q2095
Q1238358	Q2095
Q1238597	Q2095
Q123859724	Q2095
Q12386330	Q2095
Q123864124	Q2095
Q12386919	Q2095
Q12386919	Q40050
Q12388222	Q2095
Q12389907	Q2095
Q12389907	Q40050
Q123907132	Q2095
Q123907356	Q2095
Q1239079	Q2095
Q123909944	Q2095
Q12391503	Q2095
Q123916569	Q2095
Q123916569	Q40050
Q123916599	Q2095
Q123916599	Q40050
Q123918436	Q2095
Q123918436	Q40050
Q1239220	Q2095
Q123924322	Q2095
Q123924798	Q2095
Q123925175	Q2095
Q123938290	Q2095
Q123938332	Q2095
Q12393888	Q2095
Q1239497	Q2095
Q1239497	Q40050
Q123953040	Q2095
Q12397045	Q2095
Q1239975	Q2095
Q123999838	Q2095
Q12401202	Q2095
Q1240158	Q2095
Q12402448	Q2095
Q12402448	Q40050
Q124030850	Q2095
Q124030874	Q2095
Q124031417	Q2095
Q124044121	Q2095
Q124044121	Q40050
Q124048235	Q2095
Q124048235	Q40050
Q12404884	Q2095
Q124052197	Q2095
Q124052197	Q40050
Q124053312	Q2095
Q124060085	Q2095
Q124060435	Q2095
Q124063944	Q2095
Q124068108	Q2095
Q124071892	Q2095
Q12407518	Q2095
Q124077458	Q2095
Q124077458	Q40050
Q12408484	Q2095
Q12411608	Q2095
Q1241190	Q2095
Q124134761	Q2095
Q12415107	Q2095
Q12417834	Q2095
Q1241955	Q2095
Q1241955	Q40050
Q124211314	Q2095
Q12424061	Q2095
Q1242466	Q2095
Q12425372	Q2095
Q124256242	Q2095
Q124257285	Q2095
Q12425838	Q2095
Q124259312	Q2095
Q124259998	Q2095
Q124260311	Q2095
Q124261314	Q2095
Q124261590	Q2095
Q1242617	Q2095
Q12426665	Q2095
Q12426806	Q2095
Q124283282	Q2095
Q1242837	Q2095
Q1242837	Q40050
Q124284836	Q2095
Q124284843	Q2095
Q12429002	Q2095
Q124290148	Q2095
Q1243017	Q2095
Q124304165	Q2095
Q1243043	Q2095
Q124306773	Q2095
Q124306773	Q40050
Q124313304	Q2095
Q1243153	Q2095
Q124316704	Q2095
Q124317850	Q2095
Q1243181	Q2095
Q124322918	Q2095
Q1243238	Q2095
Q124325427	Q2095
Q124328362	Q2095
Q124332444	Q2095
Q124333026	Q2095
Q124334006	Q2095
Q124334006	Q40050
Q124335811	Q2095
Q124335813	Q2095
Q1243362	Q2095
Q124336363	Q2095
Q1243377	Q2095
Q124340009	Q2095
Q124340009	Q40050
Q124340057	Q2095
Q124340057	Q40050
Q124343491	Q2095
Q124351417	Q2095
Q124351468	Q2095
Q124351584	Q2095
Q124353511	Q2095
Q124355531	Q2095
Q12435606	Q2095
Q124356124	Q2095
Q124356176	Q2095
Q124356272	Q2095
Q124356908	Q2095
Q124357461	Q2095
Q124360288	Q2095
Q124363551	Q2095
Q124364305	Q2095
Q124369049	Q2095
Q124371370	Q2095
Q124372069	Q2095
Q124372081	Q2095
Q124372204	Q2095
Q124378639	Q2095
Q1243795	Q2095
Q124381847	Q2095
Q124382030	Q2095
Q124389227	Q2095
Q1243908	Q2095
Q124390861	Q2095
Q124392501	Q2095
Q124394126	Q2095
Q124394261	Q2095
Q124394289	Q2095
Q124394324	Q2095
Q124394376	Q2095
Q124394389	Q2095
Q124394424	Q2095
Q124394478	Q2095
Q124395886	Q2095
Q124397405	Q2095
Q124397460	Q2095
Q124405497	Q2095
Q124405934	Q2095
Q124407151	Q2095
Q124407183	Q2095
Q124407378	Q2095
Q124407394	Q2095
Q124407401	Q2095
Q124407403	Q2095
Q124407523	Q2095
Q124408540	Q2095
Q124408659	Q2095
Q124411842	Q2095
Q124414355	Q2095
Q124414375	Q2095
Q124415633	Q2095
Q124415676	Q2095
Q124417996	Q2095
Q124418279	Q2095
Q124425030	Q2095
Q1244290	Q2095
Q1244306	Q2095
Q12443146	Q2095
Q1244334	Q2095
Q124434035	Q2095
Q124434035	Q40050
Q124434588	Q2095
Q124445008	Q2095
Q124455080	Q2095
Q124455080	Q40050
Q124455127	Q2095
Q124455127	Q40050
Q12447286	Q2095
Q124477297	Q2095
Q124477775	Q2095
Q124478097	Q2095
Q124488167	Q2095
Q1244956	Q2095
Q124497625	Q2095
Q124497625	Q40050
Q124525332	Q2095
Q124534840	Q2095
Q124536476	Q2095
Q124538359	Q2095
Q124538778	Q2095
Q124542509	Q2095
Q1245441	Q2095
Q124544722	Q2095
Q1245530	Q2095
Q12455301	Q2095
Q1245576	Q2095
Q1245627	Q2095
Q1245719	Q2095
Q1245719	Q40050
Q1246024	Q2095
Q1246039	Q2095
Q1246039	Q40050
Q124606580	Q2095
Q124606580	Q40050
Q124606581	Q2095
Q124606581	Q40050
Q124606582	Q2095
Q124606582	Q40050
Q1246101	Q2095
Q124611159	Q2095
Q124613189	Q2095
Q124613189	Q40050
Q124633909	Q2095
Q124637275	Q2095
Q124637801	Q2095
Q124650718	Q2095
Q124650718	Q40050
Q1246542	Q2095
Q124654369	Q2095
Q124655829	Q2095
Q124657230	Q2095
Q124664735	Q2095
Q1246721	Q2095
Q124672790	Q2095
Q1246800	Q2095
Q1246813	Q2095
Q1246822	Q2095
Q124690495	Q2095
Q1246933	Q2095
Q124695103	Q2095
Q124709236	Q2095
Q12470980	Q2095
Q12470980	Q40050
Q1247120	Q2095
Q124726294	Q2095
Q124726305	Q2095
Q124726321	Q2095
Q124726328	Q2095
Q124726334	Q2095
Q124726482	Q2095
Q124726513	Q2095
Q124726526	Q2095
Q124726535	Q2095
Q124726578	Q2095
Q124726630	Q2095
Q124726639	Q2095
Q124726645	Q2095
Q124726648	Q2095
Q124727156	Q2095
Q12472901	Q2095
Q12473144	Q2095
Q124736615	Q2095
Q124737619	Q2095
Q124738376	Q2095
Q124739102	Q2095
Q124739175	Q2095
Q124739975	Q2095
Q12474134	Q2095
Q124744092	Q2095
Q124744763	Q2095
Q124744763	Q40050
Q124746515	Q2095
Q124746862	Q2095
Q124746868	Q2095
Q124746900	Q2095
Q124747027	Q2095
Q1247472	Q2095
Q124747486	Q2095
Q124747613	Q2095
Q124747674	Q2095
Q124747694	Q2095
Q124747826	Q2095
Q124748099	Q2095
Q124748138	Q2095
Q124748382	Q2095
Q124748393	Q2095
Q124748403	Q2095
Q124748469	Q2095
Q124748491	Q2095
Q124748534	Q2095
Q124748551	Q2095
Q124749718	Q2095
Q124749805	Q2095
Q124749836	Q2095
Q124749851	Q2095
Q124749998	Q2095
Q124750133	Q2095
Q124750170	Q2095
Q124750180	Q2095
Q124750250	Q2095
Q124750305	Q2095
Q124750321	Q2095
Q124750388	Q2095
Q124750453	Q2095
Q124750464	Q2095
Q124750497	Q2095
Q124750518	Q2095
Q124750628	Q2095
Q124750658	Q2095
Q124750724	Q2095
Q124750766	Q2095
Q124750784	Q2095
Q12475476	Q2095
Q12475492	Q2095
Q124756294	Q2095
Q124756344	Q2095
Q124756358	Q2095
Q124757292	Q2095
Q124757330	Q2095
Q124757336	Q2095
Q124757347	Q2095
Q124757361	Q2095
Q124757400	Q2095
Q124757455	Q2095
Q124757471	Q2095
Q12476012	Q2095
Q124760532	Q2095
Q124760609	Q2095
Q124761194	Q2095
Q124761423	Q2095
Q12476145	Q2095
Q124761729	Q2095
Q124762000	Q2095
Q124762216	Q2095
Q124762654	Q2095
Q124763022	Q2095
Q124763404	Q2095
Q124763804	Q2095
Q12476406	Q2095
Q12476406	Q40050
Q124764417	Q2095
Q124764934	Q2095
Q124765140	Q2095
Q124765288	Q2095
Q124766920	Q2095
Q124767292	Q2095
Q124767329	Q2095
Q124767358	Q2095
Q124767437	Q2095
Q124767515	Q2095
Q124767529	Q2095
Q124767550	Q2095
Q124767561	Q2095
Q124767579	Q2095
Q124767625	Q2095
Q124767661	Q2095
Q124767670	Q2095
Q124767683	Q2095
Q124767691	Q2095
Q124767701	Q2095
Q124767729	Q2095
Q124767759	Q2095
Q124767789	Q2095
Q124767889	Q2095
Q124767907	Q2095
Q124767918	Q2095
Q124767931	Q2095
Q124767960	Q2095
Q124767978	Q2095
Q124767995	Q2095
Q124769219	Q2095
Q12476958	Q2095
Q124770224	Q2095
Q124770678	Q2095
Q124771662	Q2095
Q124772102	Q2095
Q12477251	Q2095
Q124773416	Q2095
Q124775151	Q2095
Q12478	Q2095
Q12478002	Q2095
Q12478145	Q2095
Q12478290	Q2095
Q12478448	Q2095
Q1247863	Q2095
Q124789496	Q2095
Q124789529	Q2095
Q124789552	Q2095
Q124789746	Q2095
Q124789814	Q2095
Q124789843	Q2095
Q124789876	Q2095
Q124789916	Q2095
Q124790051	Q2095
Q124790119	Q2095
Q124790194	Q2095
Q124790249	Q2095
Q124790262	Q2095
Q124790323	Q2095
Q124790487	Q2095
Q124790532	Q2095
Q124790549	Q2095
Q124790600	Q2095
Q124790694	Q2095
Q124790887	Q2095
Q124790989	Q2095
Q124791029	Q2095
Q124791047	Q2095
Q124791246	Q2095
Q124791345	Q2095
Q124791426	Q2095
Q124791438	Q2095
Q124791476	Q2095
Q124791568	Q2095
Q124791604	Q2095
Q124791608	Q2095
Q124791685	Q2095
Q124791767	Q2095
Q12479375	Q2095
Q12479375	Q40050
Q12479417	Q2095
Q124796192	Q2095
Q124799421	Q2095
Q124799474	Q2095
Q124799549	Q2095
Q124799603	Q2095
Q124799631	Q2095
Q124799687	Q2095
Q124799713	Q2095
Q124799835	Q2095
Q124799933	Q2095
Q124799960	Q2095
Q124801099	Q2095
Q124801111	Q2095
Q124801143	Q2095
Q124801152	Q2095
Q124801161	Q2095
Q124801187	Q2095
Q124801196	Q2095
Q124801212	Q2095
Q124801245	Q2095
Q124801268	Q2095
Q124801342	Q2095
Q124801404	Q2095
Q124801635	Q2095
Q124801668	Q2095
Q124801745	Q2095
Q124801765	Q2095
Q124801959	Q2095
Q124802101	Q2095
Q124805275	Q2095
Q124806280	Q2095
Q124806340	Q2095
Q12480676	Q2095
Q124806820	Q2095
Q124807379	Q2095
Q124808306	Q2095
Q124808335	Q2095
Q12480856	Q2095
Q124808677	Q2095
Q124808781	Q2095
Q124808815	Q2095
Q124810005	Q2095
Q124810027	Q2095
Q124810033	Q2095
Q124810036	Q2095
Q124810062	Q2095
Q124810085	Q2095
Q124810108	Q2095
Q124810126	Q2095
Q124810154	Q2095
Q124810263	Q2095
Q124810331	Q2095
Q12481242	Q2095
Q12481254	Q2095
Q124813117	Q2095
Q124813211	Q2095
Q124813343	Q2095
Q124813516	Q2095
Q124813532	Q2095
Q124813547	Q2095
Q124813553	Q2095
Q124813735	Q2095
Q124813764	Q2095
Q124815153	Q2095
Q124815383	Q2095
Q124815478	Q2095
Q124815610	Q2095
Q124815693	Q2095
Q124815700	Q2095
Q124815747	Q2095
Q124815984	Q2095
Q124815999	Q2095
Q124816147	Q2095
Q124816391	Q2095
Q124816512	Q2095
Q124816551	Q2095
Q124816662	Q2095
Q12481775	Q2095
Q124823207	Q2095
Q124825548	Q2095
Q12482583	Q2095
Q12482583	Q40050
Q12483254	Q2095
Q12483284	Q2095
Q124832937	Q2095
Q12483463	Q2095
Q12483520	Q2095
Q12484569	Q2095
Q12484575	Q2095
Q124848285	Q2095
Q124848285	Q40050
Q12486	Q2095
Q124882180	Q2095
Q12488280	Q2095
Q12488531	Q2095
Q12489250	Q2095
Q1248974	Q2095
Q1248974	Q40050
Q12490206	Q2095
Q12490514	Q2095
Q12491	Q2095
Q12491235	Q2095
Q12491343	Q2095
Q12491345	Q2095
Q12491347	Q2095
Q12491487	Q2095
Q12491642	Q2095
Q1249172	Q2095
Q12492558	Q2095
Q12492690	Q2095
Q12492824	Q2095
Q12492825	Q2095
Q12492826	Q2095
Q12492827	Q2095
Q12492829	Q2095
Q12492830	Q2095
Q1249286	Q2095
Q12492887	Q2095
Q1249320	Q2095
Q124932404	Q2095
Q12493475	Q2095
Q12493475	Q40050
Q12493538	Q2095
Q12493646	Q2095
Q12493942	Q2095
Q12494	Q2095
Q12494333	Q2095
Q12494522	Q2095
Q12494545	Q2095
Q12494547	Q2095
Q124953110	Q2095
Q124954605	Q2095
Q12496028	Q2095
Q1249634	Q2095
Q12496728	Q2095
Q12496810	Q2095
Q12497149	Q2095
Q1249717	Q2095
Q12497220	Q2095
Q12498026	Q2095
Q12498031	Q2095
Q124982195	Q2095
Q124983973	Q2095
Q124983973	Q40050
Q124984563	Q2095
Q124984623	Q2095
Q12498466	Q2095
Q124986927	Q2095
Q124986927	Q40050
Q12498712	Q2095
Q12500148	Q2095
Q12500155	Q2095
Q12500903	Q2095
Q12501711	Q2095
Q12502	Q2095
Q125030544	Q2095
Q125042945	Q2095
Q12505357	Q2095
Q125055902	Q2095
Q125056425	Q2095
Q125059439	Q2095
Q12507089	Q2095
Q12507493	Q2095
Q125075048	Q2095
Q125078160	Q2095
Q125078160	Q40050
Q12508588	Q2095
Q125089357	Q2095
Q125089357	Q40050
Q12509008	Q2095
Q1250997	Q2095
Q12511758	Q2095
Q12511759	Q2095
Q12512184	Q2095
Q12512314	Q2095
Q12512315	Q2095
Q12512316	Q2095
Q12512317	Q2095
Q12512318	Q2095
Q12512320	Q2095
Q12512536	Q2095
Q125129662	Q2095
Q125129662	Q40050
Q125130558	Q2095
Q12513153	Q2095
Q12513153	Q40050
Q125132141	Q2095
Q125132965	Q2095
Q12513401	Q2095
Q12515734	Q2095
Q12515734	Q40050
Q12516001	Q2095
Q12516002	Q2095
Q12516003	Q2095
Q12516004	Q2095
Q12516005	Q2095
Q12516006	Q2095
Q12516007	Q2095
Q12516008	Q2095
Q12516009	Q2095
Q12516011	Q2095
Q12516012	Q2095
Q125167827	Q2095
Q125169624	Q2095
Q125176268	Q2095
Q125176553	Q2095
Q12518255	Q2095
Q12518675	Q2095
Q125199752	Q2095
Q12520827	Q2095
Q1252111	Q2095
Q12521504	Q2095
Q1252186	Q2095
Q12522300	Q2095
Q125224881	Q2095
Q12522818	Q2095
Q12523155	Q2095
Q12523907	Q2095
Q12524379	Q2095
Q12524379	Q40050
Q12524382	Q2095
Q12524382	Q40050
Q125246075	Q2095
Q12525027	Q2095
Q125250371	Q2095
Q125250371	Q40050
Q125252953	Q2095
Q125252953	Q40050
Q125257091	Q2095
Q125257091	Q40050
Q12526065	Q2095
Q12526065	Q40050
Q125276782	Q2095
Q125289631	Q2095
Q125300992	Q2095
Q125302711	Q2095
Q125302732	Q2095
Q125302741	Q2095
Q125307881	Q2095
Q125307881	Q40050
Q12531572	Q2095
Q125317286	Q2095
Q12532132	Q2095
Q12533094	Q2095
Q12533362	Q2095
Q125341131	Q2095
Q125345402	Q2095
Q12535995	Q2095
Q12535995	Q40050
Q12535998	Q2095
Q12536087	Q2095
Q12536549	Q2095
Q125373399	Q2095
Q125376017	Q2095
Q125376078	Q2095
Q12538673	Q2095
Q125390344	Q2095
Q12539537	Q2095
Q12539586	Q2095
Q125396288	Q2095
Q125396288	Q40050
Q12539849	Q2095
Q12540086	Q2095
Q125401322	Q2095
Q12541647	Q2095
Q125427687	Q2095
Q125427837	Q2095
Q12542852	Q2095
Q12543008	Q2095
Q125445517	Q2095
Q125445517	Q40050
Q125446418	Q2095
Q125446418	Q40050
Q1254515	Q2095
Q1254515	Q40050
Q1254524	Q2095
Q1254524	Q40050
Q12546221	Q2095
Q125469611	Q2095
Q12548103	Q2095
Q125486798	Q2095
Q125495324	Q2095
Q125495960	Q2095
Q125501509	Q2095
Q12550178	Q2095
Q125510210	Q2095
Q125514331	Q2095
Q125514331	Q40050
Q1255155	Q2095
Q1255155	Q40050
Q125520577	Q2095
Q125522673	Q2095
Q125526587	Q2095
Q1255306	Q2095
Q125534940	Q2095
Q12554511	Q2095
Q125549954	Q2095
Q125551877	Q2095
Q125551877	Q40050
Q125551914	Q2095
Q125551914	Q40050
Q125551920	Q2095
Q125551920	Q40050
Q125551926	Q2095
Q125551926	Q40050
Q125551984	Q2095
Q125551984	Q40050
Q125552000	Q2095
Q125552000	Q40050
Q125552009	Q2095
Q125552009	Q40050
Q125552013	Q2095
Q125552013	Q40050
Q125552019	Q2095
Q125552019	Q40050
Q125552025	Q2095
Q125552025	Q40050
Q125552028	Q2095
Q125552028	Q40050
Q125552035	Q2095
Q125552035	Q40050
Q125552042	Q2095
Q125552042	Q40050
Q125552048	Q2095
Q125552048	Q40050
Q125552062	Q2095
Q125552062	Q40050
Q125552108	Q2095
Q125552115	Q2095
Q125552121	Q2095
Q125552125	Q2095
Q125552139	Q2095
Q125552201	Q2095
Q125552211	Q2095
Q125552223	Q2095
Q125552241	Q2095
Q125552257	Q2095
Q125552289	Q2095
Q125552302	Q2095
Q125552321	Q2095
Q125552333	Q2095
Q125552345	Q2095
Q125552355	Q2095
Q125552365	Q2095
Q125552374	Q2095
Q125552384	Q2095
Q125552392	Q2095
Q125552416	Q2095
Q125552436	Q2095
Q125552475	Q2095
Q125552485	Q2095
Q125552489	Q2095
Q125552495	Q2095
Q125552504	Q2095
Q125552512	Q2095
Q125552522	Q2095
Q125552533	Q2095
Q125552536	Q2095
Q125552543	Q2095
Q125552558	Q2095
Q125552574	Q2095
Q125552588	Q2095
Q125552595	Q2095
Q125552600	Q2095
Q125552604	Q2095
Q125552613	Q2095
Q125552622	Q2095
Q125552727	Q2095
Q125556808	Q2095
Q125556830	Q2095
Q125556907	Q2095
Q125556915	Q2095
Q125556920	Q2095
Q125556926	Q2095
Q125556933	Q2095
Q125556940	Q2095
Q125556953	Q2095
Q125556963	Q2095
Q125557030	Q2095
Q125557041	Q2095
Q125557048	Q2095
Q125557053	Q2095
Q125557069	Q2095
Q125557077	Q2095
Q125557196	Q2095
Q125557237	Q2095
Q125557293	Q2095
Q125557475	Q2095
Q125557545	Q2095
Q125557818	Q2095
Q125557928	Q2095
Q125557972	Q2095
Q125557999	Q2095
Q125558061	Q2095
Q125558081	Q2095
Q125558101	Q2095
Q125558142	Q2095
Q125558148	Q2095
Q125558157	Q2095
Q125558162	Q2095
Q125558165	Q2095
Q125558213	Q2095
Q125558229	Q2095
Q125558492	Q2095
Q125558501	Q2095
Q125558503	Q2095
Q125558510	Q2095
Q125558517	Q2095
Q125558526	Q2095
Q125558559	Q2095
Q12555954	Q2095
Q125563334	Q2095
Q125563356	Q2095
Q125563371	Q2095
Q125568751	Q2095
Q12556938	Q2095
Q12556938	Q40050
Q125573160	Q2095
Q125575592	Q2095
Q125575592	Q40050
Q125584438	Q2095
Q125591430	Q2095
Q125591596	Q2095
Q125600660	Q2095
Q12560373	Q2095
Q125604924	Q2095
Q12560709	Q2095
Q125608484	Q2095
Q125608781	Q2095
Q1256161	Q2095
Q125619000	Q2095
Q125625897	Q2095
Q1256296	Q2095
Q12563439	Q2095
Q125635508	Q2095
Q12563760	Q2095
Q12563858	Q2095
Q12565022	Q2095
Q125681425	Q2095
Q12568984	Q2095
Q12569086	Q2095
Q12569285	Q2095
Q125694899	Q2095
Q125694923	Q2095
Q125695234	Q2095
Q125697233	Q2095
Q125697233	Q40050
Q125700998	Q2095
Q12570356	Q2095
Q12570356	Q40050
Q125704400	Q2095
Q12570482	Q2095
Q12572739	Q2095
Q12572741	Q2095
Q125727493	Q2095
Q125728421	Q2095
Q1257375	Q2095
Q1257375	Q40050
Q12574039	Q2095
Q125744517	Q2095
Q125748004	Q2095
Q125749843	Q2095
Q12574985	Q2095
Q125750003	Q2095
Q12575016	Q2095
Q125753617	Q2095
Q125753768	Q2095
Q125753768	Q40050
Q12575407	Q2095
Q125754246	Q2095
Q125756162	Q2095
Q125756162	Q40050
Q125756194	Q2095
Q125756307	Q2095
Q125756307	Q40050
Q125756394	Q2095
Q125756394	Q40050
Q125759193	Q2095
Q125760073	Q2095
Q125760073	Q40050
Q125762872	Q2095
Q125766047	Q2095
Q125771082	Q2095
Q125771082	Q40050
Q125771175	Q2095
Q125771204	Q2095
Q125771213	Q2095
Q125774084	Q2095
Q1257791	Q2095
Q12577982	Q2095
Q12578785	Q2095
Q12579156	Q2095
Q125792002	Q2095
Q125792023	Q2095
Q125792058	Q2095
Q125792058	Q40050
Q125792068	Q2095
Q125792068	Q40050
Q125792073	Q2095
Q125792073	Q40050
Q125792082	Q2095
Q125792082	Q40050
Q125792111	Q2095
Q125792111	Q40050
Q125792150	Q2095
Q125792229	Q2095
Q125792425	Q2095
Q125792628	Q2095
Q125792670	Q2095
Q125792692	Q2095
Q125797909	Q2095
Q125799818	Q2095
Q125800622	Q2095
Q125800622	Q40050
Q125800821	Q2095
Q125800821	Q40050
Q125801330	Q2095
Q125801931	Q2095
Q12580632	Q2095
Q12582288	Q2095
Q1258323	Q2095
Q12583445	Q2095
Q12583504	Q2095
Q12583504	Q40050
Q12584134	Q2095
Q12584589	Q2095
Q1258510	Q2095
Q12585924	Q2095
Q1258670	Q2095
Q125867352	Q2095
Q125869292	Q2095
Q125871252	Q2095
Q125872057	Q2095
Q125872057	Q40050
Q125882310	Q2095
Q1258910	Q2095
Q125891711	Q2095
Q125891722	Q2095
Q125891751	Q2095
Q125891766	Q2095
Q125895282	Q2095
Q1259100	Q2095
Q1259100	Q40050
Q12591047	Q2095
Q125911836	Q2095
Q1259136	Q2095
Q12591784	Q2095
Q125919992	Q2095
Q12593188	Q2095
Q12593925	Q2095
Q12594063	Q2095
Q12594063	Q40050
Q125941414	Q2095
Q1259448	Q2095
Q1259448	Q40050
Q125945201	Q2095
Q12595637	Q2095
Q125961370	Q2095
Q12596385	Q2095
Q12596385	Q40050
Q125971890	Q2095
Q125972107	Q2095
Q125972107	Q40050
Q12597278	Q2095
Q12597278	Q40050
Q12598129	Q2095
Q12598129	Q40050
Q125989832	Q2095
Q12599538	Q2095
Q125996418	Q2095
Q125999569	Q2095
Q12600021	Q2095
Q12600103	Q2095
Q126009084	Q2095
Q126021157	Q2095
Q1260250	Q2095
Q12603405	Q2095
Q1260450	Q2095
Q12605048	Q2095
Q12605048	Q40050
Q12605615	Q2095
Q12605615	Q40050
Q12608298	Q2095
Q12608349	Q2095
Q12608980	Q2095
Q126091181	Q2095
Q12609462	Q2095
Q126098121	Q2095
Q12616416	Q2095
Q12616416	Q40050
Q12617293	Q2095
Q126174164	Q2095
Q12618204	Q2095
Q12618487	Q2095
Q12618563	Q2095
Q12618563	Q40050
Q12618812	Q2095
Q12618812	Q40050
Q126190581	Q2095
Q126193088	Q2095
Q12619366	Q2095
Q12619397	Q2095
Q12619409	Q2095
Q12620407	Q2095
Q12620410	Q2095
Q12620410	Q40050
Q12620482	Q2095
Q12620482	Q40050
Q12620637	Q2095
Q12621193	Q2095
Q12621434	Q2095
Q12624627	Q2095
Q1262538	Q2095
Q12625660	Q2095
Q12625660	Q40050
Q12626348	Q2095
Q12626348	Q40050
Q12627962	Q2095
Q12627962	Q40050
Q126282439	Q2095
Q12628971	Q2095
Q1262980	Q2095
Q12631969	Q2095
Q12632081	Q2095
Q12632081	Q40050
Q126325730	Q2095
Q126326705	Q2095
Q12632843	Q2095
Q12632843	Q40050
Q126328858	Q2095
Q12632900	Q2095
Q12632965	Q2095
Q12632965	Q40050
Q12633056	Q2095
Q12634585	Q2095
Q1263510	Q2095
Q12638077	Q2095
Q12638077	Q40050
Q12638986	Q2095
Q12638986	Q40050
Q126392	Q2095
Q12639820	Q2095
Q12639820	Q40050
Q12640393	Q2095
Q126434266	Q2095
Q12643992	Q2095
Q12643992	Q40050
Q12644576	Q2095
Q12644576	Q40050
Q12644643	Q2095
Q12644643	Q40050
Q12644868	Q2095
Q12644868	Q40050
Q12645407	Q2095
Q126456901	Q2095
Q126456927	Q2095
Q126457	Q2095
Q126458493	Q2095
Q126465006	Q2095
Q126465351	Q2095
Q126465531	Q2095
Q126465723	Q2095
Q126466114	Q2095
Q126466759	Q2095
Q12646676	Q2095
Q12646676	Q40050
Q126476750	Q2095
Q126476753	Q2095
Q126476755	Q2095
Q126476760	Q2095
Q126476762	Q2095
Q126476769	Q2095
Q126476773	Q2095
Q126476777	Q2095
Q126476779	Q2095
Q126476781	Q2095
Q126476787	Q2095
Q126476792	Q2095
Q126476796	Q2095
Q126476801	Q2095
Q126476807	Q2095
Q126476824	Q2095
Q126476825	Q2095
Q126476828	Q2095
Q126476838	Q2095
Q126476847	Q2095
Q126476855	Q2095
Q126476862	Q2095
Q126476864	Q2095
Q126476888	Q2095
Q126476915	Q2095
Q126476923	Q2095
Q126476934	Q2095
Q126476938	Q2095
Q126476944	Q2095
Q126476955	Q2095
Q126476980	Q2095
Q126487119	Q2095
Q126487127	Q2095
Q126487137	Q2095
Q126487152	Q2095
Q126487168	Q2095
Q126487267	Q2095
Q126510578	Q2095
Q126510578	Q40050
Q12654704	Q2095
Q1265882	Q2095
Q1265882	Q40050
Q1265899	Q2095
Q126598260	Q2095
Q126598273	Q2095
Q12659878	Q2095
Q1266163	Q2095
Q1266168	Q2095
Q1266557	Q2095
Q12666280	Q2095
Q12666280	Q40050
Q126681364	Q2095
Q126687037	Q2095
Q126687056	Q2095
Q126687069	Q2095
Q126687076	Q2095
Q126687082	Q2095
Q126687107	Q2095
Q126692735	Q2095
Q126708601	Q2095
Q126709310	Q2095
Q126718176	Q2095
Q126727225	Q2095
Q12673554	Q2095
Q12673554	Q40050
Q126736819	Q2095
Q12674397	Q2095
Q12675070	Q2095
Q1267766	Q2095
Q126777	Q2095
Q12678765	Q2095
Q126797520	Q2095
Q126797752	Q2095
Q126798047	Q2095
Q126798180	Q2095
Q126798389	Q2095
Q126799075	Q2095
Q126799525	Q2095
Q126799875	Q2095
Q126800102	Q2095
Q126800835	Q2095
Q1268122	Q2095
Q12681999	Q2095
Q12684230	Q2095
Q12684337	Q2095
Q12684845	Q2095
Q1268494	Q2095
Q1268555	Q2095
Q126856764	Q2095
Q12686079	Q2095
Q126869219	Q2095
Q126874464	Q2095
Q126874464	Q40050
Q126874473	Q2095
Q126882183	Q2095
Q126882427	Q2095
Q126884476	Q2095
Q12688577	Q2095
Q126888623	Q2095
Q126895241	Q2095
Q1269	Q2095
Q126902179	Q2095
Q12690604	Q2095
Q12690610	Q2095
Q12690611	Q2095
Q12690615	Q2095
Q12690622	Q2095
Q12690624	Q2095
Q12690627	Q2095
Q12690634	Q2095
Q12690637	Q2095
Q126915991	Q2095
Q126919465	Q2095
Q126920338	Q2095
Q1269205	Q2095
Q126938440	Q2095
Q126943933	Q2095
Q126946571	Q2095
Q126949232	Q2095
Q126949602	Q2095
Q126959354	Q2095
Q126959354	Q40050
Q126961970	Q2095
Q126974974	Q2095
Q126974974	Q40050
Q12698075	Q2095
Q12698075	Q40050
Q12698743	Q2095
Q12699	Q2095
Q12700644	Q2095
Q12701417	Q2095
Q127037926	Q2095
Q12708886	Q2095
Q12709581	Q2095
Q12709589	Q2095
Q12711188	Q2095
Q1271177	Q2095
Q12713819	Q2095
Q12713843	Q2095
Q1271385	Q2095
Q12713997	Q2095
Q12714416	Q2095
Q12714416	Q40050
Q127144785	Q2095
Q12715195	Q2095
Q1271521	Q2095
Q1271521	Q40050
Q12715216	Q2095
Q12715233	Q2095
Q12715722	Q2095
Q12715722	Q40050
Q12715914	Q2095
Q12715914	Q40050
Q127162104	Q2095
Q12716278	Q2095
Q12716351	Q2095
Q127164168	Q2095
Q127164168	Q40050
Q12716458	Q2095
Q127164636	Q2095
Q127165110	Q2095
Q12716921	Q2095
Q12717245	Q2095
Q12717295	Q2095
Q12717295	Q40050
Q1271914	Q2095
Q1271982	Q2095
Q12723126	Q2095
Q12723126	Q40050
Q127235825	Q2095
Q127235955	Q2095
Q127236101	Q2095
Q127236248	Q2095
Q127236441	Q2095
Q127236594	Q2095
Q127236673	Q2095
Q127236752	Q2095
Q127236833	Q2095
Q127236935	Q2095
Q127237174	Q2095
Q127237440	Q2095
Q127237636	Q2095
Q127237875	Q2095
Q127238024	Q2095
Q127238907	Q2095
Q127239066	Q2095
Q127239222	Q2095
Q127239362	Q2095
Q127239432	Q2095
Q127239585	Q2095
Q127239763	Q2095
Q12724131	Q2095
Q127255880	Q2095
Q127255886	Q2095
Q127255902	Q2095
Q127255924	Q2095
Q127255929	Q2095
Q127256854	Q2095
Q127269365	Q2095
Q127271189	Q2095
Q127271826	Q2095
Q127271834	Q2095
Q127271843	Q2095
Q127271846	Q2095
Q127271853	Q2095
Q127271971	Q2095
Q127271983	Q2095
Q127271985	Q2095
Q127272023	Q2095
Q12728629	Q2095
Q12729772	Q2095
Q127344071	Q2095
Q127344151	Q2095
Q127344183	Q2095
Q127344285	Q2095
Q127344348	Q2095
Q127344382	Q2095
Q127344443	Q2095
Q127344482	Q2095
Q127344543	Q2095
Q127344726	Q2095
Q127344987	Q2095
Q127345344	Q2095
Q127345419	Q2095
Q127346429	Q2095
Q127346429	Q40050
Q127346517	Q2095
Q127346517	Q40050
Q127346570	Q2095
Q127346570	Q40050
Q127346667	Q2095
Q127346667	Q40050
Q1273660	Q2095
Q1273660	Q40050
Q12736951	Q2095
Q12738131	Q2095
Q127388	Q2095
Q12738893	Q2095
Q12738893	Q40050
Q127414274	Q2095
Q127415674	Q2095
Q127420066	Q2095
Q127420779	Q2095
Q127421188	Q2095
Q127433632	Q2095
Q12743411	Q2095
Q12743560	Q2095
Q12746372	Q2095
Q127468020	Q2095
Q127513241	Q2095
Q127513534	Q2095
Q127514863	Q2095
Q12751665	Q2095
Q12752003	Q2095
Q1275331	Q2095
Q12754541	Q2095
Q1275508	Q2095
Q1275508	Q40050
Q12757321	Q2095
Q1275913	Q2095
Q1275913	Q40050
Q127598560	Q2095
Q12761736	Q2095
Q12762973	Q2095
Q127668696	Q2095
Q127668696	Q40050
Q1276781	Q2095
Q127683828	Q2095
Q127683829	Q2095
Q127683830	Q2095
Q127683831	Q2095
Q127683832	Q2095
Q127683833	Q2095
Q127683834	Q2095
Q127683835	Q2095
Q127683836	Q2095
Q127683837	Q2095
Q127683838	Q2095
Q127683839	Q2095
Q127683840	Q2095
Q127683841	Q2095
Q127683842	Q2095
Q127683843	Q2095
Q127683844	Q2095
Q127683845	Q2095
Q127683846	Q2095
Q127683847	Q2095
Q127683848	Q2095
Q127683849	Q2095
Q127683850	Q2095
Q127683851	Q2095
Q127683852	Q2095
Q127683853	Q2095
Q127683854	Q2095
Q127683855	Q2095
Q127683856	Q2095
Q127683857	Q2095
Q127683858	Q2095
Q127683859	Q2095
Q127683860	Q2095
Q127683861	Q2095
Q127683862	Q2095
Q127683863	Q2095
Q127683865	Q2095
Q127683866	Q2095
Q127683867	Q2095
Q127683868	Q2095
Q127683869	Q2095
Q127683870	Q2095
Q127683871	Q2095
Q127683872	Q2095
Q127683873	Q2095
Q127683874	Q2095
Q127683875	Q2095
Q127683876	Q2095
Q127683877	Q2095
Q127683878	Q2095
Q127683879	Q2095
Q127683880	Q2095
Q127683881	Q2095
Q127683882	Q2095
Q127683883	Q2095
Q127683884	Q2095
Q127683885	Q2095
Q127683886	Q2095
Q127683887	Q2095
Q127683888	Q2095
Q127683889	Q2095
Q127683890	Q2095
Q127683891	Q2095
Q127683892	Q2095
Q127683893	Q2095
Q127683894	Q2095
Q127683895	Q2095
Q127683896	Q2095
Q127683897	Q2095
Q127683898	Q2095
Q127683899	Q2095
Q127683900	Q2095
Q127683901	Q2095
Q127683902	Q2095
Q127683903	Q2095
Q127683904	Q2095
Q127683905	Q2095
Q127683906	Q2095
Q127683907	Q2095
Q127683908	Q2095
Q127683909	Q2095
Q127683910	Q2095
Q127683911	Q2095
Q127683912	Q2095
Q127683913	Q2095
Q127683914	Q2095
Q127683915	Q2095
Q127683916	Q2095
Q127683917	Q2095
Q127683918	Q2095
Q127683919	Q2095
Q127683920	Q2095
Q127683921	Q2095
Q127683922	Q2095
Q127683923	Q2095
Q127683924	Q2095
Q127683925	Q2095
Q127683926	Q2095
Q127683927	Q2095
Q127683928	Q2095
Q127683929	Q2095
Q127683930	Q2095
Q127683931	Q2095
Q127683932	Q2095
Q127683933	Q2095
Q127683934	Q2095
Q127683935	Q2095
Q127683936	Q2095
Q127683937	Q2095
Q127683938	Q2095
Q127683939	Q2095
Q127683940	Q2095
Q127683941	Q2095
Q127683942	Q2095
Q127683943	Q2095
Q127683944	Q2095
Q127683945	Q2095
Q127683946	Q2095
Q127683947	Q2095
Q127683948	Q2095
Q127683949	Q2095
Q127683950	Q2095
Q127683951	Q2095
Q127683952	Q2095
Q127683953	Q2095
Q127683954	Q2095
Q127683955	Q2095
Q127683956	Q2095
Q127683957	Q2095
Q127683958	Q2095
Q127683959	Q2095
Q127683960	Q2095
Q127683961	Q2095
Q127683962	Q2095
Q127683963	Q2095
Q127683964	Q2095
Q127683965	Q2095
Q127683966	Q2095
Q127683967	Q2095
Q127683968	Q2095
Q127683969	Q2095
Q127683970	Q2095
Q127683971	Q2095
Q127683972	Q2095
Q127683973	Q2095
Q127683974	Q2095
Q127683975	Q2095
Q127683976	Q2095
Q127683977	Q2095
Q127683978	Q2095
Q127683979	Q2095
Q127683980	Q2095
Q127683981	Q2095
Q127683982	Q2095
Q127683983	Q2095
Q127683984	Q2095
Q127683985	Q2095
Q127683986	Q2095
Q127683987	Q2095
Q127683988	Q2095
Q127684031	Q2095
Q127684032	Q2095
Q127684033	Q2095
Q127684034	Q2095
Q127684035	Q2095
Q127684036	Q2095
Q127684037	Q2095
Q127684038	Q2095
Q127684039	Q2095
Q127684040	Q2095
Q127684041	Q2095
Q127684042	Q2095
Q127684043	Q2095
Q127684044	Q2095
Q127684045	Q2095
Q127684046	Q2095
Q127684047	Q2095
Q127684048	Q2095
Q127684049	Q2095
Q127684050	Q2095
Q127684051	Q2095
Q127684052	Q2095
Q127684053	Q2095
Q127684054	Q2095
Q127684055	Q2095
Q127684056	Q2095
Q127684057	Q2095
Q127684058	Q2095
Q127684059	Q2095
Q127684060	Q2095
Q127684061	Q2095
Q127684062	Q2095
Q127684063	Q2095
Q127684064	Q2095
Q127684065	Q2095
Q127684066	Q2095
Q127684067	Q2095
Q127684068	Q2095
Q127684069	Q2095
Q127684070	Q2095
Q127684071	Q2095
Q127684072	Q2095
Q127684073	Q2095
Q127684074	Q2095
Q127684075	Q2095
Q127684076	Q2095
Q127684077	Q2095
Q127684078	Q2095
Q127684079	Q2095
Q127684080	Q2095
Q127684081	Q2095
Q127684082	Q2095
Q127684083	Q2095
Q127684084	Q2095
Q127684085	Q2095
Q127684086	Q2095
Q127684087	Q2095
Q127684088	Q2095
Q127684089	Q2095
Q127684090	Q2095
Q127684091	Q2095
Q127684092	Q2095
Q127684093	Q2095
Q127684094	Q2095
Q127684095	Q2095
Q127684096	Q2095
Q127684097	Q2095
Q127684098	Q2095
Q127684099	Q2095
Q127684100	Q2095
Q127684101	Q2095
Q127684102	Q2095
Q127684103	Q2095
Q127684104	Q2095
Q127684105	Q2095
Q127684106	Q2095
Q127684107	Q2095
Q127684108	Q2095
Q127684109	Q2095
Q127684110	Q2095
Q127684111	Q2095
Q127684112	Q2095
Q127684113	Q2095
Q127684114	Q2095
Q127684115	Q2095
Q127684116	Q2095
Q127684117	Q2095
Q127684118	Q2095
Q127684119	Q2095
Q127684120	Q2095
Q127684121	Q2095
Q127684122	Q2095
Q127684123	Q2095
Q127684124	Q2095
Q127684125	Q2095
Q127684126	Q2095
Q127684127	Q2095
Q127684128	Q2095
Q127684129	Q2095
Q127684130	Q2095
Q127684131	Q2095
Q127684132	Q2095
Q127684133	Q2095
Q127684134	Q2095
Q127684135	Q2095
Q127684136	Q2095
Q127684137	Q2095
Q127684138	Q2095
Q127684139	Q2095
Q127684140	Q2095
Q127684141	Q2095
Q127684142	Q2095
Q127684143	Q2095
Q127684144	Q2095
Q127684145	Q2095
Q127684146	Q2095
Q127684147	Q2095
Q127684148	Q2095
Q127684149	Q2095
Q127684150	Q2095
Q127684151	Q2095
Q127684152	Q2095
Q127684153	Q2095
Q127684154	Q2095
Q127684155	Q2095
Q127684156	Q2095
Q127684157	Q2095
Q127684158	Q2095
Q127684159	Q2095
Q127684160	Q2095
Q127684161	Q2095
Q127684162	Q2095
Q127684163	Q2095
Q127684164	Q2095
Q127684165	Q2095
Q127684166	Q2095
Q127684167	Q2095
Q127684168	Q2095
Q127684169	Q2095
Q127684170	Q2095
Q127684171	Q2095
Q127684172	Q2095
Q127684173	Q2095
Q127684174	Q2095
Q127684175	Q2095
Q127684176	Q2095
Q127684177	Q2095
Q127684178	Q2095
Q127684179	Q2095
Q127684180	Q2095
Q127684181	Q2095
Q127684182	Q2095
Q127684183	Q2095
Q127684184	Q2095
Q127684185	Q2095
Q127684186	Q2095
Q127684187	Q2095
Q127684188	Q2095
Q127684189	Q2095
Q127684190	Q2095
Q127684191	Q2095
Q127684192	Q2095
Q127684193	Q2095
Q127684194	Q2095
Q127684195	Q2095
Q127684196	Q2095
Q127684197	Q2095
Q127684198	Q2095
Q127684199	Q2095
Q127684200	Q2095
Q127684201	Q2095
Q127684202	Q2095
Q127684203	Q2095
Q127684204	Q2095
Q127684205	Q2095
Q127684206	Q2095
Q127684207	Q2095
Q127684208	Q2095
Q127684209	Q2095
Q127684210	Q2095
Q127684211	Q2095
Q127684212	Q2095
Q127684213	Q2095
Q127684214	Q2095
Q127684215	Q2095
Q127684216	Q2095
Q127684217	Q2095
Q127684218	Q2095
Q127684219	Q2095
Q127684220	Q2095
Q127684221	Q2095
Q127684222	Q2095
Q127684223	Q2095
Q127684224	Q2095
Q127684225	Q2095
Q127684226	Q2095
Q127684227	Q2095
Q127684228	Q2095
Q127684229	Q2095
Q127684230	Q2095
Q127684231	Q2095
Q127684232	Q2095
Q127684233	Q2095
Q127684234	Q2095
Q127684235	Q2095
Q127684236	Q2095
Q127684238	Q2095
Q127684239	Q2095
Q127684241	Q2095
Q127684242	Q2095
Q127684243	Q2095
Q127684244	Q2095
Q127684245	Q2095
Q127684246	Q2095
Q127684247	Q2095
Q127684248	Q2095
Q127684249	Q2095
Q127684250	Q2095
Q127684251	Q2095
Q127684252	Q2095
Q127684253	Q2095
Q127684254	Q2095
Q127684255	Q2095
Q127684256	Q2095
Q127684257	Q2095
Q127684258	Q2095
Q127684259	Q2095
Q127684260	Q2095
Q127684261	Q2095
Q127684262	Q2095
Q127684263	Q2095
Q127684264	Q2095
Q127684265	Q2095
Q127684266	Q2095
Q127684267	Q2095
Q127684268	Q2095
Q127684269	Q2095
Q127684270	Q2095
Q127684271	Q2095
Q127684272	Q2095
Q127684273	Q2095
Q127684273	Q40050
Q127684274	Q2095
Q127684274	Q40050
Q127684275	Q2095
Q127684275	Q40050
Q127684276	Q2095
Q127684276	Q40050
Q127684277	Q2095
Q127684277	Q40050
Q127684278	Q2095
Q127684278	Q40050
Q127684279	Q2095
Q127684279	Q40050
Q127684280	Q2095
Q127684280	Q40050
Q127684281	Q2095
Q127684281	Q40050
Q127684282	Q2095
Q127684282	Q40050
Q127684283	Q2095
Q127684283	Q40050
Q127684284	Q2095
Q127684284	Q40050
Q127684285	Q2095
Q127684285	Q40050
Q127684286	Q2095
Q127684286	Q40050
Q127684287	Q2095
Q127684287	Q40050
Q127684288	Q2095
Q127684288	Q40050
Q127684289	Q2095
Q127684289	Q40050
Q127684290	Q2095
Q127684290	Q40050
Q127684291	Q2095
Q127684291	Q40050
Q127684292	Q2095
Q127684292	Q40050
Q127684293	Q2095
Q127684293	Q40050
Q127684294	Q2095
Q127684294	Q40050
Q127684295	Q2095
Q127684295	Q40050
Q127684296	Q2095
Q127684296	Q40050
Q127684297	Q2095
Q127684297	Q40050
Q127684298	Q2095
Q127684298	Q40050
Q127684299	Q2095
Q127684299	Q40050
Q127684300	Q2095
Q127684300	Q40050
Q127684301	Q2095
Q127684301	Q40050
Q127684302	Q2095
Q127684302	Q40050
Q127684303	Q2095
Q127684303	Q40050
Q127684304	Q2095
Q127684304	Q40050
Q127684305	Q2095
Q127684305	Q40050
Q127684306	Q2095
Q127684306	Q40050
Q127684307	Q2095
Q127684307	Q40050
Q127684308	Q2095
Q127684308	Q40050
Q127684309	Q2095
Q127684309	Q40050
Q127684310	Q2095
Q127684310	Q40050
Q127684311	Q2095
Q127684311	Q40050
Q127684313	Q2095
Q127684313	Q40050
Q127684314	Q2095
Q127684315	Q2095
Q127684316	Q2095
Q127684318	Q2095
Q127684319	Q2095
Q127684320	Q2095
Q127684321	Q2095
Q127684322	Q2095
Q127684323	Q2095
Q127684324	Q2095
Q127684325	Q2095
Q127684326	Q2095
Q127684327	Q2095
Q127684328	Q2095
Q127684329	Q2095
Q127684330	Q2095
Q127684331	Q2095
Q127684332	Q2095
Q127684333	Q2095
Q127684334	Q2095
Q127684335	Q2095
Q127684337	Q2095
Q127684338	Q2095
Q127684339	Q2095
Q127684340	Q2095
Q127684341	Q2095
Q127684342	Q2095
Q127684343	Q2095
Q127684344	Q2095
Q127684345	Q2095
Q127684346	Q2095
Q127684347	Q2095
Q127684348	Q2095
Q127684349	Q2095
Q127684350	Q2095
Q127684351	Q2095
Q127684352	Q2095
Q127684353	Q2095
Q127684354	Q2095
Q127684355	Q2095
Q127684356	Q2095
Q127684357	Q2095
Q127684358	Q2095
Q127684359	Q2095
Q127684360	Q2095
Q127684361	Q2095
Q127684362	Q2095
Q127684363	Q2095
Q127684364	Q2095
Q127684366	Q2095
Q127684367	Q2095
Q127684368	Q2095
Q127684369	Q2095
Q127684370	Q2095
Q127684371	Q2095
Q127684372	Q2095
Q127684373	Q2095
Q127684374	Q2095
Q127684375	Q2095
Q127684376	Q2095
Q127684377	Q2095
Q127684378	Q2095
Q127684379	Q2095
Q127684380	Q2095
Q127684381	Q2095
Q127684382	Q2095
Q127684383	Q2095
Q127684384	Q2095
Q127684385	Q2095
Q127684386	Q2095
Q127684387	Q2095
Q127684388	Q2095
Q127684389	Q2095
Q127684390	Q2095
Q127684391	Q2095
Q127684392	Q2095
Q127684393	Q2095
Q127684394	Q2095
Q127684395	Q2095
Q127684396	Q2095
Q127684397	Q2095
Q127684398	Q2095
Q127684399	Q2095
Q127684400	Q2095
Q127684401	Q2095
Q127684402	Q2095
Q127684403	Q2095
Q127684404	Q2095
Q127684405	Q2095
Q127684406	Q2095
Q127684407	Q2095
Q127684408	Q2095
Q127684409	Q2095
Q127684410	Q2095
Q127684411	Q2095
Q127684412	Q2095
Q127684413	Q2095
Q127684414	Q2095
Q127684415	Q2095
Q127684416	Q2095
Q127684417	Q2095
Q127684418	Q2095
Q127684419	Q2095
Q127684420	Q2095
Q127684421	Q2095
Q127684422	Q2095
Q127684423	Q2095
Q127684424	Q2095
Q127684425	Q2095
Q127684426	Q2095
Q127684427	Q2095
Q127684428	Q2095
Q127684429	Q2095
Q127684430	Q2095
Q127684431	Q2095
Q127684432	Q2095
Q127684433	Q2095
Q127684434	Q2095
Q127684435	Q2095
Q127684436	Q2095
Q127689396	Q2095
Q127689396	Q40050
Q127690159	Q2095
Q127712198	Q2095
Q127712832	Q2095
Q127713018	Q2095
Q127713320	Q2095
Q127713530	Q2095
Q127713688	Q2095
Q127714096	Q2095
Q12773163	Q2095
Q12773163	Q40050
Q1277761	Q2095
Q127785002	Q2095
Q127785002	Q40050
Q127798730	Q2095
Q12784236	Q2095
Q12785573	Q2095
Q12785573	Q40050
Q12785576	Q2095
Q12785648	Q2095
Q12786397	Q2095
Q1278785	Q2095
Q1278788	Q2095
Q1278795	Q2095
Q12789452	Q2095
Q12789452	Q40050
Q127895471	Q2095
Q12793771	Q2095
Q12793864	Q2095
Q12793864	Q40050
Q12795426	Q2095
Q12795426	Q40050
Q127963053	Q2095
Q12796945	Q2095
Q1279799	Q2095
Q1279799	Q40050
Q12798512	Q2095
Q12799268	Q2095
Q1280429	Q2095
Q12806195	Q2095
Q12806617	Q2095
Q12806669	Q2095
Q1280741	Q2095
Q12809407	Q2095
Q12810864	Q2095
Q12811344	Q2095
Q1281188	Q2095
Q12812242	Q2095
Q12812711	Q2095
Q12812787	Q2095
Q12812820	Q2095
Q12812990	Q2095
Q12813066	Q2095
Q12814360	Q2095
Q12814582	Q2095
Q12814582	Q40050
Q12817265	Q2095
Q12818435	Q2095
Q12819589	Q2095
Q128199201	Q2095
Q12820947	Q2095
Q12821	Q2095
Q12821133	Q2095
Q12821339	Q2095
Q12821979	Q2095
Q12822374	Q2095
Q12822802	Q2095
Q12822845	Q2095
Q12823567	Q2095
Q12824112	Q2095
Q12824226	Q2095
Q12824226	Q40050
Q128257664	Q2095
Q128264531	Q2095
Q12827502	Q2095
Q12827547	Q2095
Q12828278	Q2095
Q12829823	Q2095
Q128304444	Q2095
Q1283052	Q2095
Q128305956	Q2095
Q128305956	Q40050
Q128305959	Q2095
Q128305959	Q40050
Q128305986	Q2095
Q12831516	Q2095
Q12831578	Q2095
Q12831690	Q2095
Q12832177	Q2095
Q1283300	Q2095
Q1283428	Q2095
Q1283481	Q2095
Q1283481	Q40050
Q12837200	Q2095
Q12837366	Q2095
Q12837807	Q2095
Q12837807	Q40050
Q12838065	Q2095
Q1283824	Q2095
Q12839824	Q2095
Q12839824	Q40050
Q12839883	Q2095
Q12841103	Q2095
Q1284379	Q2095
Q12844228	Q2095
Q12844474	Q2095
Q12845074	Q2095
Q12845878	Q2095
Q128470707	Q2095
Q128470835	Q2095
Q1284887	Q2095
Q12849581	Q2095
Q12850403	Q2095
Q128535137	Q2095
Q1285427	Q2095
Q1285642	Q2095
Q12859107	Q2095
Q12859415	Q2095
Q128601889	Q2095
Q128601926	Q2095
Q128601931	Q2095
Q128602353	Q2095
Q128635538	Q2095
Q12866	Q2095
Q12866402	Q2095
Q12866402	Q40050
Q1286704	Q2095
Q128671232	Q2095
Q128713376	Q2095
Q12874138	Q2095
Q1287602	Q2095
Q128791403	Q2095
Q1287919	Q2095
Q128795029	Q2095
Q128803497	Q2095
Q128804541	Q2095
Q12880652	Q2095
Q12880790	Q2095
Q12881337	Q2095
Q12882400	Q2095
Q12882400	Q40050
Q128830832	Q2095
Q128830832	Q40050
Q128830942	Q2095
Q128830942	Q40050
Q128831084	Q2095
Q128831084	Q40050
Q128831129	Q2095
Q128831129	Q40050
Q128831183	Q2095
Q128831183	Q40050
Q12884619	Q2095
Q12885736	Q2095
Q128882024	Q2095
Q128882095	Q2095
Q128882129	Q2095
Q128882158	Q2095
Q128882198	Q2095
Q128882269	Q2095
Q128882427	Q2095
Q128882485	Q2095
Q128882577	Q2095
Q128882613	Q2095
Q128882707	Q2095
Q128882813	Q2095
Q128882837	Q2095
Q128882865	Q2095
Q128882967	Q2095
Q128883042	Q2095
Q128883136	Q2095
Q128883163	Q2095
Q128883192	Q2095
Q128883228	Q2095
Q128883252	Q2095
Q128883353	Q2095
Q128883474	Q2095
Q128883508	Q2095
Q128883567	Q2095
Q128883700	Q2095
Q128883735	Q2095
Q128883760	Q2095
Q128883786	Q2095
Q128883823	Q2095
Q128883904	Q2095
Q128884006	Q2095
Q128884042	Q2095
Q128884069	Q2095
Q1289229	Q2095
Q12893157	Q2095
Q1289402	Q2095
Q12895481	Q2095
Q12897796	Q2095
Q1289875	Q2095
Q12899215	Q2095
Q128995993	Q2095
Q12900106	Q2095
Q12900108	Q2095
Q1290028	Q2095
Q12900595	Q2095
Q12901635	Q2095
Q12901723	Q2095
Q12901724	Q2095
Q12902123	Q2095
Q12902485	Q2095
Q12902650	Q2095
Q129031	Q2095
Q1290341	Q2095
Q1290341	Q40050
Q129098238	Q2095
Q129152	Q2095
Q129175425	Q2095
Q129175998	Q2095
Q129207023	Q2095
Q1292506	Q2095
Q129254608	Q2095
Q129254608	Q40050
Q129257463	Q2095
Q129259778	Q2095
Q129261828	Q2095
Q129261828	Q40050
Q129262387	Q2095
Q129264258	Q2095
Q129290938	Q2095
Q129290969	Q2095
Q129290993	Q2095
Q129307011	Q2095
Q129307327	Q2095
Q129307512	Q2095
Q129307715	Q2095
Q129308081	Q2095
Q129308210	Q2095
Q129308942	Q2095
Q129309329	Q2095
Q129310056	Q2095
Q129310302	Q2095
Q129310346	Q2095
Q129310683	Q2095
Q129314216	Q2095
Q129314745	Q2095
Q1293258	Q2095
Q129372734	Q2095
Q1294686	Q2095
Q12949833	Q2095
Q12951078	Q2095
Q12951078	Q40050
Q12951412	Q2095
Q12951412	Q40050
Q12951474	Q2095
Q12951474	Q40050
Q12951646	Q2095
Q12951646	Q40050
Q12954648	Q2095
Q129546550	Q2095
Q12955800	Q2095
Q12955800	Q40050
Q12958	Q2095
Q129590051	Q2095
Q12959483	Q2095
Q12959483	Q40050
Q12961445	Q2095
Q12961636	Q2095
Q12962178	Q2095
Q129643250	Q2095
Q12964402	Q2095
Q12964466	Q2095
Q129652189	Q2095
Q129652201	Q2095
Q129652215	Q2095
Q12967012	Q2095
Q12968116	Q2095
Q12969061	Q2095
Q12969159	Q2095
Q12969166	Q2095
Q12969167	Q2095
Q12969195	Q2095
Q12969316	Q2095
Q12969376	Q2095
Q12969868	Q2095
Q12971248	Q2095
Q12973313	Q2095
Q1297370	Q2095
Q1297383	Q2095
Q1297383	Q40050
Q12974081	Q2095
Q12975870	Q2095
Q1297721	Q2095
Q12979	Q2095
Q12979	Q40050
Q129811486	Q2095
Q129811536	Q2095
Q129811641	Q2095
Q129821582	Q2095
Q129821898	Q2095
Q129823234	Q2095
Q129834204	Q2095
Q129837170	Q2095
Q1298577	Q2095
Q129906438	Q2095
Q12992386	Q2095
Q12996161	Q2095
Q129968902	Q2095
Q12997603	Q2095
Q129979392	Q2095
Q12999321	Q2095
Q130061821	Q2095
Q130097	Q2095
Q130101790	Q2095
Q130101790	Q40050
Q130101951	Q2095
Q13012656	Q2095
Q13012696	Q2095
Q13013257	Q2095
Q13013368	Q2095
Q130148368	Q2095
Q13015424	Q2095
Q130186	Q2095
Q130194	Q2095
Q1301968	Q2095
Q130198919	Q2095
Q1302200	Q2095
Q130222434	Q2095
Q130225202	Q2095
Q130242386	Q2095
Q130248830	Q2095
Q130257193	Q2095
Q13025915	Q2095
Q130260109	Q2095
Q130260184	Q2095
Q13026042	Q2095
Q13026042	Q40050
Q13026131	Q2095
Q13026133	Q2095
Q130261955	Q2095
Q13026286	Q2095
Q13026482	Q2095
Q130265510	Q2095
Q130282069	Q2095
Q13028615	Q2095
Q1302877	Q2095
Q13028885	Q2095
Q130288882	Q2095
Q130300520	Q2095
Q13030534	Q2095
Q13030962	Q2095
Q130316843	Q2095
Q130316843	Q40050
Q130320891	Q2095
Q130320891	Q40050
Q130323394	Q2095
Q130325729	Q2095
Q130325729	Q40050
Q130326037	Q2095
Q130326346	Q2095
Q130326349	Q2095
Q130329073	Q2095
Q130329073	Q40050
Q130329766	Q2095
Q130334750	Q2095
Q130345178	Q2095
Q130348128	Q2095
Q130353800	Q2095
Q13035439	Q2095
Q130367333	Q2095
Q130374578	Q2095
Q130374578	Q40050
Q1303753	Q2095
Q130377382	Q2095
Q13038702	Q2095
Q130389191	Q2095
Q130395	Q2095
Q130396273	Q2095
Q130396916	Q2095
Q13041042	Q2095
Q130417163	Q2095
Q130417229	Q2095
Q13042357	Q2095
Q130426090	Q2095
Q130426157	Q2095
Q130426844	Q2095
Q13042834	Q2095
Q130436912	Q2095
Q130436979	Q2095
Q130437003	Q2095
Q13044059	Q2095
Q130465645	Q2095
Q13046648	Q2095
Q130470526	Q2095
Q130470549	Q2095
Q130471891	Q2095
Q130472512	Q2095
Q130473151	Q2095
Q130473151	Q40050
Q130485240	Q2095
Q130486196	Q2095
Q130486221	Q2095
Q130493246	Q2095
Q13049589	Q2095
Q1305079	Q2095
Q130526517	Q2095
Q130526536	Q2095
Q130526575	Q2095
Q130529381	Q2095
Q130529392	Q2095
Q130531535	Q2095
Q13054393	Q2095
Q130548819	Q2095
Q130559284	Q2095
Q130559314	Q2095
Q130571534	Q2095
Q13059121	Q2095
Q13059743	Q2095
Q1305991	Q2095
Q130601295	Q2095
Q130609436	Q2095
Q130609436	Q40050
Q130611730	Q2095
Q130632338	Q2095
Q130633595	Q2095
Q130677132	Q2095
Q130681202	Q2095
Q130709926	Q2095
Q130712510	Q2095
Q1307165	Q2095
Q130718197	Q2095
Q130719011	Q2095
Q130752173	Q2095
Q130752177	Q2095
Q130752212	Q2095
Q130752212	Q40050
Q130752217	Q2095
Q130754413	Q2095
Q130754413	Q40050
Q130755593	Q2095
Q1307595	Q2095
Q130760537	Q2095
Q130793834	Q2095
Q130804980	Q2095
Q130807868	Q2095
Q1308323	Q2095
Q1308384	Q2095
Q1308384	Q40050
Q130878	Q2095
Q130882	Q2095
Q130899848	Q2095
Q130899872	Q2095
Q13090782	Q2095
Q13091703	Q2095
Q1309217	Q2095
Q1309217	Q40050
Q13092635	Q2095
Q13092635	Q40050
Q13093120	Q2095
Q130937219	Q2095
Q13094650	Q2095
Q13094657	Q2095
Q13094672	Q2095
Q13095830	Q2095
Q13096003	Q2095
Q130961449	Q2095
Q1309680	Q2095
Q13096825	Q2095
Q13096834	Q2095
Q13096849	Q2095
Q130975144	Q2095
Q13097607	Q2095
Q13098659	Q2095
Q13098659	Q40050
Q13099103	Q2095
Q13099103	Q40050
Q130993418	Q2095
Q130993418	Q40050
Q13099586	Q2095
Q1310066	Q2095
Q13100690	Q2095
Q13100690	Q40050
Q13100774	Q2095
Q13100774	Q40050
Q13101370	Q2095
Q13102587	Q2095
Q13103955	Q2095
Q13103955	Q40050
Q13105474	Q2095
Q13105845	Q2095
Q131064065	Q2095
Q131064065	Q40050
Q13107858	Q2095
Q1310859	Q2095
Q1310859	Q40050
Q13109743	Q2095
Q13109743	Q40050
Q13110362	Q2095
Q131104406	Q2095
Q13110866	Q2095
Q13110976	Q2095
Q13111417	Q2095
Q131118490	Q2095
Q131118905	Q2095
Q131124708	Q2095
Q131124911	Q2095
Q1311262	Q2095
Q13112971	Q2095
Q13113101	Q2095
Q131141679	Q2095
Q131141698	Q2095
Q13114512	Q2095
Q131145353	Q2095
Q131145392	Q2095
Q131149870	Q2095
Q131149870	Q40050
Q131151109	Q2095
Q131154343	Q2095
Q131159500	Q2095
Q131159500	Q40050
Q131190958	Q2095
Q131191694	Q2095
Q131191999	Q2095
Q13121898	Q2095
Q13122588	Q2095
Q13122755	Q2095
Q13122755	Q40050
Q13126223	Q2095
Q13126300	Q2095
Q131286570	Q2095
Q13128774	Q2095
Q131289477	Q2095
Q131295605	Q2095
Q131295802	Q2095
Q131300899	Q2095
Q131302426	Q2095
Q131308118	Q2095
Q131308724	Q2095
Q131311550	Q2095
Q131314225	Q2095
Q131316234	Q2095
Q13131783	Q2095
Q131318830	Q2095
Q131342347	Q2095
Q131345048	Q2095
Q131346795	Q2095
Q131360665	Q2095
Q131360692	Q2095
Q131361064	Q2095
Q131361148	Q2095
Q131361149	Q2095
Q131361201	Q2095
Q131361289	Q2095
Q131361306	Q2095
Q131361355	Q2095
Q131361387	Q2095
Q131361409	Q2095
Q131361432	Q2095
Q131361643	Q2095
Q131361739	Q2095
Q13136566	Q2095
Q13136655	Q2095
Q131367062	Q2095
Q13136717	Q2095
Q13137532	Q2095
Q131379579	Q2095
Q13137967	Q2095
Q13138035	Q2095
Q131382344	Q2095
Q131382344	Q40050
Q13138254	Q2095
Q131384586	Q2095
Q131385357	Q2095
Q131387128	Q2095
Q13138734	Q2095
Q131400085	Q2095
Q131400142	Q2095
Q13140030	Q2095
Q131404561	Q2095
Q131405252	Q2095
Q131405252	Q40050
Q131406140	Q2095
Q131406140	Q40050
Q131412000	Q2095
Q131413	Q2095
Q131413	Q40050
Q131419	Q2095
Q131421517	Q2095
Q131421869	Q2095
Q131421869	Q40050
Q131425537	Q2095
Q131425606	Q2095
Q13142576	Q2095
Q13142671	Q2095
Q131426741	Q2095
Q131437697	Q2095
Q13144008	Q2095
Q13144066	Q2095
Q131442	Q2095
Q131443882	Q2095
Q131444217	Q2095
Q131444217	Q40050
Q131444218	Q2095
Q131444218	Q40050
Q131445533	Q2095
Q131446222	Q2095
Q13145676	Q2095
Q131457322	Q2095
Q131457557	Q2095
Q131459325	Q2095
Q131463824	Q2095
Q131470403	Q2095
Q131470813	Q2095
Q13147186	Q2095
Q13147213	Q2095
Q13147323	Q2095
Q131480	Q2095
Q1315113	Q2095
Q1315113	Q40050
Q131515049	Q2095
Q131515348	Q2095
Q131515529	Q2095
Q131516414	Q2095
Q131518032	Q2095
Q131519707	Q2095
Q131521590	Q2095
Q131536375	Q2095
Q131538537	Q2095
Q131540318	Q2095
Q131552735	Q2095
Q1315539	Q2095
Q1315539	Q40050
Q131560883	Q2095
Q131564107	Q2095
Q13157	Q2095
Q13157	Q40050
Q131572657	Q2095
Q131572680	Q2095
Q131573163	Q2095
Q131582	Q2095
Q131583697	Q2095
Q131588415	Q2095
Q131588653	Q2095
Q131594001	Q2095
Q1316029	Q2095
Q1316029	Q40050
Q131605468	Q2095
Q131607	Q2095
Q131612648	Q2095
Q131612648	Q40050
Q13161952	Q2095
Q1316209	Q2095
Q131625744	Q2095
Q131625744	Q40050
Q131627368	Q2095
Q131630859	Q2095
Q13163235	Q2095
Q13163896	Q2095
Q13164112	Q2095
Q13164356	Q2095
Q13164414	Q2095
Q13164441	Q2095
Q13164446	Q2095
Q13164459	Q2095
Q13164542	Q2095
Q13164545	Q2095
Q13165007	Q2095
Q1316624	Q2095
Q131679131	Q2095
Q131679131	Q40050
Q131683895	Q2095
Q131703519	Q2095
Q131705474	Q2095
Q131719577	Q2095
Q131720008	Q2095
Q131720377	Q2095
Q131723679	Q2095
Q131730761	Q2095
Q131730781	Q2095
Q131735749	Q2095
Q131736473	Q2095
Q131737404	Q2095
Q131743103	Q2095
Q131748	Q2095
Q131749285	Q2095
Q131749772	Q2095
Q131752722	Q2095
Q131752722	Q40050
Q1317552	Q2095
Q131757744	Q2095
Q1317601	Q2095
Q13178	Q2095
Q1317802	Q2095
Q131782888	Q2095
Q13178400	Q2095
Q13178587	Q2095
Q13178610	Q2095
Q1317898	Q2095
Q13179	Q2095
Q1317958	Q2095
Q13181	Q2095
Q131820017	Q2095
Q131820065	Q2095
Q131824873	Q2095
Q131834327	Q2095
Q131839491	Q2095
Q131839567	Q2095
Q131839602	Q2095
Q131844808	Q2095
Q13186	Q2095
Q1318753	Q2095
Q13188482	Q2095
Q13188482	Q40050
Q1318944	Q2095
Q131902002	Q2095
Q131902005	Q2095
Q131902007	Q2095
Q131902010	Q2095
Q131902012	Q2095
Q131902015	Q2095
Q131902016	Q2095
Q131902017	Q2095
Q131902018	Q2095
Q131902019	Q2095
Q131902021	Q2095
Q131902022	Q2095
Q131902023	Q2095
Q131902024	Q2095
Q131902025	Q2095
Q131902026	Q2095
Q131902027	Q2095
Q131902028	Q2095
Q131902030	Q2095
Q131902032	Q2095
Q131902035	Q2095
Q131902037	Q2095
Q131902039	Q2095
Q1319028	Q2095
Q131903241	Q2095
Q131903242	Q2095
Q131903243	Q2095
Q131903277	Q2095
Q131903278	Q2095
Q131903294	Q2095
Q131903295	Q2095
Q131903296	Q2095
Q131903297	Q2095
Q131903298	Q2095
Q131903300	Q2095
Q131903301	Q2095
Q131903302	Q2095
Q131903303	Q2095
Q131903305	Q2095
Q131903306	Q2095
Q131903308	Q2095
Q131903309	Q2095
Q131903310	Q2095
Q131903446	Q2095
Q131903446	Q40050
Q131903447	Q2095
Q131903447	Q40050
Q131903448	Q2095
Q131903449	Q2095
Q131903450	Q2095
Q131903451	Q2095
Q131903452	Q2095
Q131903453	Q2095
Q131903455	Q2095
Q131903456	Q2095
Q131903457	Q2095
Q131903501	Q2095
Q13191	Q2095
Q131912238	Q2095
Q131912239	Q2095
Q131912240	Q2095
Q131912241	Q2095
Q131912242	Q2095
Q131912243	Q2095
Q131912244	Q2095
Q131912244	Q40050
Q131912245	Q2095
Q131912245	Q40050
Q131912246	Q2095
Q131912247	Q2095
Q131912248	Q2095
Q131912249	Q2095
Q131912250	Q2095
Q13191238	Q2095
Q131919578	Q2095
Q131919776	Q2095
Q131920630	Q2095
Q131927111	Q2095
Q131935021	Q2095
Q13194	Q2095
Q131940119	Q2095
Q131940120	Q2095
Q131940122	Q2095
Q131940123	Q2095
Q131940125	Q2095
Q131940126	Q2095
Q131940127	Q2095
Q131940128	Q2095
Q131940129	Q2095
Q131940130	Q2095
Q13194939	Q2095
Q13195	Q2095
Q13195017	Q2095
Q13195017	Q40050
Q1319565	Q2095
Q1319565	Q40050
Q1319591	Q2095
Q13196163	Q2095
Q13196534	Q2095
Q13196784	Q2095
Q13196928	Q2095
Q13197173	Q2095
Q13197224	Q2095
Q13197398	Q2095
Q13197439	Q2095
Q13197557	Q2095
Q13197885	Q2095
Q13198062	Q2095
Q131989100	Q2095
Q13199157	Q2095
Q13199292	Q2095
Q13199557	Q2095
Q13199854	Q2095
Q13199989	Q2095
Q1320123	Q2095
Q1320123	Q40050
Q13202263	Q2095
Q13204	Q2095
Q13204	Q40050
Q132068752	Q2095
Q1320701	Q2095
Q13208	Q2095
Q13208	Q40050
Q13210563	Q2095
Q13210563	Q40050
Q13212239	Q2095
Q13212332	Q2095
Q13212340	Q2095
Q13212588	Q2095
Q132126122	Q2095
Q132126123	Q2095
Q132126124	Q2095
Q132126125	Q2095
Q132126912	Q2095
Q132129088	Q2095
Q132131636	Q2095
Q132132567	Q2095
Q132146774	Q2095
Q132152940	Q2095
Q132152948	Q2095
Q132157934	Q2095
Q1321593	Q2095
Q13216848	Q2095
Q132174301	Q2095
Q132180496	Q2095
Q132180497	Q2095
Q132180498	Q2095
Q13218977	Q2095
Q132200679	Q2095
Q13220342	Q2095
Q1322091	Q2095
Q1322091	Q40050
Q13221624	Q2095
Q13221746	Q2095
Q13222088	Q2095
Q132229823	Q2095
Q132229823	Q40050
Q132235009	Q2095
Q132235009	Q40050
Q1322549	Q2095
Q13225835	Q2095
Q13228	Q2095
Q1322921	Q2095
Q1322949	Q2095
Q132300835	Q2095
Q1323044	Q2095
Q13231338	Q2095
Q13231340	Q2095
Q13231340	Q40050
Q13233	Q2095
Q132344265	Q2095
Q132348385	Q2095
Q132391984	Q2095
Q132394233	Q2095
Q132396898	Q2095
Q132398209	Q2095
Q132398334	Q2095
Q132398334	Q40050
Q13241	Q2095
Q1324118	Q2095
Q132431413	Q2095
Q132431414	Q2095
Q1324342	Q2095
Q132459085	Q2095
Q132527549	Q2095
Q132527550	Q2095
Q132527551	Q2095
Q132527552	Q2095
Q132527553	Q2095
Q132527557	Q2095
Q132527559	Q2095
Q132527561	Q2095
Q13253	Q2095
Q13253	Q40050
Q132559469	Q2095
Q132563134	Q2095
Q132565533	Q2095
Q132566571	Q2095
Q132567004	Q2095
Q132567850	Q2095
Q132570407	Q2095
Q132593938	Q2095
Q132594823	Q2095
Q132596062	Q2095
Q132596833	Q2095
Q132597558	Q2095
Q132598695	Q2095
Q132599289	Q2095
Q13261	Q2095
Q13261	Q40050
Q132632145	Q2095
Q132632145	Q40050
Q1326339	Q2095
Q1326383	Q2095
Q13266	Q2095
Q132661273	Q2095
Q132681438	Q2095
Q132681709	Q2095
Q132686132	Q2095
Q13270	Q2095
Q1327377	Q2095
Q13276	Q2095
Q132774776	Q2095
Q132774776	Q40050
Q1327753	Q2095
Q1327753	Q40050
Q132795118	Q2095
Q1328259	Q2095
Q132831044	Q2095
Q1328462	Q2095
Q132861220	Q2095
Q132862688	Q2095
Q13287	Q2095
Q13287	Q40050
Q1328767	Q2095
Q1328947	Q2095
Q1328947	Q40050
Q13290	Q2095
Q13290	Q40050
Q13296	Q2095
Q13296	Q40050
Q1329680	Q2095
Q132970274	Q2095
Q132971637	Q2095
Q1329765	Q2095
Q132983307	Q2095
Q13302	Q2095
Q13305	Q2095
Q1331042	Q2095
Q1331071	Q2095
Q13312	Q2095
Q13314	Q2095
Q13317	Q2095
Q13317	Q40050
Q13319	Q2095
Q1331962	Q2095
Q1331962	Q40050
Q1331998	Q2095
Q133234631	Q2095
Q133253650	Q2095
Q133253650	Q40050
Q1332577	Q2095
Q1332577	Q40050
Q133258126	Q2095
Q133259336	Q2095
Q133261248	Q2095
Q133262108	Q2095
Q133275294	Q2095
Q133275294	Q40050
Q133278001	Q2095
Q133280796	Q2095
Q133284091	Q2095
Q133284114	Q2095
Q133289564	Q2095
Q133294866	Q2095
Q1332967	Q2095
Q1334390	Q2095
Q1334390	Q40050
Q133440988	Q2095
Q133456446	Q2095
Q133456446	Q40050
Q133464422	Q2095
Q133465144	Q2095
Q133465313	Q2095
Q133474400	Q2095
Q133501493	Q2095
Q133502875	Q2095
Q133520977	Q2095
Q1335219	Q2095
Q133568197	Q2095
Q133569467	Q2095
Q133572474	Q2095
Q13360207	Q2095
Q13360264	Q2095
Q13360268	Q2095
Q13360715	Q2095
Q133622195	Q2095
Q13362654	Q2095
Q13364736	Q2095
Q13365379	Q2095
Q133696315	Q2095
Q133696320	Q2095
Q133696327	Q2095
Q133730185	Q2095
Q133751624	Q2095
Q133752165	Q2095
Q133752184	Q2095
Q13377214	Q2095
Q13377687	Q2095
Q133781048	Q2095
Q133781336	Q2095
Q133781405	Q2095
Q133782658	Q2095
Q133783394	Q2095
Q133806310	Q2095
Q133806326	Q2095
Q133806335	Q2095
Q133806336	Q2095
Q133806355	Q2095
Q133808765	Q2095
Q133817	Q2095
Q133817716	Q2095
Q133821448	Q2095
Q133824912	Q2095
Q133824913	Q2095
Q133824914	Q2095
Q133824915	Q2095
Q133835291	Q2095
Q133837278	Q2095
Q133837298	Q2095
Q133837321	Q2095
Q133843945	Q2095
Q133844183	Q2095
Q13384640	Q2095
Q133852671	Q2095
Q133865693	Q2095
Q133867137	Q2095
Q133868735	Q2095
Q133868735	Q40050
Q133868751	Q2095
Q133868751	Q40050
Q133869521	Q2095
Q13386962	Q2095
Q133869690	Q2095
Q133871239	Q2095
Q133873891	Q2095
Q133876362	Q2095
Q1338822	Q2095
Q133883105	Q2095
Q133892366	Q2095
Q133894166	Q2095
Q1339145	Q2095
Q1339280	Q2095
Q13393	Q2095
Q133944003	Q2095
Q133948	Q2095
Q1339633	Q2095
Q133971121	Q2095
Q133972560	Q2095
Q133973038	Q2095
Q133974017	Q2095
Q133988821	Q2095
Q133988821	Q40050
Q13400960	Q2095
Q134011771	Q2095
Q134012029	Q2095
Q134012311	Q2095
Q134013331	Q2095
Q1340323	Q2095
Q13403307	Q2095
Q134041	Q2095
Q134041	Q40050
Q134043310	Q2095
Q13405089	Q2095
Q13405812	Q2095
Q134071214	Q2095
Q134080491	Q2095
Q134091149	Q2095
Q134092	Q2095
Q134095	Q2095
Q134097837	Q2095
Q134097970	Q2095
Q134097987	Q2095
Q134097987	Q40050
Q134101	Q2095
Q1341132	Q2095
Q134124685	Q2095
Q134126124	Q2095
Q134152	Q2095
Q134165564	Q2095
Q13417087	Q2095
Q13417172	Q2095
Q13417200	Q2095
Q13417200	Q40050
Q13417568	Q2095
Q13417568	Q40050
Q134185	Q2095
Q13420305	Q2095
Q13420305	Q40050
Q13420320	Q2095
Q13420363	Q2095
Q13420363	Q40050
Q13420375	Q2095
Q13420375	Q40050
Q134213	Q2095
Q1342191	Q2095
Q13422035	Q2095
Q13422497	Q2095
Q13422525	Q2095
Q134229749	Q2095
Q13424415	Q2095
Q13424415	Q40050
Q134253998	Q2095
Q1342574	Q2095
Q1342581	Q2095
Q134269564	Q2095
Q134269564	Q40050
Q1342703	Q2095
Q1342723	Q2095
Q1342723	Q40050
Q134273738	Q2095
Q1342742	Q2095
Q1342742	Q40050
Q134280590	Q2095
Q134281056	Q2095
Q134281727	Q2095
Q134282351	Q2095
Q13428821	Q2095
Q13428821	Q40050
Q134289632	Q2095
Q134289632	Q40050
Q134298793	Q2095
Q134298830	Q2095
Q134298833	Q2095
Q134298851	Q2095
Q134301178	Q2095
Q134304254	Q2095
Q13430975	Q2095
Q13430975	Q40050
Q134311905	Q2095
Q134312393	Q2095
Q134318940	Q2095
Q134318940	Q40050
Q13434072	Q2095
Q13434162	Q2095
Q134344445	Q2095
Q1343448	Q2095
Q134355517	Q2095
Q134355544	Q2095
Q134373954	Q2095
Q134376301	Q2095
Q1343820	Q2095
Q134383787	Q2095
Q134383787	Q40050
Q134385	Q2095
Q134386859	Q2095
Q134386859	Q40050
Q13438800	Q2095
Q134392691	Q2095
Q134392691	Q40050
Q134395384	Q2095
Q1343997	Q2095
Q134409015	Q2095
Q134410151	Q2095
Q13441275	Q2095
Q13441275	Q40050
Q134413162	Q2095
Q134414782	Q2095
Q1344218	Q2095
Q1344219	Q2095
Q13442810	Q2095
Q134434602	Q2095
Q134441483	Q2095
Q134441484	Q2095
Q134441498	Q2095
Q134441536	Q2095
Q134441544	Q2095
Q134441567	Q2095
Q134441688	Q2095
Q134441897	Q2095
Q134441904	Q2095
Q134441910	Q2095
Q134441914	Q2095
Q13444363	Q2095
Q1344463	Q2095
Q1344463	Q40050
Q134467697	Q2095
Q134469652	Q2095
Q134471385	Q2095
Q1345117	Q2095
Q1345117	Q40050
Q134527504	Q2095
Q134530889	Q2095
Q134532426	Q2095
Q134540343	Q2095
Q134550056	Q2095
Q134562216	Q2095
Q134562217	Q2095
Q1345626	Q2095
Q134563705	Q2095
Q134579814	Q2095
Q134579815	Q2095
Q13458275	Q2095
Q134590386	Q2095
Q134597662	Q2095
Q134603770	Q2095
Q134603770	Q40050
Q134603823	Q2095
Q134603823	Q40050
Q134609821	Q2095
Q134611108	Q2095
Q134611108	Q40050
Q1346373	Q2095
Q1346399	Q2095
Q1346513	Q2095
Q1346513	Q40050
Q13466069	Q2095
Q134688858	Q2095
Q134690880	Q2095
Q134697603	Q2095
Q134698168	Q2095
Q134698330	Q2095
Q1347028	Q2095
Q134704040	Q2095
Q134705513	Q2095
Q134705664	Q2095
Q134705664	Q40050
Q134710857	Q2095
Q134710857	Q40050
Q134730186	Q2095
Q134731318	Q2095
Q134732143	Q2095
Q134734609	Q2095
Q134738436	Q2095
Q134739103	Q2095
Q13475519	Q2095
Q134761715	Q2095
Q134768	Q2095
Q134768	Q40050
Q134774918	Q2095
Q1347754	Q2095
Q13479641	Q2095
Q13479746	Q2095
Q134836695	Q2095
Q134837243	Q2095
Q134838881	Q2095
Q134862	Q2095
Q134862	Q40050
Q134874197	Q2095
Q134877442	Q2095
Q134890327	Q2095
Q134892249	Q2095
Q134895870	Q2095
Q1348968	Q2095
Q134899	Q2095
Q134899	Q40050
Q134933112	Q2095
Q1349413	Q2095
Q134957009	Q2095
Q134959291	Q2095
Q134960036	Q2095
Q134960080	Q2095
Q134961201	Q2095
Q134961334	Q2095
Q134961334	Q40050
Q134967509	Q2095
Q134967509	Q40050
Q134967564	Q2095
Q134967564	Q40050
Q134970556	Q2095
Q134970557	Q2095
Q134970558	Q2095
Q134970941	Q2095
Q134978517	Q2095
Q134983416	Q2095
Q134989868	Q2095
Q134999560	Q2095
Q134999609	Q2095
Q135000993	Q2095
Q135000993	Q40050
Q135001596	Q2095
Q135003095	Q2095
Q135010731	Q2095
Q135011434	Q2095
Q135036621	Q2095
Q135038510	Q2095
Q1350656	Q2095
Q1350656	Q40050
Q135102257	Q2095
Q135102288	Q2095
Q135103632	Q2095
Q135103638	Q2095
Q135111363	Q2095
Q135111363	Q40050
Q135111388	Q2095
Q135111388	Q40050
Q1351116	Q2095
Q135111896	Q2095
Q135111896	Q40050
Q135112167	Q2095
Q135112256	Q2095
Q135112272	Q2095
Q135112380	Q2095
Q135112380	Q40050
Q135112413	Q2095
Q135112413	Q40050
Q135116182	Q2095
Q135137251	Q2095
Q135137251	Q40050
Q135153	Q2095
Q13516723	Q2095
Q13516723	Q40050
Q13516724	Q2095
Q13516724	Q40050
Q13516725	Q2095
Q13516725	Q40050
Q13516727	Q2095
Q13516727	Q40050
Q13516750	Q2095
Q13516750	Q40050
Q13516751	Q2095
Q13516751	Q40050
Q13516758	Q2095
Q13516758	Q40050
Q13516760	Q2095
Q13516760	Q40050
Q13516761	Q2095
Q13516761	Q40050
Q13516763	Q2095
Q13516763	Q40050
Q13516767	Q2095
Q13516767	Q40050
Q13516769	Q2095
Q13516769	Q40050
Q135178	Q2095
Q135180792	Q2095
Q135188969	Q2095
Q135188969	Q40050
Q135189803	Q2095
Q135191435	Q2095
Q135197617	Q2095
Q135197655	Q2095
Q135197655	Q40050
Q135207479	Q2095
Q135207479	Q40050
Q135208644	Q2095
Q135224237	Q2095
Q135258665	Q2095
Q135261122	Q2095
Q135261122	Q40050
Q135266214	Q2095
Q135266265	Q2095
Q135266281	Q2095
Q135266305	Q2095
Q1352696	Q2095
Q13527031	Q2095
Q13527031	Q40050
Q135270782	Q2095
Q135272410	Q2095
Q135272410	Q40050
Q135272957	Q2095
Q135273022	Q2095
Q135284101	Q2095
Q135287262	Q2095
Q1352897	Q2095
Q135313204	Q2095
Q135333762	Q2095
Q135334986	Q2095
Q13534114	Q2095
Q13534114	Q40050
Q13534116	Q2095
Q13534116	Q40050
Q13537901	Q2095
Q13538519	Q2095
Q135395863	Q2095
Q135406996	Q2095
Q135407771	Q2095
Q135409316	Q2095
Q135409321	Q2095
Q135411960	Q2095
Q135411960	Q40050
Q135412815	Q2095
Q135415105	Q2095
Q135415557	Q2095
Q135415564	Q2095
Q135415564	Q40050
Q135415632	Q2095
Q135419180	Q2095
Q135419180	Q40050
Q135426406	Q2095
Q135428348	Q2095
Q135428352	Q2095
Q135428364	Q2095
Q135432049	Q2095
Q135432161	Q2095
Q135432421	Q2095
Q135433271	Q2095
Q135435296	Q2095
Q135436294	Q2095
Q135437200	Q2095
Q135442033	Q2095
Q135442115	Q2095
Q135442387	Q2095
Q135443611	Q2095
Q135446912	Q2095
Q135447126	Q2095
Q135447217	Q2095
Q135449174	Q2095
Q135450685	Q2095
Q135454522	Q2095
Q135455803	Q2095
Q135459005	Q2095
Q135464090	Q2095
Q135472092	Q2095
Q135484032	Q2095
Q135486726	Q2095
Q135488580	Q2095
Q135494034	Q2095
Q135498221	Q2095
Q135509388	Q2095
Q1355542	Q2095
Q1355542	Q40050
Q13557309	Q2095
Q13557581	Q2095
Q135581201	Q2095
Q135581201	Q40050
Q13561361	Q2095
Q13561361	Q40050
Q13562552	Q2095
Q13562552	Q40050
Q135629302	Q2095
Q135640288	Q2095
Q135640293	Q2095
Q135640314	Q2095
Q135641992	Q2095
Q135642191	Q2095
Q135643358	Q2095
Q135644171	Q2095
Q13564483	Q2095
Q135650550	Q2095
Q135650619	Q2095
Q1356577	Q2095
Q135660382	Q2095
Q135660392	Q2095
Q135660419	Q2095
Q135660422	Q2095
Q135660427	Q2095
Q13566136	Q2095
Q135669278	Q2095
Q135669278	Q40050
Q135679999	Q2095
Q1356806	Q2095
Q13568060	Q2095
Q135683547	Q2095
Q135687534	Q2095
Q135687671	Q2095
Q135688644	Q2095
Q135688743	Q2095
Q135688748	Q2095
Q135688755	Q2095
Q13569730	Q2095
Q135703315	Q2095
Q135704144	Q2095
Q1357168	Q2095
Q135718733	Q2095
Q135725164	Q2095
Q135725164	Q40050
Q135726819	Q2095
Q135734993	Q2095
Q135739047	Q2095
Q135742149	Q2095
Q1358074	Q2095
Q13581171	Q2095
Q13582262	Q2095
Q13582643	Q2095
Q135826759	Q2095
Q135827096	Q2095
Q135827876	Q2095
Q13582838	Q2095
Q135831053	Q2095
Q135840891	Q2095
Q135840981	Q2095
Q13584745	Q2095
Q135888	Q2095
Q1359006	Q2095
Q135910058	Q2095
Q135921153	Q2095
Q135921156	Q2095
Q135921159	Q2095
Q135921166	Q2095
Q135921169	Q2095
Q135925569	Q2095
Q135927675	Q2095
Q135927685	Q2095
Q135927695	Q2095
Q135934553	Q2095
Q1359364	Q2095
Q135943559	Q2095
Q135960412	Q2095
Q135973674	Q2095
Q135976724	Q2095
Q135978064	Q2095
Q135980010	Q2095
Q135983909	Q2095
Q135988488	Q2095
Q135988488	Q40050
Q135989767	Q2095
Q135989793	Q2095
Q135990427	Q2095
Q135991180	Q2095
Q135992934	Q2095
Q13603269	Q2095
Q136035763	Q2095
Q136084422	Q2095
Q136084592	Q2095
Q136085446	Q2095
Q136086697	Q2095
Q136087059	Q2095
Q136087103	Q2095
Q136089368	Q2095
Q136093120	Q2095
Q136098816	Q2095
Q136104841	Q2095
Q1361086	Q2095
Q136118473	Q2095
Q136125574	Q2095
Q136125574	Q40050
Q136125629	Q2095
Q136125629	Q40050
Q136128844	Q2095
Q1361289	Q2095
Q136134995	Q2095
Q136141723	Q2095
Q136141723	Q40050
Q136141758	Q2095
Q136141758	Q40050
Q136147903	Q2095
Q136147903	Q40050
Q13616188	Q2095
Q13616188	Q40050
Q136171423	Q2095
Q136172433	Q2095
Q1361771	Q2095
Q1361859	Q2095
Q136190528	Q2095
Q136190529	Q2095
Q136190530	Q2095
Q136190533	Q2095
Q136190536	Q2095
Q136190538	Q2095
Q136190539	Q2095
Q136190541	Q2095
Q136190542	Q2095
Q136190543	Q2095
Q136190544	Q2095
Q136190545	Q2095
Q136190548	Q2095
Q136196116	Q2095
Q136213839	Q2095
Q136213860	Q2095
Q136213867	Q2095
Q136213891	Q2095
Q136222968	Q2095
Q136222968	Q40050
Q136229809	Q2095
Q136229810	Q2095
Q136229811	Q2095
Q136229812	Q2095
Q136229814	Q2095
Q136229815	Q2095
Q136229816	Q2095
Q136229817	Q2095
Q136229818	Q2095
Q136229819	Q2095
Q136238303	Q2095
Q1362405	Q2095
Q1362817	Q2095
Q136288509	Q2095
Q136294374	Q2095
Q136297320	Q2095
Q1363042	Q2095
Q1363043	Q2095
Q136304737	Q2095
Q136312953	Q2095
Q13632478	Q2095
Q136327320	Q2095
Q136340072	Q2095
Q136342043	Q2095
Q136342083	Q2095
Q136345512	Q2095
Q136346177	Q2095
Q1363560	Q2095
Q13636168	Q2095
Q136363230	Q2095
Q13636901	Q2095
Q13636901	Q40050
Q136371550	Q2095
Q1363716	Q2095
Q136373880	Q2095
Q136373880	Q40050
Q13637859	Q2095
Q13637859	Q40050
Q13638226	Q2095
Q13638226	Q40050
Q136387693	Q2095
Q136393779	Q2095
Q136393787	Q2095
Q136393798	Q2095
Q136393800	Q2095
Q136394170	Q2095
Q136394170	Q40050
Q136394648	Q2095
Q136407972	Q2095
Q136407972	Q40050
Q136410749	Q2095
Q136410749	Q40050
Q136416714	Q2095
Q136416714	Q40050
Q136416797	Q2095
Q136418745	Q2095
Q136420774	Q2095
Q13642570	Q2095
Q136428542	Q2095
Q136432008	Q2095
Q136438204	Q2095
Q136438800	Q2095
Q13644362	Q2095
Q136445830	Q2095
Q136446240	Q2095
Q13644850	Q2095
Q1364507	Q2095
Q1364509	Q2095
Q136451160	Q2095
Q136458311	Q2095
Q136461164	Q2095
Q13646273	Q2095
Q1364834	Q2095
Q1364834	Q40050
Q136484195	Q2095
Q136485184	Q2095
Q136485229	Q2095
Q136486631	Q2095
Q136486693	Q2095
Q136486705	Q2095
Q136486724	Q2095
Q136486733	Q2095
Q136486862	Q2095
Q136486885	Q2095
Q136486915	Q2095
Q136486915	Q40050
Q13649735	Q2095
Q136500311	Q2095
Q136500562	Q2095
Q136502920	Q2095
Q1365139	Q2095
Q13651680	Q2095
Q13652284	Q2095
Q13652284	Q40050
Q136523566	Q2095
Q136524084	Q2095
Q136525272	Q2095
Q136525272	Q40050
Q136526294	Q2095
Q136527600	Q2095
Q1365347	Q2095
Q1365365	Q2095
Q136537392	Q2095
Q136537411	Q2095
Q136541359	Q2095
Q136543963	Q2095
Q136546534	Q2095
Q136547613	Q2095
Q136549327	Q2095
Q136549327	Q40050
Q136557361	Q2095
Q136557474	Q2095
Q136557481	Q2095
Q136564070	Q2095
Q1365868	Q2095
Q1365891	Q2095
Q136594816	Q2095
Q1365996	Q2095
Q136604589	Q2095
Q136604589	Q40050
Q136625532	Q2095
Q136627767	Q2095
Q136630882	Q2095
Q136644605	Q2095
Q1366456	Q2095
Q136646409	Q2095
Q136655596	Q2095
Q136655611	Q2095
Q13666435	Q2095
Q136674388	Q2095
Q136674743	Q2095
Q136678467	Q2095
Q136678547	Q2095
Q136678563	Q2095
Q136678592	Q2095
Q136685119	Q2095
Q136700752	Q2095
Q136718362	Q2095
Q136722956	Q2095
Q136725344	Q2095
Q136725344	Q40050
Q136725959	Q2095
Q136725959	Q40050
Q136727047	Q2095
Q136727047	Q40050
Q136728314	Q2095
Q136728314	Q40050
Q1367314	Q2095
Q1367314	Q40050
Q136732109	Q2095
Q136746258	Q2095
Q136746258	Q40050
Q136746355	Q2095
Q136746355	Q40050
Q136746432	Q2095
Q136746527	Q2095
Q136746551	Q2095
Q136746773	Q2095
Q136746851	Q2095
Q136746883	Q2095
Q136746899	Q2095
Q136746914	Q2095
Q136746943	Q2095
Q136746951	Q2095
Q136746961	Q2095
Q136746974	Q2095
Q136746982	Q2095
Q136747022	Q2095
Q136747040	Q2095
Q136747207	Q2095
Q136747223	Q2095
Q136747378	Q2095
Q136747438	Q2095
Q136758154	Q2095
Q136758154	Q40050
Q136759954	Q2095
Q1367660	Q2095
Q1367718	Q2095
Q136774181	Q2095
Q136791457	Q2095
Q136802858	Q2095
Q136804195	Q2095
Q136814264	Q2095
Q136814452	Q2095
Q136814452	Q40050
Q136825315	Q2095
Q136840945	Q2095
Q136841660	Q2095
Q136842110	Q2095
Q136842707	Q2095
Q1368432	Q2095
Q136849175	Q2095
Q136862344	Q2095
Q136863319	Q2095
Q136878697	Q2095
Q136880981	Q2095
Q136881027	Q2095
Q136892920	Q2095
Q136906898	Q2095
Q136913566	Q2095
Q136918080	Q2095
Q136922	Q2095
Q136955329	Q2095
Q136995191	Q2095
Q137035588	Q2095
Q137064171	Q2095
Q137103400	Q2095
Q137103400	Q40050
Q1371292	Q2095
Q1371347	Q2095
Q1371541	Q2095
Q1371541	Q40050
Q137164363	Q2095
Q137168442	Q2095
Q137168754	Q2095
Q137184559	Q2095
Q137185691	Q2095
Q137185714	Q2095
Q137185717	Q2095
Q137185718	Q2095
Q137187399	Q2095
Q137187399	Q40050
Q137213270	Q2095
Q137217603	Q2095
Q137220443	Q2095
Q137221291	Q2095
Q1372354	Q2095
Q137251	Q2095
Q137254262	Q2095
Q137255351	Q2095
Q137267399	Q2095
Q137274388	Q2095
Q137274388	Q40050
Q13729160	Q2095
Q137291795	Q2095
Q137291798	Q2095
Q137293997	Q2095
Q137294152	Q2095
Q137294909	Q2095
Q137299303	Q2095
Q137324898	Q2095
Q13734182	Q2095
Q13734182	Q40050
Q137342408	Q2095
Q1373466	Q2095
Q137360405	Q2095
Q13736638	Q2095
Q137373435	Q2095
Q137373481	Q2095
Q1373750	Q2095
Q137375176	Q2095
Q137376040	Q2095
Q137380017	Q2095
Q1373885	Q2095
Q137391836	Q2095
Q137393900	Q2095
Q13739544	Q2095
Q137395977	Q2095
Q137395977	Q40050
Q137427370	Q2095
Q13742999	Q2095
Q137441470	Q2095
Q13744332	Q2095
Q13744399	Q2095
Q13745814	Q2095
Q13745814	Q40050
Q13745976	Q2095
Q13746442	Q2095
Q13747916	Q2095
Q13747916	Q40050
Q13748555	Q2095
Q1375049	Q2095
Q1375049	Q40050
Q137505841	Q2095
Q137516130	Q2095
Q137516130	Q40050
Q13751737	Q2095
Q137528279	Q2095
Q137528279	Q40050
Q1375289	Q2095
Q1375289	Q40050
Q137546516	Q2095
Q137546516	Q40050
Q137546576	Q2095
Q137546576	Q40050
Q137550706	Q2095
Q137558447	Q2095
Q137581504	Q2095
Q137591548	Q2095
Q137591924	Q2095
Q137593130	Q2095
Q137593679	Q2095
Q137602246	Q2095
Q137602929	Q2095
Q137602929	Q40050
Q137609355	Q2095
Q137611595	Q2095
Q137611595	Q40050
Q1376140	Q2095
Q1376140	Q40050
Q1376161	Q2095
Q137637210	Q2095
Q137639852	Q2095
Q137646046	Q2095
Q137654691	Q2095
Q137654913	Q2095
Q137656515	Q2095
Q137656515	Q40050
Q137682750	Q2095
Q137691037	Q2095
Q137698232	Q2095
Q137708647	Q2095
Q1377087	Q2095
Q137710449	Q2095
Q137712066	Q2095
Q137714277	Q2095
Q137716261	Q2095
Q137716261	Q40050
Q137718750	Q2095
Q137729017	Q2095
Q137734212	Q2095
Q137757909	Q2095
Q137778889	Q2095
Q1377879	Q2095
Q137792091	Q2095
Q137794382	Q2095
Q137794535	Q2095
Q137794535	Q40050
Q137798516	Q2095
Q137798516	Q40050
Q137798679	Q2095
Q137798839	Q2095
Q137798841	Q2095
Q137798842	Q2095
Q137798935	Q2095
Q137798950	Q2095
Q137798967	Q2095
Q137798977	Q2095
Q137798978	Q2095
Q137799027	Q2095
Q137799044	Q2095
Q137799057	Q2095
Q137799069	Q2095
Q137799075	Q2095
Q137799082	Q2095
Q137799087	Q2095
Q137799088	Q2095
Q137799123	Q2095
Q137799140	Q2095
Q137799157	Q2095
Q137800680	Q2095
Q137802482	Q2095
Q137803968	Q2095
Q137804829	Q2095
Q137810203	Q2095
Q137822471	Q2095
Q137823563	Q2095
Q137824598	Q2095
Q137826226	Q2095
Q137826227	Q2095
Q137826228	Q2095
Q137826229	Q2095
Q137826230	Q2095
Q137826239	Q2095
Q137826241	Q2095
Q137826242	Q2095
Q137826250	Q2095
Q137826251	Q2095
Q137826252	Q2095
Q137844191	Q2095
Q137845645	Q2095
Q137845654	Q2095
Q137847309	Q2095
Q137862819	Q2095
Q1378736	Q2095
Q137900973	Q2095
Q137920443	Q2095
Q137920443	Q40050
Q137926646	Q2095
Q137927658	Q2095
Q137928828	Q2095
Q137940899	Q2095
Q137940933	Q2095
Q137940958	Q2095
Q137944812	Q2095
Q137946312	Q2095
Q137946313	Q2095
Q137946342	Q2095
Q137946435	Q2095
Q137946445	Q2095
Q137946488	Q2095
Q137969108	Q2095
Q13797778	Q2095
Q13797778	Q40050
Q13798142	Q2095
Q13798201	Q2095
Q137998824	Q2095
Q138003779	Q2095
Q138007599	Q2095
Q138011108	Q2095
Q138024294	Q2095
Q1380492	Q2095
Q138076358	Q2095
Q1381277	Q2095
Q138133834	Q2095
Q138139796	Q2095
Q1381614	Q2095
Q13818254	Q2095
Q138213	Q2095
Q1382251	Q2095
Q1382251	Q40050
Q13824114	Q2095
Q1382423	Q2095
Q138296509	Q2095
Q138298720	Q2095
Q138306611	Q2095
Q138311083	Q2095
Q138312518	Q2095
Q138312519	Q2095
Q138312520	Q2095
Q138312790	Q2095
Q138312791	Q2095
Q138312792	Q2095
Q138312793	Q2095
Q138312794	Q2095
Q138312795	Q2095
Q138312796	Q2095
Q138312797	Q2095
Q138312799	Q2095
Q138312800	Q2095
Q138312801	Q2095
Q138312802	Q2095
Q138312803	Q2095
Q138312804	Q2095
Q138312805	Q2095
Q138312806	Q2095
Q138312807	Q2095
Q138312808	Q2095
Q138312809	Q2095
Q138312810	Q2095
Q138312811	Q2095
Q138312812	Q2095
Q138312813	Q2095
Q138312814	Q2095
Q138312815	Q2095
Q138312816	Q2095
Q138312817	Q2095
Q138312818	Q2095
Q138312819	Q2095
Q138312820	Q2095
Q138312821	Q2095
Q138312822	Q2095
Q138312823	Q2095
Q138312824	Q2095
Q138312825	Q2095
Q138312826	Q2095
Q138312827	Q2095
Q138312828	Q2095
Q138312829	Q2095
Q1383154	Q2095
Q1383154	Q40050
Q138339454	Q2095
Q138388924	Q2095
Q13840832	Q2095
Q138460940	Q2095
Q138465477	Q2095
Q13850222	Q2095
Q138502922	Q2095
Q138502963	Q2095
Q138503066	Q2095
Q138510907	Q2095
Q1385201	Q2095
Q138528332	Q2095
Q138536165	Q2095
Q138541977	Q2095
Q138541982	Q2095
Q138541982	Q40050
Q138542087	Q2095
Q138542172	Q2095
Q138542174	Q2095
Q138542174	Q40050
Q138542175	Q2095
Q138542176	Q2095
Q138542176	Q40050
Q138542177	Q2095
Q138542177	Q40050
Q138542178	Q2095
Q138542178	Q40050
Q138542179	Q2095
Q138542179	Q40050
Q138542180	Q2095
Q138542180	Q40050
Q138542181	Q2095
Q138542181	Q40050
Q138542182	Q2095
Q138542182	Q40050
Q138542183	Q2095
Q138542183	Q40050
Q138542184	Q2095
Q138542184	Q40050
Q138542185	Q2095
Q138542185	Q40050
Q138542186	Q2095
Q138542186	Q40050
Q138542187	Q2095
Q138542187	Q40050
Q138542188	Q2095
Q138542188	Q40050
Q138542189	Q2095
Q138542189	Q40050
Q138542190	Q2095
Q138542191	Q2095
Q138542192	Q2095
Q138542193	Q2095
Q138542194	Q2095
Q138542196	Q2095
Q138542197	Q2095
Q138542198	Q2095
Q138542199	Q2095
Q138542200	Q2095
Q138542201	Q2095
Q138542202	Q2095
Q138542203	Q2095
Q138542204	Q2095
Q138542205	Q2095
Q138542206	Q2095
Q138542207	Q2095
Q138542208	Q2095
Q138542209	Q2095
Q138542210	Q2095
Q138542211	Q2095
Q138542212	Q2095
Q138542213	Q2095
Q138542214	Q2095
Q138542215	Q2095
Q138542216	Q2095
Q138542217	Q2095
Q138542218	Q2095
Q138542219	Q2095
Q138542220	Q2095
Q138542221	Q2095
Q138542222	Q2095
Q138542223	Q2095
Q138542224	Q2095
Q138542225	Q2095
Q138542226	Q2095
Q138542227	Q2095
Q138542229	Q2095
Q138542230	Q2095
Q138542231	Q2095
Q138542232	Q2095
Q138542233	Q2095
Q138542234	Q2095
Q138542235	Q2095
Q138542236	Q2095
Q138542237	Q2095
Q138542238	Q2095
Q138542239	Q2095
Q138542240	Q2095
Q138542241	Q2095
Q138542242	Q2095
Q138542243	Q2095
Q138542244	Q2095
Q138542245	Q2095
Q138542245	Q40050
Q138542307	Q2095
Q138545300	Q2095
Q138553	Q2095
Q138569019	Q2095
Q138569019	Q40050
Q1385709	Q2095
Q138572746	Q2095
Q138576997	Q2095
Q138577002	Q2095
Q138577316	Q2095
Q138579740	Q2095
Q138585	Q2095
Q138605558	Q2095
Q138605558	Q40050
Q138605797	Q2095
Q1386249	Q2095
Q1386346	Q2095
Q138638720	Q2095
Q138638721	Q2095
Q138641671	Q2095
Q138642903	Q2095
Q138644512	Q2095
Q138651811	Q2095
Q138654205	Q2095
Q138658517	Q2095
Q13865943	Q2095
Q13865943	Q40050
Q138663435	Q2095
Q138663436	Q2095
Q138663438	Q2095
Q138673420	Q2095
Q138675588	Q2095
Q138675588	Q40050
Q138675754	Q2095
Q138690836	Q2095
Q138690899	Q2095
Q138690900	Q2095
Q138690901	Q2095
Q138690902	Q2095
Q138690903	Q2095
Q138690904	Q2095
Q138690905	Q2095
Q138690906	Q2095
Q138690908	Q2095
Q138690909	Q2095
Q138690910	Q2095
Q138690911	Q2095
Q138690913	Q2095
Q138690914	Q2095
Q138690915	Q2095
Q138690916	Q2095
Q138690917	Q2095
Q138690919	Q2095
Q138690920	Q2095
Q138690921	Q2095
Q138690923	Q2095
Q138690929	Q2095
Q138690930	Q2095
Q138690931	Q2095
Q138690932	Q2095
Q138690933	Q2095
Q138690934	Q2095
Q138690935	Q2095
Q138690942	Q2095
Q138690943	Q2095
Q138690944	Q2095
Q138690945	Q2095
Q138690952	Q2095
Q138702126	Q2095
Q138705324	Q2095
Q138705379	Q2095
Q138705381	Q2095
Q138710492	Q2095
Q138710493	Q2095
Q138710721	Q2095
Q138710722	Q2095
Q138710723	Q2095
Q138710724	Q2095
Q138710725	Q2095
Q138710726	Q2095
Q138710727	Q2095
Q138710728	Q2095
Q138710901	Q2095
Q138710902	Q2095
Q138710903	Q2095
Q138710904	Q2095
Q138710905	Q2095
Q138710906	Q2095
Q138710907	Q2095
Q138710963	Q2095
Q138711094	Q2095
Q138711095	Q2095
Q138711096	Q2095
Q138714	Q2095
Q138715813	Q2095
Q138717527	Q2095
Q13873564	Q2095
Q138749618	Q2095
Q138766228	Q2095
Q138773658	Q2095
Q138789368	Q2095
Q138790651	Q2095
Q138798936	Q2095
Q138807639	Q2095
Q138807639	Q40050
Q138811	Q2095
Q138816614	Q2095
Q138835842	Q2095
Q138844724	Q2095
Q138848108	Q2095
Q138848108	Q40050
Q138848994	Q2095
Q138849335	Q2095
Q138849361	Q2095
Q138854971	Q2095
Q138854971	Q40050
Q1388575	Q2095
Q138867136	Q2095
Q138868886	Q2095
Q138875275	Q2095
Q1388967	Q2095
Q1389341	Q2095
Q1389341	Q40050
Q138942230	Q2095
Q1389479	Q2095
Q1389479	Q40050
Q138950054	Q2095
Q138950659	Q2095
Q13896107	Q2095
Q138961444	Q2095
Q138965375	Q2095
Q138992	Q2095
Q139005874	Q2095
Q139023906	Q2095
Q139026272	Q2095
Q139031885	Q2095
Q139071793	Q2095
Q139072490	Q2095
Q139105370	Q2095
Q139105458	Q2095
Q139130853	Q2095
Q1391582	Q2095
Q139169215	Q2095
Q139172093	Q2095
Q1391862	Q2095
Q1391862	Q40050
Q139206037	Q2095
Q13923748	Q2095
Q1392479	Q2095
Q139266197	Q2095
Q1392674	Q2095
Q139270254	Q2095
Q139284387	Q2095
Q139292971	Q2095
Q139293346	Q2095
Q139294220	Q2095
Q139294480	Q2095
Q139295999	Q2095
Q139296393	Q2095
Q139326013	Q2095
Q139326013	Q40050
Q139326060	Q2095
Q139326200	Q2095
Q1393428	Q2095
Q1393435	Q2095
Q139344209	Q2095
Q139352694	Q2095
Q139376813	Q2095
Q139377324	Q2095
Q139377873	Q2095
Q139382306	Q2095
Q139386882	Q2095
Q139386882	Q40050
Q139393550	Q2095
Q139393550	Q40050
Q139393613	Q2095
Q139393613	Q40050
Q139407301	Q2095
Q139411662	Q2095
Q139411662	Q40050
Q139413840	Q2095
Q139414293	Q2095
Q1394677	Q2095
Q139490021	Q2095
Q139492982	Q2095
Q139492982	Q40050
Q1394952	Q2095
Q139497145	Q2095
Q139497145	Q40050
Q139500157	Q2095
Q139501650	Q2095
Q139502272	Q2095
Q139503254	Q2095
Q1395035	Q2095
Q139503993	Q2095
Q139505285	Q2095
Q139546706	Q2095
Q139555604	Q2095
Q139556028	Q2095
Q139563094	Q2095
Q139563924	Q2095
Q139564733	Q2095
Q139565268	Q2095
Q139565268	Q40050
Q139571055	Q2095
Q139571084	Q2095
Q139585697	Q2095
Q139586170	Q2095
Q139586170	Q40050
Q139586216	Q2095
Q139586250	Q2095
Q139596812	Q2095
Q139597098	Q2095
Q139601067	Q2095
Q139601249	Q2095
Q139604162	Q2095
Q1396059	Q2095
Q139614565	Q2095
Q139626598	Q2095
Q139626598	Q40050
Q1396438	Q2095
Q139659622	Q2095
Q139665251	Q2095
Q139667717	Q2095
Q13967255	Q2095
Q139676249	Q2095
Q139678670	Q2095
Q139679814	Q2095
Q139695298	Q2095
Q139710052	Q2095
Q139710052	Q40050
Q139710181	Q2095
Q139710181	Q40050
Q139710208	Q2095
Q139710208	Q40050
Q139710254	Q2095
Q139710254	Q40050
Q139710274	Q2095
Q139710274	Q40050
Q139710488	Q2095
Q139710488	Q40050
Q139710495	Q2095
Q139710495	Q40050
Q139710508	Q2095
Q139710511	Q2095
Q139710511	Q40050
Q139710517	Q2095
Q139710517	Q40050
Q139710529	Q2095
Q139710543	Q2095
Q139710543	Q40050
Q139715552	Q2095
Q139715552	Q40050
Q139717649	Q2095
Q139718640	Q2095
Q139718640	Q40050
Q139719072	Q2095
Q1397211	Q2095
Q1397302	Q2095
Q139731811	Q2095
Q139744472	Q2095
Q139744472	Q40050
Q1397493	Q2095
Q139752088	Q2095
Q1397576	Q2095
Q1397576	Q40050
Q1397607	Q2095
Q1397607	Q40050
Q139760813	Q2095
Q139761370	Q2095
Q139761682	Q2095
Q139761797	Q2095
Q139761836	Q2095
Q139763635	Q2095
Q139763635	Q40050
Q139764540	Q2095
Q139766173	Q2095
Q139766173	Q40050
Q1397738	Q2095
Q139781604	Q2095
Q139781604	Q40050
Q139781608	Q2095
Q139781608	Q40050
Q139781730	Q2095
Q139781730	Q40050
Q139781846	Q2095
Q139781846	Q40050
Q139781888	Q2095
Q139781888	Q40050
Q139781903	Q2095
Q139781903	Q40050
Q139781922	Q2095
Q139781922	Q40050
Q139781960	Q2095
Q139781960	Q40050
Q139781988	Q2095
Q139781988	Q40050
Q139782015	Q2095
Q139782015	Q40050
Q139782033	Q2095
Q139782033	Q40050
Q139782042	Q2095
Q139782042	Q40050
Q139782053	Q2095
Q139782053	Q40050
Q139782627	Q2095
Q139782627	Q40050
Q1397868	Q2095
Q1397879	Q2095
Q1397879	Q40050
Q139801848	Q2095
Q139801897	Q2095
Q139801897	Q40050
Q139804780	Q2095
Q139804780	Q40050
Q139806541	Q2095
Q139816409	Q2095
Q139819437	Q2095
Q139819912	Q2095
Q139820814	Q2095
Q139820999	Q2095
Q1398251	Q2095
Q1398382	Q2095
Q1398382	Q40050
Q139846003	Q2095
Q139846438	Q2095
Q139846438	Q40050
Q139856083	Q2095
Q139864755	Q2095
Q139864755	Q40050
Q13986541	Q2095
Q139881211	Q2095
Q139885834	Q2095
Q139886113	Q2095
Q139886113	Q40050
Q139888291	Q2095
Q139890087	Q2095
Q139890087	Q40050
Q139890123	Q2095
Q139890497	Q2095
Q139892680	Q2095
Q1398974	Q2095
Q1398974	Q40050
Q139900224	Q2095
Q139905784	Q2095
Q139915904	Q2095
Q139916961	Q2095
Q139916961	Q40050
Q139917980	Q2095
Q139934067	Q2095
Q139940958	Q2095
Q139940981	Q2095
Q139941266	Q2095
Q139941267	Q2095
Q1399467	Q2095
Q1399467	Q40050
Q1399508	Q2095
Q139960435	Q2095
Q139960699	Q2095
Q139961295	Q2095
Q139961295	Q40050
Q139961326	Q2095
Q139961326	Q40050
Q139961355	Q2095
Q139961355	Q40050
Q139961654	Q2095
Q139969	Q2095
Q139969	Q40050
Q139973945	Q2095
Q139973945	Q40050
Q139975973	Q2095
Q139976172	Q2095
Q139981	Q2095
Q139986242	Q2095
Q139988233	Q2095
Q139997460	Q2095
Q140008175	Q2095
Q140008175	Q40050
Q140008210	Q2095
Q140008210	Q40050
Q140026741	Q2095
Q140026744	Q2095
Q140042843	Q2095
Q140043449	Q2095
Q1400476	Q2095
Q140051529	Q2095
Q140051628	Q2095
Q140054573	Q2095
Q140054573	Q40050
Q140066345	Q2095
Q140066456	Q2095
Q140068316	Q2095
Q1401202	Q2095
Q1401202	Q40050
Q140128217	Q2095
Q140131336	Q2095
Q140131336	Q40050
Q140159539	Q2095
Q140159693	Q2095
Q140176248	Q2095
Q140181444	Q2095
Q140181444	Q40050
Q1401891	Q2095
Q140190905	Q2095
Q140190905	Q40050
Q140192769	Q2095
Q1401956	Q2095
Q140196007	Q2095
Q140196901	Q2095
Q140197180	Q2095
Q140197181	Q2095
Q140197182	Q2095
Q140197184	Q2095
Q140197186	Q2095
Q140197187	Q2095
Q140197188	Q2095
Q140197191	Q2095
Q140197209	Q2095
Q140197210	Q2095
Q140197211	Q2095
Q140197212	Q2095
Q140197213	Q2095
Q140197214	Q2095
Q140235116	Q2095
Q140235222	Q2095
Q140235301	Q2095
Q140245736	Q2095
Q140248574	Q2095
Q140248574	Q40050
Q140249804	Q2095
Q1402554	Q2095
Q1402554	Q40050
Q140263320	Q2095
Q140263320	Q40050
Q140264429	Q2095
Q140264429	Q40050
Q140276921	Q2095
Q140277112	Q2095
Q140288924	Q2095
Q140288924	Q40050
Q140289332	Q2095
Q140289785	Q2095
Q140289785	Q40050
Q140291446	Q2095
Q140306401	Q2095
Q140309389	Q2095
Q140315866	Q2095
Q140329924	Q2095
Q140334674	Q2095
Q140338556	Q2095
Q140343254	Q2095
Q140343275	Q2095
Q140343602	Q2095
Q140354665	Q2095
Q140354665	Q40050
Q140357001	Q2095
Q140357001	Q40050
Q140360542	Q2095
Q140360542	Q40050
Q140360639	Q2095
Q140360639	Q40050
Q140360847	Q2095
Q140360847	Q40050
Q140361674	Q2095
Q140361697	Q2095
Q140367438	Q2095
Q140367438	Q40050
Q140367582	Q2095
Q140367582	Q40050
Q140368169	Q2095
Q140372275	Q2095
Q140372275	Q40050
Q140373109	Q2095
Q140373109	Q40050
Q140389101	Q2095
Q140389101	Q40050
Q140393522	Q2095
Q140407026	Q2095
Q140407026	Q40050
Q140419602	Q2095
Q140421657	Q2095
Q140423494	Q2095
Q140423494	Q40050
Q140425649	Q2095
Q140431008	Q2095
Q140431093	Q2095
Q1404341	Q2095
Q140444350	Q2095
Q140447303	Q2095
Q140454228	Q2095
Q140455658	Q2095
Q140460111	Q2095
Q140460111	Q40050
Q140467883	Q2095
Q140468141	Q2095
Q140471515	Q2095
Q140473442	Q2095
Q14050065	Q2095
Q140502350	Q2095
Q140502537	Q2095
Q140517640	Q2095
Q140518956	Q2095
Q140520817	Q2095
Q140521127	Q2095
Q140521514	Q2095
Q140523122	Q2095
Q140524774	Q2095
Q140528272	Q2095
Q140528708	Q2095
Q140530461	Q2095
Q140544823	Q2095
Q140547526	Q2095
Q140547526	Q40050
Q140547696	Q2095
Q140547696	Q40050
Q140547790	Q2095
Q140547790	Q40050
Q140549780	Q2095
Q1405557	Q2095
Q1405860	Q2095
Q140586135	Q2095
Q140589660	Q2095
Q140600204	Q2095
Q140600204	Q40050
Q140606542	Q2095
Q140606571	Q2095
Q140621167	Q2095
Q14062450	Q2095
Q140635489	Q2095
Q140637934	Q2095
Q140637934	Q40050
Q140642124	Q2095
Q1406422	Q2095
Q140645973	Q2095
Q140645973	Q40050
Q140650788	Q2095
Q140650788	Q40050
Q140689714	Q2095
Q140693125	Q2095
Q140694825	Q2095
Q140695130	Q2095
Q140697760	Q2095
Q140698473	Q2095
Q140698484	Q2095
Q140700947	Q2095
Q140700995	Q2095
Q14071553	Q2095
Q140724932	Q2095
Q140754354	Q2095
Q140756976	Q2095
Q140757004	Q2095
Q140757023	Q2095
Q140757035	Q2095
Q140757068	Q2095
Q140770786	Q2095
Q140780569	Q2095
Q1407848	Q2095
Q140796631	Q2095
Q1408045	Q2095
Q1408240	Q2095
Q1408496	Q2095
Q14088	Q2095
Q140882862	Q2095
Q140882862	Q40050
Q1409015	Q2095
Q140907498	Q2095
Q140936580	Q2095
Q140936615	Q2095
Q14094083	Q2095
Q14096039	Q2095
Q140985252	Q2095
Q140985252	Q40050
Q140985278	Q2095
Q140985278	Q40050
Q140995165	Q2095
Q140995165	Q40050
Q140995939	Q2095
Q141	Q2095
Q141012691	Q2095
Q1410129	Q2095
Q1410129	Q40050
Q141015353	Q2095
Q141065871	Q2095
Q141070354	Q2095
Q1410920	Q2095
Q141099658	Q2095
Q141101630	Q2095
Q141101630	Q40050
Q141103037	Q2095
Q141103276	Q2095
Q141103276	Q40050
Q141105198	Q2095
Q141105198	Q40050
Q141105597	Q2095
Q141106468	Q2095
Q141106468	Q40050
Q1411078	Q2095
Q1411078	Q40050
Q141110614	Q2095
Q141110614	Q40050
Q141114585	Q2095
Q141114586	Q2095
Q141114587	Q2095
Q141114588	Q2095
Q141114590	Q2095
Q141114591	Q2095
Q141114595	Q2095
Q141114596	Q2095
Q141114598	Q2095
Q141114599	Q2095
Q141114600	Q2095
Q141124217	Q2095
Q141142864	Q2095
Q1411525	Q2095
Q1411525	Q40050
Q141155349	Q2095
Q141155407	Q2095
Q141156616	Q2095
Q141156616	Q40050
Q14116162	Q2095
Q141168491	Q2095
Q1411695	Q2095
Q141175070	Q2095
Q141175422	Q2095
Q1411808	Q2095
Q1411847	Q2095
Q141189789	Q2095
Q141201751	Q2095
Q141201751	Q40050
Q1412112	Q2095
Q141235315	Q2095
Q141235315	Q40050
Q1412378	Q2095
Q141245285	Q2095
Q1412505	Q2095
Q141254216	Q2095
Q141266503	Q2095
Q141266545	Q2095
Q1412674	Q2095
Q141274136	Q2095
Q141274412	Q2095
Q141281410	Q2095
Q1412819	Q2095
Q1412823	Q2095
Q1412833	Q2095
Q141290480	Q2095
Q141293	Q2095
Q141301855	Q2095
Q141317812	Q2095
Q141325863	Q2095
Q141332469	Q2095
Q141336492	Q2095
Q1413469	Q2095
Q141369742	Q2095
Q141379737	Q2095
Q141385046	Q2095
Q141385075	Q2095
Q141385252	Q2095
Q141385805	Q2095
Q1414032	Q2095
Q1414032	Q40050
Q141403352	Q2095
Q1414074	Q2095
Q141407702	Q2095
Q141429811	Q2095
Q141434444	Q2095
Q141436297	Q2095
Q141442946	Q2095
Q141445959	Q2095
Q141446024	Q2095
Q141446078	Q2095
Q141446099	Q2095
Q141446109	Q2095
Q141446135	Q2095
Q141449403	Q2095
Q141449452	Q2095
Q141451226	Q2095
Q141455195	Q2095
Q141455413	Q2095
Q141465098	Q2095
Q141465098	Q40050
Q141483840	Q2095
Q141487017	Q2095
Q141487017	Q40050
Q1414887	Q2095
Q141489659	Q2095
Q141489694	Q2095
Q141489865	Q2095
Q141502128	Q2095
Q141515252	Q2095
Q141515257	Q2095
Q141516032	Q2095
Q1415268	Q2095
Q1415268	Q40050
Q141532485	Q2095
Q141539405	Q2095
Q141541188	Q2095
Q141541188	Q40050
Q1415477	Q2095
Q1415477	Q40050
Q141556520	Q2095
Q141560036	Q2095
Q141560063	Q2095
Q141561708	Q2095
Q141561711	Q2095
Q141561717	Q2095
Q141563145	Q2095
Q1415683	Q2095
Q1415683	Q40050
Q141570542	Q2095
Q141570542	Q40050
Q141576475	Q2095
Q141576482	Q2095
Q141577085	Q2095
Q141577142	Q2095
Q141580110	Q2095
Q141580110	Q40050
Q141580164	Q2095
Q141584250	Q2095
Q14169150	Q2095
Q14169302	Q2095
Q1417511	Q2095
Q14181208	Q2095
Q14181208	Q40050
Q1418227	Q2095
Q1418227	Q40050
Q1418287	Q2095
Q1418287	Q40050
Q1418694	Q2095
Q1418694	Q40050
Q141898	Q2095
Q1419233	Q2095
Q1419753	Q2095
Q1419753	Q40050
Q1419824	Q2095
Q1419841	Q2095
Q1420216	Q2095
Q1420371	Q2095
Q1420441	Q2095
Q1420442	Q2095
Q1420447	Q2095
Q1420455	Q2095
Q1420455	Q40050
Q1420553	Q2095
Q1420726	Q2095
Q1420904	Q2095
Q142116	Q2095
Q1421401	Q2095
Q1421520	Q2095
Q1421521	Q2095
Q1422135	Q2095
Q1422135	Q40050
Q1422437	Q2095
Q1422578	Q2095
Q1422578	Q40050
Q1422742	Q2095
Q1423094	Q2095
Q1423543	Q2095
Q1423725	Q2095
Q1424493	Q2095
Q1424531	Q2095
Q1424874	Q2095
Q1424874	Q40050
Q1425173	Q2095
Q1425173	Q40050
Q1425215	Q2095
Q1425215	Q40050
Q14258350	Q2095
Q1426070	Q2095
Q1426283	Q2095
Q1427307	Q2095
Q1427324	Q2095
Q1427324	Q40050
Q1427437	Q2095
Q1427437	Q40050
Q1427580	Q2095
Q14276981	Q2095
Q1427844	Q2095
Q1427887	Q2095
Q14283319	Q2095
Q1428452	Q2095
Q14289397	Q2095
Q1429013	Q2095
Q1429062	Q2095
Q1429469	Q2095
Q1430040	Q2095
Q1430420	Q2095
Q1430928	Q2095
Q1430928	Q40050
Q1431347	Q2095
Q1431347	Q40050
Q14320029	Q2095
Q1432109	Q2095
Q1432348	Q2095
Q1432426	Q2095
Q1432535	Q2095
Q1432594	Q2095
Q1432594	Q40050
Q14326025	Q2095
Q14326025	Q40050
Q1432724	Q2095
Q1432826	Q2095
Q14328596	Q2095
Q1432988	Q2095
Q1433176	Q2095
Q1433176	Q40050
Q14333256	Q2095
Q1433558	Q2095
Q1434098	Q2095
Q1434802	Q2095
Q1434914	Q2095
Q1434993	Q2095
Q1434993	Q40050
Q1435070	Q2095
Q1435070	Q40050
Q1435311	Q2095
Q1435646	Q2095
Q1435768	Q2095
Q1435874	Q2095
Q1435942	Q2095
Q14363592	Q2095
Q1436715	Q2095
Q143739	Q2095
Q1437404	Q2095
Q1437427	Q2095
Q1437697	Q2095
Q143771	Q2095
Q1437849	Q2095
Q14395501	Q2095
Q14395710	Q2095
Q1439975	Q2095
Q1439975	Q40050
Q1441034	Q2095
Q1442415	Q2095
Q1442667	Q2095
Q14443	Q2095
Q14446318	Q2095
Q1444936	Q2095
Q1445023	Q2095
Q1445539	Q2095
Q1445539	Q40050
Q14458220	Q2095
Q1446660	Q2095
Q1446660	Q40050
Q14468365	Q2095
Q14473756	Q2095
Q1448117	Q2095
Q1448660	Q2095
Q1448819	Q2095
Q1448819	Q40050
Q1449144	Q2095
Q1449210	Q2095
Q1449210	Q40050
Q14504031	Q2095
Q1450611	Q2095
Q1451074	Q2095
Q1451074	Q40050
Q1451438	Q2095
Q1451448	Q2095
Q1451448	Q40050
Q145150	Q2095
Q14517051	Q2095
Q1451832	Q2095
Q14523339	Q2095
Q14523346	Q2095
Q14523346	Q40050
Q14523825	Q2095
Q14524937	Q2095
Q1452513	Q2095
Q14528540	Q2095
Q14528707	Q2095
Q14529408	Q2095
Q14531602	Q2095
Q14536296	Q2095
Q14536296	Q40050
Q1453840	Q2095
Q1453840	Q40050
Q1453879	Q2095
Q1454955	Q2095
Q1454955	Q40050
Q1455040	Q2095
Q14552200	Q2095
Q1455245	Q2095
Q14552548	Q2095
Q14554958	Q2095
Q1456194	Q2095
Q1456194	Q40050
Q1456217	Q2095
Q14566073	Q2095
Q1456688	Q2095
Q1456721	Q2095
Q1457112	Q2095
Q1458114	Q2095
Q1458114	Q40050
Q1458353	Q2095
Q1458353	Q40050
Q145898	Q2095
Q145909	Q2095
Q14594791	Q2095
Q14595838	Q2095
Q1459788	Q2095
Q1459797	Q2095
Q1459797	Q40050
Q14601067	Q2095
Q14608155	Q2095
Q1461917	Q2095
Q1461917	Q40050
Q14624	Q2095
Q14625808	Q2095
Q14627108	Q2095
Q1463001	Q2095
Q14635771	Q2095
Q14635771	Q40050
Q14635923	Q2095
Q14641747	Q2095
Q14641747	Q40050
Q14645043	Q2095
Q146470	Q2095
Q146470	Q40050
Q1464898	Q2095
Q14650718	Q2095
Q1465158	Q2095
Q1465330	Q2095
Q1465924	Q2095
Q1466328	Q2095
Q1466330	Q2095
Q1466464	Q2095
Q1467054	Q2095
Q1467054	Q40050
Q1467587	Q2095
Q14675912	Q2095
Q1467810	Q2095
Q1467810	Q40050
Q1468150	Q2095
Q14700806	Q2095
Q1470283	Q2095
Q1470688	Q2095
Q1470688	Q40050
Q1470700	Q2095
Q1470762	Q2095
Q1470812	Q2095
Q1470834	Q2095
Q1471021	Q2095
Q1471021	Q40050
Q1471207	Q2095
Q1471207	Q40050
Q14714085	Q2095
Q1471649	Q2095
Q1472342	Q2095
Q1472481	Q2095
Q147316	Q2095
Q14732227	Q2095
Q14732227	Q40050
Q14732517	Q2095
Q14732517	Q40050
Q147372	Q2095
Q1473908	Q2095
Q1473908	Q40050
Q1474369	Q2095
Q14747193	Q2095
Q1475331	Q2095
Q147538	Q2095
Q147538	Q40050
Q1475497	Q2095
Q1475497	Q40050
Q14758321	Q2095
Q1476040	Q2095
Q1476479	Q2095
Q147651	Q2095
Q14768873	Q2095
Q14770547	Q2095
Q1477276	Q2095
Q1477276	Q40050
Q1477592	Q2095
Q14776091	Q2095
Q14782277	Q2095
Q1478245	Q2095
Q1478793	Q2095
Q1478793	Q40050
Q1478929	Q2095
Q14789810	Q2095
Q1479546	Q2095
Q1479546	Q40050
Q14798260	Q2095
Q148052	Q2095
Q14809702	Q2095
Q1481777	Q2095
Q1481777	Q40050
Q1482449	Q2095
Q148306	Q2095
Q14832965	Q2095
Q1484488	Q2095
Q1484488	Q40050
Q14852073	Q2095
Q14852073	Q40050
Q1485476	Q2095
Q148588	Q2095
Q1487382	Q2095
Q1487473	Q2095
Q1488189	Q2095
Q14903136	Q2095
Q14903136	Q40050
Q14903157	Q2095
Q14903157	Q40050
Q14906075	Q2095
Q14906720	Q2095
Q14907198	Q2095
Q1490781	Q2095
Q14911969	Q2095
Q14912790	Q2095
Q14914664	Q2095
Q14915034	Q2095
Q14915894	Q2095
Q14915894	Q40050
Q14915938	Q2095
Q14915938	Q40050
Q14917347	Q2095
Q14917365	Q2095
Q14917413	Q2095
Q1491753	Q2095
Q14918696	Q2095
Q14918748	Q2095
Q14920495	Q2095
Q1492566	Q2095
Q1493037	Q2095
Q14930421	Q2095
Q14931087	Q2095
Q1493247	Q2095
Q1493247	Q40050
Q1493849	Q2095
Q14939632	Q2095
Q14939632	Q40050
Q14940573	Q2095
Q14942295	Q2095
Q1494252	Q2095
Q1494260	Q2095
Q14942629	Q2095
Q14942629	Q40050
Q14942648	Q2095
Q14942667	Q2095
Q14943090	Q2095
Q14948	Q2095
Q14948	Q40050
Q1495094	Q2095
Q1495094	Q40050
Q14955	Q2095
Q14955	Q40050
Q1495546	Q2095
Q1495652	Q2095
Q14959225	Q2095
Q1496601	Q2095
Q1496672	Q2095
Q1496672	Q40050
Q14968	Q2095
Q1497012	Q2095
Q14970509	Q2095
Q14970509	Q40050
Q14970719	Q2095
Q14970719	Q40050
Q14971	Q2095
Q1497135	Q2095
Q149766	Q2095
Q149825	Q2095
Q1498378	Q2095
Q1498459	Q2095
Q1498466	Q2095
Q1498561	Q2095
Q149865	Q2095
Q1499073	Q2095
Q1499308	Q2095
Q1499340	Q2095
Q1499559	Q2095
Q1499717	Q2095
Q1500088	Q2095
Q1500295	Q2095
Q1500295	Q40050
Q15010030	Q2095
Q1501015	Q2095
Q1501043	Q2095
Q1501244	Q2095
Q1501257	Q2095
Q1501257	Q40050
Q1501260	Q2095
Q15014447	Q2095
Q1501889	Q2095
Q15023947	Q2095
Q1502650	Q2095
Q1503784	Q2095
Q15042119	Q2095
Q1504300	Q2095
Q1504580	Q2095
Q15046077	Q2095
Q1505085	Q2095
Q1505087	Q2095
Q1505500	Q2095
Q15059761	Q2095
Q15060428	Q2095
Q15062624	Q2095
Q15062992	Q2095
Q1507088	Q2095
Q1507096	Q2095
Q1507096	Q40050
Q15075508	Q2095
Q15075508	Q40050
Q15079724	Q2095
Q15079724	Q40050
Q15080546	Q2095
Q1509400	Q2095
Q1509414	Q2095
Q1509587	Q2095
Q1509709	Q2095
Q1509725	Q2095
Q1510478	Q2095
Q151070	Q2095
Q1511067	Q2095
Q151154	Q2095
Q151154	Q40050
Q15121455	Q2095
Q1512377	Q2095
Q1512377	Q40050
Q1512528	Q2095
Q1512528	Q40050
Q151259	Q2095
Q1512964	Q2095
Q1513599	Q2095
Q1513599	Q40050
Q151380	Q2095
Q15139880	Q2095
Q15141292	Q2095
Q15141476	Q2095
Q15141476	Q40050
Q15146313	Q2095
Q15146313	Q40050
Q151466	Q2095
Q15149436	Q2095
Q1515088	Q2095
Q1515205	Q2095
Q1515956	Q2095
Q1516318	Q2095
Q1516318	Q40050
Q1516873	Q2095
Q1517449	Q2095
Q1517781	Q2095
Q15178353	Q2095
Q15178353	Q40050
Q15181	Q2095
Q1518169	Q2095
Q1518177	Q2095
Q1518603	Q2095
Q151862	Q2095
Q1518680	Q2095
Q1518955	Q2095
Q1519395	Q2095
Q15195772	Q2095
Q15195772	Q40050
Q1519652	Q2095
Q15197142	Q2095
Q1519738	Q2095
Q151980	Q2095
Q1519830	Q2095
Q1520147	Q2095
Q1520229	Q2095
Q1520229	Q40050
Q152024	Q2095
Q1520293	Q2095
Q1520778	Q2095
Q152088	Q2095
Q1521067	Q2095
Q1521075	Q2095
Q1521282	Q2095
Q1521519	Q2095
Q1521519	Q40050
Q15215698	Q2095
Q152192	Q2095
Q15223114	Q2095
Q15223654	Q2095
Q1522595	Q2095
Q1522729	Q2095
Q152281	Q2095
Q152281	Q40050
Q1522820	Q2095
Q152288	Q2095
Q152336	Q2095
Q1524389	Q2095
Q1524752	Q2095
Q1524752	Q40050
Q1524947	Q2095
Q1524947	Q40050
Q1524966	Q2095
Q1524966	Q40050
Q1525038	Q2095
Q1525038	Q40050
Q152526	Q2095
Q152532	Q2095
Q152532	Q40050
Q152536	Q2095
Q152547	Q2095
Q1525655	Q2095
Q1525688	Q2095
Q1525688	Q40050
Q1526026	Q2095
Q15260613	Q2095
Q15262260	Q2095
Q15262260	Q40050
Q15267446	Q2095
Q15267446	Q40050
Q1526944	Q2095
Q15277400	Q2095
Q1527806	Q2095
Q1527806	Q40050
Q152834	Q2095
Q152903	Q2095
Q15290802	Q2095
Q1529220	Q2095
Q152964	Q2095
Q152981	Q2095
Q15299026	Q2095
Q15299026	Q40050
Q15304009	Q2095
Q15304009	Q40050
Q1531597	Q2095
Q1531771	Q2095
Q153179	Q2095
Q1531983	Q2095
Q153230	Q2095
Q1532329	Q2095
Q153237	Q2095
Q153254	Q2095
Q1532559	Q2095
Q1532845	Q2095
Q1532845	Q40050
Q153314	Q2095
Q1533235	Q2095
Q1533470	Q2095
Q1533470	Q40050
Q153352	Q2095
Q1533561	Q2095
Q1533995	Q2095
Q15340455	Q2095
Q1535277	Q2095
Q153584	Q2095
Q153594	Q2095
Q1535993	Q2095
Q1536337	Q2095
Q1536529	Q2095
Q153697	Q2095
Q153710	Q2095
Q1537109	Q2095
Q1537109	Q40050
Q1537510	Q2095
Q15377913	Q2095
Q15377913	Q40050
Q1537842	Q2095
Q1538163	Q2095
Q1538163	Q40050
Q1538429	Q2095
Q15393896	Q2095
Q1539410	Q2095
Q1539410	Q40050
Q153944	Q2095
Q1539525	Q2095
Q1539525	Q40050
Q1539635	Q2095
Q1539635	Q40050
Q153976	Q2095
Q1539760	Q2095
Q1539760	Q40050
Q1539975	Q2095
Q1539975	Q40050
Q154	Q2095
Q154	Q40050
Q15401968	Q2095
Q154043	Q2095
Q154092	Q2095
Q15409271	Q2095
Q15410057	Q2095
Q1541119	Q2095
Q154166	Q2095
Q1542080	Q2095
Q1542102	Q2095
Q1542215	Q2095
Q1542282	Q2095
Q154253	Q2095
Q154253	Q40050
Q1542656	Q2095
Q1542656	Q40050
Q15427475	Q2095
Q15427731	Q2095
Q1543214	Q2095
Q1543214	Q40050
Q1543415	Q2095
Q1543646	Q2095
Q1543646	Q40050
Q1543721	Q2095
Q1543722	Q2095
Q1543725	Q2095
Q1543770	Q2095
Q154383	Q2095
Q154389	Q2095
Q1543969	Q2095
Q1543969	Q40050
Q1544629	Q2095
Q1544631	Q2095
Q1544631	Q40050
Q154482	Q2095
Q1546148	Q2095
Q15462145	Q2095
Q1546373	Q2095
Q1546373	Q40050
Q1546561	Q2095
Q1546782	Q2095
Q15468663	Q2095
Q1547114	Q2095
Q1547114	Q40050
Q1547447	Q2095
Q1547447	Q40050
Q1547451	Q2095
Q1547850	Q2095
Q1547850	Q40050
Q1548030	Q2095
Q1548510	Q2095
Q154872	Q2095
Q1549017	Q2095
Q1550184	Q2095
Q1550184	Q40050
Q1550301	Q2095
Q1550412	Q2095
Q1551132	Q2095
Q1551242	Q2095
Q1551508	Q2095
Q1551539	Q2095
Q1551539	Q40050
Q1552308	Q2095
Q1552373	Q2095
Q1552812	Q2095
Q1552812	Q40050
Q1553379	Q2095
Q1553789	Q2095
Q1554207	Q2095
Q1554570	Q2095
Q155460	Q2095
Q1554680	Q2095
Q1554726	Q2095
Q15548160	Q2095
Q1555121	Q2095
Q1555121	Q40050
Q1555363	Q2095
Q1555363	Q40050
Q1555816	Q2095
Q1557571	Q2095
Q1557571	Q40050
Q1557839	Q2095
Q1557839	Q40050
Q1558512	Q2095
Q1558583	Q2095
Q1558622	Q2095
Q1558649	Q2095
Q155922	Q2095
Q1559248	Q2095
Q1559781	Q2095
Q156036	Q2095
Q1560455	Q2095
Q1561248	Q2095
Q15622657	Q2095
Q15622897	Q2095
Q15627482	Q2095
Q15627482	Q40050
Q156275	Q2095
Q156288	Q2095
Q15629893	Q2095
Q15630073	Q2095
Q15631263	Q2095
Q15635457	Q2095
Q1563684	Q2095
Q15642837	Q2095
Q15645384	Q2095
Q15647777	Q2095
Q1565841	Q2095
Q15660894	Q2095
Q15665674	Q2095
Q15666111	Q2095
Q15673751	Q2095
Q15678227	Q2095
Q1567954	Q2095
Q1568152	Q2095
Q1568226	Q2095
Q1568287	Q2095
Q1568296	Q2095
Q15683666	Q2095
Q15686391	Q2095
Q1568754	Q2095
Q15688975	Q2095
Q1568905	Q2095
Q15690458	Q2095
Q15690458	Q40050
Q156932	Q2095
Q1569384	Q2095
Q1569384	Q40050
Q15693942	Q2095
Q15695425	Q2095
Q15695438	Q2095
Q15695547	Q2095
Q15696039	Q2095
Q15697157	Q2095
Q1570052	Q2095
Q1570280	Q2095
Q1570370	Q2095
Q1570466	Q2095
Q15709638	Q2095
Q15709638	Q40050
Q15711725	Q2095
Q15711725	Q40050
Q15714224	Q2095
Q15714227	Q2095
Q1571448	Q2095
Q1571448	Q40050
Q1571533	Q2095
Q1571533	Q40050
Q15715760	Q2095
Q1571899	Q2095
Q1572040	Q2095
Q15720988	Q2095
Q1572135	Q2095
Q1572278	Q2095
Q15723934	Q2095
Q1572414	Q2095
Q15724277	Q2095
Q1572563	Q2095
Q1572670	Q2095
Q15726911	Q2095
Q15726911	Q40050
Q1572844	Q2095
Q15730394	Q2095
Q1573107	Q2095
Q15733826	Q2095
Q15735342	Q2095
Q1573898	Q2095
Q1574018	Q2095
Q1574029	Q2095
Q157484	Q2095
Q15751203	Q2095
Q15751355	Q2095
Q1575225	Q2095
Q1575477	Q2095
Q1577778	Q2095
Q1578239	Q2095
Q15784420	Q2095
Q1578447	Q2095
Q15785074	Q2095
Q15785303	Q2095
Q15785486	Q2095
Q15789710	Q2095
Q15790217	Q2095
Q15791680	Q2095
Q15792421	Q2095
Q15794115	Q2095
Q1579751	Q2095
Q15801159	Q2095
Q1580437	Q2095
Q15806939	Q2095
Q15807727	Q2095
Q15807930	Q2095
Q15809268	Q2095
Q15809634	Q2095
Q15810489	Q2095
Q15810505	Q2095
Q15812117	Q2095
Q15812786	Q2095
Q15818990	Q2095
Q15820466	Q2095
Q15821527	Q2095
Q15822488	Q2095
Q15822587	Q2095
Q15823102	Q2095
Q15823640	Q2095
Q15823640	Q40050
Q15824913	Q2095
Q15827024	Q2095
Q1583316	Q2095
Q15835946	Q2095
Q15836382	Q2095
Q1583698	Q2095
Q158382	Q2095
Q15839499	Q2095
Q15839548	Q2095
Q15839804	Q2095
Q15840868	Q2095
Q15841041	Q2095
Q15842257	Q2095
Q15842307	Q2095
Q15845489	Q2095
Q15845490	Q2095
Q15845514	Q2095
Q15846648	Q2095
Q158468	Q2095
Q15846908	Q2095
Q1584699	Q2095
Q15847463	Q2095
Q1584788	Q2095
Q15847940	Q2095
Q1584798	Q2095
Q15848195	Q2095
Q1584903	Q2095
Q15849465	Q2095
Q15850295	Q2095
Q15855727	Q2095
Q1585925	Q2095
Q15859886	Q2095
Q15868000	Q2095
Q1587123	Q2095
Q15872711	Q2095
Q15874874	Q2095
Q15874874	Q40050
Q1587547	Q2095
Q15875509	Q2095
Q158767	Q2095
Q15877316	Q2095
Q15877508	Q2095
Q15879293	Q2095
Q15879324	Q2095
Q1587937	Q2095
Q1587937	Q40050
Q1587980	Q2095
Q1587980	Q40050
Q15880225	Q2095
Q15882190	Q2095
Q15883356	Q2095
Q1588515	Q2095
Q15886093	Q2095
Q1588808	Q2095
Q15889697	Q2095
Q15890682	Q2095
Q15893577	Q2095
Q15894315	Q2095
Q15894315	Q40050
Q15894455	Q2095
Q15896214	Q2095
Q1589638	Q2095
Q15896447	Q2095
Q15896774	Q2095
Q15896943	Q2095
Q15897086	Q2095
Q15897453	Q2095
Q15897865	Q2095
Q15899146	Q2095
Q15899897	Q2095
Q15900078	Q2095
Q15900310	Q2095
Q15902096	Q2095
Q15906640	Q2095
Q15909171	Q2095
Q15910439	Q2095
Q15910439	Q40050
Q1591102	Q2095
Q15911761	Q2095
Q15911761	Q40050
Q15912025	Q2095
Q1591373	Q2095
Q15914808	Q2095
Q1591487	Q2095
Q15915476	Q2095
Q15918345	Q2095
Q15918831	Q2095
Q15920051	Q2095
Q15920804	Q2095
Q15924671	Q2095
Q15925446	Q2095
Q15925476	Q2095
Q15925476	Q40050
Q15927529	Q2095
Q1592853	Q2095
Q159290	Q2095
Q15929559	Q2095
Q15930176	Q2095
Q159304	Q2095
Q15931384	Q2095
Q15932277	Q2095
Q15932455	Q2095
Q15932522	Q2095
Q15932534	Q2095
Q15932560	Q2095
Q15935161	Q2095
Q1593672	Q2095
Q1593684	Q2095
Q15939227	Q2095
Q15939731	Q2095
Q15940735	Q2095
Q15940735	Q40050
Q1594252	Q2095
Q15942827	Q2095
Q15943298	Q2095
Q15944430	Q2095
Q15947283	Q2095
Q15948677	Q2095
Q15951892	Q2095
Q15951892	Q40050
Q15951903	Q2095
Q15951903	Q40050
Q15952031	Q2095
Q15952031	Q40050
Q15954264	Q2095
Q15955215	Q2095
Q15955973	Q2095
Q15957214	Q2095
Q1595758	Q2095
Q1596430	Q2095
Q1596430	Q40050
Q15965728	Q2095
Q1596624	Q2095
Q1596995	Q2095
Q15972015	Q2095
Q1597325	Q2095
Q15974362	Q2095
Q159754	Q2095
Q15975817	Q2095
Q15975844	Q2095
Q15976317	Q2095
Q159774	Q2095
Q159774	Q40050
Q15982556	Q2095
Q15983343	Q2095
Q159841	Q2095
Q15984356	Q2095
Q15985413	Q2095
Q15985413	Q40050
Q15985415	Q2095
Q15985415	Q40050
Q15985417	Q2095
Q15985417	Q40050
Q15987479	Q2095
Q15990748	Q2095
Q1599125	Q2095
Q15991893	Q2095
Q15991893	Q40050
Q15991898	Q2095
Q15991898	Q40050
Q15992430	Q2095
Q15992548	Q2095
Q15993723	Q2095
Q16007016	Q2095
Q16010193	Q2095
Q1601561	Q2095
Q1601561	Q40050
Q1601611	Q2095
Q1601688	Q2095
Q1601688	Q40050
Q16024165	Q2095
Q1603166	Q2095
Q16034323	Q2095
Q16034323	Q40050
Q16038929	Q2095
Q16038958	Q2095
Q16039766	Q2095
Q16044494	Q2095
Q16044734	Q2095
Q16044846	Q2095
Q16045177	Q2095
Q16045302	Q2095
Q16045579	Q2095
Q16045671	Q2095
Q16045927	Q2095
Q16045958	Q2095
Q16046026	Q2095
Q16046110	Q2095
Q16046110	Q40050
Q16046218	Q2095
Q16046395	Q2095
Q16046426	Q2095
Q16046748	Q2095
Q16046769	Q2095
Q16048125	Q2095
Q16048875	Q2095
Q16048915	Q2095
Q16048950	Q2095
Q16049409	Q2095
Q16049421	Q2095
Q16049429	Q2095
Q16049438	Q2095
Q16049450	Q2095
Q16049460	Q2095
Q16049469	Q2095
Q16049477	Q2095
Q16049486	Q2095
Q16049497	Q2095
Q16049507	Q2095
Q16049517	Q2095
Q16049527	Q2095
Q16049536	Q2095
Q16049599	Q2095
Q16049608	Q2095
Q16049856	Q2095
Q16050293	Q2095
Q16050541	Q2095
Q16050684	Q2095
Q16051009	Q2095
Q16051229	Q2095
Q16051532	Q2095
Q16051547	Q2095
Q16051557	Q2095
Q16051575	Q2095
Q16051582	Q2095
Q16051589	Q2095
Q16051596	Q2095
Q16051656	Q2095
Q16051902	Q2095
Q16051961	Q2095
Q16052123	Q2095
Q16052433	Q2095
Q160525	Q2095
Q16052560	Q2095
Q16052884	Q2095
Q16054443	Q2095
Q16056706	Q2095
Q16068697	Q2095
Q16068697	Q40050
Q16068767	Q2095
Q16068907	Q2095
Q16068907	Q40050
Q16069092	Q2095
Q16069092	Q40050
Q16069258	Q2095
Q16069508	Q2095
Q16069508	Q40050
Q16069717	Q2095
Q16069717	Q40050
Q16069721	Q2095
Q16069721	Q40050
Q16070224	Q2095
Q16070224	Q40050
Q16070547	Q2095
Q16070547	Q40050
Q16073623	Q2095
Q16074240	Q2095
Q16074822	Q2095
Q1607962	Q2095
Q1607962	Q40050
Q1609390	Q2095
Q1609390	Q40050
Q1609510	Q2095
Q1609997	Q2095
Q16112902	Q2095
Q16115381	Q2095
Q16117045	Q2095
Q1611906	Q2095
Q16128920	Q2095
Q16131633	Q2095
Q16131953	Q2095
Q16133717	Q2095
Q16134337	Q2095
Q16135411	Q2095
Q16136789	Q2095
Q16136843	Q2095
Q16137545	Q2095
Q16137627	Q2095
Q16137655	Q2095
Q16137720	Q2095
Q16137937	Q2095
Q1614159	Q2095
Q1614183	Q2095
Q16142176	Q2095
Q1614232	Q2095
Q1614358	Q2095
Q16145431	Q2095
Q16151258	Q2095
Q16151432	Q2095
Q1615492	Q2095
Q16155839	Q2095
Q16155839	Q40050
Q16158233	Q2095
Q16158233	Q40050
Q16164010	Q2095
Q16164388	Q2095
Q16164388	Q40050
Q16164594	Q2095
Q16164832	Q2095
Q1616491	Q2095
Q1616491	Q40050
Q16171036	Q2095
Q16171684	Q2095
Q16172783	Q2095
Q16172899	Q2095
Q16174177	Q2095
Q16174177	Q40050
Q16174915	Q2095
Q161755	Q2095
Q16176340	Q2095
Q1617738	Q2095
Q16177412	Q2095
Q1617899	Q2095
Q1617899	Q40050
Q16180623	Q2095
Q16183534	Q2095
Q16184201	Q2095
Q16184838	Q2095
Q1619031	Q2095
Q1619031	Q40050
Q16191528	Q2095
Q16191619	Q2095
Q16192136	Q2095
Q16201219	Q2095
Q16201219	Q40050
Q16204180	Q2095
Q16204375	Q2095
Q1620456	Q2095
Q16205804	Q2095
Q16207756	Q2095
Q1621080	Q2095
Q1621290	Q2095
Q1621518	Q2095
Q1621518	Q40050
Q1621603	Q2095
Q16219738	Q2095
Q16219738	Q40050
Q1622944	Q2095
Q1622997	Q2095
Q16241448	Q2095
Q16241448	Q40050
Q16241452	Q2095
Q16241584	Q2095
Q16242003	Q2095
Q16242013	Q2095
Q16242089	Q2095
Q16242174	Q2095
Q16242180	Q2095
Q16242256	Q2095
Q16242282	Q2095
Q1624233	Q2095
Q16242511	Q2095
Q16242644	Q2095
Q16242695	Q2095
Q16242695	Q40050
Q16242783	Q2095
Q16242929	Q2095
Q16242929	Q40050
Q16242988	Q2095
Q16243133	Q2095
Q16243423	Q2095
Q16245233	Q2095
Q16247075	Q2095
Q16247693	Q2095
Q16248468	Q2095
Q16248669	Q2095
Q16248794	Q2095
Q16249012	Q2095
Q16250373	Q2095
Q16250373	Q40050
Q1625130	Q2095
Q16252953	Q2095
Q1625477	Q2095
Q16255539	Q2095
Q16255539	Q40050
Q16256231	Q2095
Q16256721	Q2095
Q16257284	Q2095
Q16258109	Q2095
Q16258386	Q2095
Q16258710	Q2095
Q16259029	Q2095
Q16259474	Q2095
Q1626037	Q2095
Q16261384	Q2095
Q16261564	Q2095
Q16261738	Q2095
Q16262079	Q2095
Q16262486	Q2095
Q1626612	Q2095
Q1626612	Q40050
Q16266745	Q2095
Q1626894	Q2095
Q1626894	Q40050
Q16269628	Q2095
Q1626963	Q2095
Q1626970	Q2095
Q1626970	Q40050
Q1627474	Q2095
Q16282923	Q2095
Q1628963	Q2095
Q16302027	Q2095
Q16303829	Q2095
Q16303829	Q40050
Q16305809	Q2095
Q1630666	Q2095
Q163076	Q2095
Q16320753	Q2095
Q16321542	Q2095
Q16323270	Q2095
Q1632545	Q2095
Q16328551	Q2095
Q16329451	Q2095
Q16330184	Q2095
Q1633051	Q2095
Q16331672	Q2095
Q16332019	Q2095
Q1633480	Q2095
Q163355	Q2095
Q16335923	Q2095
Q16345325	Q2095
Q16345432	Q2095
Q16345446	Q2095
Q1634763	Q2095
Q1634763	Q40050
Q1635129	Q2095
Q16351737	Q2095
Q16354645	Q2095
Q16359321	Q2095
Q1636488	Q2095
Q1637445	Q2095
Q16380008	Q2095
Q16383821	Q2095
Q16386562	Q2095
Q16388503	Q2095
Q16388503	Q40050
Q163886	Q2095
Q1638936	Q2095
Q1639157	Q2095
Q1639157	Q40050
Q16391650	Q2095
Q16391891	Q2095
Q16391891	Q40050
Q1639418	Q2095
Q1639418	Q40050
Q1639520	Q2095
Q1639560	Q2095
Q1639579	Q2095
Q1639621	Q2095
Q16398	Q2095
Q16398	Q40050
Q1639847	Q2095
Q1639847	Q40050
Q1639853	Q2095
Q1640145	Q2095
Q1640145	Q40050
Q1640404	Q2095
Q1640404	Q40050
Q1640426	Q2095
Q1640641	Q2095
Q1641345	Q2095
Q16414158	Q2095
Q16414783	Q2095
Q1641858	Q2095
Q16421221	Q2095
Q16421221	Q40050
Q1642148	Q2095
Q1642157	Q2095
Q16422576	Q2095
Q1643361	Q2095
Q1644022	Q2095
Q1644339	Q2095
Q1644339	Q40050
Q16445170	Q2095
Q16449385	Q2095
Q1645720	Q2095
Q164606	Q2095
Q16465790	Q2095
Q16466775	Q2095
Q1647122	Q2095
Q16477545	Q2095
Q1647985	Q2095
Q16479939	Q2095
Q16480101	Q2095
Q16480108	Q2095
Q16480251	Q2095
Q16480434	Q2095
Q16480683	Q2095
Q16480786	Q2095
Q16480872	Q2095
Q16481294	Q2095
Q16481902	Q2095
Q16484916	Q2095
Q1648541	Q2095
Q16489179	Q2095
Q16489253	Q2095
Q16489885	Q2095
Q16490638	Q2095
Q16490824	Q2095
Q16490824	Q40050
Q16490881	Q2095
Q16491100	Q2095
Q16493207	Q2095
Q16494100	Q2095
Q1649489	Q2095
Q1649489	Q40050
Q16495993	Q2095
Q16496017	Q2095
Q16496021	Q2095
Q16496023	Q2095
Q16496166	Q2095
Q16496347	Q2095
Q1649635	Q2095
Q16496413	Q2095
Q16497397	Q2095
Q16498169	Q2095
Q16498295	Q2095
Q16498322	Q2095
Q1649867	Q2095
Q1650008	Q2095
Q1650115	Q2095
Q16501664	Q2095
Q16501935	Q2095
Q16501985	Q2095
Q1650718	Q2095
Q1650718	Q40050
Q165112	Q2095
Q165178	Q2095
Q165199	Q2095
Q1652093	Q2095
Q1652098	Q2095
Q16521494	Q2095
Q1652464	Q2095
Q1652464	Q40050
Q16525342	Q2095
Q16525404	Q2095
Q16525446	Q2095
Q16525449	Q2095
Q16526855	Q2095
Q1652744	Q2095
Q1652744	Q40050
Q16530385	Q2095
Q165308	Q2095
Q1653093	Q2095
Q16531604	Q2095
Q16531882	Q2095
Q16531882	Q40050
Q16532973	Q2095
Q16532973	Q40050
Q16533023	Q2095
Q16533023	Q40050
Q16533458	Q2095
Q16533506	Q2095
Q16533749	Q2095
Q16533773	Q2095
Q16533826	Q2095
Q16533843	Q2095
Q16533843	Q40050
Q16534180	Q2095
Q16534194	Q2095
Q16534530	Q2095
Q16534548	Q2095
Q16534627	Q2095
Q16534963	Q2095
Q16536260	Q2095
Q16536282	Q2095
Q16536473	Q2095
Q16536690	Q2095
Q16538363	Q2095
Q16539652	Q2095
Q16539652	Q40050
Q16539743	Q2095
Q16540460	Q2095
Q16540658	Q2095
Q16540939	Q2095
Q16543639	Q2095
Q165437	Q2095
Q16544799	Q2095
Q165449	Q2095
Q16544917	Q2095
Q16544917	Q40050
Q16544997	Q2095
Q16545101	Q2095
Q16545101	Q40050
Q16545117	Q2095
Q16545491	Q2095
Q16545592	Q2095
Q16545618	Q2095
Q16545618	Q40050
Q16545622	Q2095
Q16545622	Q40050
Q16545626	Q2095
Q16545626	Q40050
Q16545657	Q2095
Q16545661	Q2095
Q16548724	Q2095
Q16548795	Q2095
Q1655002	Q2095
Q16550078	Q2095
Q16550306	Q2095
Q165527	Q2095
Q16556351	Q2095
Q16561949	Q2095
Q16561949	Q40050
Q16561952	Q2095
Q16561952	Q40050
Q16564781	Q2095
Q16565420	Q2095
Q16565718	Q2095
Q16566703	Q2095
Q16566892	Q2095
Q16567475	Q2095
Q16568979	Q2095
Q16568982	Q2095
Q16570609	Q2095
Q16570892	Q2095
Q16571645	Q2095
Q16573500	Q2095
Q16574121	Q2095
Q16575356	Q2095
Q1657537	Q2095
Q16575455	Q2095
Q16576488	Q2095
Q16576840	Q2095
Q16576922	Q2095
Q16576925	Q2095
Q16576928	Q2095
Q16578397	Q2095
Q16579814	Q2095
Q16580654	Q2095
Q1658461	Q2095
Q1658461	Q40050
Q165855	Q2095
Q16586408	Q2095
Q16586409	Q2095
Q16587531	Q2095
Q16587672	Q2095
Q16587862	Q2095
Q16589943	Q2095
Q16589943	Q40050
Q16590111	Q2095
Q16590829	Q2095
Q16592556	Q2095
Q16593347	Q2095
Q16593347	Q40050
Q16594666	Q2095
Q16594912	Q2095
Q16595600	Q2095
Q16596895	Q2095
Q1659854	Q2095
Q1659854	Q40050
Q16599641	Q2095
Q1660010	Q2095
Q16601654	Q2095
Q16607686	Q2095
Q16607929	Q2095
Q16607929	Q40050
Q16608769	Q2095
Q16610775	Q2095
Q16610987	Q2095
Q166116	Q2095
Q166116	Q40050
Q16612124	Q2095
Q166128	Q2095
Q16613521	Q2095
Q16616127	Q2095
Q16616890	Q2095
Q16617059	Q2095
Q16618271	Q2095
Q16618305	Q2095
Q16619215	Q2095
Q16619629	Q2095
Q16620197	Q2095
Q166204	Q2095
Q16621176	Q2095
Q16623684	Q2095
Q16623684	Q40050
Q16623738	Q2095
Q16623823	Q2095
Q16626077	Q2095
Q16627180	Q2095
Q16627769	Q2095
Q16628511	Q2095
Q16629611	Q2095
Q16629611	Q40050
Q16634750	Q2095
Q16635249	Q2095
Q16635693	Q2095
Q16635695	Q2095
Q16636380	Q2095
Q16636726	Q2095
Q16636809	Q2095
Q16636869	Q2095
Q16637310	Q2095
Q16637313	Q2095
Q16637316	Q2095
Q16638414	Q2095
Q16639817	Q2095
Q16640733	Q2095
Q16641169	Q2095
Q16641304	Q2095
Q16641308	Q2095
Q16642491	Q2095
Q16643224	Q2095
Q16644124	Q2095
Q166447	Q2095
Q16645121	Q2095
Q16646605	Q2095
Q16646605	Q40050
Q1664679	Q2095
Q16648020	Q2095
Q16648323	Q2095
Q16648412	Q2095
Q16653183	Q2095
Q1665382	Q2095
Q1665382	Q40050
Q16654630	Q2095
Q16654630	Q40050
Q16655180	Q2095
Q16655572	Q2095
Q16657776	Q2095
Q16659482	Q2095
Q1665965	Q2095
Q1665965	Q40050
Q16663951	Q2095
Q16664041	Q2095
Q16664355	Q2095
Q16664711	Q2095
Q16665244	Q2095
Q16665333	Q2095
Q16665333	Q40050
Q16666411	Q2095
Q16668217	Q2095
Q1666836	Q2095
Q16668793	Q2095
Q16668970	Q2095
Q16669050	Q2095
Q16669433	Q2095
Q16669512	Q2095
Q16669512	Q40050
Q16670227	Q2095
Q16670586	Q2095
Q16670711	Q2095
Q16671691	Q2095
Q16671751	Q2095
Q16671751	Q40050
Q16672252	Q2095
Q16672649	Q2095
Q16672807	Q2095
Q16673751	Q2095
Q16675328	Q2095
Q16675686	Q2095
Q16675718	Q2095
Q16675720	Q2095
Q16676963	Q2095
Q16677060	Q2095
Q16677070	Q2095
Q16677587	Q2095
Q16679109	Q2095
Q16680372	Q2095
Q16680374	Q2095
Q16680376	Q2095
Q16680378	Q2095
Q16680850	Q2095
Q16681326	Q2095
Q16681672	Q2095
Q16682389	Q2095
Q16682691	Q2095
Q16682691	Q40050
Q16683598	Q2095
Q1668680	Q2095
Q1668680	Q40050
Q16686834	Q2095
Q1668708	Q2095
Q16693052	Q2095
Q16693052	Q40050
Q1669886	Q2095
Q16701410	Q2095
Q1670403	Q2095
Q1670674	Q2095
Q16706914	Q2095
Q1671107	Q2095
Q16722041	Q2095
Q16722041	Q40050
Q16722561	Q2095
Q16722940	Q2095
Q16722942	Q2095
Q16724480	Q2095
Q16726108	Q2095
Q16726460	Q2095
Q167296	Q2095
Q167296	Q40050
Q167309	Q2095
Q167339	Q2095
Q16735597	Q2095
Q16736489	Q2095
Q16736489	Q40050
Q16748901	Q2095
Q16748901	Q40050
Q1675036	Q2095
Q16761486	Q2095
Q16763507	Q2095
Q16764515	Q2095
Q16765345	Q2095
Q167692	Q2095
Q16773140	Q2095
Q16773162	Q2095
Q16773162	Q40050
Q16773515	Q2095
Q16774413	Q2095
Q16777521	Q2095
Q16780	Q2095
Q1678107	Q2095
Q1678107	Q40050
Q1678436	Q2095
Q1678436	Q40050
Q1678809	Q2095
Q1678809	Q40050
Q1678874	Q2095
Q167893	Q2095
Q16800965	Q2095
Q16802048	Q2095
Q16802140	Q2095
Q16814592	Q2095
Q16816	Q2095
Q16823983	Q2095
Q1682434	Q2095
Q16826169	Q2095
Q168263	Q2095
Q16826554	Q2095
Q16826630	Q2095
Q16826942	Q2095
Q16827403	Q2095
Q16828019	Q2095
Q16828063	Q2095
Q16828063	Q40050
Q16828529	Q2095
Q16830455	Q2095
Q16831664	Q2095
Q16831664	Q40050
Q1683302	Q2095
Q16833607	Q2095
Q16833607	Q40050
Q16834113	Q2095
Q16834380	Q2095
Q16834449	Q2095
Q16834748	Q2095
Q16836115	Q2095
Q16836115	Q40050
Q16836241	Q2095
Q16836245	Q2095
Q16836532	Q2095
Q1683716	Q2095
Q16837973	Q2095
Q1683850	Q2095
Q1683850	Q40050
Q16839272	Q2095
Q16839757	Q2095
Q16840256	Q2095
Q16840771	Q2095
Q16841203	Q2095
Q16841290	Q2095
Q16843658	Q2095
Q16844050	Q2095
Q1684463	Q2095
Q1684463	Q40050
Q16845173	Q2095
Q16846615	Q2095
Q16847095	Q2095
Q16847522	Q2095
Q16847522	Q40050
Q16847884	Q2095
Q1684997	Q2095
Q16850213	Q2095
Q16851546	Q2095
Q16851546	Q40050
Q16852074	Q2095
Q16854679	Q2095
Q16857930	Q2095
Q16858629	Q2095
Q16858710	Q2095
Q16858768	Q2095
Q16860933	Q2095
Q16860935	Q2095
Q16860983	Q2095
Q16860991	Q2095
Q16860992	Q2095
Q16860994	Q2095
Q16860995	Q2095
Q16861000	Q2095
Q16861017	Q2095
Q16861024	Q2095
Q16861029	Q2095
Q16861032	Q2095
Q16861033	Q2095
Q16861199	Q2095
Q16861482	Q2095
Q1686195	Q2095
Q16862951	Q2095
Q16864399	Q2095
Q16866244	Q2095
Q1686705	Q2095
Q16867376	Q2095
Q16868214	Q2095
Q16868423	Q2095
Q16868569	Q2095
Q16869105	Q2095
Q16869105	Q40050
Q16872530	Q2095
Q16872530	Q40050
Q16873575	Q2095
Q16873700	Q2095
Q16873869	Q2095
Q16873967	Q2095
Q16874582	Q2095
Q1687628	Q2095
Q16877103	Q2095
Q1687766	Q2095
Q16877934	Q2095
Q16878201	Q2095
Q16878201	Q40050
Q16878224	Q2095
Q16878381	Q2095
Q16878488	Q2095
Q16878589	Q2095
Q16878826	Q2095
Q16879293	Q2095
Q16879293	Q40050
Q16880089	Q2095
Q16880108	Q2095
Q16882435	Q2095
Q16884606	Q2095
Q16885102	Q2095
Q16885372	Q2095
Q16886847	Q2095
Q16887568	Q2095
Q16888161	Q2095
Q16888473	Q2095
Q16888473	Q40050
Q16888499	Q2095
Q16889350	Q2095
Q1688949	Q2095
Q16890786	Q2095
Q16890786	Q40050
Q16891242	Q2095
Q16891242	Q40050
Q16892880	Q2095
Q1689387	Q2095
Q16894104	Q2095
Q16894181	Q2095
Q16895834	Q2095
Q16896963	Q2095
Q1689772	Q2095
Q16897790	Q2095
Q16899972	Q2095
Q169	Q2095
Q16900542	Q2095
Q16900542	Q40050
Q16900667	Q2095
Q16901399	Q2095
Q16901617	Q2095
Q1690265	Q2095
Q16902896	Q2095
Q16903587	Q2095
Q16904708	Q2095
Q16906849	Q2095
Q16908564	Q2095
Q16908690	Q2095
Q16909016	Q2095
Q16909016	Q40050
Q16909052	Q2095
Q16909122	Q2095
Q16909122	Q40050
Q16909225	Q2095
Q16909917	Q2095
Q16909917	Q40050
Q16910416	Q2095
Q16910822	Q2095
Q16910973	Q2095
Q16910973	Q40050
Q16911670	Q2095
Q16912123	Q2095
Q1691264	Q2095
Q1691264	Q40050
Q16913091	Q2095
Q16913644	Q2095
Q16916206	Q2095
Q16916238	Q2095
Q1691624	Q2095
Q16916781	Q2095
Q16916881	Q2095
Q16917687	Q2095
Q16917893	Q2095
Q16918839	Q2095
Q16919101	Q2095
Q16919746	Q2095
Q16920603	Q2095
Q16926253	Q2095
Q16926259	Q2095
Q16926266	Q2095
Q16926310	Q2095
Q16927617	Q2095
Q16928375	Q2095
Q16930408	Q2095
Q16930441	Q2095
Q16930486	Q2095
Q16931986	Q2095
Q16932443	Q2095
Q16933312	Q2095
Q16934063	Q2095
Q16934205	Q2095
Q16934214	Q2095
Q16934675	Q2095
Q16934961	Q2095
Q16937041	Q2095
Q16937065	Q2095
Q16938005	Q2095
Q16938005	Q40050
Q16938296	Q2095
Q16938701	Q2095
Q16938703	Q2095
Q1693943	Q2095
Q16941168	Q2095
Q16941232	Q2095
Q16942586	Q2095
Q16942586	Q40050
Q16943314	Q2095
Q16943688	Q2095
Q16944449	Q2095
Q16944449	Q40050
Q16944452	Q2095
Q16944452	Q40050
Q16945693	Q2095
Q16946653	Q2095
Q16946787	Q2095
Q16947264	Q2095
Q16947413	Q2095
Q16947413	Q40050
Q16947964	Q2095
Q16948320	Q2095
Q16948320	Q40050
Q16949628	Q2095
Q1695063	Q2095
Q1695063	Q40050
Q1695143	Q2095
Q16951485	Q2095
Q16951485	Q40050
Q16951737	Q2095
Q16951741	Q2095
Q16952139	Q2095
Q16952446	Q2095
Q16953911	Q2095
Q16955994	Q2095
Q16956515	Q2095
Q16957042	Q2095
Q16957042	Q40050
Q16957893	Q2095
Q16959489	Q2095
Q16959489	Q40050
Q16959811	Q2095
Q16959811	Q40050
Q16961496	Q2095
Q16962929	Q2095
Q16963428	Q2095
Q16963468	Q2095
Q16964492	Q2095
Q16965013	Q2095
Q16965323	Q2095
Q16966293	Q2095
Q16966293	Q40050
Q16966339	Q2095
Q16966402	Q2095
Q16966402	Q40050
Q16967361	Q2095
Q16968860	Q2095
Q16969131	Q2095
Q16969366	Q2095
Q16969652	Q2095
Q16971704	Q2095
Q16972456	Q2095
Q16973089	Q2095
Q16973768	Q2095
Q16974014	Q2095
Q16974014	Q40050
Q16974848	Q2095
Q16974848	Q40050
Q169757	Q2095
Q16975807	Q2095
Q16975842	Q2095
Q16975890	Q2095
Q16976	Q2095
Q16976	Q40050
Q16976370	Q2095
Q1697639	Q2095
Q16976506	Q2095
Q16976728	Q2095
Q16976868	Q2095
Q16976976	Q2095
Q16977085	Q2095
Q16977213	Q2095
Q16977213	Q40050
Q16979238	Q2095
Q16979418	Q2095
Q16979517	Q2095
Q16979537	Q2095
Q16979930	Q2095
Q16980826	Q2095
Q16981502	Q2095
Q1698172	Q2095
Q16981793	Q2095
Q169822	Q2095
Q16982762	Q2095
Q16983167	Q2095
Q16984089	Q2095
Q16984252	Q2095
Q16984727	Q2095
Q16984961	Q2095
Q16984980	Q2095
Q16986281	Q2095
Q16986281	Q40050
Q16987178	Q2095
Q16987650	Q2095
Q16987650	Q40050
Q16988862	Q2095
Q16988959	Q2095
Q16990632	Q2095
Q16990651	Q2095
Q16992193	Q2095
Q16993249	Q2095
Q16993351	Q2095
Q16993351	Q40050
Q16995256	Q2095
Q16995345	Q2095
Q16995345	Q40050
Q16996497	Q2095
Q16997125	Q2095
Q16997205	Q2095
Q16997256	Q2095
Q1699821	Q2095
Q16998421	Q2095
Q16998421	Q40050
Q16998891	Q2095
Q16999470	Q2095
Q16999502	Q2095
Q1699954	Q2095
Q16999875	Q2095
Q16999914	Q2095
Q17001456	Q2095
Q17002268	Q2095
Q170037	Q2095
Q17003794	Q2095
Q17003967	Q2095
Q17004677	Q2095
Q17004677	Q40050
Q17005230	Q2095
Q17005444	Q2095
Q17005920	Q2095
Q17005920	Q40050
Q17006214	Q2095
Q17006214	Q40050
Q17006441	Q2095
Q17006531	Q2095
Q17006640	Q2095
Q17006848	Q2095
Q17006976	Q2095
Q17006995	Q2095
Q17007038	Q2095
Q1700891	Q2095
Q17008986	Q2095
Q17009101	Q2095
Q17009352	Q2095
Q17009401	Q2095
Q17010112	Q2095
Q17010184	Q2095
Q17010184	Q40050
Q17010544	Q2095
Q17011735	Q2095
Q17011993	Q2095
Q17012457	Q2095
Q17012457	Q40050
Q17012820	Q2095
Q17012820	Q40050
Q17012850	Q2095
Q1701367	Q2095
Q17013971	Q2095
Q17013987	Q2095
Q17015045	Q2095
Q17015916	Q2095
Q17016362	Q2095
Q17018527	Q2095
Q17018527	Q40050
Q17018846	Q2095
Q17020507	Q2095
Q17020507	Q40050
Q170210	Q2095
Q170210	Q40050
Q170219	Q2095
Q170219	Q40050
Q17022289	Q2095
Q17023137	Q2095
Q17023464	Q2095
Q17023518	Q2095
Q17026015	Q2095
Q17026363	Q2095
Q17026621	Q2095
Q1702681	Q2095
Q1702681	Q40050
Q17027457	Q2095
Q17027492	Q2095
Q17028021	Q2095
Q17029057	Q2095
Q17030355	Q2095
Q17031311	Q2095
Q17031311	Q40050
Q17031556	Q2095
Q17031582	Q2095
Q17031594	Q2095
Q17031604	Q2095
Q17032095	Q2095
Q17032204	Q2095
Q17032282	Q2095
Q1703243	Q2095
Q17033109	Q2095
Q1703334	Q2095
Q17033393	Q2095
Q17034005	Q2095
Q17034032	Q2095
Q1703431	Q2095
Q17034484	Q2095
Q1703515	Q2095
Q17035169	Q2095
Q17035180	Q2095
Q17035434	Q2095
Q17035461	Q2095
Q17035616	Q2095
Q17035622	Q2095
Q1703574	Q2095
Q17035779	Q2095
Q17035821	Q2095
Q17035957	Q2095
Q17037938	Q2095
Q1703796	Q2095
Q17038368	Q2095
Q17038483	Q2095
Q17038642	Q2095
Q17039046	Q2095
Q17039515	Q2095
Q17040557	Q2095
Q17040885	Q2095
Q17040885	Q40050
Q17040892	Q2095
Q17040910	Q2095
Q17042158	Q2095
Q17044047	Q2095
Q17044867	Q2095
Q17045135	Q2095
Q17045698	Q2095
Q17047960	Q2095
Q17048144	Q2095
Q17048214	Q2095
Q170486	Q2095
Q17048976	Q2095
Q17049500	Q2095
Q17049518	Q2095
Q17049555	Q2095
Q1704982	Q2095
Q17050214	Q2095
Q17050490	Q2095
Q17050599	Q2095
Q17050727	Q2095
Q17051117	Q2095
Q17051280	Q2095
Q17051519	Q2095
Q17051638	Q2095
Q17051638	Q40050
Q17052123	Q2095
Q17052264	Q2095
Q17052449	Q2095
Q17052483	Q2095
Q17052491	Q2095
Q17052566	Q2095
Q17052769	Q2095
Q17052796	Q2095
Q17052971	Q2095
Q17053362	Q2095
Q17053386	Q2095
Q17053501	Q2095
Q17053542	Q2095
Q17053738	Q2095
Q17054141	Q2095
Q17054148	Q2095
Q17054986	Q2095
Q17055540	Q2095
Q17056750	Q2095
Q17059019	Q2095
Q17059517	Q2095
Q17059517	Q40050
Q17061273	Q2095
Q17062162	Q2095
Q17062162	Q40050
Q17062449	Q2095
Q17062449	Q40050
Q17062980	Q2095
Q17063016	Q2095
Q17063222	Q2095
Q17063222	Q40050
Q17063384	Q2095
Q17063709	Q2095
Q17063877	Q2095
Q17064154	Q2095
Q17064676	Q2095
Q17064677	Q2095
Q17064971	Q2095
Q17065023	Q2095
Q17065342	Q2095
Q17065965	Q2095
Q17066200	Q2095
Q17067155	Q2095
Q17067324	Q2095
Q17067364	Q2095
Q17067364	Q40050
Q17067418	Q2095
Q17067578	Q2095
Q17067578	Q40050
Q17067753	Q2095
Q17067874	Q2095
Q17068197	Q2095
Q17068284	Q2095
Q17068284	Q40050
Q17068526	Q2095
Q17068746	Q2095
Q17070768	Q2095
Q17071451	Q2095
Q17071508	Q2095
Q17071807	Q2095
Q17072931	Q2095
Q17073167	Q2095
Q17074957	Q2095
Q17075804	Q2095
Q17075804	Q40050
Q1707616	Q2095
Q17077460	Q2095
Q17077846	Q2095
Q17077995	Q2095
Q17079891	Q2095
Q17079891	Q40050
Q17080719	Q2095
Q17081227	Q2095
Q17081569	Q2095
Q17081952	Q2095
Q17082116	Q2095
Q17082973	Q2095
Q17083201	Q2095
Q17084066	Q2095
Q170883	Q2095
Q170883	Q40050
Q170885	Q2095
Q17088676	Q2095
Q17090528	Q2095
Q17090617	Q2095
Q17090951	Q2095
Q1709220	Q2095
Q17093248	Q2095
Q17097000	Q2095
Q17097000	Q40050
Q17098070	Q2095
Q17099188	Q2095
Q17101978	Q2095
Q17101978	Q40050
Q17102763	Q2095
Q17102940	Q2095
Q17103487	Q2095
Q17103609	Q2095
Q17103699	Q2095
Q1710389	Q2095
Q17104079	Q2095
Q17105036	Q2095
Q17105567	Q2095
Q17105624	Q2095
Q17107577	Q2095
Q17107651	Q2095
Q17107676	Q2095
Q17107862	Q2095
Q17108527	Q2095
Q17108537	Q2095
Q17108835	Q2095
Q17109263	Q2095
Q17110888	Q2095
Q17112456	Q2095
Q17113207	Q2095
Q17113213	Q2095
Q1711387	Q2095
Q1711387	Q40050
Q171141	Q2095
Q17115441	Q2095
Q17115605	Q2095
Q17115908	Q2095
Q17115910	Q2095
Q17115935	Q2095
Q17115947	Q2095
Q17115978	Q2095
Q17116044	Q2095
Q17116069	Q2095
Q17116096	Q2095
Q17116102	Q2095
Q17116108	Q2095
Q17116114	Q2095
Q17116116	Q2095
Q17116139	Q2095
Q17116211	Q2095
Q17116267	Q2095
Q17116283	Q2095
Q17116319	Q2095
Q17116332	Q2095
Q17116345	Q2095
Q17116381	Q2095
Q17116400	Q2095
Q17117380	Q2095
Q17117923	Q2095
Q17117923	Q40050
Q17118710	Q2095
Q17118742	Q2095
Q17118779	Q2095
Q17118779	Q40050
Q17118809	Q2095
Q17118809	Q40050
Q17118835	Q2095
Q17118850	Q2095
Q17118853	Q2095
Q17118875	Q2095
Q17118882	Q2095
Q17118890	Q2095
Q17118896	Q2095
Q17118905	Q2095
Q17118910	Q2095
Q17118910	Q40050
Q17118912	Q2095
Q17118924	Q2095
Q17118943	Q2095
Q17118943	Q40050
Q17119210	Q2095
Q17119238	Q2095
Q17119263	Q2095
Q17119266	Q2095
Q17119279	Q2095
Q17119282	Q2095
Q17119288	Q2095
Q17119297	Q2095
Q17119302	Q2095
Q17119307	Q2095
Q17119324	Q2095
Q17119327	Q2095
Q17119327	Q40050
Q17119353	Q2095
Q1712422	Q2095
Q1712422	Q40050
Q17124648	Q2095
Q1712540	Q2095
Q17125545	Q2095
Q17125545	Q40050
Q17125666	Q2095
Q17125666	Q40050
Q17126244	Q2095
Q17126244	Q40050
Q17126473	Q2095
Q17126473	Q40050
Q17127184	Q2095
Q17137076	Q2095
Q17139289	Q2095
Q17139289	Q40050
Q17141829	Q2095
Q17143279	Q2095
Q17143279	Q40050
Q17143425	Q2095
Q17146413	Q2095
Q17146413	Q40050
Q1714715	Q2095
Q1715200	Q2095
Q17156648	Q2095
Q17162482	Q2095
Q17163130	Q2095
Q17163945	Q2095
Q17163945	Q40050
Q17164276	Q2095
Q17166373	Q2095
Q17172612	Q2095
Q17172612	Q40050
Q17173204	Q2095
Q17173229	Q2095
Q17173262	Q2095
Q17174701	Q2095
Q17174701	Q40050
Q17174725	Q2095
Q17174725	Q40050
Q17174728	Q2095
Q17174728	Q40050
Q17175691	Q2095
Q1718008	Q2095
Q1718049	Q2095
Q17182822	Q2095
Q17183194	Q2095
Q17183194	Q40050
Q17189411	Q2095
Q17189411	Q40050
Q17189720	Q2095
Q17189867	Q2095
Q17190893	Q2095
Q17191020	Q2095
Q17191101	Q2095
Q17191101	Q40050
Q17191279	Q2095
Q17191279	Q40050
Q1719149	Q2095
Q1719149	Q40050
Q17192043	Q2095
Q17192043	Q40050
Q17192072	Q2095
Q17192296	Q2095
Q17192558	Q2095
Q17192593	Q2095
Q17192624	Q2095
Q171934	Q2095
Q17194099	Q2095
Q17198025	Q2095
Q17198542	Q2095
Q1720857	Q2095
Q1720874	Q2095
Q1720874	Q40050
Q17210117	Q2095
Q17210117	Q40050
Q1721014	Q2095
Q1721046	Q2095
Q17210625	Q2095
Q17210742	Q2095
Q17211275	Q2095
Q17212805	Q2095
Q17213273	Q2095
Q17213511	Q2095
Q17213562	Q2095
Q17213640	Q2095
Q17214364	Q2095
Q17214429	Q2095
Q1721531	Q2095
Q1721531	Q40050
Q17215318	Q2095
Q17215367	Q2095
Q1721545	Q2095
Q17215761	Q2095
Q17216600	Q2095
Q17216826	Q2095
Q17216876	Q2095
Q17216893	Q2095
Q17217665	Q2095
Q17217668	Q2095
Q17218215	Q2095
Q1721876	Q2095
Q17218908	Q2095
Q17219132	Q2095
Q17219214	Q2095
Q17219570	Q2095
Q17219643	Q2095
Q17220026	Q2095
Q17220060	Q2095
Q1722084	Q2095
Q1722086	Q2095
Q1722090	Q2095
Q17221627	Q2095
Q17221654	Q2095
Q17222161	Q2095
Q17222476	Q2095
Q17222480	Q2095
Q17223059	Q2095
Q17223469	Q2095
Q17224021	Q2095
Q17224035	Q2095
Q17224172	Q2095
Q17224202	Q2095
Q17224265	Q2095
Q17224265	Q40050
Q17224368	Q2095
Q17225150	Q2095
Q17225220	Q2095
Q17225949	Q2095
Q1722629	Q2095
Q17226613	Q2095
Q17226863	Q2095
Q17227781	Q2095
Q17227932	Q2095
Q17228204	Q2095
Q17228743	Q2095
Q17228947	Q2095
Q17229022	Q2095
Q1722914	Q2095
Q1722927	Q2095
Q17230138	Q2095
Q17230213	Q2095
Q17230219	Q2095
Q17230551	Q2095
Q1723060	Q2095
Q1723060	Q40050
Q1723088	Q2095
Q17231226	Q2095
Q17231508	Q2095
Q17232367	Q2095
Q17232417	Q2095
Q17232519	Q2095
Q17232519	Q40050
Q17232939	Q2095
Q1723359	Q2095
Q1723442	Q2095
Q1723650	Q2095
Q1723650	Q40050
Q17238493	Q2095
Q17238884	Q2095
Q172395	Q2095
Q17240129	Q2095
Q17250646	Q2095
Q17254943	Q2095
Q17255569	Q2095
Q1725861	Q2095
Q1725983	Q2095
Q1726195	Q2095
Q17271258	Q2095
Q17271604	Q2095
Q1727434	Q2095
Q17274349	Q2095
Q17277332	Q2095
Q17277338	Q2095
Q17279856	Q2095
Q17280693	Q2095
Q1728927	Q2095
Q1728927	Q40050
Q1728977	Q2095
Q1729084	Q2095
Q17300670	Q2095
Q1730287	Q2095
Q17306849	Q2095
Q17306849	Q40050
Q17315183	Q2095
Q17315191	Q2095
Q17318560	Q2095
Q17318788	Q2095
Q17318793	Q2095
Q173265	Q2095
Q17326924	Q2095
Q17329207	Q2095
Q17329207	Q40050
Q17329260	Q2095
Q17329260	Q40050
Q17339094	Q2095
Q17346007	Q2095
Q1734633	Q2095
Q1734635	Q2095
Q1734635	Q40050
Q1735171	Q2095
Q1735319	Q2095
Q1735319	Q40050
Q17353753	Q2095
Q17353753	Q40050
Q17354008	Q2095
Q17354008	Q40050
Q17354353	Q2095
Q17354353	Q40050
Q17354914	Q2095
Q17355541	Q2095
Q17355815	Q2095
Q1735816	Q2095
Q1735829	Q2095
Q1736906	Q2095
Q17372871	Q2095
Q17373825	Q2095
Q1737564	Q2095
Q17375921	Q2095
Q1737607	Q2095
Q1737615	Q2095
Q1737626	Q2095
Q17376918	Q2095
Q17376918	Q40050
Q1737699	Q2095
Q173773	Q2095
Q173773	Q40050
Q17384072	Q2095
Q17384072	Q40050
Q1738767	Q2095
Q1738893	Q2095
Q1738893	Q40050
Q1739802	Q2095
Q1740026	Q2095
Q17400905	Q2095
Q17401352	Q2095
Q17415166	Q2095
Q1741570	Q2095
Q1741739	Q2095
Q1741744	Q2095
Q1742211	Q2095
Q17425887	Q2095
Q17426507	Q2095
Q1743615	Q2095
Q1743615	Q40050
Q17442381	Q2095
Q17444380	Q2095
Q17451766	Q2095
Q174539	Q2095
Q17462104	Q2095
Q1746803	Q2095
Q1747334	Q2095
Q1748014	Q2095
Q1748225	Q2095
Q1748225	Q40050
Q17482572	Q2095
Q17485599	Q2095
Q17492677	Q2095
Q17492709	Q2095
Q17492709	Q40050
Q17492785	Q2095
Q1749682	Q2095
Q17499197	Q2095
Q17499496	Q2095
Q17499568	Q2095
Q17499646	Q2095
Q1750052	Q2095
Q1750077	Q2095
Q17501980	Q2095
Q1750238	Q2095
Q1750238	Q40050
Q17504707	Q2095
Q17512299	Q2095
Q17512299	Q40050
Q175123	Q2095
Q1751445	Q2095
Q1751476	Q2095
Q1751476	Q40050
Q1752080	Q2095
Q175245	Q2095
Q175245	Q40050
Q1752489	Q2095
Q1752705	Q2095
Q1752831	Q2095
Q1752831	Q40050
Q1752931	Q2095
Q1753167	Q2095
Q1753265	Q2095
Q1753272	Q2095
Q1753513	Q2095
Q1753583	Q2095
Q1753595	Q2095
Q1753595	Q40050
Q1753710	Q2095
Q1754338	Q2095
Q1754504	Q2095
Q1754566	Q2095
Q1754817	Q2095
Q1754817	Q40050
Q1754978	Q2095
Q1754978	Q40050
Q1755140	Q2095
Q1755668	Q2095
Q175595	Q2095
Q1756073	Q2095
Q1756073	Q40050
Q1756289	Q2095
Q1756296	Q2095
Q1756360	Q2095
Q1756360	Q40050
Q175641	Q2095
Q1756465	Q2095
Q1756585	Q2095
Q1757003	Q2095
Q1757352	Q2095
Q1757401	Q2095
Q1757759	Q2095
Q1757933	Q2095
Q1757933	Q40050
Q17582679	Q2095
Q1758911	Q2095
Q1758979	Q2095
Q1758979	Q40050
Q1759014	Q2095
Q1759014	Q40050
Q1759052	Q2095
Q1759129	Q2095
Q175919	Q2095
Q175919	Q40050
Q1759217	Q2095
Q1759289	Q2095
Q175933	Q2095
Q1759568	Q2095
Q1759568	Q40050
Q1759775	Q2095
Q1759796	Q2095
Q176017	Q2095
Q1760220	Q2095
Q1760220	Q40050
Q1760222	Q2095
Q1760222	Q40050
Q17605220	Q2095
Q176063	Q2095
Q1760637	Q2095
Q1761661	Q2095
Q1761661	Q40050
Q1761727	Q2095
Q1761727	Q40050
Q17620044	Q2095
Q17620066	Q2095
Q1762124	Q2095
Q17621518	Q2095
Q17622363	Q2095
Q1762278	Q2095
Q17623256	Q2095
Q176236	Q2095
Q17623738	Q2095
Q17623738	Q40050
Q17623807	Q2095
Q17623932	Q2095
Q1762398	Q2095
Q17624718	Q2095
Q17624718	Q40050
Q17624886	Q2095
Q17624927	Q2095
Q17624927	Q40050
Q17627939	Q2095
Q17628250	Q2095
Q17628717	Q2095
Q1762933	Q2095
Q17630839	Q2095
Q17631593	Q2095
Q1763170	Q2095
Q17632071	Q2095
Q17632795	Q2095
Q17634293	Q2095
Q17634393	Q2095
Q17634394	Q2095
Q17634577	Q2095
Q17634932	Q2095
Q17634932	Q40050
Q17635661	Q2095
Q17635889	Q2095
Q17636431	Q2095
Q17636912	Q2095
Q17636964	Q2095
Q17637005	Q2095
Q17637181	Q2095
Q17638951	Q2095
Q1763911	Q2095
Q17639154	Q2095
Q176393	Q2095
Q176393	Q40050
Q17639395	Q2095
Q17640338	Q2095
Q176436	Q2095
Q1764958	Q2095
Q1765290	Q2095
Q1765290	Q40050
Q176764	Q2095
Q176764	Q40050
Q1768003	Q2095
Q17680151	Q2095
Q1768131	Q2095
Q1768194	Q2095
Q1769523	Q2095
Q177	Q2095
Q1770450	Q2095
Q1770579	Q2095
Q1770579	Q40050
Q17708894	Q2095
Q17708894	Q40050
Q17709110	Q2095
Q17709110	Q40050
Q177092	Q2095
Q177092	Q40050
Q177115	Q2095
Q177166	Q2095
Q1771944	Q2095
Q1772569	Q2095
Q1772604	Q2095
Q177378	Q2095
Q1774262	Q2095
Q1774328	Q2095
Q17747125	Q2095
Q17747219	Q2095
Q17747240	Q2095
Q1775431	Q2095
Q1775577	Q2095
Q177564	Q2095
Q17759927	Q2095
Q1776589	Q2095
Q17766439	Q2095
Q17766439	Q40050
Q17767599	Q2095
Q17767877	Q2095
Q1776965	Q2095
Q1776997	Q2095
Q1777050	Q2095
Q1777050	Q40050
Q1777117	Q2095
Q1777257	Q2095
Q177727	Q2095
Q1777389	Q2095
Q1777602	Q2095
Q1777602	Q40050
Q17779397	Q2095
Q1778077	Q2095
Q1778124	Q2095
Q1778142	Q2095
Q17781981	Q2095
Q17781981	Q40050
Q1778505	Q2095
Q177886	Q2095
Q1778941	Q2095
Q1778941	Q40050
Q1779264	Q2095
Q1779391	Q2095
Q1779391	Q40050
Q1779559	Q2095
Q1779616	Q2095
Q1779616	Q40050
Q1779694	Q2095
Q1779912	Q2095
Q1779912	Q40050
Q178	Q2095
Q178024	Q2095
Q1780501	Q2095
Q1781099	Q2095
Q1781121	Q2095
Q1781121	Q40050
Q1781131	Q2095
Q1781131	Q40050
Q178143	Q2095
Q1781669	Q2095
Q1781865	Q2095
Q1783407	Q2095
Q1783407	Q40050
Q178359	Q2095
Q1784398	Q2095
Q1784786	Q2095
Q17854404	Q2095
Q17854404	Q40050
Q1785926	Q2095
Q178600	Q2095
Q1786125	Q2095
Q1786540	Q2095
Q1786884	Q2095
Q1786884	Q40050
Q1786912	Q2095
Q1786912	Q40050
Q1787022	Q2095
Q1787314	Q2095
Q1787314	Q40050
Q178780	Q2095
Q178780	Q40050
Q1787868	Q2095
Q1787956	Q2095
Q1788872	Q2095
Q178921	Q2095
Q178921	Q40050
Q1789975	Q2095
Q179010	Q2095
Q1790111	Q2095
Q1790111	Q40050
Q1790289	Q2095
Q1790730	Q2095
Q1790817	Q2095
Q1790835	Q2095
Q1790839	Q2095
Q1791285	Q2095
Q1791365	Q2095
Q1791365	Q40050
Q1791453	Q2095
Q1791462	Q2095
Q179158	Q2095
Q1792144	Q2095
Q1792144	Q40050
Q1792828	Q2095
Q1794027	Q2095
Q1794027	Q40050
Q1794677	Q2095
Q1795395	Q2095
Q1795426	Q2095
Q1795457	Q2095
Q1795462	Q2095
Q1795470	Q2095
Q1795580	Q2095
Q1796282	Q2095
Q1796282	Q40050
Q1796292	Q2095
Q179660	Q2095
Q179660	Q40050
Q1797271	Q2095
Q1797415	Q2095
Q1797824	Q2095
Q1797824	Q40050
Q1798180	Q2095
Q17988464	Q2095
Q1798985	Q2095
Q1798985	Q40050
Q17990295	Q2095
Q17990892	Q2095
Q17991981	Q2095
Q17992361	Q2095
Q17993009	Q2095
Q17993873	Q2095
Q17994521	Q2095
Q1799455	Q2095
Q1799719	Q2095
Q1799726	Q2095
Q17997299	Q2095
Q17997301	Q2095
Q17998185	Q2095
Q17998185	Q40050
Q17998502	Q2095
Q1799855	Q2095
Q17998552	Q2095
Q17998681	Q2095
Q17998983	Q2095
Q17998988	Q2095
Q17999715	Q2095
Q17999717	Q2095
Q18001674	Q2095
Q1800458	Q2095
Q1801176	Q2095
Q1801176	Q40050
Q18011767	Q2095
Q18012354	Q2095
Q18012356	Q2095
Q18012466	Q2095
Q18012503	Q2095
Q1801796	Q2095
Q1801796	Q40050
Q1801946	Q2095
Q18020036	Q2095
Q18020974	Q2095
Q180239	Q2095
Q180239	Q40050
Q18027552	Q2095
Q180289	Q2095
Q180289	Q40050
Q1803765	Q2095
Q18042786	Q2095
Q18043321	Q2095
Q180458	Q2095
Q180458	Q40050
Q1804737	Q2095
Q1804737	Q40050
Q1805052	Q2095
Q1805052	Q40050
Q18051424	Q2095
Q18051424	Q40050
Q18061506	Q2095
Q1806341	Q2095
Q1806730	Q2095
Q1806730	Q40050
Q1806907	Q2095
Q1806907	Q40050
Q1806971	Q2095
Q1806971	Q40050
Q1807269	Q2095
Q18075016	Q2095
Q18075016	Q40050
Q1807598	Q2095
Q1808216	Q2095
Q18086964	Q2095
Q1808774	Q2095
Q18087876	Q2095
Q18088315	Q2095
Q1808832	Q2095
Q18088406	Q2095
Q18088445	Q2095
Q1808846	Q2095
Q1808846	Q40050
Q18088658	Q2095
Q18088931	Q2095
Q18088931	Q40050
Q18088945	Q2095
Q18089186	Q2095
Q18089186	Q40050
Q1809371	Q2095
Q181042	Q2095
Q181055	Q2095
Q1810575	Q2095
Q1810638	Q2095
Q1811022	Q2095
Q1811076	Q2095
Q18111280	Q2095
Q18111377	Q2095
Q18111413	Q2095
Q1811166	Q2095
Q18111842	Q2095
Q18111842	Q40050
Q1811408	Q2095
Q1811408	Q40050
Q1811510	Q2095
Q1811739	Q2095
Q181195	Q2095
Q1812274	Q2095
Q1812274	Q40050
Q18124795	Q2095
Q18125457	Q2095
Q18125457	Q40050
Q18127051	Q2095
Q18127055	Q2095
Q18127202	Q2095
Q18128279	Q2095
Q18128673	Q2095
Q1813527	Q2095
Q1814047	Q2095
Q181409	Q2095
Q181418	Q2095
Q18145066	Q2095
Q1814533	Q2095
Q1814533	Q40050
Q18145983	Q2095
Q1814622	Q2095
Q1814622	Q40050
Q18149537	Q2095
Q18149982	Q2095
Q1815137	Q2095
Q1815137	Q40050
Q18151405	Q2095
Q1815345	Q2095
Q1815345	Q40050
Q1815494	Q2095
Q1815494	Q40050
Q1815560	Q2095
Q181560	Q2095
Q181572	Q2095
Q1815839	Q2095
Q18161195	Q2095
Q18161195	Q40050
Q1816386	Q2095
Q1816386	Q40050
Q18164297	Q2095
Q18164838	Q2095
Q1816679	Q2095
Q18169525	Q2095
Q1817060	Q2095
Q1817060	Q40050
Q1817063	Q2095
Q1817063	Q40050
Q1817101	Q2095
Q1817101	Q40050
Q18175531	Q2095
Q181761	Q2095
Q1817639	Q2095
Q1817903	Q2095
Q18187839	Q2095
Q1819455	Q2095
Q18201657	Q2095
Q18201657	Q40050
Q18201801	Q2095
Q18202216	Q2095
Q18202514	Q2095
Q18202791	Q2095
Q1820443	Q2095
Q1820443	Q40050
Q1820454	Q2095
Q18204661	Q2095
Q1820546	Q2095
Q18208758	Q2095
Q18208758	Q40050
Q18209200	Q2095
Q18210452	Q2095
Q18219998	Q2095
Q18221760	Q2095
Q18221760	Q40050
Q18222655	Q2095
Q18226	Q2095
Q18226480	Q2095
Q18226480	Q40050
Q182339	Q2095
Q18235005	Q2095
Q18235491	Q2095
Q1823666	Q2095
Q18242761	Q2095
Q18242761	Q40050
Q182523	Q2095
Q1825420	Q2095
Q1825420	Q40050
Q1825431	Q2095
Q1825431	Q40050
Q1827	Q2095
Q1827	Q40050
Q1827035	Q2095
Q1827229	Q2095
Q1827530	Q2095
Q182760	Q2095
Q18276594	Q2095
Q18277319	Q2095
Q18277319	Q40050
Q18285591	Q2095
Q18285755	Q2095
Q1828662	Q2095
Q1828662	Q40050
Q18287511	Q2095
Q18287511	Q40050
Q18289855	Q2095
Q18291301	Q2095
Q182940	Q2095
Q1829549	Q2095
Q1829549	Q40050
Q183095	Q2095
Q1831539	Q2095
Q18324512	Q2095
Q1833211	Q2095
Q18332174	Q2095
Q18335617	Q2095
Q18336577	Q2095
Q18337128	Q2095
Q18337128	Q40050
Q18337173	Q2095
Q18337234	Q2095
Q18337234	Q40050
Q18337498	Q2095
Q18337692	Q2095
Q18337692	Q40050
Q18337697	Q2095
Q18338265	Q2095
Q18338622	Q2095
Q18338622	Q40050
Q18338797	Q2095
Q18338797	Q40050
Q18338810	Q2095
Q18338810	Q40050
Q18339078	Q2095
Q18339182	Q2095
Q18339182	Q40050
Q18339561	Q2095
Q18339561	Q40050
Q18341495	Q2095
Q18341495	Q40050
Q18341499	Q2095
Q18341499	Q40050
Q18343413	Q2095
Q18343466	Q2095
Q18343677	Q2095
Q18343984	Q2095
Q183440	Q2095
Q18344221	Q2095
Q18344267	Q2095
Q18344618	Q2095
Q18344621	Q2095
Q1834466	Q2095
Q18345746	Q2095
Q18345746	Q40050
Q18347443	Q2095
Q18347443	Q40050
Q18348031	Q2095
Q18349210	Q2095
Q18349953	Q2095
Q18353389	Q2095
Q18353519	Q2095
Q18353987	Q2095
Q18354045	Q2095
Q18354270	Q2095
Q18354613	Q2095
Q18355112	Q2095
Q18355332	Q2095
Q18355349	Q2095
Q18355913	Q2095
Q18356332	Q2095
Q18356389	Q2095
Q18357204	Q2095
Q18357393	Q2095
Q18358623	Q2095
Q18358637	Q2095
Q18358637	Q40050
Q183599	Q2095
Q1837252	Q2095
Q18378405	Q2095
Q18383193	Q2095
Q18383202	Q2095
Q18383509	Q2095
Q18384179	Q2095
Q18384393	Q2095
Q18385724	Q2095
Q18386278	Q2095
Q18386388	Q2095
Q18386568	Q2095
Q18386680	Q2095
Q18387614	Q2095
Q18387614	Q40050
Q18388431	Q2095
Q18388465	Q2095
Q18388526	Q2095
Q18388526	Q40050
Q18388530	Q2095
Q18388803	Q2095
Q18388807	Q2095
Q18389506	Q2095
Q18389510	Q2095
Q18389885	Q2095
Q18391184	Q2095
Q18392137	Q2095
Q18392315	Q2095
Q18392504	Q2095
Q18392972	Q2095
Q18393201	Q2095
Q18395112	Q2095
Q18396005	Q2095
Q18396006	Q2095
Q18396734	Q2095
Q18396737	Q2095
Q18398374	Q2095
Q18399016	Q2095
Q18399025	Q2095
Q18399028	Q2095
Q18399031	Q2095
Q18399034	Q2095
Q18400177	Q2095
Q18400285	Q2095
Q18400480	Q2095
Q18404521	Q2095
Q18405415	Q2095
Q18409302	Q2095
Q18410182	Q2095
Q18411447	Q2095
Q18411447	Q40050
Q18411962	Q2095
Q18413514	Q2095
Q18413514	Q40050
Q18419768	Q2095
Q18419768	Q40050
Q1841993	Q2095
Q18421053	Q2095
Q1842181	Q2095
Q18424481	Q2095
Q18424642	Q2095
Q18425077	Q2095
Q18426199	Q2095
Q1842635	Q2095
Q184291	Q2095
Q184315	Q2095
Q18432211	Q2095
Q18435013	Q2095
Q184357	Q2095
Q184442	Q2095
Q184442	Q40050
Q18448627	Q2095
Q18450715	Q2095
Q18450737	Q2095
Q18452133	Q2095
Q18454792	Q2095
Q18454935	Q2095
Q18454959	Q2095
Q18454959	Q40050
Q18455759	Q2095
Q18455973	Q2095
Q18456023	Q2095
Q18456279	Q2095
Q18456374	Q2095
Q18456540	Q2095
Q18457397	Q2095
Q18457397	Q40050
Q18458047	Q2095
Q18458047	Q40050
Q18458180	Q2095
Q18458180	Q40050
Q18458488	Q2095
Q18458488	Q40050
Q18458815	Q2095
Q18459433	Q2095
Q18463058	Q2095
Q18463065	Q2095
Q18463680	Q2095
Q18463680	Q40050
Q18464502	Q2095
Q18464541	Q2095
Q18464548	Q2095
Q18464554	Q2095
Q18464560	Q2095
Q18464565	Q2095
Q18464572	Q2095
Q18464577	Q2095
Q18464582	Q2095
Q18464589	Q2095
Q18465111	Q2095
Q18465165	Q2095
Q18465171	Q2095
Q18465188	Q2095
Q18465195	Q2095
Q18465204	Q2095
Q18466245	Q2095
Q18466254	Q2095
Q18466279	Q2095
Q18466285	Q2095
Q18467298	Q2095
Q18468848	Q2095
Q18468898	Q2095
Q18469720	Q2095
Q18470100	Q2095
Q18470448	Q2095
Q18470462	Q2095
Q18471219	Q2095
Q18471291	Q2095
Q18472219	Q2095
Q18472743	Q2095
Q18473891	Q2095
Q18473903	Q2095
Q18474086	Q2095
Q18474530	Q2095
Q18474534	Q2095
Q18474537	Q2095
Q18474544	Q2095
Q18474549	Q2095
Q18474800	Q2095
Q18474808	Q2095
Q18474824	Q2095
Q18476261	Q2095
Q18476266	Q2095
Q18476585	Q2095
Q18477314	Q2095
Q18477317	Q2095
Q18479498	Q2095
Q18479642	Q2095
Q18480111	Q2095
Q18480399	Q2095
Q18480402	Q2095
Q18480406	Q2095
Q18480413	Q2095
Q18480939	Q2095
Q18480961	Q2095
Q18481900	Q2095
Q18481905	Q2095
Q18481909	Q2095
Q18483622	Q2095
Q18483631	Q2095
Q18483635	Q2095
Q18483703	Q2095
Q18485223	Q2095
Q1849012	Q2095
Q1849201	Q2095
Q1849613	Q2095
Q18499422	Q2095
Q18499554	Q2095
Q18499683	Q2095
Q18500035	Q2095
Q18500743	Q2095
Q185009	Q2095
Q1850311	Q2095
Q185217	Q2095
Q1852701	Q2095
Q1852701	Q40050
Q1853883	Q2095
Q18542598	Q2095
Q185457	Q2095
Q1854615	Q2095
Q1854639	Q2095
Q18547489	Q2095
Q18552053	Q2095
Q18552053	Q40050
Q1855212	Q2095
Q18552282	Q2095
Q185583	Q2095
Q18558342	Q2095
Q18560070	Q2095
Q1856158	Q2095
Q18562875	Q2095
Q1857284	Q2095
Q185749	Q2095
Q185749	Q40050
Q18579503	Q2095
Q1857976	Q2095
Q1858518	Q2095
Q1858875	Q2095
Q18589142	Q2095
Q18590759	Q2095
Q1859167	Q2095
Q1859167	Q40050
Q18595468	Q2095
Q1860324	Q2095
Q1860400	Q2095
Q1860400	Q40050
Q18606556	Q2095
Q18609180	Q2095
Q18612498	Q2095
Q18616188	Q2095
Q18616188	Q40050
Q18618696	Q2095
Q18620537	Q2095
Q18623828	Q2095
Q18624596	Q2095
Q1862619	Q2095
Q18628417	Q2095
Q1862845	Q2095
Q18630622	Q2095
Q18631737	Q2095
Q18632688	Q2095
Q18632688	Q40050
Q1863568	Q2095
Q186385	Q2095
Q186451	Q2095
Q18648622	Q2095
Q18651449	Q2095
Q18651449	Q40050
Q18653699	Q2095
Q1865390	Q2095
Q18654542	Q2095
Q18655600	Q2095
Q1865638	Q2095
Q18657822	Q2095
Q18658469	Q2095
Q18659653	Q2095
Q18659720	Q2095
Q1866054	Q2095
Q1866130	Q2095
Q1866347	Q2095
Q1866426	Q2095
Q18668918	Q2095
Q18671599	Q2095
Q18679149	Q2095
Q18679685	Q2095
Q186817	Q2095
Q1868173	Q2095
Q18689046	Q2095
Q18689046	Q40050
Q18689685	Q2095
Q18689685	Q40050
Q18690997	Q2095
Q18690997	Q40050
Q18691420	Q2095
Q18693833	Q2095
Q18693833	Q40050
Q18693848	Q2095
Q18693852	Q2095
Q18693852	Q40050
Q18693853	Q2095
Q18693861	Q2095
Q18693973	Q2095
Q18693991	Q2095
Q18694007	Q2095
Q18694016	Q2095
Q18694020	Q2095
Q18694083	Q2095
Q18694086	Q2095
Q18694089	Q2095
Q1869483	Q2095
Q18697025	Q2095
Q18697490	Q2095
Q1869818	Q2095
Q1869818	Q40050
Q18700945	Q2095
Q18700945	Q40050
Q18701014	Q2095
Q18701170	Q2095
Q187155	Q2095
Q187155	Q40050
Q18718981	Q2095
Q18718981	Q40050
Q1872262	Q2095
Q1872262	Q40050
Q1872408	Q2095
Q1872797	Q2095
Q1872856	Q2095
Q1873129	Q2095
Q1873819	Q2095
Q18745104	Q2095
Q18745419	Q2095
Q18745419	Q40050
Q18745456	Q2095
Q18745456	Q40050
Q18745821	Q2095
Q18745963	Q2095
Q1874900	Q2095
Q1874900	Q40050
Q187495	Q2095
Q18752052	Q2095
Q18757612	Q2095
Q18757612	Q40050
Q1875794	Q2095
Q18758781	Q2095
Q1877200	Q2095
Q1877200	Q40050
Q18785184	Q2095
Q1879648	Q2095
Q1879801	Q2095
Q1880308	Q2095
Q1880873	Q2095
Q18812157	Q2095
Q18816529	Q2095
Q18816529	Q40050
Q18822425	Q2095
Q1882876	Q2095
Q1882985	Q2095
Q1883068	Q2095
Q1883068	Q40050
Q1883153	Q2095
Q1883467	Q2095
Q1883958	Q2095
Q1883967	Q2095
Q1883967	Q40050
Q188420	Q2095
Q1884224	Q2095
Q1884224	Q40050
Q1884243	Q2095
Q1884503	Q2095
Q1885418	Q2095
Q1885478	Q2095
Q1885539	Q2095
Q1885761	Q2095
Q1885789	Q2095
Q1885909	Q2095
Q1886310	Q2095
Q1886522	Q2095
Q188655	Q2095
Q1886687	Q2095
Q188672	Q2095
Q1887104	Q2095
Q1887161	Q2095
Q1887161	Q40050
Q1888223	Q2095
Q18883046	Q2095
Q1888578	Q2095
Q1888578	Q40050
Q1888644	Q2095
Q1888644	Q40050
Q188879	Q2095
Q1889210	Q2095
Q1890232	Q2095
Q1890494	Q2095
Q1890619	Q2095
Q18907959	Q2095
Q1891041	Q2095
Q1891041	Q40050
Q1891043	Q2095
Q18914789	Q2095
Q18914831	Q2095
Q18915536	Q2095
Q18915536	Q40050
Q18915938	Q2095
Q18916036	Q2095
Q18916036	Q40050
Q189211	Q2095
Q189221	Q2095
Q18922477	Q2095
Q1892360	Q2095
Q1892360	Q40050
Q1892828	Q2095
Q1892832	Q2095
Q18943775	Q2095
Q1894525	Q2095
Q189567	Q2095
Q1896262	Q2095
Q1896262	Q40050
Q18968514	Q2095
Q1897149	Q2095
Q1897605	Q2095
Q1898118	Q2095
Q1898165	Q2095
Q1898165	Q40050
Q18991273	Q2095
Q1899311	Q2095
Q1899373	Q2095
Q1900114	Q2095
Q1900223	Q2095
Q190024	Q2095
Q19028	Q2095
Q19029	Q2095
Q1903137	Q2095
Q190531	Q2095
Q1906552	Q2095
Q1907033	Q2095
Q190715	Q2095
Q1907985	Q2095
Q190921	Q2095
Q1909212	Q2095
Q191034	Q2095
Q191034	Q40050
Q1910531	Q2095
Q1910531	Q40050
Q1911153	Q2095
Q19118260	Q2095
Q19118260	Q40050
Q1911937	Q2095
Q1912004	Q2095
Q1912004	Q40050
Q1913489	Q2095
Q1915137	Q2095
Q1915495	Q2095
Q1915612	Q2095
Q191655	Q2095
Q1916756	Q2095
Q1916808	Q2095
Q191768	Q2095
Q1919688	Q2095
Q1920415	Q2095
Q1920757	Q2095
Q1920757	Q40050
Q1921099	Q2095
Q192147	Q2095
Q192150	Q2095
Q192150	Q40050
Q1921878	Q2095
Q192199	Q2095
Q192199	Q40050
Q1922338	Q2095
Q1922854	Q2095
Q1923394	Q2095
Q1923655	Q2095
Q1924262	Q2095
Q1924262	Q40050
Q1924428	Q2095
Q1924428	Q40050
Q19259297	Q2095
Q192628	Q2095
Q1926868	Q2095
Q192746	Q2095
Q192746	Q40050
Q19276664	Q2095
Q1927744	Q2095
Q1927744	Q40050
Q19277926	Q2095
Q192783	Q2095
Q19278800	Q2095
Q19284029	Q2095
Q19285580	Q2095
Q1928643	Q2095
Q192874	Q2095
Q1928899	Q2095
Q1928899	Q40050
Q192892	Q2095
Q192892	Q40050
Q192935	Q2095
Q19296468	Q2095
Q1929676	Q2095
Q1930269	Q2095
Q1930269	Q40050
Q19309094	Q2095
Q19309685	Q2095
Q19311437	Q2095
Q19311437	Q40050
Q1931894	Q2095
Q1933110	Q2095
Q19331194	Q2095
Q19331194	Q40050
Q19341080	Q2095
Q193411	Q2095
Q19341521	Q2095
Q19341731	Q2095
Q19344246	Q2095
Q19344246	Q40050
Q1934437	Q2095
Q1934437	Q40050
Q1934489	Q2095
Q1934523	Q2095
Q1934690	Q2095
Q19348479	Q2095
Q1935156	Q2095
Q1935215	Q2095
Q1935215	Q40050
Q19358405	Q2095
Q19359564	Q2095
Q19359564	Q40050
Q1935984	Q2095
Q19359994	Q2095
Q19360169	Q2095
Q19360214	Q2095
Q19360341	Q2095
Q19360343	Q2095
Q19360356	Q2095
Q19360359	Q2095
Q19360365	Q2095
Q19360379	Q2095
Q19360382	Q2095
Q19360984	Q2095
Q19361006	Q2095
Q19361016	Q2095
Q19361017	Q2095
Q19361019	Q2095
Q19361071	Q2095
Q19361077	Q2095
Q19361097	Q2095
Q19361391	Q2095
Q19361394	Q2095
Q19361396	Q2095
Q19361399	Q2095
Q19361401	Q2095
Q19361402	Q2095
Q19361404	Q2095
Q19361409	Q2095
Q19361410	Q2095
Q19361411	Q2095
Q19361412	Q2095
Q19361414	Q2095
Q19362136	Q2095
Q19362136	Q40050
Q1936404	Q2095
Q19366122	Q2095
Q1936949	Q2095
Q1936995	Q2095
Q19372933	Q2095
Q1937451	Q2095
Q19374689	Q2095
Q19375196	Q2095
Q19376103	Q2095
Q19376149	Q2095
Q1937652	Q2095
Q1937700	Q2095
Q1937916	Q2095
Q1937916	Q40050
Q1938017	Q2095
Q1938017	Q40050
Q19380788	Q2095
Q19380983	Q2095
Q19381114	Q2095
Q19381653	Q2095
Q19385369	Q2095
Q1938578	Q2095
Q1938578	Q40050
Q1938644	Q2095
Q19386849	Q2095
Q19388829	Q2095
Q19388968	Q2095
Q1938910	Q2095
Q1938910	Q40050
Q1938952	Q2095
Q19390528	Q2095
Q19394682	Q2095
Q19396369	Q2095
Q19396383	Q2095
Q1939771	Q2095
Q19401894	Q2095
Q19401894	Q40050
Q19403756	Q2095
Q1940734	Q2095
Q1940734	Q40050
Q19409598	Q2095
Q19409598	Q40050
Q1940968	Q2095
Q194297	Q2095
Q194297	Q40050
Q1943539	Q2095
Q1944332	Q2095
Q1945456	Q2095
Q194632	Q2095
Q1946575	Q2095
Q1947038	Q2095
Q1947832	Q2095
Q1948251	Q2095
Q1948995	Q2095
Q1949339	Q2095
Q1949339	Q40050
Q1949371	Q2095
Q1949371	Q40050
Q195	Q2095
Q19501505	Q2095
Q19501505	Q40050
Q19501543	Q2095
Q19501543	Q40050
Q19501566	Q2095
Q19501566	Q40050
Q1950238	Q2095
Q1950238	Q40050
Q1952017	Q2095
Q19521297	Q2095
Q19521298	Q2095
Q19521467	Q2095
Q1953925	Q2095
Q1954013	Q2095
Q1954013	Q40050
Q1954017	Q2095
Q1954017	Q40050
Q1954034	Q2095
Q1954034	Q40050
Q1954036	Q2095
Q1954036	Q40050
Q1954038	Q2095
Q1954038	Q40050
Q1954039	Q2095
Q1954039	Q40050
Q19543749	Q2095
Q19544049	Q2095
Q19545058	Q2095
Q1954624	Q2095
Q1954624	Q40050
Q19550383	Q2095
Q1955347	Q2095
Q1955357	Q2095
Q1956810	Q2095
Q1957030	Q2095
Q19570968	Q2095
Q19570988	Q2095
Q19571112	Q2095
Q19571112	Q40050
Q19571164	Q2095
Q19571204	Q2095
Q19571264	Q2095
Q19571362	Q2095
Q19571362	Q40050
Q19572039	Q2095
Q19572122	Q2095
Q19572482	Q2095
Q19572606	Q2095
Q19572763	Q2095
Q19572892	Q2095
Q19572989	Q2095
Q19573003	Q2095
Q19573431	Q2095
Q19573669	Q2095
Q19573690	Q2095
Q1958940	Q2095
Q1958940	Q40050
Q1959325	Q2095
Q1959504	Q2095
Q19595903	Q2095
Q19597011	Q2095
Q19597274	Q2095
Q19597354	Q2095
Q19597629	Q2095
Q19597760	Q2095
Q19597860	Q2095
Q1959865	Q2095
Q19601735	Q2095
Q19601735	Q40050
Q19601744	Q2095
Q19601755	Q2095
Q19602002	Q2095
Q19602008	Q2095
Q19602195	Q2095
Q19602320	Q2095
Q19602338	Q2095
Q19602693	Q2095
Q19602771	Q2095
Q1960279	Q2095
Q19602897	Q2095
Q19604398	Q2095
Q1960534	Q2095
Q19605570	Q2095
Q19605683	Q2095
Q19606890	Q2095
Q19606890	Q40050
Q19607480	Q2095
Q19607520	Q2095
Q19607995	Q2095
Q19608001	Q2095
Q19608120	Q2095
Q19608121	Q2095
Q19608517	Q2095
Q19608548	Q2095
Q19608716	Q2095
Q19610127	Q2095
Q19610131	Q2095
Q19612571	Q2095
Q19618385	Q2095
Q1962004	Q2095
Q1962115	Q2095
Q1962483	Q2095
Q19631943	Q2095
Q1963621	Q2095
Q1963961	Q2095
Q19646375	Q2095
Q1964643	Q2095
Q19656456	Q2095
Q19656456	Q40050
Q1966883	Q2095
Q1966883	Q40050
Q196774	Q2095
Q1967823	Q2095
Q19680899	Q2095
Q196819	Q2095
Q1968496	Q2095
Q1968496	Q40050
Q1968771	Q2095
Q19695008	Q2095
Q1969648	Q2095
Q19696604	Q2095
Q1969868	Q2095
Q19702679	Q2095
Q19702679	Q40050
Q19702771	Q2095
Q19704479	Q2095
Q19705097	Q2095
Q19705097	Q40050
Q19705425	Q2095
Q19705425	Q40050
Q19706789	Q2095
Q19708506	Q2095
Q19709840	Q2095
Q19709871	Q2095
Q19709897	Q2095
Q19713348	Q2095
Q19713566	Q2095
Q19713571	Q2095
Q19713577	Q2095
Q19713582	Q2095
Q19713753	Q2095
Q19714167	Q2095
Q19715589	Q2095
Q19716076	Q2095
Q19716154	Q2095
Q19717186	Q2095
Q19717247	Q2095
Q1971958	Q2095
Q1971958	Q40050
Q19723512	Q2095
Q19724350	Q2095
Q19724535	Q2095
Q19724928	Q2095
Q19724928	Q40050
Q19725078	Q2095
Q19725242	Q2095
Q19725242	Q40050
Q1972540	Q2095
Q19725637	Q2095
Q19725637	Q40050
Q19725639	Q2095
Q19725639	Q40050
Q19725952	Q2095
Q19725989	Q2095
Q19726065	Q2095
Q19726349	Q2095
Q19727205	Q2095
Q19727660	Q2095
Q19727662	Q2095
Q19727677	Q2095
Q19727704	Q2095
Q19728050	Q2095
Q19728052	Q2095
Q19728053	Q2095
Q19728073	Q2095
Q19729249	Q2095
Q19729258	Q2095
Q1972926	Q2095
Q1972926	Q40050
Q19729633	Q2095
Q19729905	Q2095
Q19729946	Q2095
Q19730095	Q2095
Q19730095	Q40050
Q19730831	Q2095
Q19731840	Q2095
Q19731841	Q2095
Q19731959	Q2095
Q19731962	Q2095
Q19731963	Q2095
Q19731964	Q2095
Q19731965	Q2095
Q19732533	Q2095
Q19733671	Q2095
Q19738539	Q2095
Q19740569	Q2095
Q19740571	Q2095
Q19744214	Q2095
Q19745541	Q2095
Q19745826	Q2095
Q19746040	Q2095
Q19746250	Q2095
Q19746560	Q2095
Q19747196	Q2095
Q19747511	Q2095
Q19747627	Q2095
Q19748451	Q2095
Q19749023	Q2095
Q19749224	Q2095
Q19749224	Q40050
Q19752274	Q2095
Q19752839	Q2095
Q1975589	Q2095
Q1975673	Q2095
Q19757757	Q2095
Q19757757	Q40050
Q1975938	Q2095
Q19766201	Q2095
Q1976685	Q2095
Q1976685	Q40050
Q19788165	Q2095
Q1979013	Q2095
Q1979684	Q2095
Q197969	Q2095
Q197973	Q2095
Q19799381	Q2095
Q19803309	Q2095
Q19803312	Q2095
Q1980783	Q2095
Q19813912	Q2095
Q19814002	Q2095
Q19814046	Q2095
Q19814732	Q2095
Q19816602	Q2095
Q19819989	Q2095
Q19820043	Q2095
Q19820105	Q2095
Q19824455	Q2095
Q1982955	Q2095
Q1982955	Q40050
Q19829597	Q2095
Q19833038	Q2095
Q19833850	Q2095
Q1983643	Q2095
Q19838149	Q2095
Q19838749	Q2095
Q19839943	Q2095
Q19840168	Q2095
Q19840502	Q2095
Q19840758	Q2095
Q1984082	Q2095
Q1984082	Q40050
Q19840849	Q2095
Q19841023	Q2095
Q19841027	Q2095
Q19841044	Q2095
Q19841051	Q2095
Q19841068	Q2095
Q19841241	Q2095
Q19842181	Q2095
Q19842373	Q2095
Q19844149	Q2095
Q19844149	Q40050
Q1985324	Q2095
Q1985324	Q40050
Q19854112	Q2095
Q1985819	Q2095
Q19862464	Q2095
Q19862498	Q2095
Q1986383	Q2095
Q1986383	Q40050
Q19864335	Q2095
Q19867857	Q2095
Q19867857	Q40050
Q19871985	Q2095
Q19871985	Q40050
Q19872192	Q2095
Q1987316	Q2095
Q19875130	Q2095
Q198788	Q2095
Q19879645	Q2095
Q19880751	Q2095
Q198815	Q2095
Q19883728	Q2095
Q1988612	Q2095
Q1988625	Q2095
Q1988625	Q40050
Q19887142	Q2095
Q19888517	Q2095
Q1988957	Q2095
Q1988970	Q2095
Q19891138	Q2095
Q198916	Q2095
Q19891601	Q2095
Q19891623	Q2095
Q19891641	Q2095
Q19892002	Q2095
Q19892252	Q2095
Q19892389	Q2095
Q19892389	Q40050
Q19893634	Q2095
Q19894306	Q2095
Q19895414	Q2095
Q19898563	Q2095
Q19898963	Q2095
Q19903257	Q2095
Q19903257	Q40050
Q19903564	Q2095
Q19903566	Q2095
Q19903566	Q40050
Q19903577	Q2095
Q19903577	Q40050
Q19903893	Q2095
Q19903893	Q40050
Q19903950	Q2095
Q19903950	Q40050
Q19903982	Q2095
Q19903982	Q40050
Q19904106	Q2095
Q19904106	Q40050
Q1990539	Q2095
Q19909926	Q2095
Q19910927	Q2095
Q19912360	Q2095
Q19921286	Q2095
Q19921508	Q2095
Q19921508	Q40050
Q19921797	Q2095
Q19932827	Q2095
Q19932983	Q2095
Q19933360	Q2095
Q19933736	Q2095
Q19933785	Q2095
Q19934811	Q2095
Q1993557	Q2095
Q1993581	Q2095
Q199360	Q2095
Q199360	Q40050
Q19936058	Q2095
Q1993628	Q2095
Q1993628	Q40050
Q19937303	Q2095
Q19938094	Q2095
Q19939843	Q2095
Q199401	Q2095
Q199402	Q2095
Q19943899	Q2095
Q19944077	Q2095
Q19944109	Q2095
Q19947090	Q2095
Q19947255	Q2095
Q19947359	Q2095
Q19947459	Q2095
Q19947639	Q2095
Q19950730	Q2095
Q19951695	Q2095
Q19952	Q2095
Q19952259	Q2095
Q19952259	Q40050
Q19952364	Q2095
Q19952392	Q2095
Q19952392	Q40050
Q19953043	Q2095
Q19953055	Q2095
Q1995435	Q2095
Q19955899	Q2095
Q1995784	Q2095
Q19959	Q2095
Q19962	Q2095
Q19964291	Q2095
Q1996500	Q2095
Q1996500	Q40050
Q1996530	Q2095
Q19966	Q2095
Q19966492	Q2095
Q19966492	Q40050
Q19969	Q2095
Q19971593	Q2095
Q19973957	Q2095
Q19973957	Q40050
Q19978120	Q2095
Q19978268	Q2095
Q19978268	Q40050
Q19978677	Q2095
Q19978855	Q2095
Q19979570	Q2095
Q1998622	Q2095
Q1998622	Q40050
Q1999569	Q2095
Q1999569	Q40050
Q1999698	Q2095
Q1999793	Q2095
Q20000906	Q2095
Q20007	Q2095
Q20008404	Q2095
Q20008427	Q2095
Q20009059	Q2095
Q20009606	Q2095
Q20009675	Q2095
Q20009754	Q2095
Q20009815	Q2095
Q20009834	Q2095
Q20010	Q2095
Q20013195	Q2095
Q20016	Q2095
Q20017159	Q2095
Q20017300	Q2095
Q20019	Q2095
Q20019099	Q2095
Q20022277	Q2095
Q20023	Q2095
Q20024	Q2095
Q20024826	Q2095
Q20026	Q2095
Q20027	Q2095
Q2002721	Q2095
Q20029	Q2095
Q20031	Q2095
Q20031504	Q2095
Q20032	Q2095
Q20033470	Q2095
Q20033650	Q2095
Q20033796	Q2095
Q20033797	Q2095
Q20033866	Q2095
Q20034	Q2095
Q20034048	Q2095
Q20034088	Q2095
Q20034136	Q2095
Q20035	Q2095
Q20035299	Q2095
Q20035333	Q2095
Q20035399	Q2095
Q20035400	Q2095
Q2003644	Q2095
Q20039	Q2095
Q20039423	Q2095
Q2003973	Q2095
Q20041	Q2095
Q20042	Q2095
Q20042953	Q2095
Q20043	Q2095
Q200430	Q2095
Q20043331	Q2095
Q20044	Q2095
Q20045402	Q2095
Q20046	Q2095
Q20047	Q2095
Q20048	Q2095
Q2005160	Q2095
Q200527	Q2095
Q20052814	Q2095
Q20052841	Q2095
Q20053	Q2095
Q2005477	Q2095
Q20055	Q2095
Q2005538	Q2095
Q2005561	Q2095
Q2005561	Q40050
Q2005613	Q2095
Q20057	Q2095
Q20057042	Q2095
Q20057327	Q2095
Q20057449	Q2095
Q20057449	Q40050
Q20059083	Q2095
Q20059084	Q2095
Q20059164	Q2095
Q20059289	Q2095
Q20059290	Q2095
Q20059290	Q40050
Q20060278	Q2095
Q20060279	Q2095
Q20060357	Q2095
Q20060505	Q2095
Q20060568	Q2095
Q2006073	Q2095
Q20060776	Q2095
Q20060835	Q2095
Q20061	Q2095
Q20061165	Q2095
Q20061544	Q2095
Q20061555	Q2095
Q20062157	Q2095
Q20062157	Q40050
Q20063	Q2095
Q20063132	Q2095
Q2006391	Q2095
Q2006391	Q40050
Q20064322	Q2095
Q20065	Q2095
Q20065419	Q2095
Q2007076	Q2095
Q2007388	Q2095
Q20075421	Q2095
Q2007824	Q2095
Q20081875	Q2095
Q20083188	Q2095
Q20085174	Q2095
Q20088993	Q2095
Q2009025	Q2095
Q2009060	Q2095
Q2009060	Q40050
Q2009256	Q2095
Q20093011	Q2095
Q2009326	Q2095
Q20097569	Q2095
Q20099097	Q2095
Q20102682	Q2095
Q20103344	Q2095
Q20103653	Q2095
Q20103653	Q40050
Q20103819	Q2095
Q20103930	Q2095
Q20104109	Q2095
Q20104112	Q2095
Q20104174	Q2095
Q20104628	Q2095
Q20104933	Q2095
Q20105499	Q2095
Q20105499	Q40050
Q20105861	Q2095
Q20105863	Q2095
Q20106001	Q2095
Q20106004	Q2095
Q20106042	Q2095
Q20106086	Q2095
Q20106089	Q2095
Q20106090	Q2095
Q2010616	Q2095
Q2010616	Q40050
Q20106267	Q2095
Q20106375	Q2095
Q20107263	Q2095
Q20107719	Q2095
Q20108087	Q2095
Q20108295	Q2095
Q20108616	Q2095
Q20108763	Q2095
Q20110889	Q2095
Q20110925	Q2095
Q20110927	Q2095
Q201120	Q2095
Q2011347	Q2095
Q2011964	Q2095
Q2011964	Q40050
Q20128299	Q2095
Q20129	Q2095
Q2013273	Q2095
Q2013273	Q40050
Q20134	Q2095
Q20136	Q2095
Q2013640	Q2095
Q2013754	Q2095
Q201382	Q2095
Q2014760	Q2095
Q201552	Q2095
Q201565	Q2095
Q2015681	Q2095
Q20162674	Q2095
Q20162694	Q2095
Q20165873	Q2095
Q2016856	Q2095
Q2017041	Q2095
Q20179070	Q2095
Q20181164	Q2095
Q20181582	Q2095
Q20181582	Q40050
Q20182285	Q2095
Q20182285	Q40050
Q20182449	Q2095
Q20182897	Q2095
Q20183728	Q2095
Q2019007	Q2095
Q201996	Q2095
Q20202168	Q2095
Q20202447	Q2095
Q2020335	Q2095
Q2020335	Q40050
Q20203475	Q2095
Q202058	Q2095
Q2021235	Q2095
Q2021346	Q2095
Q20220343	Q2095
Q20220348	Q2095
Q20220355	Q2095
Q2022222	Q2095
Q2022397	Q2095
Q2022950	Q2095
Q2023077	Q2095
Q2023763	Q2095
Q2024027	Q2095
Q2024027	Q40050
Q202406	Q2095
Q2024669	Q2095
Q202501	Q2095
Q20252669	Q2095
Q20252669	Q40050
Q2025650	Q2095
Q202677	Q2095
Q2027181	Q2095
Q2027181	Q40050
Q20278692	Q2095
Q2028136	Q2095
Q202946	Q2095
Q202989	Q2095
Q203015	Q2095
Q203015	Q40050
Q2030833	Q2095
Q2030833	Q40050
Q2031430	Q2095
Q2031430	Q40050
Q203176	Q2095
Q203415	Q2095
Q203415	Q40050
Q2034458	Q2095
Q203540	Q2095
Q203540	Q40050
Q2035490	Q2095
Q2035490	Q40050
Q2035996	Q2095
Q2036693	Q2095
Q2036852	Q2095
Q2036852	Q40050
Q2036856	Q2095
Q2037644	Q2095
Q2037644	Q40050
Q2037921	Q2095
Q20383132	Q2095
Q2038413	Q2095
Q2038413	Q40050
Q2038437	Q2095
Q2038437	Q40050
Q2038503	Q2095
Q2038503	Q40050
Q20385372	Q2095
Q20385481	Q2095
Q20385535	Q2095
Q203886	Q2095
Q20389034	Q2095
Q203925	Q2095
Q20407241	Q2095
Q20411850	Q2095
Q204161	Q2095
Q20420463	Q2095
Q204226	Q2095
Q204251	Q2095
Q204269	Q2095
Q204269	Q40050
Q20427131	Q2095
Q20427327	Q2095
Q20427468	Q2095
Q20427541	Q2095
Q20436647	Q2095
Q20439867	Q2095
Q20445517	Q2095
Q20450717	Q2095
Q20453835	Q2095
Q20456792	Q2095
Q204569	Q2095
Q20458172	Q2095
Q2045908	Q2095
Q20460303	Q2095
Q20465466	Q2095
Q2046560	Q2095
Q2046743	Q2095
Q2047030	Q2095
Q2047030	Q40050
Q2048003	Q2095
Q2048275	Q2095
Q2048333	Q2095
Q2048333	Q40050
Q2048343	Q2095
Q2048343	Q40050
Q2048709	Q2095
Q20487101	Q2095
Q2048777	Q2095
Q20497774	Q2095
Q20498216	Q2095
Q20501051	Q2095
Q20502487	Q2095
Q20508879	Q2095
Q2051387	Q2095
Q20516391	Q2095
Q20516391	Q40050
Q2051651	Q2095
Q205169	Q2095
Q205189	Q2095
Q2052108	Q2095
Q20521524	Q2095
Q20521524	Q40050
Q20521534	Q2095
Q20521534	Q40050
Q20521651	Q2095
Q2052399	Q2095
Q20524172	Q2095
Q20529721	Q2095
Q2053178	Q2095
Q205328	Q2095
Q2053624	Q2095
Q2053624	Q40050
Q2053917	Q2095
Q2053917	Q40050
Q2054216	Q2095
Q20546542	Q2095
Q20546542	Q40050
Q20549588	Q2095
Q20549588	Q40050
Q2055235	Q2095
Q20552709	Q2095
Q20552974	Q2095
Q2055581	Q2095
Q205569	Q2095
Q205569	Q40050
Q20560831	Q2095
Q2056269	Q2095
Q2056269	Q40050
Q2056389	Q2095
Q2056399	Q2095
Q20573009	Q2095
Q20575340	Q2095
Q20576168	Q2095
Q205762	Q2095
Q20579575	Q2095
Q20581709	Q2095
Q20583405	Q2095
Q20585312	Q2095
Q2058588	Q2095
Q20585935	Q2095
Q20587724	Q2095
Q20590936	Q2095
Q2059353	Q2095
Q205964	Q2095
Q20600209	Q2095
Q2060624	Q2095
Q2060858	Q2095
Q20614111	Q2095
Q20614111	Q40050
Q20614517	Q2095
Q2061707	Q2095
Q2061707	Q40050
Q20619318	Q2095
Q20620213	Q2095
Q20621652	Q2095
Q20622033	Q2095
Q20625135	Q2095
Q20625345	Q2095
Q20625345	Q40050
Q2062632	Q2095
Q2063761	Q2095
Q20638126	Q2095
Q20639978	Q2095
Q20644870	Q2095
Q2064491	Q2095
Q20645113	Q2095
Q20645147	Q2095
Q206454	Q2095
Q20645434	Q2095
Q206491	Q2095
Q206496	Q2095
Q20650153	Q2095
Q20650605	Q2095
Q20650795	Q2095
Q20650896	Q2095
Q2065278	Q2095
Q2065310	Q2095
Q2065310	Q40050
Q20655532	Q2095
Q20656125	Q2095
Q20658501	Q2095
Q20661469	Q2095
Q20665776	Q2095
Q2066769	Q2095
Q20670919	Q2095
Q20672110	Q2095
Q20674	Q2095
Q20674	Q40050
Q2067490	Q2095
Q206757	Q2095
Q206757	Q40050
Q20678884	Q2095
Q20678885	Q2095
Q20679876	Q2095
Q2068354	Q2095
Q2068494	Q2095
Q2068494	Q40050
Q20686189	Q2095
Q20686189	Q40050
Q20686986	Q2095
Q20686986	Q40050
Q2069008	Q2095
Q206918	Q2095
Q2069402	Q2095
Q2069686	Q2095
Q206978	Q2095
Q206978	Q40050
Q207104	Q2095
Q20713240	Q2095
Q20713240	Q40050
Q20714247	Q2095
Q20714587	Q2095
Q20715368	Q2095
Q20715368	Q40050
Q2071540	Q2095
Q20715433	Q2095
Q2071727	Q2095
Q2071727	Q40050
Q2071858	Q2095
Q2071970	Q2095
Q2071970	Q40050
Q2072095	Q2095
Q2072095	Q40050
Q207220	Q2095
Q20723323	Q2095
Q20723389	Q2095
Q20724435	Q2095
Q20724665	Q2095
Q20724665	Q40050
Q20724666	Q2095
Q20724666	Q40050
Q20725761	Q2095
Q20725761	Q40050
Q20727625	Q2095
Q20727636	Q2095
Q20727684	Q2095
Q20730193	Q2095
Q20730569	Q2095
Q20730578	Q2095
Q20730595	Q2095
Q20730599	Q2095
Q20732520	Q2095
Q20732539	Q2095
Q20734	Q2095
Q20734978	Q2095
Q2074267	Q2095
Q20747642	Q2095
Q20747991	Q2095
Q20748	Q2095
Q20748063	Q2095
Q20748070	Q2095
Q20748123	Q2095
Q20748171	Q2095
Q20748981	Q2095
Q20750784	Q2095
Q20750789	Q2095
Q20751180	Q2095
Q20754609	Q2095
Q20754699	Q2095
Q20755749	Q2095
Q20767168	Q2095
Q2076907	Q2095
Q2076941	Q2095
Q207711	Q2095
Q207711	Q40050
Q2077586	Q2095
Q2077586	Q40050
Q20776094	Q2095
Q2077802	Q2095
Q2077802	Q40050
Q207788	Q2095
Q207788	Q40050
Q207832	Q2095
Q2078349	Q2095
Q20787367	Q2095
Q2078987	Q2095
Q2078987	Q40050
Q2079526	Q2095
Q207968	Q2095
Q20799350	Q2095
Q20799350	Q40050
Q208	Q2095
Q208008	Q2095
Q20801774	Q2095
Q20801779	Q2095
Q208021	Q2095
Q208028	Q2095
Q20806112	Q2095
Q208105	Q2095
Q208172	Q2095
Q20817872	Q2095
Q2081822	Q2095
Q2081822	Q40050
Q20819041	Q2095
Q20819164	Q2095
Q20820571	Q2095
Q2082064	Q2095
Q20822378	Q2095
Q2082513	Q2095
Q20828357	Q2095
Q2083457	Q2095
Q2083457	Q40050
Q2083501	Q2095
Q2083843	Q2095
Q208385	Q2095
Q208385	Q40050
Q208465	Q2095
Q20847867	Q2095
Q20855028	Q2095
Q20855173	Q2095
Q20855190	Q2095
Q20855190	Q40050
Q20856260	Q2095
Q20856764	Q2095
Q2085762	Q2095
Q20857743	Q2095
Q2086097	Q2095
Q2087110	Q2095
Q20872372	Q2095
Q20872378	Q2095
Q20872389	Q2095
Q208729	Q2095
Q20873979	Q2095
Q20873979	Q40050
Q20875713	Q2095
Q20877220	Q2095
Q2088439	Q2095
Q2088642	Q2095
Q2088672	Q2095
Q2088910	Q2095
Q2089007	Q2095
Q2089177	Q2095
Q20892154	Q2095
Q2089240	Q2095
Q2089470	Q2095
Q20897	Q2095
Q2089716	Q2095
Q20899172	Q2095
Q20899704	Q2095
Q20899704	Q40050
Q209044	Q2095
Q2090799	Q2095
Q2090799	Q40050
Q20918537	Q2095
Q20918537	Q40050
Q20919012	Q2095
Q20919276	Q2095
Q20920890	Q2095
Q20920934	Q2095
Q20920949	Q2095
Q20921881	Q2095
Q20921902	Q2095
Q20921909	Q2095
Q20921909	Q40050
Q20921917	Q2095
Q20921925	Q2095
Q2092285	Q2095
Q2092285	Q40050
Q209253	Q2095
Q20929889	Q2095
Q209304	Q2095
Q20932605	Q2095
Q20932605	Q40050
Q20934435	Q2095
Q2093743	Q2095
Q2094522	Q2095
Q209486	Q2095
Q20949676	Q2095
Q20949676	Q40050
Q2095	Q2095
Q209500	Q2095
Q2095020	Q2095
Q2095042	Q2095
Q2095068	Q2095
Q2095068	Q40050
Q2095632	Q2095
Q20963908	Q2095
Q2096475	Q2095
Q2096655	Q2095
Q20966619	Q2095
Q20968486	Q2095
Q20968486	Q40050
Q20968805	Q2095
Q20968815	Q2095
Q2096886	Q2095
Q20970577	Q2095
Q20971886	Q2095
Q20972120	Q2095
Q20972637	Q2095
Q20972637	Q40050
Q2097276	Q2095
Q20979646	Q2095
Q20980111	Q2095
Q2098111	Q2095
Q2098139	Q2095
Q20981512	Q2095
Q20981977	Q2095
Q20982513	Q2095
Q20982513	Q40050
Q2098356	Q2095
Q2098356	Q40050
Q20984134	Q2095
Q20984266	Q2095
Q20984269	Q2095
Q20984273	Q2095
Q20984302	Q2095
Q20984885	Q2095
Q20987393	Q2095
Q20987393	Q40050
Q20987430	Q2095
Q20987738	Q2095
Q20987904	Q2095
Q20987994	Q2095
Q20988726	Q2095
Q20988817	Q2095
Q209889	Q2095
Q209907	Q2095
Q20991290	Q2095
Q20991290	Q40050
Q20994945	Q2095
Q2099548	Q2095
Q209974	Q2095
Q2099763	Q2095
Q21001753	Q2095
Q21001753	Q40050
Q21002167	Q2095
Q2100226	Q2095
Q21002321	Q2095
Q21002321	Q40050
Q21005946	Q2095
Q2100633	Q2095
Q21007636	Q2095
Q21007645	Q2095
Q21007833	Q2095
Q21008043	Q2095
Q21010043	Q2095
Q21010058	Q2095
Q21011232	Q2095
Q21011766	Q2095
Q2101181	Q2095
Q21013615	Q2095
Q2101363	Q2095
Q21014439	Q2095
Q21014626	Q2095
Q2102385	Q2095
Q21024251	Q2095
Q21025055	Q2095
Q21027506	Q2095
Q21029475	Q2095
Q21029549	Q2095
Q21029549	Q40050
Q21030623	Q2095
Q21030976	Q2095
Q21030976	Q40050
Q2103372	Q2095
Q21034467	Q2095
Q21036089	Q2095
Q21036158	Q2095
Q21039530	Q2095
Q2104006	Q2095
Q2104057	Q2095
Q21041059	Q2095
Q21042138	Q2095
Q21042985	Q2095
Q21042985	Q40050
Q21044363	Q2095
Q21044393	Q2095
Q21044393	Q40050
Q21045724	Q2095
Q21050109	Q2095
Q21050109	Q40050
Q21051195	Q2095
Q2105448	Q2095
Q21057408	Q2095
Q21059510	Q2095
Q2106024	Q2095
Q21060314	Q2095
Q21060978	Q2095
Q21061471	Q2095
Q2106378	Q2095
Q2106620	Q2095
Q2106693	Q2095
Q2106693	Q40050
Q2106740	Q2095
Q2106740	Q40050
Q2106765	Q2095
Q2106784	Q2095
Q21070925	Q2095
Q21070925	Q40050
Q21075496	Q2095
Q21076881	Q2095
Q2107869	Q2095
Q21079042	Q2095
Q21080963	Q2095
Q21081838	Q2095
Q21081844	Q2095
Q21082689	Q2095
Q21082689	Q40050
Q21082813	Q2095
Q2108393	Q2095
Q21084281	Q2095
Q21085092	Q2095
Q21086085	Q2095
Q21086087	Q2095
Q21086177	Q2095
Q21086244	Q2095
Q21086245	Q2095
Q21086249	Q2095
Q21086651	Q2095
Q21086869	Q2095
Q21086884	Q2095
Q21087084	Q2095
Q2108715	Q2095
Q2108715	Q40050
Q21087496	Q2095
Q21087659	Q2095
Q21087659	Q40050
Q21087825	Q2095
Q21091274	Q2095
Q21091790	Q2095
Q21091790	Q40050
Q21091894	Q2095
Q21099419	Q2095
Q2110210	Q2095
Q2110539	Q2095
Q2110539	Q40050
Q2110651	Q2095
Q2110778	Q2095
Q2111440	Q2095
Q2112994	Q2095
Q21133282	Q2095
Q211340	Q2095
Q211342	Q2095
Q211342	Q40050
Q211361	Q2095
Q2113863	Q2095
Q211439	Q2095
Q2114421	Q2095
Q2114421	Q40050
Q2114931	Q2095
Q21152937	Q2095
Q21154910	Q2095
Q21155816	Q2095
Q21156490	Q2095
Q21156930	Q2095
Q2116196	Q2095
Q2116196	Q40050
Q21162176	Q2095
Q21162481	Q2095
Q21167341	Q2095
Q21178756	Q2095
Q2117935	Q2095
Q2118270	Q2095
Q2118339	Q2095
Q21188661	Q2095
Q21188661	Q40050
Q21188673	Q2095
Q2118951	Q2095
Q2118954	Q2095
Q21190046	Q2095
Q21190161	Q2095
Q21190195	Q2095
Q21190198	Q2095
Q21190320	Q2095
Q21192466	Q2095
Q21193467	Q2095
Q21193467	Q40050
Q2119414	Q2095
Q21196174	Q2095
Q2119776	Q2095
Q21198046	Q2095
Q2119806	Q2095
Q2119832	Q2095
Q2120103	Q2095
Q2120163	Q2095
Q2120172	Q2095
Q2120172	Q40050
Q2120234	Q2095
Q2120260	Q2095
Q2120260	Q40050
Q2120502	Q2095
Q2121057	Q2095
Q21210947	Q2095
Q21210957	Q2095
Q21210959	Q2095
Q21210963	Q2095
Q21210967	Q2095
Q212121	Q2095
Q2121797	Q2095
Q21218886	Q2095
Q212193	Q2095
Q2122125	Q2095
Q2122125	Q40050
Q2122177	Q2095
Q2122177	Q40050
Q2122401	Q2095
Q2122401	Q40050
Q21225089	Q2095
Q2122633	Q2095
Q2122957	Q2095
Q2122960	Q2095
Q2122964	Q2095
Q212317	Q2095
Q2123199	Q2095
Q2123199	Q40050
Q21235022	Q2095
Q21235301	Q2095
Q21235321	Q2095
Q21235321	Q40050
Q2123676	Q2095
Q21244926	Q2095
Q2125335	Q2095
Q21262818	Q2095
Q21262818	Q40050
Q21263086	Q2095
Q2126600	Q2095
Q2126600	Q40050
Q2126891	Q2095
Q2126891	Q40050
Q21272237	Q2095
Q21272240	Q2095
Q21282957	Q2095
Q212933	Q2095
Q2129654	Q2095
Q2129654	Q40050
Q2129886	Q2095
Q2130319	Q2095
Q213062	Q2095
Q2130903	Q2095
Q2130903	Q40050
Q213105	Q2095
Q2134477	Q2095
Q2136065	Q2095
Q2136612	Q2095
Q2136770	Q2095
Q213725	Q2095
Q2138334	Q2095
Q21384881	Q2095
Q21387254	Q2095
Q21387254	Q40050
Q2138741	Q2095
Q2138778	Q2095
Q2139026	Q2095
Q213908	Q2095
Q213908	Q40050
Q2139778	Q2095
Q21402490	Q2095
Q2140326	Q2095
Q2140524	Q2095
Q2140524	Q40050
Q2141042	Q2095
Q2141085	Q2095
Q2141085	Q40050
Q2141096	Q2095
Q2141096	Q40050
Q21418938	Q2095
Q2141977	Q2095
Q2142043	Q2095
Q2142268	Q2095
Q21424783	Q2095
Q21426914	Q2095
Q21426915	Q2095
Q21426940	Q2095
Q21426940	Q40050
Q21427074	Q2095
Q21427181	Q2095
Q21427312	Q2095
Q21427313	Q2095
Q21427532	Q2095
Q21427573	Q2095
Q21427617	Q2095
Q21427639	Q2095
Q21427801	Q2095
Q21427804	Q2095
Q21428030	Q2095
Q21428113	Q2095
Q2142880	Q2095
Q2143129	Q2095
Q2143129	Q40050
Q2143166	Q2095
Q2143404	Q2095
Q2144234	Q2095
Q2144234	Q40050
Q2144948	Q2095
Q2146147	Q2095
Q2146579	Q2095
Q2146579	Q40050
Q21475087	Q2095
Q21475087	Q40050
Q21479763	Q2095
Q21479822	Q2095
Q21479822	Q40050
Q21480617	Q2095
Q21481853	Q2095
Q2148550	Q2095
Q2148721	Q2095
Q21492280	Q2095
Q21493763	Q2095
Q21503369	Q2095
Q21503602	Q2095
Q21503631	Q2095
Q21503641	Q2095
Q21503823	Q2095
Q21503862	Q2095
Q21509805	Q2095
Q21509805	Q40050
Q21511497	Q2095
Q21513463	Q2095
Q21515489	Q2095
Q21517662	Q2095
Q21517908	Q2095
Q21518276	Q2095
Q2151924	Q2095
Q215210	Q2095
Q2153114	Q2095
Q21531920	Q2095
Q21532114	Q2095
Q21533302	Q2095
Q21533364	Q2095
Q21534065	Q2095
Q21534410	Q2095
Q215348	Q2095
Q2154527	Q2095
Q21546387	Q2095
Q21546392	Q2095
Q21547065	Q2095
Q21550917	Q2095
Q21552830	Q2095
Q21554836	Q2095
Q21554836	Q40050
Q21564068	Q2095
Q21564069	Q2095
Q21568861	Q2095
Q215707	Q2095
Q21573184	Q2095
Q21574056	Q2095
Q21575383	Q2095
Q215754	Q2095
Q215754	Q40050
Q2157889	Q2095
Q21588272	Q2095
Q21595102	Q2095
Q21596812	Q2095
Q21597557	Q2095
Q21598531	Q2095
Q21598531	Q40050
Q2160229	Q2095
Q21605556	Q2095
Q2161225	Q2095
Q2161225	Q40050
Q216235	Q2095
Q2162477	Q2095
Q2164373	Q2095
Q2164373	Q40050
Q21644596	Q2095
Q2164539	Q2095
Q2164820	Q2095
Q2165047	Q2095
Q21651195	Q2095
Q21652972	Q2095
Q21653450	Q2095
Q21653592	Q2095
Q2165362	Q2095
Q21653851	Q2095
Q21654139	Q2095
Q21654952	Q2095
Q21656214	Q2095
Q21656214	Q40050
Q21658381	Q2095
Q21658410	Q2095
Q2165995	Q2095
Q21660640	Q2095
Q21660640	Q40050
Q2166144	Q2095
Q2166144	Q40050
Q21663917	Q2095
Q2166541	Q2095
Q2166541	Q40050
Q2167338	Q2095
Q2167338	Q40050
Q2167339	Q2095
Q2167339	Q40050
Q2167413	Q2095
Q216781	Q2095
Q2167976	Q2095
Q2167976	Q40050
Q2167983	Q2095
Q2167983	Q40050
Q2168133	Q2095
Q2168133	Q40050
Q2168272	Q2095
Q2168370	Q2095
Q2168381	Q2095
Q2168381	Q40050
Q2168415	Q2095
Q2168429	Q2095
Q2168444	Q2095
Q2169345	Q2095
Q2169345	Q40050
Q21693684	Q2095
Q2169705	Q2095
Q21701672	Q2095
Q21701672	Q40050
Q2170924	Q2095
Q21709993	Q2095
Q21710543	Q2095
Q21710543	Q40050
Q2171841	Q2095
Q217329	Q2095
Q21741341	Q2095
Q2174455	Q2095
Q217446	Q2095
Q2174989	Q2095
Q217525	Q2095
Q2175589	Q2095
Q2175589	Q40050
Q2176975	Q2095
Q2176975	Q40050
Q21772266	Q2095
Q2177833	Q2095
Q21781581	Q2095
Q217825	Q2095
Q217825	Q40050
Q2178599	Q2095
Q2178888	Q2095
Q2180797	Q2095
Q2180951	Q2095
Q21809695	Q2095
Q21810151	Q2095
Q21812544	Q2095
Q21816983	Q2095
Q21831213	Q2095
Q2183588	Q2095
Q2183588	Q40050
Q2184029	Q2095
Q21844971	Q2095
Q21844971	Q40050
Q2184872	Q2095
Q21849452	Q2095
Q21849452	Q40050
Q21862877	Q2095
Q2186289	Q2095
Q2186565	Q2095
Q2186681	Q2095
Q21888014	Q2095
Q2189995	Q2095
Q2190250	Q2095
Q2190406	Q2095
Q2190442	Q2095
Q2190532	Q2095
Q219059	Q2095
Q219059	Q40050
Q2191026	Q2095
Q2191026	Q40050
Q219123	Q2095
Q2191247	Q2095
Q219141	Q2095
Q219141	Q40050
Q2191894	Q2095
Q2193038	Q2095
Q2193038	Q40050
Q2193077	Q2095
Q2193675	Q2095
Q2194023	Q2095
Q2194023	Q40050
Q2194659	Q2095
Q2194659	Q40050
Q2196880	Q2095
Q21976260	Q2095
Q21976352	Q2095
Q2198556	Q2095
Q2199209	Q2095
Q2199209	Q40050
Q21994744	Q2095
Q2199588	Q2095
Q22000160	Q2095
Q22000811	Q2095
Q2201017	Q2095
Q2202488	Q2095
Q220275	Q2095
Q220275	Q40050
Q2202864	Q2095
Q2202868	Q2095
Q2202868	Q40050
Q2203154	Q2095
Q2203154	Q40050
Q220406	Q2095
Q2204072	Q2095
Q2204072	Q40050
Q2204257	Q2095
Q22044130	Q2095
Q22044130	Q40050
Q2204436	Q2095
Q2204450	Q2095
Q22050646	Q2095
Q22056403	Q2095
Q22056403	Q40050
Q2206588	Q2095
Q2206588	Q40050
Q2206673	Q2095
Q2206673	Q40050
Q22073756	Q2095
Q22074473	Q2095
Q22075637	Q2095
Q22075637	Q40050
Q2207625	Q2095
Q22077490	Q2095
Q22077768	Q2095
Q22078317	Q2095
Q22078333	Q2095
Q2208014	Q2095
Q22084462	Q2095
Q22084462	Q40050
Q2209299	Q2095
Q2209299	Q40050
Q220964	Q2095
Q22099232	Q2095
Q22099375	Q2095
Q22099440	Q2095
Q22101254	Q2095
Q22101254	Q40050
Q22101495	Q2095
Q2210597	Q2095
Q2210597	Q40050
Q22107361	Q2095
Q22115527	Q2095
Q2211605	Q2095
Q22116394	Q2095
Q22123108	Q2095
Q22123541	Q2095
Q22123615	Q2095
Q22123870	Q2095
Q22123918	Q2095
Q22124115	Q2095
Q22124417	Q2095
Q22124417	Q40050
Q2212445	Q2095
Q2212445	Q40050
Q22124487	Q2095
Q22124487	Q40050
Q22124636	Q2095
Q22124636	Q40050
Q22124782	Q2095
Q22124782	Q40050
Q22124956	Q2095
Q22125126	Q2095
Q22125442	Q2095
Q22125508	Q2095
Q22125751	Q2095
Q22125751	Q40050
Q22125806	Q2095
Q22125819	Q2095
Q22125953	Q2095
Q22126085	Q2095
Q22126157	Q2095
Q22126302	Q2095
Q22126336	Q2095
Q22126336	Q40050
Q22126368	Q2095
Q22126368	Q40050
Q22126455	Q2095
Q22126461	Q2095
Q22126547	Q2095
Q22126664	Q2095
Q22126752	Q2095
Q22126842	Q2095
Q22127070	Q2095
Q22127118	Q2095
Q22127157	Q2095
Q22127157	Q40050
Q22127654	Q2095
Q22127733	Q2095
Q22127767	Q2095
Q22127818	Q2095
Q22127818	Q40050
Q22128352	Q2095
Q22128778	Q2095
Q22128780	Q2095
Q22129329	Q2095
Q22129390	Q2095
Q22129488	Q2095
Q22129736	Q2095
Q22129965	Q2095
Q22129990	Q2095
Q22129990	Q40050
Q22130022	Q2095
Q22130080	Q2095
Q22130144	Q2095
Q22130144	Q40050
Q2213019	Q2095
Q2213019	Q40050
Q22130346	Q2095
Q22130819	Q2095
Q22131080	Q2095
Q22131161	Q2095
Q22131176	Q2095
Q22131217	Q2095
Q22131297	Q2095
Q2213488	Q2095
Q2213650	Q2095
Q22138385	Q2095
Q2213924	Q2095
Q2214436	Q2095
Q2214436	Q40050
Q2214748	Q2095
Q2215258	Q2095
Q2215266	Q2095
Q2215266	Q40050
Q2215889	Q2095
Q2216156	Q2095
Q2216731	Q2095
Q2217440	Q2095
Q2217953	Q2095
Q2220783	Q2095
Q2220865	Q2095
Q2220900	Q2095
Q2221528	Q2095
Q2221627	Q2095
Q2221732	Q2095
Q2221732	Q40050
Q222216	Q2095
Q222216	Q40050
Q2223030	Q2095
Q22230854	Q2095
Q2223254	Q2095
Q2223326	Q2095
Q2223519	Q2095
Q2223519	Q40050
Q22236201	Q2095
Q22236201	Q40050
Q22236216	Q2095
Q22236216	Q40050
Q22236232	Q2095
Q22236232	Q40050
Q22236236	Q2095
Q22236236	Q40050
Q22236267	Q2095
Q22236267	Q40050
Q22236355	Q2095
Q22236355	Q40050
Q22236356	Q2095
Q22236356	Q40050
Q2223649	Q2095
Q2223717	Q2095
Q2223717	Q40050
Q2224510	Q2095
Q222463	Q2095
Q22248131	Q2095
Q22248131	Q40050
Q2224899	Q2095
Q2224899	Q40050
Q22249397	Q2095
Q22249397	Q40050
Q22249532	Q2095
Q22249558	Q2095
Q2226866	Q2095
Q2226866	Q40050
Q2227032	Q2095
Q2227260	Q2095
Q2227296	Q2095
Q22274927	Q2095
Q22274927	Q40050
Q2227987	Q2095
Q22284986	Q2095
Q22285066	Q2095
Q22285389	Q2095
Q22285927	Q2095
Q22286390	Q2095
Q22286514	Q2095
Q22286518	Q2095
Q22286591	Q2095
Q22286662	Q2095
Q22287059	Q2095
Q2229032	Q2095
Q2229032	Q40050
Q22304295	Q2095
Q2230481	Q2095
Q2230481	Q40050
Q2230805	Q2095
Q2231175	Q2095
Q22328802	Q2095
Q2234158	Q2095
Q2234318	Q2095
Q2234320	Q2095
Q2234663	Q2095
Q2234808	Q2095
Q2234808	Q40050
Q22348247	Q2095
Q22348764	Q2095
Q2235019	Q2095
Q2235019	Q40050
Q2235574	Q2095
Q2235750	Q2095
Q2236189	Q2095
Q2236199	Q2095
Q223669	Q2095
Q223669	Q40050
Q2236849	Q2095
Q2239048	Q2095
Q22404	Q2095
Q2243144	Q2095
Q2243218	Q2095
Q2243218	Q40050
Q22442791	Q2095
Q22442794	Q2095
Q22442797	Q2095
Q22442810	Q2095
Q22442935	Q2095
Q22442939	Q2095
Q22442951	Q2095
Q2244300	Q2095
Q2244300	Q40050
Q2244571	Q2095
Q2245006	Q2095
Q2245561	Q2095
Q2245561	Q40050
Q2246694	Q2095
Q2246694	Q40050
Q2247208	Q2095
Q2247576	Q2095
Q2247929	Q2095
Q2247929	Q40050
Q2248185	Q2095
Q2248655	Q2095
Q2248909	Q2095
Q2248909	Q40050
Q2249305	Q2095
Q2250174	Q2095
Q2250174	Q40050
Q2250447	Q2095
Q2250838	Q2095
Q2251212	Q2095
Q2251745	Q2095
Q2252452	Q2095
Q2253377	Q2095
Q2253902	Q2095
Q2253971	Q2095
Q2254128	Q2095
Q2255016	Q2095
Q2255281	Q2095
Q2255700	Q2095
Q2255703	Q2095
Q2255814	Q2095
Q2256265	Q2095
Q2256739	Q2095
Q22569650	Q2095
Q2258011	Q2095
Q2258053	Q2095
Q2258881	Q2095
Q22589	Q2095
Q2259150	Q2095
Q2259708	Q2095
Q2259708	Q40050
Q2259868	Q2095
Q2261762	Q2095
Q2261762	Q40050
Q22620	Q2095
Q2262115	Q2095
Q2262115	Q40050
Q2262188	Q2095
Q2262188	Q40050
Q2262742	Q2095
Q2262742	Q40050
Q2263672	Q2095
Q2263672	Q40050
Q2264972	Q2095
Q2265406	Q2095
Q2265620	Q2095
Q2265620	Q40050
Q2265797	Q2095
Q22659278	Q2095
Q22659278	Q40050
Q2266255	Q2095
Q22666192	Q2095
Q22666199	Q2095
Q22666202	Q2095
Q22666206	Q2095
Q22666207	Q2095
Q22666208	Q2095
Q22666209	Q2095
Q22666210	Q2095
Q22666214	Q2095
Q22666215	Q2095
Q22666221	Q2095
Q22666229	Q2095
Q22666233	Q2095
Q22666237	Q2095
Q22666242	Q2095
Q22666244	Q2095
Q22666249	Q2095
Q22666252	Q2095
Q22666253	Q2095
Q22666255	Q2095
Q22666260	Q2095
Q22666265	Q2095
Q22666288	Q2095
Q22666316	Q2095
Q22666319	Q2095
Q22666322	Q2095
Q22666336	Q2095
Q22666337	Q2095
Q22666338	Q2095
Q22666345	Q2095
Q22666346	Q2095
Q22666350	Q2095
Q22666352	Q2095
Q22666358	Q2095
Q22666359	Q2095
Q22666363	Q2095
Q22666365	Q2095
Q22666366	Q2095
Q22666368	Q2095
Q22666371	Q2095
Q22666378	Q2095
Q22666380	Q2095
Q22666384	Q2095
Q22666385	Q2095
Q22669970	Q2095
Q2267273	Q2095
Q2267337	Q2095
Q2267393	Q2095
Q22675071	Q2095
Q22675107	Q2095
Q22675203	Q2095
Q22675362	Q2095
Q22681054	Q2095
Q2268252	Q2095
Q22683408	Q2095
Q22683408	Q40050
Q22683816	Q2095
Q22683954	Q2095
Q22683954	Q40050
Q2268560	Q2095
Q2268607	Q2095
Q2268672	Q2095
Q2268712	Q2095
Q22688115	Q2095
Q22689348	Q2095
Q22691	Q2095
Q22694615	Q2095
Q22694678	Q2095
Q22694678	Q40050
Q2270089	Q2095
Q2270260	Q2095
Q2270630	Q2095
Q2270680	Q2095
Q22712423	Q2095
Q22712790	Q2095
Q22712895	Q2095
Q2271859	Q2095
Q2271859	Q40050
Q2272624	Q2095
Q2272624	Q40050
Q22728	Q2095
Q22728	Q40050
Q2273357	Q2095
Q2273357	Q40050
Q2274269	Q2095
Q227622	Q2095
Q2276709	Q2095
Q227690	Q2095
Q22770842	Q2095
Q22770842	Q40050
Q2277500	Q2095
Q227830	Q2095
Q227830	Q40050
Q227864	Q2095
Q2279318	Q2095
Q2279429	Q2095
Q2279429	Q40050
Q2279518	Q2095
Q2279804	Q2095
Q227997	Q2095
Q227999	Q2095
Q2279997	Q2095
Q2279997	Q40050
Q2280354	Q2095
Q22806924	Q2095
Q2280767	Q2095
Q2280767	Q40050
Q22811495	Q2095
Q2281241	Q2095
Q2282540	Q2095
Q22829744	Q2095
Q2283420	Q2095
Q228373	Q2095
Q2284646	Q2095
Q2285006	Q2095
Q2285006	Q40050
Q22862	Q2095
Q22862	Q40050
Q2286350	Q2095
Q2287198	Q2095
Q2287198	Q40050
Q2287635	Q2095
Q22893422	Q2095
Q2290274	Q2095
Q22907126	Q2095
Q22907436	Q2095
Q22907764	Q2095
Q2290779	Q2095
Q22914816	Q2095
Q22915010	Q2095
Q2291557	Q2095
Q2291684	Q2095
Q2292291	Q2095
Q2292475	Q2095
Q22928569	Q2095
Q22929	Q2095
Q22929	Q40050
Q22929166	Q2095
Q2293535	Q2095
Q2293551	Q2095
Q22936428	Q2095
Q229385	Q2095
Q2294743	Q2095
Q22947474	Q2095
Q22947474	Q40050
Q22949248	Q2095
Q22955784	Q2095
Q2296872	Q2095
Q22971811	Q2095
Q2297499	Q2095
Q22975490	Q2095
Q22976	Q2095
Q2297653	Q2095
Q229777	Q2095
Q2297786	Q2095
Q2297786	Q40050
Q2297811	Q2095
Q22980	Q2095
Q22984746	Q2095
Q22985119	Q2095
Q2298742	Q2095
Q2298805	Q2095
Q2298805	Q40050
Q2299367	Q2095
Q22996	Q2095
Q22996	Q40050
Q23000048	Q2095
Q23004	Q2095
Q2300409	Q2095
Q2300409	Q40050
Q23005886	Q2095
Q23008804	Q2095
Q23010008	Q2095
Q23010008	Q40050
Q23010640	Q2095
Q23010640	Q40050
Q230111	Q2095
Q23012379	Q2095
Q23014785	Q2095
Q23015	Q2095
Q23017780	Q2095
Q23017783	Q2095
Q23019214	Q2095
Q23020291	Q2095
Q23021055	Q2095
Q23021055	Q40050
Q23021058	Q2095
Q23021228	Q2095
Q23021373	Q2095
Q23021373	Q40050
Q23021894	Q2095
Q23023229	Q2095
Q23024090	Q2095
Q2302413	Q2095
Q230246	Q2095
Q230256	Q2095
Q2302826	Q2095
Q2302826	Q40050
Q2303056	Q2095
Q23034858	Q2095
Q2303610	Q2095
Q2304005	Q2095
Q2304082	Q2095
Q23041430	Q2095
Q23041915	Q2095
Q2304229	Q2095
Q2304229	Q40050
Q23044244	Q2095
Q2304689	Q2095
Q2304689	Q40050
Q23055565	Q2095
Q23055566	Q2095
Q2305824	Q2095
Q2306472	Q2095
Q2306478	Q2095
Q2307239	Q2095
Q23072776	Q2095
Q23074345	Q2095
Q2308008	Q2095
Q2308190	Q2095
Q2308313	Q2095
Q2308332	Q2095
Q2308476	Q2095
Q2308476	Q40050
Q2308810	Q2095
Q2308810	Q40050
Q2308887	Q2095
Q2308887	Q40050
Q2308904	Q2095
Q2309084	Q2095
Q23090923	Q2095
Q23090923	Q40050
Q2310353	Q2095
Q2310378	Q2095
Q231088	Q2095
Q231088	Q40050
Q2312129	Q2095
Q2312651	Q2095
Q2312651	Q40050
Q2313503	Q2095
Q2314034	Q2095
Q2314498	Q2095
Q231458	Q2095
Q2314968	Q2095
Q2315099	Q2095
Q231545	Q2095
Q231545	Q40050
Q231587	Q2095
Q231587	Q40050
Q2316199	Q2095
Q2316824	Q2095
Q2317010	Q2095
Q2317875	Q2095
Q2318025	Q2095
Q2318025	Q40050
Q23211927	Q2095
Q2321898	Q2095
Q2323527	Q2095
Q23237	Q2095
Q23237	Q40050
Q232755	Q2095
Q2328259	Q2095
Q2329767	Q2095
Q23297712	Q2095
Q2330448	Q2095
Q2330448	Q40050
Q2330683	Q2095
Q2330783	Q2095
Q2331700	Q2095
Q2331700	Q40050
Q2333140	Q2095
Q2333832	Q2095
Q2333832	Q40050
Q2334489	Q2095
Q2336063	Q2095
Q23374	Q2095
Q2338350	Q2095
Q2338530	Q2095
Q2339375	Q2095
Q23400	Q2095
Q23417616	Q2095
Q2342219	Q2095
Q23425	Q2095
Q23461006	Q2095
Q23461015	Q2095
Q23461015	Q40050
Q23461031	Q2095
Q23461168	Q2095
Q23461185	Q2095
Q23461236	Q2095
Q2346339	Q2095
Q234646	Q2095
Q2347940	Q2095
Q2347940	Q40050
Q2348162	Q2095
Q2348162	Q40050
Q2348879	Q2095
Q234901	Q2095
Q2349632	Q2095
Q2349698	Q2095
Q23498894	Q2095
Q23500250	Q2095
Q2350263	Q2095
Q2351313	Q2095
Q2351650	Q2095
Q2351650	Q40050
Q235169	Q2095
Q2352129	Q2095
Q2352187	Q2095
Q2352187	Q40050
Q2353020	Q2095
Q2353629	Q2095
Q2353629	Q40050
Q2354102	Q2095
Q2354122	Q2095
Q2354397	Q2095
Q2354853	Q2095
Q2354853	Q40050
Q2354863	Q2095
Q2354863	Q40050
Q2356049	Q2095
Q2357545	Q2095
Q2357545	Q40050
Q2357825	Q2095
Q2358537	Q2095
Q2359521	Q2095
Q2361197	Q2095
Q2361197	Q40050
Q2361904	Q2095
Q2364511	Q2095
Q2364692	Q2095
Q2364692	Q40050
Q2364865	Q2095
Q2364928	Q2095
Q2364928	Q40050
Q2365219	Q2095
Q2365323	Q2095
Q2365495	Q2095
Q2365737	Q2095
Q2365758	Q2095
Q23660813	Q2095
Q23666867	Q2095
Q23666867	Q40050
Q23670043	Q2095
Q23670043	Q40050
Q2367063	Q2095
Q2367063	Q40050
Q2367602	Q2095
Q2368143	Q2095
Q2368164	Q2095
Q23686128	Q2095
Q23686128	Q40050
Q2368931	Q2095
Q2369860	Q2095
Q2369972	Q2095
Q2369993	Q2095
Q237046	Q2095
Q2370943	Q2095
Q23712115	Q2095
Q2372494	Q2095
Q237315	Q2095
Q237315	Q40050
Q2375654	Q2095
Q2376488	Q2095
Q2378071	Q2095
Q2378108	Q2095
Q23783776	Q2095
Q23785743	Q2095
Q23787301	Q2095
Q23787301	Q40050
Q23793187	Q2095
Q2380557	Q2095
Q23807183	Q2095
Q23808610	Q2095
Q2381185	Q2095
Q23815638	Q2095
Q2381604	Q2095
Q2381978	Q2095
Q2382108	Q2095
Q2382369	Q2095
Q2382377	Q2095
Q23824434	Q2095
Q238306	Q2095
Q238306	Q40050
Q2383068	Q2095
Q2383238	Q2095
Q2385063	Q2095
Q2386353	Q2095
Q2386353	Q40050
Q2386515	Q2095
Q2386967	Q2095
Q2387321	Q2095
Q2387321	Q40050
Q2387583	Q2095
Q2387583	Q40050
Q2387911	Q2095
Q23888567	Q2095
Q2389120	Q2095
Q238914	Q2095
Q238914	Q40050
Q23891655	Q2095
Q23891655	Q40050
Q2389956	Q2095
Q2389956	Q40050
Q23900272	Q2095
Q23905700	Q2095
Q2390734	Q2095
Q23907623	Q2095
Q2391283	Q2095
Q2391835	Q2095
Q23925811	Q2095
Q23930009	Q2095
Q23930012	Q2095
Q2393372	Q2095
Q23935119	Q2095
Q23936530	Q2095
Q23936655	Q2095
Q23936655	Q40050
Q2393807	Q2095
Q2394623	Q2095
Q2395665	Q2095
Q2395665	Q40050
Q2395693	Q2095
Q2395734	Q2095
Q2395734	Q40050
Q2395974	Q2095
Q2397393	Q2095
Q23978037	Q2095
Q2397992	Q2095
Q2397992	Q40050
Q2398830	Q2095
Q2400579	Q2095
Q24007743	Q2095
Q24007743	Q40050
Q2401078	Q2095
Q24012081	Q2095
Q2401798	Q2095
Q2401798	Q40050
Q2402333	Q2095
Q2402504	Q2095
Q24026726	Q2095
Q2402909	Q2095
Q2403240	Q2095
Q2403343	Q2095
Q24043449	Q2095
Q24045743	Q2095
Q2405114	Q2095
Q24054513	Q2095
Q24054596	Q2095
Q24054623	Q2095
Q24054623	Q40050
Q24054684	Q2095
Q2405689	Q2095
Q2406926	Q2095
Q2406926	Q40050
Q2407017	Q2095
Q24072616	Q2095
Q240728	Q2095
Q240728	Q40050
Q24075586	Q2095
Q2407727	Q2095
Q2408383	Q2095
Q2408383	Q40050
Q24090752	Q2095
Q240923	Q2095
Q2410634	Q2095
Q2410797	Q2095
Q241156	Q2095
Q2412062	Q2095
Q2412378	Q2095
Q2412544	Q2095
Q2413017	Q2095
Q2414031	Q2095
Q2415281	Q2095
Q2415718	Q2095
Q24175675	Q2095
Q2418015	Q2095
Q2418015	Q40050
Q24190175	Q2095
Q24190177	Q2095
Q24190322	Q2095
Q24192245	Q2095
Q241933	Q2095
Q241949	Q2095
Q241949	Q40050
Q24196310	Q2095
Q24196310	Q40050
Q24196624	Q2095
Q241987	Q2095
Q2420000	Q2095
Q242003	Q2095
Q2421871	Q2095
Q2422847	Q2095
Q2422847	Q40050
Q2423291	Q2095
Q24236084	Q2095
Q24238468	Q2095
Q2424605	Q2095
Q2424905	Q2095
Q2424905	Q40050
Q24249983	Q2095
Q24257106	Q2095
Q2425845	Q2095
Q24265484	Q2095
Q2427282	Q2095
Q2427598	Q2095
Q2428509	Q2095
Q24285554	Q2095
Q2428761	Q2095
Q2428787	Q2095
Q2430216	Q2095
Q2430685	Q2095
Q2430850	Q2095
Q2430883	Q2095
Q24309184	Q2095
Q2431975	Q2095
Q2432158	Q2095
Q2433052	Q2095
Q2433769	Q2095
Q2433769	Q40050
Q2433798	Q2095
Q24346104	Q2095
Q2435086	Q2095
Q2436547	Q2095
Q2436599	Q2095
Q2436599	Q40050
Q2436674	Q2095
Q243774	Q2095
Q243774	Q40050
Q24386	Q2095
Q2438722	Q2095
Q2439315	Q2095
Q2441143	Q2095
Q2441329	Q2095
Q2441967	Q2095
Q2441967	Q40050
Q24439117	Q2095
Q24439118	Q2095
Q2444108	Q2095
Q244493	Q2095
Q244493	Q40050
Q244495	Q2095
Q2444993	Q2095
Q2445091	Q2095
Q2445410	Q2095
Q2445968	Q2095
Q244599	Q2095
Q24460908	Q2095
Q244611	Q2095
Q244617	Q2095
Q2446601	Q2095
Q24471421	Q2095
Q2448091	Q2095
Q2450864	Q2095
Q2450914	Q2095
Q2451334	Q2095
Q2451463	Q2095
Q24517	Q2095
Q2451832	Q2095
Q2452555	Q2095
Q2453651	Q2095
Q245436	Q2095
Q2456295	Q2095
Q2456855	Q2095
Q24568658	Q2095
Q2457003	Q2095
Q2457455	Q2095
Q245752	Q2095
Q2457586	Q2095
Q2457672	Q2095
Q2458825	Q2095
Q2458825	Q40050
Q2459072	Q2095
Q2459545	Q2095
Q2459901	Q2095
Q2461000	Q2095
Q2461726	Q2095
Q2461726	Q40050
Q2461856	Q2095
Q2461918	Q2095
Q2462111	Q2095
Q246291	Q2095
Q2462990	Q2095
Q2462990	Q40050
Q24636822	Q2095
Q2463769	Q2095
Q24638187	Q2095
Q24638187	Q40050
Q2464040	Q2095
Q2464254	Q2095
Q2464350	Q2095
Q24648524	Q2095
Q24648524	Q40050
Q24650248	Q2095
Q2465722	Q2095
Q2465722	Q40050
Q246703	Q2095
Q2468092	Q2095
Q2468092	Q40050
Q2468860	Q2095
Q246889	Q2095
Q246889	Q40050
Q2468930	Q2095
Q2469176	Q2095
Q2469176	Q40050
Q24691911	Q2095
Q2469983	Q2095
Q24699992	Q2095
Q24699992	Q40050
Q2470263	Q2095
Q2470605	Q2095
Q2470605	Q40050
Q2470672	Q2095
Q2470672	Q40050
Q24711750	Q2095
Q24721844	Q2095
Q24722382	Q2095
Q24723439	Q2095
Q24724339	Q2095
Q24724884	Q2095
Q24726826	Q2095
Q24727134	Q2095
Q247289	Q2095
Q2472937	Q2095
Q24732220	Q2095
Q24735189	Q2095
Q24735647	Q2095
Q2473818	Q2095
Q2473818	Q40050
Q2474403	Q2095
Q2476143	Q2095
Q2476688	Q2095
Q2476892	Q2095
Q24769093	Q2095
Q24770831	Q2095
Q24771047	Q2095
Q24772084	Q2095
Q24772131	Q2095
Q24774500	Q2095
Q2477614	Q2095
Q24780753	Q2095
Q24782158	Q2095
Q24782352	Q2095
Q24783431	Q2095
Q24783714	Q2095
Q2478397	Q2095
Q24786737	Q2095
Q24786934	Q2095
Q24787673	Q2095
Q24788312	Q2095
Q2479287	Q2095
Q247969	Q2095
Q2480049	Q2095
Q2480685	Q2095
Q2480685	Q40050
Q248149	Q2095
Q2481743	Q2095
Q2481820	Q2095
Q2482440	Q2095
Q2482567	Q2095
Q2482720	Q2095
Q2482720	Q40050
Q2483063	Q2095
Q2483063	Q40050
Q2483439	Q2095
Q2483439	Q40050
Q24835653	Q2095
Q24837089	Q2095
Q24839104	Q2095
Q24841554	Q2095
Q24841569	Q2095
Q24841683	Q2095
Q248507	Q2095
Q2485491	Q2095
Q24855922	Q2095
Q24855923	Q2095
Q2485746	Q2095
Q24860048	Q2095
Q24861053	Q2095
Q24862918	Q2095
Q24863110	Q2095
Q24863714	Q2095
Q24863714	Q40050
Q24864026	Q2095
Q24865307	Q2095
Q24866684	Q2095
Q24866684	Q40050
Q24867063	Q2095
Q24867877	Q2095
Q24868825	Q2095
Q24869486	Q2095
Q24869782	Q2095
Q24869886	Q2095
Q24870019	Q2095
Q24870233	Q2095
Q2487044	Q2095
Q24870497	Q2095
Q24870799	Q2095
Q24870943	Q2095
Q24871244	Q2095
Q24871329	Q2095
Q248714	Q2095
Q248714	Q40050
Q24871532	Q2095
Q24871575	Q2095
Q24871689	Q2095
Q24872055	Q2095
Q24872072	Q2095
Q24872072	Q40050
Q24872292	Q2095
Q24872292	Q40050
Q24874647	Q2095
Q24874647	Q40050
Q24876362	Q2095
Q24882661	Q2095
Q24882954	Q2095
Q24885167	Q2095
Q24885642	Q2095
Q24885714	Q2095
Q24886111	Q2095
Q24886722	Q2095
Q24886788	Q2095
Q24886944	Q2095
Q24886944	Q40050
Q2488715	Q2095
Q24887483	Q2095
Q24889832	Q2095
Q24890727	Q2095
Q24890754	Q2095
Q24891043	Q2095
Q24893927	Q2095
Q24895558	Q2095
Q24895795	Q2095
Q2489593	Q2095
Q2489593	Q40050
Q24896091	Q2095
Q24897123	Q2095
Q24898032	Q2095
Q24898385	Q2095
Q24898518	Q2095
Q24898830	Q2095
Q24899026	Q2095
Q24899263	Q2095
Q24899492	Q2095
Q24899709	Q2095
Q24899709	Q40050
Q24900707	Q2095
Q24901670	Q2095
Q24901670	Q40050
Q24902716	Q2095
Q2490273	Q2095
Q2490273	Q40050
Q24903447	Q2095
Q24903447	Q40050
Q24906531	Q2095
Q24906531	Q40050
Q24906665	Q2095
Q24906668	Q2095
Q24906668	Q40050
Q24911299	Q2095
Q249114	Q2095
Q249169	Q2095
Q24929136	Q2095
Q24929153	Q2095
Q24929320	Q2095
Q24929329	Q2095
Q24929609	Q2095
Q24929609	Q40050
Q24930834	Q2095
Q24930958	Q2095
Q249310	Q2095
Q2493192	Q2095
Q2493192	Q40050
Q24933621	Q2095
Q24935868	Q2095
Q24936806	Q2095
Q2493720	Q2095
Q24937265	Q2095
Q24937265	Q40050
Q24937568	Q2095
Q24938030	Q2095
Q24939570	Q2095
Q24939942	Q2095
Q24940091	Q2095
Q24940303	Q2095
Q24940816	Q2095
Q24940817	Q2095
Q24942317	Q2095
Q24943843	Q2095
Q24944175	Q2095
Q24944177	Q2095
Q24944198	Q2095
Q24944426	Q2095
Q24944691	Q2095
Q24944863	Q2095
Q24945409	Q2095
Q24945530	Q2095
Q24945547	Q2095
Q24945597	Q2095
Q24945601	Q2095
Q2494643	Q2095
Q24948875	Q2095
Q24950338	Q2095
Q24952317	Q2095
Q24955416	Q2095
Q2495592	Q2095
Q24957229	Q2095
Q2495784	Q2095
Q24960939	Q2095
Q24961838	Q2095
Q24961838	Q40050
Q24961906	Q2095
Q24961906	Q40050
Q2496780	Q2095
Q2497744	Q2095
Q249873	Q2095
Q2498825	Q2095
Q2498873	Q2095
Q24993773	Q2095
Q24993773	Q40050
Q24993896	Q2095
Q24993915	Q2095
Q24993926	Q2095
Q24993955	Q2095
Q25000110	Q2095
Q25001255	Q2095
Q2500197	Q2095
Q2500197	Q40050
Q25004038	Q2095
Q25004446	Q2095
Q25004448	Q2095
Q25004455	Q2095
Q25004703	Q2095
Q25004801	Q2095
Q25004816	Q2095
Q25005351	Q2095
Q25006844	Q2095
Q2500956	Q2095
Q2501196	Q2095
Q250170	Q2095
Q250271	Q2095
Q25038426	Q2095
Q25038427	Q2095
Q25038525	Q2095
Q25039790	Q2095
Q25040057	Q2095
Q25040057	Q40050
Q25040369	Q2095
Q25040382	Q2095
Q25040559	Q2095
Q25040576	Q2095
Q25040871	Q2095
Q25041145	Q2095
Q25041145	Q40050
Q25041417	Q2095
Q25041585	Q2095
Q25041632	Q2095
Q25041816	Q2095
Q25041816	Q40050
Q25041840	Q2095
Q25041852	Q2095
Q25042307	Q2095
Q25042582	Q2095
Q25042586	Q2095
Q25042801	Q2095
Q25043157	Q2095
Q25043179	Q2095
Q250432	Q2095
Q25043234	Q2095
Q25043246	Q2095
Q25043652	Q2095
Q25044050	Q2095
Q25044638	Q2095
Q2504513	Q2095
Q25045172	Q2095
Q25045178	Q2095
Q250459	Q2095
Q25046573	Q2095
Q25047421	Q2095
Q25047430	Q2095
Q25047514	Q2095
Q25051984	Q2095
Q2505233	Q2095
Q25052449	Q2095
Q25052735	Q2095
Q25055558	Q2095
Q25055787	Q2095
Q25055799	Q2095
Q25055866	Q2095
Q25055867	Q2095
Q25056560	Q2095
Q25056585	Q2095
Q25058095	Q2095
Q25058467	Q2095
Q25059058	Q2095
Q25059058	Q40050
Q25060149	Q2095
Q25060329	Q2095
Q25060346	Q2095
Q25067130	Q2095
Q25067212	Q2095
Q25068056	Q2095
Q250875	Q2095
Q25091738	Q2095
Q25095048	Q2095
Q25095049	Q2095
Q25095805	Q2095
Q250966	Q2095
Q2509786	Q2095
Q25098594	Q2095
Q25098632	Q2095
Q25098799	Q2095
Q25098851	Q2095
Q25099344	Q2095
Q25099961	Q2095
Q25102193	Q2095
Q25102193	Q40050
Q2510412	Q2095
Q251043	Q2095
Q251054	Q2095
Q25105721	Q2095
Q25109679	Q2095
Q25110268	Q2095
Q251106	Q2095
Q25110693	Q2095
Q25110703	Q2095
Q251113	Q2095
Q251113	Q40050
Q25111357	Q2095
Q2511137	Q2095
Q25111404	Q2095
Q25112287	Q2095
Q25112287	Q40050
Q2511275	Q2095
Q2511275	Q40050
Q25113058	Q2095
Q25113097	Q2095
Q25113097	Q40050
Q2511331	Q2095
Q251162	Q2095
Q2511999	Q2095
Q251265	Q2095
Q2513061	Q2095
Q2513291	Q2095
Q2513811	Q2095
Q25141668	Q2095
Q25141668	Q40050
Q25141669	Q2095
Q25141669	Q40050
Q25143621	Q2095
Q25143621	Q40050
Q251514	Q2095
Q251514	Q40050
Q251521	Q2095
Q2516636	Q2095
Q2516636	Q40050
Q2516868	Q2095
Q25171586	Q2095
Q251740	Q2095
Q251740	Q40050
Q2517913	Q2095
Q2518010	Q2095
Q2519514	Q2095
Q2519514	Q40050
Q251981	Q2095
Q25202832	Q2095
Q25202832	Q40050
Q25202841	Q2095
Q25205317	Q2095
Q25205317	Q40050
Q25212648	Q2095
Q2521976	Q2095
Q25220404	Q2095
Q25220404	Q40050
Q25220444	Q2095
Q25220535	Q2095
Q25220557	Q2095
Q25220562	Q2095
Q25220745	Q2095
Q25220745	Q40050
Q25220749	Q2095
Q25220811	Q2095
Q25220811	Q40050
Q25220878	Q2095
Q25221268	Q2095
Q25221462	Q2095
Q25221573	Q2095
Q25221673	Q2095
Q25223099	Q2095
Q25223359	Q2095
Q25223685	Q2095
Q252334	Q2095
Q2523484	Q2095
Q2523484	Q40050
Q25234965	Q2095
Q2524291	Q2095
Q2525938	Q2095
Q2525938	Q40050
Q252630	Q2095
Q2526361	Q2095
Q2526361	Q40050
Q2527141	Q2095
Q2527141	Q40050
Q2527178	Q2095
Q2527178	Q40050
Q252826	Q2095
Q25302577	Q2095
Q25302803	Q2095
Q2530402	Q2095
Q2530402	Q40050
Q2530462	Q2095
Q2530766	Q2095
Q2530766	Q40050
Q253097	Q2095
Q2531685	Q2095
Q253209	Q2095
Q25323829	Q2095
Q25323983	Q2095
Q25324082	Q2095
Q25324560	Q2095
Q25325397	Q2095
Q25326918	Q2095
Q25327021	Q2095
Q25327061	Q2095
Q2532779	Q2095
Q253333	Q2095
Q253333	Q40050
Q2533555	Q2095
Q2533555	Q40050
Q2533646	Q2095
Q2533646	Q40050
Q2533856	Q2095
Q25340385	Q2095
Q25340385	Q40050
Q253481	Q2095
Q253481	Q40050
Q2535077	Q2095
Q2535077	Q40050
Q2535744	Q2095
Q2536409	Q2095
Q2536409	Q40050
Q25377231	Q2095
Q25377231	Q40050
Q25377559	Q2095
Q2537880	Q2095
Q2537880	Q40050
Q25379633	Q2095
Q25379683	Q2095
Q25381779	Q2095
Q25382412	Q2095
Q25382412	Q40050
Q25383130	Q2095
Q25383660	Q2095
Q25383823	Q2095
Q25383867	Q2095
Q25384443	Q2095
Q25384624	Q2095
Q2538468	Q2095
Q25385899	Q2095
Q25386745	Q2095
Q25386745	Q40050
Q2538762	Q2095
Q2538762	Q40050
Q25388438	Q2095
Q25388871	Q2095
Q25389845	Q2095
Q253899	Q2095
Q25392728	Q2095
Q25392728	Q40050
Q25393535	Q2095
Q25393535	Q40050
Q25394656	Q2095
Q25394740	Q2095
Q25394962	Q2095
Q25394962	Q40050
Q25395624	Q2095
Q2539656	Q2095
Q25397894	Q2095
Q25398023	Q2095
Q25399604	Q2095
Q25399604	Q40050
Q25399729	Q2095
Q25401178	Q2095
Q25401378	Q2095
Q25401820	Q2095
Q2540259	Q2095
Q25403380	Q2095
Q25403900	Q2095
Q25404591	Q2095
Q25404591	Q40050
Q2540636	Q2095
Q25409075	Q2095
Q25409137	Q2095
Q25409651	Q2095
Q25409920	Q2095
Q25410699	Q2095
Q25412980	Q2095
Q25413607	Q2095
Q25413704	Q2095
Q25416186	Q2095
Q25416186	Q40050
Q25416287	Q2095
Q25416287	Q40050
Q25418402	Q2095
Q25419642	Q2095
Q25419642	Q40050
Q2542177	Q2095
Q2542177	Q40050
Q254234	Q2095
Q25424142	Q2095
Q25424842	Q2095
Q2542583	Q2095
Q2542583	Q40050
Q25428551	Q2095
Q25429735	Q2095
Q25431007	Q2095
Q25434	Q2095
Q25448651	Q2095
Q25448938	Q2095
Q2545009	Q2095
Q25450904	Q2095
Q25452130	Q2095
Q25452135	Q2095
Q25454433	Q2095
Q25455038	Q2095
Q25458340	Q2095
Q25464887	Q2095
Q25465250	Q2095
Q25465845	Q2095
Q25466838	Q2095
Q25466936	Q2095
Q25466948	Q2095
Q25468949	Q2095
Q25470478	Q2095
Q25471037	Q2095
Q25471037	Q40050
Q25475661	Q2095
Q25476873	Q2095
Q2548021	Q2095
Q254807	Q2095
Q2548408	Q2095
Q25485264	Q2095
Q25485307	Q2095
Q25485769	Q2095
Q25488759	Q2095
Q2548949	Q2095
Q25490476	Q2095
Q254922	Q2095
Q25496135	Q2095
Q25496672	Q2095
Q25496702	Q2095
Q254979	Q2095
Q25497949	Q2095
Q25497949	Q40050
Q25500323	Q2095
Q25500323	Q40050
Q255048	Q2095
Q255055	Q2095
Q255055	Q40050
Q2550606	Q2095
Q25507122	Q2095
Q2551106	Q2095
Q25512128	Q2095
Q255126	Q2095
Q255126	Q40050
Q25518927	Q2095
Q25520186	Q2095
Q25524968	Q2095
Q255313	Q2095
Q2553569	Q2095
Q2553569	Q40050
Q25537158	Q2095
Q2553843	Q2095
Q25538525	Q2095
Q25543169	Q2095
Q25545637	Q2095
Q25545637	Q40050
Q25550192	Q2095
Q25550192	Q40050
Q25551956	Q2095
Q25554286	Q2095
Q2555488	Q2095
Q255555	Q2095
Q2555757	Q2095
Q2555757	Q40050
Q2555763	Q2095
Q2555763	Q40050
Q2555765	Q2095
Q2555765	Q40050
Q25557652	Q2095
Q25557740	Q2095
Q2555783	Q2095
Q2555783	Q40050
Q2555792	Q2095
Q2555792	Q40050
Q2555810	Q2095
Q2555810	Q40050
Q2555815	Q2095
Q2555815	Q40050
Q2555818	Q2095
Q2555818	Q40050
Q2555826	Q2095
Q2555826	Q40050
Q25558267	Q2095
Q2555906	Q2095
Q25560125	Q2095
Q25560125	Q40050
Q25566271	Q2095
Q2557248	Q2095
Q255761	Q2095
Q2557649	Q2095
Q25577254	Q2095
Q2557899	Q2095
Q25579312	Q2095
Q25579358	Q2095
Q25581115	Q2095
Q255819	Q2095
Q2558970	Q2095
Q2560560	Q2095
Q2560689	Q2095
Q2561177	Q2095
Q25615843	Q2095
Q25616467	Q2095
Q25616497	Q2095
Q25616630	Q2095
Q25617895	Q2095
Q25617895	Q40050
Q25618328	Q2095
Q25618331	Q2095
Q25619729	Q2095
Q2561991	Q2095
Q25620	Q2095
Q25620	Q40050
Q25628934	Q2095
Q25628934	Q40050
Q25630136	Q2095
Q25631239	Q2095
Q25631323	Q2095
Q25631323	Q40050
Q25631476	Q2095
Q25631476	Q40050
Q25632104	Q2095
Q2563305	Q2095
Q25634577	Q2095
Q25634616	Q2095
Q2563471	Q2095
Q25640114	Q2095
Q25640280	Q2095
Q25640396	Q2095
Q25640401	Q2095
Q25640423	Q2095
Q25640528	Q2095
Q25640528	Q40050
Q25640574	Q2095
Q25640645	Q2095
Q25640645	Q40050
Q2564161	Q2095
Q2564161	Q40050
Q25642330	Q2095
Q25642330	Q40050
Q25644020	Q2095
Q25644442	Q2095
Q25644442	Q40050
Q2564638	Q2095
Q256622	Q2095
Q2566922	Q2095
Q25674234	Q2095
Q25674330	Q2095
Q25674447	Q2095
Q25679249	Q2095
Q2568622	Q2095
Q2568622	Q40050
Q2568765	Q2095
Q2568779	Q2095
Q25687933	Q2095
Q25688465	Q2095
Q25688927	Q2095
Q2569808	Q2095
Q25699739	Q2095
Q25700572	Q2095
Q25703460	Q2095
Q25704086	Q2095
Q25704451	Q2095
Q2570701	Q2095
Q2571599	Q2095
Q2572122	Q2095
Q2572432	Q2095
Q2572575	Q2095
Q257260	Q2095
Q257260	Q40050
Q2573204	Q2095
Q2574750	Q2095
Q257501	Q2095
Q257501	Q40050
Q2577741	Q2095
Q2578366	Q2095
Q2578908	Q2095
Q2579070	Q2095
Q2579070	Q40050
Q2579351	Q2095
Q2579432	Q2095
Q257971	Q2095
Q2580010	Q2095
Q2580010	Q40050
Q2580257	Q2095
Q2580257	Q40050
Q2580945	Q2095
Q2581860	Q2095
Q258279	Q2095
Q2583254	Q2095
Q2583478	Q2095
Q2583654	Q2095
Q2583654	Q40050
Q258455	Q2095
Q2585022	Q2095
Q2585068	Q2095
Q2585262	Q2095
Q2585296	Q2095
Q258615	Q2095
Q258615	Q40050
Q25866325	Q2095
Q25866325	Q40050
Q2587663	Q2095
Q2587974	Q2095
Q2587974	Q40050
Q2590385	Q2095
Q2590939	Q2095
Q259100	Q2095
Q2591051	Q2095
Q259109	Q2095
Q259109	Q40050
Q259148	Q2095
Q25936230	Q2095
Q259438	Q2095
Q2595324	Q2095
Q259550	Q2095
Q2595950	Q2095
Q2596034	Q2095
Q2596286	Q2095
Q259642	Q2095
Q2596647	Q2095
Q2596949	Q2095
Q2596949	Q40050
Q2596994	Q2095
Q2596997	Q2095
Q2597003	Q2095
Q2597006	Q2095
Q2597010	Q2095
Q2597970	Q2095
Q2598611	Q2095
Q259874	Q2095
Q25991638	Q2095
Q25991638	Q40050
Q25997959	Q2095
Q2599893	Q2095
Q25999115	Q2095
Q26000128	Q2095
Q2600066	Q2095
Q2601766	Q2095
Q2601887	Q2095
Q2602941	Q2095
Q260417	Q2095
Q260417	Q40050
Q260423	Q2095
Q2604496	Q2095
Q2604900	Q2095
Q260568	Q2095
Q2606334	Q2095
Q2607161	Q2095
Q260765	Q2095
Q26081	Q2095
Q2608973	Q2095
Q2608973	Q40050
Q2609070	Q2095
Q2609070	Q40050
Q260929	Q2095
Q2609461	Q2095
Q2609925	Q2095
Q261105	Q2095
Q261105	Q40050
Q2611224	Q2095
Q2613423	Q2095
Q2613548	Q2095
Q2613831	Q2095
Q2613831	Q40050
Q261387	Q2095
Q2615138	Q2095
Q2616602	Q2095
Q2617260	Q2095
Q261830	Q2095
Q2619014	Q2095
Q26200441	Q2095
Q26211079	Q2095
Q26212501	Q2095
Q2622030	Q2095
Q2622106	Q2095
Q2622681	Q2095
Q2623066	Q2095
Q2623070	Q2095
Q2623070	Q40050
Q26236698	Q2095
Q26236698	Q40050
Q2625025	Q2095
Q26252043	Q2095
Q2625790	Q2095
Q2625877	Q2095
Q2626283	Q2095
Q26265213	Q2095
Q26269264	Q2095
Q2626928	Q2095
Q26271070	Q2095
Q26271070	Q40050
Q26271735	Q2095
Q2627804	Q2095
Q262796	Q2095
Q2629070	Q2095
Q2629673	Q2095
Q263058	Q2095
Q2631671	Q2095
Q2631681	Q2095
Q2631692	Q2095
Q2631911	Q2095
Q263203	Q2095
Q263223	Q2095
Q2632589	Q2095
Q2632776	Q2095
Q2632883	Q2095
Q2632885	Q2095
Q263351	Q2095
Q2633627	Q2095
Q2633697	Q2095
Q2633706	Q2095
Q2633706	Q40050
Q2633813	Q2095
Q263424	Q2095
Q263424	Q40050
Q26343751	Q2095
Q26343751	Q40050
Q2634653	Q2095
Q2635144	Q2095
Q26359769	Q2095
Q2636022	Q2095
Q2636729	Q2095
Q263673	Q2095
Q263675	Q2095
Q263685	Q2095
Q263685	Q40050
Q263698	Q2095
Q263948	Q2095
Q26398337	Q2095
Q2640574	Q2095
Q2640574	Q40050
Q2640746	Q2095
Q2640927	Q2095
Q2640927	Q40050
Q2641023	Q2095
Q2641073	Q2095
Q2641090	Q2095
Q2642060	Q2095
Q264215	Q2095
Q2642590	Q2095
Q2642722	Q2095
Q2642722	Q40050
Q2643145	Q2095
Q2643588	Q2095
Q2643794	Q2095
Q2645238	Q2095
Q2645238	Q40050
Q26454552	Q2095
Q264554	Q2095
Q264554	Q40050
Q2645959	Q2095
Q2645959	Q40050
Q2646636	Q2095
Q2646636	Q40050
Q2647023	Q2095
Q2647023	Q40050
Q2647467	Q2095
Q2647467	Q40050
Q2647501	Q2095
Q264758	Q2095
Q2648121	Q2095
Q2648121	Q40050
Q2648459	Q2095
Q26492973	Q2095
Q2649721	Q2095
Q2652014	Q2095
Q265457	Q2095
Q2654806	Q2095
Q2654913	Q2095
Q2655472	Q2095
Q2655726	Q2095
Q2655726	Q40050
Q2655967	Q2095
Q2655967	Q40050
Q2658241	Q2095
Q265878	Q2095
Q2659408	Q2095
Q2659408	Q40050
Q2659824	Q2095
Q2660008	Q2095
Q2660008	Q40050
Q2660942	Q2095
Q266143	Q2095
Q266143	Q40050
Q2662315	Q2095
Q266349	Q2095
Q266349	Q40050
Q2663499	Q2095
Q2663618	Q2095
Q2663815	Q2095
Q26639064	Q2095
Q26639064	Q40050
Q266529	Q2095
Q266540	Q2095
Q2665744	Q2095
Q2666603	Q2095
Q2666816	Q2095
Q2666816	Q40050
Q2667251	Q2095
Q2667800	Q2095
Q26678593	Q2095
Q2668259	Q2095
Q2668300	Q2095
Q2668300	Q40050
Q2668493	Q2095
Q26689963	Q2095
Q26690042	Q2095
Q2669177	Q2095
Q2669274	Q2095
Q26693028	Q2095
Q2669352	Q2095
Q2669426	Q2095
Q2669603	Q2095
Q2669603	Q40050
Q266997	Q2095
Q26704714	Q2095
Q26706802	Q2095
Q26710184	Q2095
Q2671090	Q2095
Q2671090	Q40050
Q2671154	Q2095
Q267129	Q2095
Q2671520	Q2095
Q267187	Q2095
Q267187	Q40050
Q2672195	Q2095
Q26726250	Q2095
Q26726316	Q2095
Q2673042	Q2095
Q2673042	Q40050
Q2673557	Q2095
Q2674257	Q2095
Q26743338	Q2095
Q2674565	Q2095
Q2674565	Q40050
Q2674820	Q2095
Q267497	Q2095
Q267554	Q2095
Q267610	Q2095
Q267610	Q40050
Q26769086	Q2095
Q26769088	Q2095
Q2676955	Q2095
Q2676955	Q40050
Q267726	Q2095
Q2677318	Q2095
Q267763	Q2095
Q267877	Q2095
Q2678876	Q2095
Q2679028	Q2095
Q26791887	Q2095
Q2679937	Q2095
Q268057	Q2095
Q268057	Q40050
Q26806341	Q2095
Q2681008	Q2095
Q268114	Q2095
Q26813710	Q2095
Q2682038	Q2095
Q26836228	Q2095
Q26836228	Q40050
Q26842995	Q2095
Q26844116	Q2095
Q26844267	Q2095
Q26844495	Q2095
Q26845055	Q2095
Q26845055	Q40050
Q26845135	Q2095
Q26845135	Q40050
Q26845451	Q2095
Q26845451	Q40050
Q26848933	Q2095
Q26856888	Q2095
Q26856888	Q40050
Q26857408	Q2095
Q26857759	Q2095
Q26857759	Q40050
Q26867007	Q2095
Q26867007	Q40050
Q26867010	Q2095
Q26867010	Q40050
Q26868224	Q2095
Q26868224	Q40050
Q26868442	Q2095
Q26868442	Q40050
Q26868453	Q2095
Q26868453	Q40050
Q26868628	Q2095
Q26868712	Q2095
Q26868712	Q40050
Q26868717	Q2095
Q26868717	Q40050
Q26868723	Q2095
Q26868739	Q2095
Q26868753	Q2095
Q26868759	Q2095
Q26868803	Q2095
Q26868808	Q2095
Q26868816	Q2095
Q26868829	Q2095
Q26868831	Q2095
Q26868835	Q2095
Q26868839	Q2095
Q26868846	Q2095
Q26868866	Q2095
Q26868880	Q2095
Q26868880	Q40050
Q26868900	Q2095
Q26868900	Q40050
Q26868904	Q2095
Q26868904	Q40050
Q26868915	Q2095
Q26868915	Q40050
Q26868928	Q2095
Q26868928	Q40050
Q26868953	Q2095
Q26868953	Q40050
Q26868964	Q2095
Q26868964	Q40050
Q26868969	Q2095
Q26868969	Q40050
Q26868972	Q2095
Q26868972	Q40050
Q26869193	Q2095
Q26869193	Q40050
Q26869197	Q2095
Q26869197	Q40050
Q26869205	Q2095
Q26869205	Q40050
Q26869210	Q2095
Q26869210	Q40050
Q26869214	Q2095
Q26869214	Q40050
Q26869246	Q2095
Q26869246	Q40050
Q26869257	Q2095
Q26869257	Q40050
Q26869305	Q2095
Q26869305	Q40050
Q26869318	Q2095
Q26869318	Q40050
Q26869322	Q2095
Q26869322	Q40050
Q26869352	Q2095
Q26869408	Q2095
Q2687127	Q2095
Q26876993	Q2095
Q26876997	Q2095
Q26877121	Q2095
Q26877133	Q2095
Q26877136	Q2095
Q26877166	Q2095
Q26877298	Q2095
Q26877298	Q40050
Q26877308	Q2095
Q26877308	Q40050
Q26877311	Q2095
Q26877311	Q40050
Q26877342	Q2095
Q26877423	Q2095
Q26877423	Q40050
Q26877759	Q2095
Q26877768	Q2095
Q26877768	Q40050
Q26877980	Q2095
Q26877980	Q40050
Q26878961	Q2095
Q26878961	Q40050
Q26878973	Q2095
Q26878973	Q40050
Q26879196	Q2095
Q26879196	Q40050
Q26879201	Q2095
Q26879201	Q40050
Q26879361	Q2095
Q26879480	Q2095
Q26879480	Q40050
Q26879521	Q2095
Q26879521	Q40050
Q26879635	Q2095
Q26879635	Q40050
Q26879660	Q2095
Q26879660	Q40050
Q26879661	Q2095
Q26879661	Q40050
Q26879669	Q2095
Q26879669	Q40050
Q26879673	Q2095
Q26879673	Q40050
Q26879674	Q2095
Q26879674	Q40050
Q26879765	Q2095
Q26879765	Q40050
Q26879767	Q2095
Q26879767	Q40050
Q26879770	Q2095
Q2688129	Q2095
Q2688167	Q2095
Q26882082	Q2095
Q26882112	Q2095
Q26882127	Q2095
Q26882140	Q2095
Q26882158	Q2095
Q26882287	Q2095
Q26882302	Q2095
Q26882302	Q40050
Q26882305	Q2095
Q26882331	Q2095
Q26882397	Q2095
Q26882397	Q40050
Q26882398	Q2095
Q26882729	Q2095
Q26882860	Q2095
Q2688292	Q2095
Q2688292	Q40050
Q26882976	Q2095
Q26882980	Q2095
Q26882983	Q2095
Q26882988	Q2095
Q26882990	Q2095
Q26883024	Q2095
Q26883085	Q2095
Q26883085	Q40050
Q26883086	Q2095
Q26883091	Q2095
Q26883095	Q2095
Q26883095	Q40050
Q26883101	Q2095
Q26883105	Q2095
Q26883114	Q2095
Q26883523	Q2095
Q26883523	Q40050
Q26883531	Q2095
Q26883538	Q2095
Q26883701	Q2095
Q26883701	Q40050
Q26883713	Q2095
Q26884204	Q2095
Q26884204	Q40050
Q26884481	Q2095
Q268857	Q2095
Q2688605	Q2095
Q268872	Q2095
Q26897260	Q2095
Q2689896	Q2095
Q26903389	Q2095
Q2690485	Q2095
Q26905442	Q2095
Q26905442	Q40050
Q2690965	Q2095
Q269100	Q2095
Q2691193	Q2095
Q26928862	Q2095
Q26934523	Q2095
Q26936730	Q2095
Q26936760	Q2095
Q26936778	Q2095
Q26936786	Q2095
Q26936803	Q2095
Q2694645	Q2095
Q2695100	Q2095
Q2695207	Q2095
Q2696969	Q2095
Q2697699	Q2095
Q2697883	Q2095
Q26979615	Q2095
Q26994960	Q2095
Q26995253	Q2095
Q26995321	Q2095
Q26995392	Q2095
Q26996488	Q2095
Q26996564	Q2095
Q26996577	Q2095
Q26996677	Q2095
Q2700026	Q2095
Q2700187	Q2095
Q270059	Q2095
Q270059	Q40050
Q2700600	Q2095
Q2700881	Q2095
Q2700924	Q2095
Q2700924	Q40050
Q27031365	Q2095
Q27032819	Q2095
Q27038716	Q2095
Q27038733	Q2095
Q2703932	Q2095
Q27042973	Q2095
Q27042973	Q40050
Q27043034	Q2095
Q27043904	Q2095
Q27044265	Q2095
Q27045126	Q2095
Q27045126	Q40050
Q27045127	Q2095
Q27045127	Q40050
Q27045132	Q2095
Q27045132	Q40050
Q27050565	Q2095
Q27056680	Q2095
Q2705946	Q2095
Q27061537	Q2095
Q27061537	Q40050
Q2706236	Q2095
Q2706552	Q2095
Q2706552	Q40050
Q2706698	Q2095
Q2706994	Q2095
Q2708973	Q2095
Q2708973	Q40050
Q2709484	Q2095
Q2709619	Q2095
Q270997	Q2095
Q27102126	Q2095
Q27103	Q2095
Q2712621	Q2095
Q2713334	Q2095
Q2713334	Q40050
Q2713498	Q2095
Q2714248	Q2095
Q27149881	Q2095
Q27149904	Q2095
Q27149912	Q2095
Q271555	Q2095
Q2715616	Q2095
Q2715616	Q40050
Q27160227	Q2095
Q27160227	Q40050
Q27161124	Q2095
Q27161124	Q40050
Q27162085	Q2095
Q27162488	Q2095
Q2717981	Q2095
Q2718037	Q2095
Q2718594	Q2095
Q27186068	Q2095
Q2718618	Q2095
Q2718625	Q2095
Q2718953	Q2095
Q2718953	Q40050
Q2719623	Q2095
Q2719623	Q40050
Q2719638	Q2095
Q2719638	Q40050
Q2719710	Q2095
Q2719710	Q40050
Q2719719	Q2095
Q27201	Q2095
Q27201	Q40050
Q2720163	Q2095
Q2720330	Q2095
Q2720364	Q2095
Q2720364	Q40050
Q2720622	Q2095
Q27207017	Q2095
Q27207017	Q40050
Q27214547	Q2095
Q2721584	Q2095
Q2721752	Q2095
Q2721957	Q2095
Q272198	Q2095
Q2722375	Q2095
Q2722559	Q2095
Q2722814	Q2095
Q27230884	Q2095
Q27230949	Q2095
Q27230988	Q2095
Q2723131	Q2095
Q2723400	Q2095
Q2723408	Q2095
Q2723706	Q2095
Q2723794	Q2095
Q27238206	Q2095
Q2723856	Q2095
Q2723965	Q2095
Q2724236	Q2095
Q27242754	Q2095
Q27242852	Q2095
Q2724403	Q2095
Q2724403	Q40050
Q2724885	Q2095
Q272502	Q2095
Q2725639	Q2095
Q27257302	Q2095
Q2725773	Q2095
Q2725773	Q40050
Q2726262	Q2095
Q2726464	Q2095
Q27272051	Q2095
Q2727662	Q2095
Q2727944	Q2095
Q2727944	Q40050
Q2729581	Q2095
Q272964	Q2095
Q2729808	Q2095
Q273027	Q2095
Q273027	Q40050
Q2730578	Q2095
Q2731582	Q2095
Q2733021	Q2095
Q273390	Q2095
Q273390	Q40050
Q2734043	Q2095
Q2734068	Q2095
Q273426	Q2095
Q2735024	Q2095
Q2735883	Q2095
Q2735976	Q2095
Q2736146	Q2095
Q2736146	Q40050
Q2736566	Q2095
Q2736566	Q40050
Q2736716	Q2095
Q2736716	Q40050
Q2737047	Q2095
Q2737083	Q2095
Q2737608	Q2095
Q2737608	Q40050
Q2739119	Q2095
Q2739210	Q2095
Q2739539	Q2095
Q2739989	Q2095
Q2740122	Q2095
Q2740274	Q2095
Q2740922	Q2095
Q274151	Q2095
Q2742493	Q2095
Q2742714	Q2095
Q2743088	Q2095
Q2743523	Q2095
Q2743523	Q40050
Q2743558	Q2095
Q2743558	Q40050
Q2743612	Q2095
Q2743615	Q2095
Q2743615	Q40050
Q2743860	Q2095
Q2744126	Q2095
Q27442274	Q2095
Q2744433	Q2095
Q2744433	Q40050
Q2744577	Q2095
Q2745252	Q2095
Q2746056	Q2095
Q2746070	Q2095
Q2746599	Q2095
Q2746643	Q2095
Q2746948	Q2095
Q2748300	Q2095
Q2748300	Q40050
Q2748359	Q2095
Q2748641	Q2095
Q2748774	Q2095
Q2749013	Q2095
Q2749013	Q40050
Q2749134	Q2095
Q2749134	Q40050
Q2749146	Q2095
Q27493928	Q2095
Q27494280	Q2095
Q27494305	Q2095
Q27494555	Q2095
Q27494613	Q2095
Q2749852	Q2095
Q2749852	Q40050
Q27500531	Q2095
Q27500854	Q2095
Q2750311	Q2095
Q275068	Q2095
Q2751128	Q2095
Q2751223	Q2095
Q2751264	Q2095
Q2751465	Q2095
Q27516978	Q2095
Q27517100	Q2095
Q27517184	Q2095
Q2752019	Q2095
Q2752204	Q2095
Q27526227	Q2095
Q275273	Q2095
Q2754255	Q2095
Q2754255	Q40050
Q2754441	Q2095
Q2754441	Q40050
Q275508	Q2095
Q2755306	Q2095
Q275540	Q2095
Q27554584	Q2095
Q27554718	Q2095
Q27554838	Q2095
Q27554882	Q2095
Q27554971	Q2095
Q27555202	Q2095
Q27555277	Q2095
Q27555297	Q2095
Q27555355	Q2095
Q27555639	Q2095
Q27555874	Q2095
Q275621	Q2095
Q275650	Q2095
Q27565875	Q2095
Q27566245	Q2095
Q27566359	Q2095
Q27566431	Q2095
Q27566972	Q2095
Q27567101	Q2095
Q27567859	Q2095
Q27567947	Q2095
Q27568316	Q2095
Q2756864	Q2095
Q2756864	Q40050
Q27569213	Q2095
Q27569218	Q2095
Q27569223	Q2095
Q27569293	Q2095
Q2756985	Q2095
Q27572221	Q2095
Q2757253	Q2095
Q2757310	Q2095
Q27574079	Q2095
Q27574098	Q2095
Q27576302	Q2095
Q2757730	Q2095
Q2758889	Q2095
Q2760302	Q2095
Q27612779	Q2095
Q27612968	Q2095
Q27613048	Q2095
Q27613710	Q2095
Q27613750	Q2095
Q27614516	Q2095
Q27614548	Q2095
Q27614578	Q2095
Q27614607	Q2095
Q27620694	Q2095
Q276276	Q2095
Q276303	Q2095
Q2763151	Q2095
Q27632086	Q2095
Q2763500	Q2095
Q2763500	Q40050
Q27642822	Q2095
Q27642902	Q2095
Q27642953	Q2095
Q27643018	Q2095
Q27643074	Q2095
Q27643555	Q2095
Q27643676	Q2095
Q27643978	Q2095
Q27643999	Q2095
Q27645375	Q2095
Q27649643	Q2095
Q27649643	Q40050
Q27650430	Q2095
Q27651833	Q2095
Q27651833	Q40050
Q27651837	Q2095
Q27651837	Q40050
Q2765565	Q2095
Q27658833	Q2095
Q276593	Q2095
Q2766289	Q2095
Q2766624	Q2095
Q27668401	Q2095
Q27668574	Q2095
Q27670195	Q2095
Q27670249	Q2095
Q27670249	Q40050
Q27670260	Q2095
Q27670260	Q40050
Q27670710	Q2095
Q27680155	Q2095
Q27680161	Q2095
Q27680189	Q2095
Q27680257	Q2095
Q27680471	Q2095
Q27681707	Q2095
Q27681707	Q40050
Q27684623	Q2095
Q27688451	Q2095
Q27688832	Q2095
Q27690735	Q2095
Q27690735	Q40050
Q2769409	Q2095
Q2769409	Q40050
Q2769472	Q2095
Q27697	Q2095
Q27697	Q40050
Q27700466	Q2095
Q27702287	Q2095
Q27702287	Q40050
Q27702298	Q2095
Q27702298	Q40050
Q27711	Q2095
Q2771241	Q2095
Q2771664	Q2095
Q2771758	Q2095
Q2771796	Q2095
Q2771796	Q40050
Q2773786	Q2095
Q2775735	Q2095
Q2776121	Q2095
Q277628	Q2095
Q2776427	Q2095
Q2776523	Q2095
Q27775189	Q2095
Q2777639	Q2095
Q2778090	Q2095
Q277817	Q2095
Q277817	Q40050
Q2778490	Q2095
Q2778993	Q2095
Q2779050	Q2095
Q2779348	Q2095
Q2780650	Q2095
Q27813875	Q2095
Q27824390	Q2095
Q2782605	Q2095
Q27826727	Q2095
Q2782740	Q2095
Q27827676	Q2095
Q27827691	Q2095
Q27827693	Q2095
Q27827745	Q2095
Q27832188	Q2095
Q27832188	Q40050
Q2783854	Q2095
Q2784026	Q2095
Q27855	Q2095
Q27859	Q2095
Q2785975	Q2095
Q27862123	Q2095
Q27862138	Q2095
Q27862345	Q2095
Q27862521	Q2095
Q27864045	Q2095
Q2787073	Q2095
Q27876189	Q2095
Q27876232	Q2095
Q27876311	Q2095
Q27876524	Q2095
Q27876616	Q2095
Q27876877	Q2095
Q27876888	Q2095
Q27877006	Q2095
Q27877309	Q2095
Q2787923	Q2095
Q2787923	Q40050
Q278818	Q2095
Q278818	Q40050
Q27884833	Q2095
Q27885036	Q2095
Q27885038	Q2095
Q27885043	Q2095
Q27885051	Q2095
Q27885369	Q2095
Q27888035	Q2095
Q27888068	Q2095
Q27888548	Q2095
Q27888567	Q2095
Q27889343	Q2095
Q27891575	Q2095
Q27891680	Q2095
Q2789594	Q2095
Q27897344	Q2095
Q27902414	Q2095
Q27902414	Q40050
Q279034	Q2095
Q279034	Q40050
Q2790699	Q2095
Q2790699	Q40050
Q27908133	Q2095
Q27915389	Q2095
Q27919045	Q2095
Q27919053	Q2095
Q27919064	Q2095
Q27919114	Q2095
Q27919126	Q2095
Q27922436	Q2095
Q27922436	Q40050
Q2792383	Q2095
Q2792383	Q40050
Q2792509	Q2095
Q2792509	Q40050
Q27926312	Q2095
Q27926321	Q2095
Q27926380	Q2095
Q27926441	Q2095
Q27926549	Q2095
Q2793166	Q2095
Q2793630	Q2095
Q2793630	Q40050
Q27938	Q2095
Q27943369	Q2095
Q27943369	Q40050
Q2794759	Q2095
Q27950238	Q2095
Q27950256	Q2095
Q27950297	Q2095
Q27950453	Q2095
Q27950567	Q2095
Q27950582	Q2095
Q27953052	Q2095
Q27953052	Q40050
Q2795384	Q2095
Q27955349	Q2095
Q27955349	Q40050
Q2795555	Q2095
Q2795555	Q40050
Q27957328	Q2095
Q279575	Q2095
Q27958662	Q2095
Q2795949	Q2095
Q279602	Q2095
Q27960436	Q2095
Q27961089	Q2095
Q27962923	Q2095
Q27963528	Q2095
Q27963676	Q2095
Q27963899	Q2095
Q2796648	Q2095
Q279668	Q2095
Q2796766	Q2095
Q27971927	Q2095
Q27972320	Q2095
Q27972389	Q2095
Q2797271	Q2095
Q27972934	Q2095
Q2797509	Q2095
Q2798292	Q2095
Q2798292	Q40050
Q2798667	Q2095
Q27986770	Q2095
Q2799300	Q2095
Q27994917	Q2095
Q27994920	Q2095
Q27994921	Q2095
Q27994927	Q2095
Q27994930	Q2095
Q27994932	Q2095
Q27994933	Q2095
Q27994934	Q2095
Q27994935	Q2095
Q27994938	Q2095
Q27998933	Q2095
Q28002255	Q2095
Q28003909	Q2095
Q2800664	Q2095
Q2800664	Q40050
Q28006932	Q2095
Q2801583	Q2095
Q28017924	Q2095
Q28024100	Q2095
Q28024100	Q40050
Q28026148	Q2095
Q28034347	Q2095
Q280354	Q2095
Q28043781	Q2095
Q28048050	Q2095
Q2804868	Q2095
Q280531	Q2095
Q280531	Q40050
Q28054406	Q2095
Q28056723	Q2095
Q28057383	Q2095
Q2806580	Q2095
Q28067695	Q2095
Q28067695	Q40050
Q28067714	Q2095
Q28067756	Q2095
Q28067756	Q40050
Q28067862	Q2095
Q28068073	Q2095
Q28068073	Q40050
Q28068268	Q2095
Q28068311	Q2095
Q28077004	Q2095
Q28077004	Q40050
Q280823	Q2095
Q2808430	Q2095
Q28099834	Q2095
Q281	Q2095
Q281	Q40050
Q28100020	Q2095
Q28100113	Q2095
Q28100128	Q2095
Q28100194	Q2095
Q28100368	Q2095
Q28100665	Q2095
Q28100830	Q2095
Q28100865	Q2095
Q28100879	Q2095
Q28100907	Q2095
Q28100912	Q2095
Q28100918	Q2095
Q28101001	Q2095
Q28102994	Q2095
Q28124306	Q2095
Q28126631	Q2095
Q28127061	Q2095
Q28127061	Q40050
Q28127283	Q2095
Q28127283	Q40050
Q281278	Q2095
Q2813	Q2095
Q2813	Q40050
Q28130016	Q2095
Q28130462	Q2095
Q28132082	Q2095
Q28134486	Q2095
Q28134524	Q2095
Q28134919	Q2095
Q28134964	Q2095
Q28134964	Q40050
Q28135696	Q2095
Q28136385	Q2095
Q281405	Q2095
Q28148567	Q2095
Q28148818	Q2095
Q28152405	Q2095
Q28155445	Q2095
Q28155493	Q2095
Q281558	Q2095
Q28163307	Q2095
Q28163310	Q2095
Q28165	Q2095
Q2816512	Q2095
Q28169338	Q2095
Q28169436	Q2095
Q28170057	Q2095
Q28172393	Q2095
Q28173785	Q2095
Q2817428	Q2095
Q2817428	Q40050
Q281751	Q2095
Q28187073	Q2095
Q28195115	Q2095
Q28195115	Q40050
Q28195176	Q2095
Q28195176	Q40050
Q2819625	Q2095
Q28197096	Q2095
Q28197100	Q2095
Q28197119	Q2095
Q28197217	Q2095
Q28197225	Q2095
Q282	Q2095
Q282	Q40050
Q2820144	Q2095
Q2820557	Q2095
Q282085	Q2095
Q28208892	Q2095
Q28209392	Q2095
Q28209392	Q40050
Q28209638	Q2095
Q28209858	Q2095
Q28209858	Q40050
Q28220060	Q2095
Q28223173	Q2095
Q28223729	Q2095
Q28224266	Q2095
Q28224412	Q2095
Q28224446	Q2095
Q2822750	Q2095
Q282286	Q2095
Q28228815	Q2095
Q28243	Q2095
Q282507	Q2095
Q2826122	Q2095
Q2826122	Q40050
Q2826164	Q2095
Q282620	Q2095
Q2826539	Q2095
Q2826539	Q40050
Q2826769	Q2095
Q2826877	Q2095
Q2826898	Q2095
Q2826914	Q2095
Q2826915	Q2095
Q2826918	Q2095
Q2826919	Q2095
Q2826923	Q2095
Q282694	Q2095
Q2827137	Q2095
Q2827870	Q2095
Q2827870	Q40050
Q2827925	Q2095
Q2827931	Q2095
Q2828784	Q2095
Q2828872	Q2095
Q2828931	Q2095
Q282910	Q2095
Q2829131	Q2095
Q2829131	Q40050
Q2829733	Q2095
Q2829940	Q2095
Q2830455	Q2095
Q28311022	Q2095
Q28311024	Q2095
Q28311086	Q2095
Q28311086	Q40050
Q283167	Q2095
Q283167	Q40050
Q2831860	Q2095
Q283231	Q2095
Q2832487	Q2095
Q2832487	Q40050
Q28326471	Q2095
Q2832748	Q2095
Q2832748	Q40050
Q283430	Q2095
Q2834371	Q2095
Q283485	Q2095
Q2835232	Q2095
Q283543	Q2095
Q283543	Q40050
Q2835652	Q2095
Q2835706	Q2095
Q2835706	Q40050
Q2835708	Q2095
Q2835708	Q40050
Q2835709	Q2095
Q2835709	Q40050
Q2835710	Q2095
Q2835710	Q40050
Q2835711	Q2095
Q2835711	Q40050
Q2835712	Q2095
Q2835712	Q40050
Q2835714	Q2095
Q2835714	Q40050
Q2835715	Q2095
Q2835715	Q40050
Q2835717	Q2095
Q2835717	Q40050
Q2835719	Q2095
Q2835719	Q40050
Q2835720	Q2095
Q2835720	Q40050
Q2835723	Q2095
Q2835723	Q40050
Q2835725	Q2095
Q2835725	Q40050
Q2835726	Q2095
Q2835726	Q40050
Q2835729	Q2095
Q2835729	Q40050
Q2835730	Q2095
Q2835730	Q40050
Q2835733	Q2095
Q2835733	Q40050
Q2836483	Q2095
Q2836483	Q40050
Q2836914	Q2095
Q2836947	Q2095
Q2836959	Q2095
Q2837127	Q2095
Q2837167	Q2095
Q2837252	Q2095
Q283740	Q2095
Q2838270	Q2095
Q2838270	Q40050
Q2838339	Q2095
Q2838783	Q2095
Q2839137	Q2095
Q2839295	Q2095
Q2839297	Q2095
Q2839298	Q2095
Q2839299	Q2095
Q2839301	Q2095
Q2839332	Q2095
Q2839332	Q40050
Q2839404	Q2095
Q2839404	Q40050
Q2839405	Q2095
Q2839405	Q40050
Q2839456	Q2095
Q2839591	Q2095
Q284	Q2095
Q284	Q40050
Q2840061	Q2095
Q2840061	Q40050
Q28401536	Q2095
Q28402504	Q2095
Q28403082	Q2095
Q2840496	Q2095
Q2840496	Q40050
Q28407625	Q2095
Q2840947	Q2095
Q2841128	Q2095
Q2841161	Q2095
Q2841161	Q40050
Q2841189	Q2095
Q2841243	Q2095
Q2841243	Q40050
Q2841250	Q2095
Q2841250	Q40050
Q2841253	Q2095
Q2841253	Q40050
Q284135	Q2095
Q284135	Q40050
Q28413545	Q2095
Q28414546	Q2095
Q284148	Q2095
Q284148	Q40050
Q28415526	Q2095
Q28416697	Q2095
Q28416788	Q2095
Q28417699	Q2095
Q284215	Q2095
Q2842659	Q2095
Q2842670	Q2095
Q28432778	Q2095
Q2843384	Q2095
Q2843608	Q2095
Q2843641	Q2095
Q28438155	Q2095
Q28438379	Q2095
Q28445822	Q2095
Q2845	Q2095
Q28450186	Q2095
Q28452957	Q2095
Q2845304	Q2095
Q2845330	Q2095
Q28454459	Q2095
Q28454689	Q2095
Q28455245	Q2095
Q28455657	Q2095
Q28456037	Q2095
Q28456118	Q2095
Q28456209	Q2095
Q28456645	Q2095
Q28456896	Q2095
Q28456924	Q2095
Q28457520	Q2095
Q28457545	Q2095
Q28457545	Q40050
Q28458357	Q2095
Q28458357	Q40050
Q28458377	Q2095
Q28458380	Q2095
Q2846189	Q2095
Q2846190	Q2095
Q2846191	Q2095
Q284738	Q2095
Q28478316	Q2095
Q28478316	Q40050
Q284884	Q2095
Q284884	Q40050
Q28493547	Q2095
Q28494004	Q2095
Q28494177	Q2095
Q28494177	Q40050
Q28494214	Q2095
Q28495276	Q2095
Q28495800	Q2095
Q28496249	Q2095
Q28496249	Q40050
Q28497140	Q2095
Q28497140	Q40050
Q28497141	Q2095
Q28497141	Q40050
Q28497142	Q2095
Q28497142	Q40050
Q2849806	Q2095
Q284983	Q2095
Q2850122	Q2095
Q28501338	Q2095
Q2850251	Q2095
Q2850251	Q40050
Q2850259	Q2095
Q2850259	Q40050
Q2850261	Q2095
Q2850261	Q40050
Q2850350	Q2095
Q285100	Q2095
Q2851769	Q2095
Q2852639	Q2095
Q28530452	Q2095
Q28530452	Q40050
Q28530454	Q2095
Q28530454	Q40050
Q28530457	Q2095
Q28530457	Q40050
Q28533123	Q2095
Q28533123	Q40050
Q28540842	Q2095
Q285480	Q2095
Q285480	Q40050
Q2855496	Q2095
Q2855595	Q2095
Q2855637	Q2095
Q2858288	Q2095
Q2858288	Q40050
Q2858754	Q2095
Q2858960	Q2095
Q2858960	Q40050
Q2859083	Q2095
Q2859453	Q2095
Q2859651	Q2095
Q2859682	Q2095
Q2859682	Q40050
Q28604477	Q2095
Q2861174	Q2095
Q2861466	Q2095
Q2861466	Q40050
Q286189	Q2095
Q2863620	Q2095
Q286379	Q2095
Q286388	Q2095
Q2864214	Q2095
Q2864215	Q2095
Q28645639	Q2095
Q2864913	Q2095
Q28656580	Q2095
Q2865818	Q2095
Q28658490	Q2095
Q28662639	Q2095
Q286647	Q2095
Q286647	Q40050
Q28666270	Q2095
Q28666270	Q40050
Q28667641	Q2095
Q2866792	Q2095
Q28670045	Q2095
Q28670093	Q2095
Q28670462	Q2095
Q28670664	Q2095
Q28670664	Q40050
Q28670703	Q2095
Q2867155	Q2095
Q28672951	Q2095
Q28673045	Q2095
Q28675205	Q2095
Q28682513	Q2095
Q28682544	Q2095
Q28682686	Q2095
Q286829	Q2095
Q28683001	Q2095
Q28683069	Q2095
Q28683390	Q2095
Q28683469	Q2095
Q28683552	Q2095
Q28683585	Q2095
Q28683715	Q2095
Q28683805	Q2095
Q28684065	Q2095
Q28684378	Q2095
Q28684444	Q2095
Q28684540	Q2095
Q28685745	Q2095
Q28686826	Q2095
Q28687134	Q2095
Q28687780	Q2095
Q28687780	Q40050
Q28688143	Q2095
Q28689365	Q2095
Q28689510	Q2095
Q28689881	Q2095
Q28689992	Q2095
Q28691861	Q2095
Q28691861	Q40050
Q28692132	Q2095
Q28692563	Q2095
Q28692563	Q40050
Q28692608	Q2095
Q28692743	Q2095
Q28692797	Q2095
Q28693034	Q2095
Q28693320	Q2095
Q2869584	Q2095
Q2869584	Q40050
Q28700608	Q2095
Q28700608	Q40050
Q2870132	Q2095
Q28701751	Q2095
Q2870693	Q2095
Q2870693	Q40050
Q28711513	Q2095
Q28712168	Q2095
Q28715991	Q2095
Q28717391	Q2095
Q2872068	Q2095
Q28721870	Q2095
Q28721870	Q40050
Q28724652	Q2095
Q28724662	Q2095
Q28724885	Q2095
Q28724890	Q2095
Q28725121	Q2095
Q28725129	Q2095
Q28725149	Q2095
Q28725277	Q2095
Q28726278	Q2095
Q2873100	Q2095
Q2873188	Q2095
Q2873188	Q40050
Q28739942	Q2095
Q28739942	Q40050
Q28739958	Q2095
Q28739958	Q40050
Q28745369	Q2095
Q28745369	Q40050
Q2874616	Q2095
Q2874640	Q2095
Q2874640	Q40050
Q2874814	Q2095
Q28748817	Q2095
Q28752866	Q2095
Q28758669	Q2095
Q28759404	Q2095
Q28771802	Q2095
Q28771803	Q2095
Q28771804	Q2095
Q28771810	Q2095
Q28772141	Q2095
Q28772819	Q2095
Q2877510	Q2095
Q2877634	Q2095
Q2877740	Q2095
Q28777824	Q2095
Q2877843	Q2095
Q28779374	Q2095
Q28779374	Q40050
Q2878618	Q2095
Q2878697	Q2095
Q2878791	Q2095
Q28788218	Q2095
Q2879043	Q2095
Q28790536	Q2095
Q28790919	Q2095
Q2879242	Q2095
Q2879580	Q2095
Q2879580	Q40050
Q2879979	Q2095
Q2880030	Q2095
Q2880033	Q2095
Q28802529	Q2095
Q2880284	Q2095
Q28803	Q2095
Q2880559	Q2095
Q2880559	Q40050
Q2880604	Q2095
Q28806146	Q2095
Q2880722	Q2095
Q2880868	Q2095
Q2880868	Q40050
Q2880915	Q2095
Q28812188	Q2095
Q2881759	Q2095
Q2881895	Q2095
Q2881969	Q2095
Q28823175	Q2095
Q2882372	Q2095
Q2882372	Q40050
Q28823854	Q2095
Q2882387	Q2095
Q28824213	Q2095
Q2882983	Q2095
Q2883184	Q2095
Q28836677	Q2095
Q2883726	Q2095
Q28837710	Q2095
Q28838591	Q2095
Q28838591	Q40050
Q2883999	Q2095
Q2883999	Q40050
Q2884071	Q2095
Q2884088	Q2095
Q2884173	Q2095
Q2884225	Q2095
Q28843918	Q2095
Q2884546	Q2095
Q2884589	Q2095
Q28845961	Q2095
Q28845961	Q40050
Q2884672	Q2095
Q288511	Q2095
Q28854514	Q2095
Q2885517	Q2095
Q2885525	Q2095
Q2885532	Q2095
Q2886254	Q2095
Q2887617	Q2095
Q2887617	Q40050
Q2888124	Q2095
Q2888692	Q2095
Q2889371	Q2095
Q2889371	Q40050
Q2890029	Q2095
Q289005	Q2095
Q2890326	Q2095
Q2890574	Q2095
Q2891073	Q2095
Q2891081	Q2095
Q2891082	Q2095
Q2891749	Q2095
Q2891749	Q40050
Q2892071	Q2095
Q2892320	Q2095
Q2892364	Q2095
Q2892954	Q2095
Q28933182	Q2095
Q28933392	Q2095
Q2893415	Q2095
Q2893458	Q2095
Q2893649	Q2095
Q2893738	Q2095
Q28938700	Q2095
Q28939504	Q2095
Q2893975	Q2095
Q2894337	Q2095
Q28943570	Q2095
Q28943597	Q2095
Q28944427	Q2095
Q2894632	Q2095
Q2894677	Q2095
Q2894790	Q2095
Q2894814	Q2095
Q2894814	Q40050
Q2895059	Q2095
Q28950939	Q2095
Q2895095	Q2095
Q2895215	Q2095
Q2895398	Q2095
Q2895836	Q2095
Q2895911	Q2095
Q2896056	Q2095
Q2896075	Q2095
Q2896351	Q2095
Q2896374	Q2095
Q2896399	Q2095
Q28966859	Q2095
Q2896851	Q2095
Q2896851	Q40050
Q2896889	Q2095
Q28969642	Q2095
Q2897046	Q2095
Q2897047	Q2095
Q2897081	Q2095
Q2897081	Q40050
Q2897093	Q2095
Q2897288	Q2095
Q2897290	Q2095
Q2897333	Q2095
Q2897333	Q40050
Q2899201	Q2095
Q2900090	Q2095
Q2900324	Q2095
Q2900326	Q2095
Q2900327	Q2095
Q2900333	Q2095
Q2900334	Q2095
Q2900348	Q2095
Q2900844	Q2095
Q2900844	Q40050
Q2900923	Q2095
Q2901547	Q2095
Q2901605	Q2095
Q2901632	Q2095
Q29017361	Q2095
Q29019737	Q2095
Q29019793	Q2095
Q2902203	Q2095
Q290233	Q2095
Q2902433	Q2095
Q2902433	Q40050
Q29026070	Q2095
Q29026232	Q2095
Q29026942	Q2095
Q29026942	Q40050
Q29032645	Q2095
Q2903446	Q2095
Q29043105	Q2095
Q29043258	Q2095
Q29043269	Q2095
Q29043273	Q2095
Q29044417	Q2095
Q2904538	Q2095
Q2904639	Q2095
Q29048545	Q2095
Q2904894	Q2095
Q2904906	Q2095
Q2904916	Q2095
Q290493	Q2095
Q290493	Q40050
Q2904970	Q2095
Q2905014	Q2095
Q2905029	Q2095
Q2905029	Q40050
Q2905033	Q2095
Q2905033	Q40050
Q2905037	Q2095
Q2905037	Q40050
Q2905047	Q2095
Q2905047	Q40050
Q2905048	Q2095
Q2905048	Q40050
Q2905055	Q2095
Q2905055	Q40050
Q2905062	Q2095
Q2905062	Q40050
Q2905073	Q2095
Q2905073	Q40050
Q29051621	Q2095
Q29051621	Q40050
Q2905196	Q2095
Q29052719	Q2095
Q2905321	Q2095
Q2905391	Q2095
Q2905391	Q40050
Q2905495	Q2095
Q2905495	Q40050
Q2905690	Q2095
Q2905690	Q40050
Q2906012	Q2095
Q2906052	Q2095
Q2906124	Q2095
Q29062003	Q2095
Q2906397	Q2095
Q2906397	Q40050
Q29064261	Q2095
Q29064261	Q40050
Q2906471	Q2095
Q2906480	Q2095
Q2906496	Q2095
Q2906497	Q2095
Q2906530	Q2095
Q2907412	Q2095
Q2908226	Q2095
Q2908383	Q2095
Q2908820	Q2095
Q2908881	Q2095
Q2908881	Q40050
Q2909230	Q2095
Q29097744	Q2095
Q2909959	Q2095
Q2909960	Q2095
Q2909962	Q2095
Q2909979	Q2095
Q2909996	Q2095
Q2910334	Q2095
Q2910338	Q2095
Q2910403	Q2095
Q2910489	Q2095
Q2910681	Q2095
Q2910681	Q40050
Q2910687	Q2095
Q2910687	Q40050
Q2910847	Q2095
Q2911435	Q2095
Q2911553	Q2095
Q2912169	Q2095
Q29130315	Q2095
Q29130315	Q40050
Q2914322	Q2095
Q2914322	Q40050
Q2914687	Q2095
Q2914687	Q40050
Q2914862	Q2095
Q2915067	Q2095
Q2915430	Q2095
Q2915502	Q2095
Q2915519	Q2095
Q2915599	Q2095
Q2915604	Q2095
Q2915604	Q40050
Q2915670	Q2095
Q2915742	Q2095
Q2915742	Q40050
Q2915746	Q2095
Q2915783	Q2095
Q2915859	Q2095
Q2916133	Q2095
Q2916159	Q2095
Q2916235	Q2095
Q2916401	Q2095
Q2916460	Q2095
Q2916460	Q40050
Q2917139	Q2095
Q2917512	Q2095
Q2917730	Q2095
Q2917846	Q2095
Q2918079	Q2095
Q2918182	Q2095
Q2918385	Q2095
Q2918637	Q2095
Q2918735	Q2095
Q2918809	Q2095
Q2919135	Q2095
Q2919225	Q2095
Q2919495	Q2095
Q2919495	Q40050
Q2919537	Q2095
Q2919604	Q2095
Q2919666	Q2095
Q2919934	Q2095
Q2920115	Q2095
Q2920115	Q40050
Q2920132	Q2095
Q2920546	Q2095
Q2920655	Q2095
Q2920743	Q2095
Q2920743	Q40050
Q2920887	Q2095
Q2920954	Q2095
Q2920963	Q2095
Q2920968	Q2095
Q2921228	Q2095
Q2921369	Q2095
Q2921369	Q40050
Q29214	Q2095
Q2921561	Q2095
Q2921612	Q2095
Q2921630	Q2095
Q2921644	Q2095
Q2921750	Q2095
Q2921756	Q2095
Q2921757	Q2095
Q29221	Q2095
Q2922200	Q2095
Q2922217	Q2095
Q2922222	Q2095
Q2922341	Q2095
Q2922341	Q40050
Q2922370	Q2095
Q2922370	Q40050
Q2922424	Q2095
Q2922586	Q2095
Q2922667	Q2095
Q2922667	Q40050
Q2923090	Q2095
Q2923136	Q2095
Q2923227	Q2095
Q2923227	Q40050
Q2923602	Q2095
Q2923647	Q2095
Q2923704	Q2095
Q2923704	Q40050
Q2923736	Q2095
Q2923932	Q2095
Q2924275	Q2095
Q2924835	Q2095
Q2925149	Q2095
Q2925185	Q2095
Q2925187	Q2095
Q2925189	Q2095
Q2925603	Q2095
Q2925622	Q2095
Q2926295	Q2095
Q29263	Q2095
Q2926318	Q2095
Q2926353	Q2095
Q2926548	Q2095
Q2926548	Q40050
Q2927250	Q2095
Q2927288	Q2095
Q2927296	Q2095
Q2927316	Q2095
Q2927317	Q2095
Q2927317	Q40050
Q2927332	Q2095
Q2927332	Q40050
Q2928184	Q2095
Q29288	Q2095
Q29288	Q40050
Q2929377	Q2095
Q2930178	Q2095
Q293037	Q2095
Q29310616	Q2095
Q2932293	Q2095
Q2932293	Q40050
Q2932436	Q2095
Q2932523	Q2095
Q2932538	Q2095
Q29326	Q2095
Q2932621	Q2095
Q2932953	Q2095
Q2932953	Q40050
Q29330	Q2095
Q2933202	Q2095
Q2933220	Q2095
Q2933220	Q40050
Q29340	Q2095
Q2934036	Q2095
Q2934403	Q2095
Q2934521	Q2095
Q2934521	Q40050
Q2934610	Q2095
Q2934743	Q2095
Q2934745	Q2095
Q2935472	Q2095
Q2935472	Q40050
Q2935540	Q2095
Q2935540	Q40050
Q2936147	Q2095
Q2936148	Q2095
Q2936384	Q2095
Q2936423	Q2095
Q2936862	Q2095
Q2937654	Q2095
Q2937861	Q2095
Q2937862	Q2095
Q2937863	Q2095
Q2937880	Q2095
Q2937886	Q2095
Q2937903	Q2095
Q2938772	Q2095
Q2938772	Q40050
Q2938776	Q2095
Q2939736	Q2095
Q2939742	Q2095
Q2940105	Q2095
Q2940361	Q2095
Q2940367	Q2095
Q2940375	Q2095
Q2940381	Q2095
Q2940385	Q2095
Q2940387	Q2095
Q2940390	Q2095
Q2940396	Q2095
Q2941214	Q2095
Q2941302	Q2095
Q2941302	Q40050
Q2941309	Q2095
Q2941315	Q2095
Q29415	Q2095
Q2941782	Q2095
Q2943094	Q2095
Q2943094	Q40050
Q2943124	Q2095
Q2943417	Q2095
Q2943475	Q2095
Q29437	Q2095
Q29439118	Q2095
Q29439118	Q40050
Q2944217	Q2095
Q29443	Q2095
Q2944445	Q2095
Q29452616	Q2095
Q2945652	Q2095
Q2945652	Q40050
Q2946608	Q2095
Q2946608	Q40050
Q2946680	Q2095
Q29467976	Q2095
Q29468984	Q2095
Q2947221	Q2095
Q29472543	Q2095
Q2947274	Q2095
Q2947298	Q2095
Q29476	Q2095
Q29477	Q2095
Q2947936	Q2095
Q29479907	Q2095
Q2948095	Q2095
Q2948095	Q40050
Q2948480	Q2095
Q2948542	Q2095
Q2948642	Q2095
Q2948642	Q40050
Q29493	Q2095
Q29515244	Q2095
Q29515422	Q2095
Q29526	Q2095
Q295568	Q2095
Q2955932	Q2095
Q2955932	Q40050
Q2956338	Q2095
Q29574466	Q2095
Q29574466	Q40050
Q2957687	Q2095
Q2957710	Q2095
Q2957710	Q40050
Q2957865	Q2095
Q2957865	Q40050
Q29584999	Q2095
Q29585005	Q2095
Q29585008	Q2095
Q29585501	Q2095
Q29586540	Q2095
Q29586540	Q40050
Q2960151	Q2095
Q2961045	Q2095
Q2961100	Q2095
Q2961100	Q40050
Q2961427	Q2095
Q2961668	Q2095
Q2961710	Q2095
Q2961937	Q2095
Q2962662	Q2095
Q2962782	Q2095
Q2962782	Q40050
Q2963093	Q2095
Q2963354	Q2095
Q2963354	Q40050
Q2963355	Q2095
Q2963406	Q2095
Q2963409	Q2095
Q2963409	Q40050
Q2963523	Q2095
Q2963523	Q40050
Q2963582	Q2095
Q2963638	Q2095
Q2963713	Q2095
Q2963713	Q40050
Q2963789	Q2095
Q2963789	Q40050
Q2963884	Q2095
Q29640415	Q2095
Q29642090	Q2095
Q2964251	Q2095
Q2964269	Q2095
Q2964276	Q2095
Q2964495	Q2095
Q2964581	Q2095
Q2964581	Q40050
Q2964630	Q2095
Q2964635	Q2095
Q2967655	Q2095
Q2967656	Q2095
Q2967687	Q2095
Q2967687	Q40050
Q2967779	Q2095
Q2967782	Q2095
Q2968136	Q2095
Q296867	Q2095
Q29692126	Q2095
Q29692126	Q40050
Q2971383	Q2095
Q2971995	Q2095
Q2972006	Q2095
Q2972006	Q40050
Q2972012	Q2095
Q2972016	Q2095
Q2972301	Q2095
Q2972301	Q40050
Q2972303	Q2095
Q2972303	Q40050
Q2972307	Q2095
Q2972307	Q40050
Q2972310	Q2095
Q2972310	Q40050
Q2972380	Q2095
Q2972380	Q40050
Q297292	Q2095
Q297296	Q2095
Q29730484	Q2095
Q297323	Q2095
Q2973283	Q2095
Q2973323	Q2095
Q2973323	Q40050
Q2974318	Q2095
Q2974318	Q40050
Q2974607	Q2095
Q2974607	Q40050
Q2974924	Q2095
Q2975159	Q2095
Q2975159	Q40050
Q2975177	Q2095
Q2975676	Q2095
Q2975815	Q2095
Q2976457	Q2095
Q2977174	Q2095
Q2977174	Q40050
Q2978900	Q2095
Q298029	Q2095
Q2981194	Q2095
Q2981194	Q40050
Q2981197	Q2095
Q2981197	Q40050
Q2981201	Q2095
Q2981201	Q40050
Q2981206	Q2095
Q2981208	Q2095
Q2981212	Q2095
Q2981275	Q2095
Q2981323	Q2095
Q2981339	Q2095
Q2981358	Q2095
Q2981378	Q2095
Q2981378	Q40050
Q2981415	Q2095
Q2981822	Q2095
Q2982356	Q2095
Q2982749	Q2095
Q2982755	Q2095
Q2983045	Q2095
Q2983045	Q40050
Q2983151	Q2095
Q2983151	Q40050
Q2983344	Q2095
Q2983344	Q40050
Q2983452	Q2095
Q2983452	Q40050
Q2983740	Q2095
Q2983740	Q40050
Q2984051	Q2095
Q2984051	Q40050
Q29840885	Q2095
Q2984163	Q2095
Q2984188	Q2095
Q29842230	Q2095
Q29842230	Q40050
Q29842232	Q2095
Q29842232	Q40050
Q2984308	Q2095
Q2984414	Q2095
Q2984652	Q2095
Q2984665	Q2095
Q2985347	Q2095
Q2986506	Q2095
Q2987371	Q2095
Q29886971	Q2095
Q29887669	Q2095
Q29887670	Q2095
Q2989610	Q2095
Q29898848	Q2095
Q29898848	Q40050
Q2991076	Q2095
Q2991076	Q40050
Q2991609	Q2095
Q2991609	Q40050
Q2991822	Q2095
Q29920362	Q2095
Q2992083	Q2095
Q2992098	Q2095
Q2992098	Q40050
Q2992326	Q2095
Q2992326	Q40050
Q2992507	Q2095
Q2992508	Q2095
Q2992510	Q2095
Q2992511	Q2095
Q2992515	Q2095
Q2993015	Q2095
Q2993059	Q2095
Q2993059	Q40050
Q2993311	Q2095
Q29933566	Q2095
Q29944665	Q2095
Q29944733	Q2095
Q29944733	Q40050
Q29944818	Q2095
Q2994603	Q2095
Q2994603	Q40050
Q2995529	Q2095
Q29957571	Q2095
Q2996033	Q2095
Q29960670	Q2095
Q2996379	Q2095
Q2996393	Q2095
Q2996775	Q2095
Q2996775	Q40050
Q2996854	Q2095
Q2996890	Q2095
Q2996891	Q2095
Q2996892	Q2095
Q2996903	Q2095
Q2996934	Q2095
Q2996947	Q2095
Q2996948	Q2095
Q2997013	Q2095
Q2997071	Q2095
Q2997071	Q40050
Q2997219	Q2095
Q2997219	Q40050
Q2997562	Q2095
Q2997562	Q40050
Q2997592	Q2095
Q2998026	Q2095
Q2998137	Q2095
Q2998459	Q2095
Q2998459	Q40050
Q2998538	Q2095
Q2998538	Q40050
Q2998541	Q2095
Q2998541	Q40050
Q2998542	Q2095
Q2998542	Q40050
Q2998543	Q2095
Q2998543	Q40050
Q2998544	Q2095
Q2998544	Q40050
Q2998545	Q2095
Q2998545	Q40050
Q2998546	Q2095
Q2998546	Q40050
Q2998548	Q2095
Q2998548	Q40050
Q2998551	Q2095
Q2998551	Q40050
Q2998552	Q2095
Q2998552	Q40050
Q2998554	Q2095
Q2998554	Q40050
Q2998555	Q2095
Q2998555	Q40050
Q2998556	Q2095
Q2998556	Q40050
Q2998566	Q2095
Q2998597	Q2095
Q2998646	Q2095
Q2998704	Q2095
Q2998750	Q2095
Q2998876	Q2095
Q29994334	Q2095
Q29994343	Q2095
Q30004878	Q2095
Q30005067	Q2095
Q30005082	Q2095
Q30005092	Q2095
Q30014028	Q2095
Q3001478	Q2095
Q3001487	Q2095
Q3001611	Q2095
Q3001949	Q2095
Q3002088	Q2095
Q3002364	Q2095
Q3002488	Q2095
Q3002684	Q2095
Q3002792	Q2095
Q3003734	Q2095
Q3003739	Q2095
Q30038881	Q2095
Q30038886	Q2095
Q30038889	Q2095
Q30043825	Q2095
Q30043825	Q40050
Q30043849	Q2095
Q30043849	Q40050
Q30043860	Q2095
Q30043860	Q40050
Q30043882	Q2095
Q30043882	Q40050
Q30043919	Q2095
Q30043919	Q40050
Q30043962	Q2095
Q30043962	Q40050
Q30043999	Q2095
Q30043999	Q40050
Q3005443	Q2095
Q3005446	Q2095
Q3005490	Q2095
Q3006006	Q2095
Q3006006	Q40050
Q3006030	Q2095
Q3006030	Q40050
Q3006036	Q2095
Q3006041	Q2095
Q3006041	Q40050
Q3006043	Q2095
Q3006047	Q2095
Q3006051	Q2095
Q30061155	Q2095
Q3006251	Q2095
Q3006251	Q40050
Q3006252	Q2095
Q3006252	Q40050
Q3006261	Q2095
Q3006297	Q2095
Q3006330	Q2095
Q3006332	Q2095
Q3006731	Q2095
Q3006733	Q2095
Q3006739	Q2095
Q3006821	Q2095
Q300725	Q2095
Q3007617	Q2095
Q3007961	Q2095
Q3007961	Q40050
Q3007970	Q2095
Q3007970	Q40050
Q30082164	Q2095
Q300828	Q2095
Q30089578	Q2095
Q30090683	Q2095
Q30094632	Q2095
Q300959	Q2095
Q3009948	Q2095
Q3010331	Q2095
Q3010331	Q40050
Q3010553	Q2095
Q3010553	Q40050
Q3010613	Q2095
Q3010613	Q40050
Q3010713	Q2095
Q3010713	Q40050
Q3010716	Q2095
Q3010716	Q40050
Q3010717	Q2095
Q3010717	Q40050
Q3010718	Q2095
Q3010718	Q40050
Q3010719	Q2095
Q3010719	Q40050
Q3010724	Q2095
Q3010724	Q40050
Q3010726	Q2095
Q3010726	Q40050
Q3010732	Q2095
Q3010732	Q40050
Q30114244	Q2095
Q3012619	Q2095
Q3012619	Q40050
Q30130167	Q2095
Q30130167	Q40050
Q3013199	Q2095
Q30133162	Q2095
Q30133162	Q40050
Q3013426	Q2095
Q3015026	Q2095
Q3015203	Q2095
Q3015203	Q40050
Q30156774	Q2095
Q301587	Q2095
Q3016156	Q2095
Q3016776	Q2095
Q30186	Q2095
Q3019074	Q2095
Q302169	Q2095
Q3022124	Q2095
Q3023522	Q2095
Q3023522	Q40050
Q3023574	Q2095
Q3024356	Q2095
Q3024362	Q2095
Q3025831	Q2095
Q3026484	Q2095
Q3027539	Q2095
Q3027771	Q2095
Q3028160	Q2095
Q3028666	Q2095
Q302947	Q2095
Q3029797	Q2095
Q30308756	Q2095
Q30312707	Q2095
Q30312832	Q2095
Q3031313	Q2095
Q30314030	Q2095
Q30314030	Q40050
Q30314348	Q2095
Q30314406	Q2095
Q30314406	Q40050
Q30315063	Q2095
Q30315063	Q40050
Q3032201	Q2095
Q3032267	Q2095
Q3032281	Q2095
Q30323962	Q2095
Q30323962	Q40050
Q30324189	Q2095
Q30324814	Q2095
Q30324861	Q2095
Q30324861	Q40050
Q30324930	Q2095
Q30325089	Q2095
Q3032887	Q2095
Q3033269	Q2095
Q3033872	Q2095
Q30343466	Q2095
Q30347812	Q2095
Q30347812	Q40050
Q3034906	Q2095
Q30349443	Q2095
Q30349443	Q40050
Q303669	Q2095
Q3037288	Q2095
Q3038270	Q2095
Q3038279	Q2095
Q303831	Q2095
Q303831	Q40050
Q3038727	Q2095
Q3038727	Q40050
Q3039	Q2095
Q3039538	Q2095
Q303956	Q2095
Q3041144	Q2095
Q3041147	Q2095
Q3041452	Q2095
Q3041621	Q2095
Q3042221	Q2095
Q3042275	Q2095
Q3042275	Q40050
Q3042471	Q2095
Q3043331	Q2095
Q3043479	Q2095
Q3043479	Q40050
Q3044475	Q2095
Q3044741	Q2095
Q3045165	Q2095
Q3046286	Q2095
Q3046688	Q2095
Q3046688	Q40050
Q3046691	Q2095
Q3046691	Q40050
Q3046717	Q2095
Q3046717	Q40050
Q3046837	Q2095
Q3046839	Q2095
Q30470787	Q2095
Q304868	Q2095
Q3049255	Q2095
Q3049308	Q2095
Q3049308	Q40050
Q3049492	Q2095
Q3049492	Q40050
Q304992	Q2095
Q304992	Q40050
Q3050331	Q2095
Q3051278	Q2095
Q3051500	Q2095
Q3051536	Q2095
Q3051553	Q2095
Q3052288	Q2095
Q30524428	Q2095
Q3053172	Q2095
Q3053239	Q2095
Q3053239	Q40050
Q305329	Q2095
Q3053356	Q2095
Q3053356	Q40050
Q3053734	Q2095
Q3053970	Q2095
Q3053970	Q40050
Q3054106	Q2095
Q3054236	Q2095
Q3054236	Q40050
Q3054613	Q2095
Q3054617	Q2095
Q3055053	Q2095
Q3056003	Q2095
Q3056190	Q2095
Q3056190	Q40050
Q3056521	Q2095
Q3057388	Q2095
Q3057388	Q40050
Q3057964	Q2095
Q3058099	Q2095
Q3058285	Q2095
Q3058542	Q2095
Q3058542	Q40050
Q3058650	Q2095
Q30587714	Q2095
Q30587928	Q2095
Q30587928	Q40050
Q30589822	Q2095
Q3059027	Q2095
Q30591224	Q2095
Q30591413	Q2095
Q30591413	Q40050
Q30591503	Q2095
Q30591528	Q2095
Q30593259	Q2095
Q3059368	Q2095
Q30594208	Q2095
Q30595364	Q2095
Q30595567	Q2095
Q30595567	Q40050
Q30595699	Q2095
Q30595699	Q40050
Q30598879	Q2095
Q30599640	Q2095
Q30599785	Q2095
Q30600188	Q2095
Q30601194	Q2095
Q30601194	Q40050
Q30606500	Q2095
Q30607840	Q2095
Q30612547	Q2095
Q30612700	Q2095
Q3061795	Q2095
Q3062603	Q2095
Q30634372	Q2095
Q30635271	Q2095
Q30635290	Q2095
Q30635685	Q2095
Q3063582	Q2095
Q3063582	Q40050
Q30635944	Q2095
Q30636185	Q2095
Q30636888	Q2095
Q30637566	Q2095
Q30637897	Q2095
Q30637897	Q40050
Q30638033	Q2095
Q30638033	Q40050
Q3064010	Q2095
Q3064010	Q40050
Q3064208	Q2095
Q3064208	Q40050
Q3064423	Q2095
Q3064521	Q2095
Q3064521	Q40050
Q3064595	Q2095
Q3064619	Q2095
Q30646348	Q2095
Q3064709	Q2095
Q3064709	Q40050
Q3064798	Q2095
Q3064808	Q2095
Q3064808	Q40050
Q3064828	Q2095
Q3064852	Q2095
Q30650470	Q2095
Q3065399	Q2095
Q306540	Q2095
Q3065492	Q2095
Q3066793	Q2095
Q3066798	Q2095
Q3066802	Q2095
Q30668356	Q2095
Q30668356	Q40050
Q3066921	Q2095
Q3066924	Q2095
Q3066926	Q2095
Q3066928	Q2095
Q3066930	Q2095
Q3066933	Q2095
Q3066934	Q2095
Q3066980	Q2095
Q3067076	Q2095
Q30671978	Q2095
Q30672119	Q2095
Q30674376	Q2095
Q30674376	Q40050
Q30680430	Q2095
Q3068074	Q2095
Q30681252	Q2095
Q3068209	Q2095
Q30682876	Q2095
Q3068450	Q2095
Q30687433	Q2095
Q306912	Q2095
Q30693338	Q2095
Q3069725	Q2095
Q3069725	Q40050
Q30698	Q2095
Q3070079	Q2095
Q3070079	Q40050
Q3070155	Q2095
Q30703616	Q2095
Q3070462	Q2095
Q3071336	Q2095
Q3071347	Q2095
Q30715522	Q2095
Q3071602	Q2095
Q3071602	Q40050
Q3071782	Q2095
Q3072333	Q2095
Q3072558	Q2095
Q3072558	Q40050
Q3072703	Q2095
Q3073161	Q2095
Q3073285	Q2095
Q3073328	Q2095
Q3073413	Q2095
Q3073449	Q2095
Q3073747	Q2095
Q3073747	Q40050
Q30737789	Q2095
Q30738969	Q2095
Q30739481	Q2095
Q30739675	Q2095
Q30739922	Q2095
Q3074271	Q2095
Q3074296	Q2095
Q3074296	Q40050
Q3074319	Q2095
Q30744378	Q2095
Q3074713	Q2095
Q3074737	Q2095
Q30748131	Q2095
Q30748759	Q2095
Q30749722	Q2095
Q3075310	Q2095
Q3075324	Q2095
Q3075365	Q2095
Q3075922	Q2095
Q3075924	Q2095
Q3075928	Q2095
Q3075930	Q2095
Q3075931	Q2095
Q3075937	Q2095
Q3075940	Q2095
Q3076217	Q2095
Q3076217	Q40050
Q3076339	Q2095
Q3076442	Q2095
Q3077304	Q2095
Q3077413	Q2095
Q3079990	Q2095
Q3079990	Q40050
Q3080065	Q2095
Q3080069	Q2095
Q3080398	Q2095
Q3080408	Q2095
Q3080422	Q2095
Q3080505	Q2095
Q3081025	Q2095
Q3081857	Q2095
Q3082960	Q2095
Q3082960	Q40050
Q3082973	Q2095
Q3083019	Q2095
Q3083056	Q2095
Q3083513	Q2095
Q3085085	Q2095
Q3087607	Q2095
Q3087626	Q2095
Q3087627	Q2095
Q3087634	Q2095
Q3087635	Q2095
Q3087787	Q2095
Q3087963	Q2095
Q3088205	Q2095
Q3088205	Q40050
Q3088299	Q2095
Q3088300	Q2095
Q3088301	Q2095
Q3088305	Q2095
Q3088307	Q2095
Q3088311	Q2095
Q3088314	Q2095
Q3088315	Q2095
Q3088318	Q2095
Q3088320	Q2095
Q3088322	Q2095
Q3088323	Q2095
Q3088324	Q2095
Q3088326	Q2095
Q3088328	Q2095
Q3088330	Q2095
Q3088336	Q2095
Q3088340	Q2095
Q3088345	Q2095
Q3088349	Q2095
Q3088351	Q2095
Q3088354	Q2095
Q3088357	Q2095
Q3088358	Q2095
Q3088359	Q2095
Q3088360	Q2095
Q3088361	Q2095
Q3088365	Q2095
Q3088370	Q2095
Q3088371	Q2095
Q3088373	Q2095
Q3088374	Q2095
Q3088375	Q2095
Q30888235	Q2095
Q30888287	Q2095
Q30888659	Q2095
Q3088941	Q2095
Q30889458	Q2095
Q30890348	Q2095
Q30890453	Q2095
Q30892167	Q2095
Q3089305	Q2095
Q3089309	Q2095
Q3089321	Q2095
Q30896259	Q2095
Q30896744	Q2095
Q30897054	Q2095
Q30897420	Q2095
Q30899794	Q2095
Q30900471	Q2095
Q30901851	Q2095
Q30902187	Q2095
Q30902187	Q40050
Q3090464	Q2095
Q3090464	Q40050
Q3090471	Q2095
Q3090473	Q2095
Q3090479	Q2095
Q3090697	Q2095
Q3090697	Q40050
Q30908866	Q2095
Q30908893	Q2095
Q3090896	Q2095
Q30908992	Q2095
Q30908993	Q2095
Q30908993	Q40050
Q3091063	Q2095
Q3091063	Q40050
Q3091371	Q2095
Q3091399	Q2095
Q30914674	Q2095
Q30915455	Q2095
Q30919660	Q2095
Q30921814	Q2095
Q30922199	Q2095
Q30922302	Q2095
Q30922465	Q2095
Q30922538	Q2095
Q30922538	Q40050
Q30922568	Q2095
Q30922606	Q2095
Q30922606	Q40050
Q30922971	Q2095
Q30923003	Q2095
Q3092323	Q2095
Q3092323	Q40050
Q30924177	Q2095
Q30924193	Q2095
Q30924193	Q40050
Q30924523	Q2095
Q3092517	Q2095
Q30925252	Q2095
Q30925424	Q2095
Q30925932	Q2095
Q30925932	Q40050
Q30925934	Q2095
Q30925934	Q40050
Q30926071	Q2095
Q30926611	Q2095
Q3092677	Q2095
Q3092688	Q2095
Q3092688	Q40050
Q30927481	Q2095
Q30927481	Q40050
Q30927500	Q2095
Q30927733	Q2095
Q3092802	Q2095
Q3092804	Q2095
Q30928057	Q2095
Q30928057	Q40050
Q30928275	Q2095
Q30931792	Q2095
Q30932299	Q2095
Q30932299	Q40050
Q30934934	Q2095
Q30937607	Q2095
Q30940906	Q2095
Q3094212	Q2095
Q3094212	Q40050
Q3094372	Q2095
Q3094372	Q40050
Q30945773	Q2095
Q30945773	Q40050
Q3094706	Q2095
Q3094707	Q2095
Q3094708	Q2095
Q3094709	Q2095
Q3094713	Q2095
Q30947464	Q2095
Q30947497	Q2095
Q3094845	Q2095
Q3094845	Q40050
Q3094881	Q2095
Q30949457	Q2095
Q3095008	Q2095
Q3095304	Q2095
Q3095358	Q2095
Q3095358	Q40050
Q3095449	Q2095
Q30957511	Q2095
Q3098712	Q2095
Q3099247	Q2095
Q3099350	Q2095
Q3099408	Q2095
Q3099411	Q2095
Q3099412	Q2095
Q3099553	Q2095
Q3099801	Q2095
Q3100187	Q2095
Q3100187	Q40050
Q3100869	Q2095
Q3100869	Q40050
Q3104160	Q2095
Q3104710	Q2095
Q3104710	Q40050
Q3104721	Q2095
Q3104777	Q2095
Q3104906	Q2095
Q3104931	Q2095
Q3106401	Q2095
Q3106774	Q2095
Q3106774	Q40050
Q31073300	Q2095
Q31073311	Q2095
Q3107721	Q2095
Q31078296	Q2095
Q3107885	Q2095
Q3108210	Q2095
Q3108210	Q40050
Q3108252	Q2095
Q3108255	Q2095
Q3108258	Q2095
Q31085950	Q2095
Q31086249	Q2095
Q31087525	Q2095
Q31087525	Q40050
Q3108889	Q2095
Q3109041	Q2095
Q3109061	Q2095
Q3109061	Q40050
Q31091075	Q2095
Q31091703	Q2095
Q31091703	Q40050
Q31092813	Q2095
Q31094520	Q2095
Q3110068	Q2095
Q3110111	Q2095
Q3110111	Q40050
Q3110123	Q2095
Q3110126	Q2095
Q3110126	Q40050
Q3111390	Q2095
Q3111568	Q2095
Q3111664	Q2095
Q3111735	Q2095
Q3111748	Q2095
Q3112529	Q2095
Q3113314	Q2095
Q3113495	Q2095
Q3114836	Q2095
Q3115198	Q2095
Q3115210	Q2095
Q3115701	Q2095
Q3115711	Q2095
Q3115731	Q2095
Q3115753	Q2095
Q3115753	Q40050
Q3115900	Q2095
Q3116118	Q2095
Q3116118	Q40050
Q3116402	Q2095
Q3116427	Q2095
Q3116472	Q2095
Q3116568	Q2095
Q3116606	Q2095
Q3116771	Q2095
Q3116771	Q40050
Q3116808	Q2095
Q3116870	Q2095
Q3116970	Q2095
Q3116999	Q2095
Q3117044	Q2095
Q31172805	Q2095
Q31173193	Q2095
Q31173369	Q2095
Q31173508	Q2095
Q31173765	Q2095
Q3117456	Q2095
Q31177479	Q2095
Q31179347	Q2095
Q31180459	Q2095
Q31181560	Q2095
Q31181560	Q40050
Q3118260	Q2095
Q3118343	Q2095
Q3118343	Q40050
Q31185698	Q2095
Q3118928	Q2095
Q31191800	Q2095
Q31191800	Q40050
Q31197957	Q2095
Q31198356	Q2095
Q31203818	Q2095
Q3120773	Q2095
Q3121375	Q2095
Q3122402	Q2095
Q3122795	Q2095
Q3122799	Q2095
Q3122800	Q2095
Q3122803	Q2095
Q3122804	Q2095
Q3122805	Q2095
Q3122807	Q2095
Q3122808	Q2095
Q3122810	Q2095
Q3122812	Q2095
Q3122813	Q2095
Q3122815	Q2095
Q3122937	Q2095
Q3123047	Q2095
Q3125478	Q2095
Q3125526	Q2095
Q3125942	Q2095
Q3126044	Q2095
Q3126187	Q2095
Q3126187	Q40050
Q3127261	Q2095
Q3127419	Q2095
Q3127445	Q2095
Q3127593	Q2095
Q312766	Q2095
Q31281129	Q2095
Q3128322	Q2095
Q3128322	Q40050
Q312839	Q2095
Q3128436	Q2095
Q3128436	Q40050
Q3128437	Q2095
Q3128437	Q40050
Q3128613	Q2095
Q3128613	Q40050
Q3128749	Q2095
Q3128749	Q40050
Q31294059	Q2095
Q31294059	Q40050
Q3129728	Q2095
Q3129784	Q2095
Q3130280	Q2095
Q3130280	Q40050
Q31305	Q2095
Q3130991	Q2095
Q3130991	Q40050
Q3133335	Q2095
Q3133597	Q2095
Q3133834	Q2095
Q3133834	Q40050
Q31352561	Q2095
Q3135358	Q2095
Q3136951	Q2095
Q3137793	Q2095
Q3138826	Q2095
Q3140005	Q2095
Q3140024	Q2095
Q3141050	Q2095
Q3141053	Q2095
Q3141360	Q2095
Q3142679	Q2095
Q3142679	Q40050
Q3142820	Q2095
Q3142822	Q2095
Q3142825	Q2095
Q3142826	Q2095
Q3142827	Q2095
Q3142840	Q2095
Q3142980	Q2095
Q3143131	Q2095
Q3143234	Q2095
Q3143374	Q2095
Q314489	Q2095
Q314491	Q2095
Q314500	Q2095
Q314529	Q2095
Q314588	Q2095
Q314612	Q2095
Q3146449	Q2095
Q3148632	Q2095
Q31511	Q2095
Q31511	Q40050
Q315295	Q2095
Q3154282	Q2095
Q3154282	Q40050
Q315508	Q2095
Q3155614	Q2095
Q3155614	Q40050
Q3155985	Q2095
Q3157309	Q2095
Q3157309	Q40050
Q3160836	Q2095
Q3160837	Q2095
Q3160840	Q2095
Q3160843	Q2095
Q3160844	Q2095
Q3160845	Q2095
Q3160846	Q2095
Q3160847	Q2095
Q3160848	Q2095
Q3160850	Q2095
Q316244	Q2095
Q31625	Q2095
Q31625	Q40050
Q316561	Q2095
Q316871	Q2095
Q316871	Q40050
Q31724514	Q2095
Q31724928	Q2095
Q3173932	Q2095
Q31740176	Q2095
Q3174775	Q2095
Q3174775	Q40050
Q31747842	Q2095
Q31747842	Q40050
Q31749344	Q2095
Q31752653	Q2095
Q31754646	Q2095
Q3176373	Q2095
Q3176373	Q40050
Q3177204	Q2095
Q3177408	Q2095
Q317781	Q2095
Q317872	Q2095
Q3179181	Q2095
Q3179181	Q40050
Q31801023	Q2095
Q31802482	Q2095
Q31802482	Q40050
Q3180338	Q2095
Q3180906	Q2095
Q3180906	Q40050
Q3180957	Q2095
Q3181909	Q2095
Q3181931	Q2095
Q31822160	Q2095
Q3182797	Q2095
Q3182797	Q40050
Q31829636	Q2095
Q31830399	Q2095
Q3183107	Q2095
Q3183247	Q2095
Q3183248	Q2095
Q31835050	Q2095
Q3183516	Q2095
Q3183555	Q2095
Q3183584	Q2095
Q31836589	Q2095
Q31836593	Q2095
Q31836601	Q2095
Q31836601	Q40050
Q31836618	Q2095
Q31837117	Q2095
Q31837415	Q2095
Q31837415	Q40050
Q31837552	Q2095
Q31837707	Q2095
Q31837746	Q2095
Q31837755	Q2095
Q31839204	Q2095
Q31839204	Q40050
Q31839438	Q2095
Q3183966	Q2095
Q31839721	Q2095
Q3184014	Q2095
Q3184021	Q2095
Q3184038	Q2095
Q31841934	Q2095
Q31841934	Q40050
Q31841935	Q2095
Q31841935	Q40050
Q31842012	Q2095
Q31842012	Q40050
Q31842068	Q2095
Q31842068	Q40050
Q31842077	Q2095
Q31842077	Q40050
Q31842348	Q2095
Q31842348	Q40050
Q31842355	Q2095
Q31842355	Q40050
Q31842563	Q2095
Q31842563	Q40050
Q31843329	Q2095
Q3185392	Q2095
Q3187141	Q2095
Q3187141	Q40050
Q3187926	Q2095
Q3187943	Q2095
Q3188294	Q2095
Q31883707	Q2095
Q31884179	Q2095
Q31884780	Q2095
Q31887046	Q2095
Q31887360	Q2095
Q31888072	Q2095
Q31888154	Q2095
Q31892318	Q2095
Q31892497	Q2095
Q31895895	Q2095
Q31896174	Q2095
Q31896543	Q2095
Q3189725	Q2095
Q31898202	Q2095
Q3189940	Q2095
Q3190024	Q2095
Q3190024	Q40050
Q3190226	Q2095
Q3190226	Q40050
Q3191108	Q2095
Q3191122	Q2095
Q3191139	Q2095
Q3191665	Q2095
Q3192044	Q2095
Q3192094	Q2095
Q3192149	Q2095
Q3192476	Q2095
Q3192599	Q2095
Q31930718	Q2095
Q31930768	Q2095
Q3193141	Q2095
Q3193704	Q2095
Q3193704	Q40050
Q3193775	Q2095
Q3193775	Q40050
Q319435	Q2095
Q3194531	Q2095
Q3194888	Q2095
Q3195296	Q2095
Q3195568	Q2095
Q3195575	Q2095
Q3195575	Q40050
Q3196097	Q2095
Q3196384	Q2095
Q3196927	Q2095
Q319716	Q2095
Q3197322	Q2095
Q3197322	Q40050
Q3197323	Q2095
Q3197323	Q40050
Q3197332	Q2095
Q3197476	Q2095
Q3197615	Q2095
Q3197615	Q40050
Q3197657	Q2095
Q3197958	Q2095
Q319800	Q2095
Q3198369	Q2095
Q3198836	Q2095
Q3199254	Q2095
Q3199361	Q2095
Q3199361	Q40050
Q3200090	Q2095
Q3200265	Q2095
Q3201055	Q2095
Q3201063	Q2095
Q3201063	Q40050
Q3201107	Q2095
Q3202304	Q2095
Q320238	Q2095
Q3203187	Q2095
Q3205924	Q2095
Q3206076	Q2095
Q3206239	Q2095
Q3206239	Q40050
Q320657	Q2095
Q3210824	Q2095
Q3211448	Q2095
Q321263	Q2095
Q321263	Q40050
Q321342	Q2095
Q321356	Q2095
Q3213934	Q2095
Q32153719	Q2095
Q3215969	Q2095
Q3215969	Q40050
Q3216031	Q2095
Q32164159	Q2095
Q3216660	Q2095
Q3216660	Q40050
Q3217353	Q2095
Q3217353	Q40050
Q3217743	Q2095
Q3217888	Q2095
Q321797	Q2095
Q3218006	Q2095
Q3218598	Q2095
Q3218598	Q40050
Q3219608	Q2095
Q3219608	Q40050
Q3219822	Q2095
Q3219822	Q40050
Q3219860	Q2095
Q3220047	Q2095
Q3220237	Q2095
Q3220669	Q2095
Q3221428	Q2095
Q3222418	Q2095
Q3224160	Q2095
Q3224820	Q2095
Q3225331	Q2095
Q322787	Q2095
Q3227871	Q2095
Q3227975	Q2095
Q3228690	Q2095
Q3228722	Q2095
Q3228732	Q2095
Q3228734	Q2095
Q322899	Q2095
Q3229521	Q2095
Q3229524	Q2095
Q3229527	Q2095
Q3229775	Q2095
Q3230686	Q2095
Q323225	Q2095
Q3232603	Q2095
Q3233785	Q2095
Q3234931	Q2095
Q3234952	Q2095
Q3235831	Q2095
Q32361667	Q2095
Q3236175	Q2095
Q323635	Q2095
Q3237250	Q2095
Q3237597	Q2095
Q3237794	Q2095
Q3237934	Q2095
Q3238049	Q2095
Q3238238	Q2095
Q3238376	Q2095
Q3239751	Q2095
Q3240149	Q2095
Q3241046	Q2095
Q3241198	Q2095
Q3241200	Q2095
Q3241599	Q2095
Q3242158	Q2095
Q3242270	Q2095
Q3242270	Q40050
Q3242283	Q2095
Q3242283	Q40050
Q3242284	Q2095
Q3242284	Q40050
Q3242287	Q2095
Q3242287	Q40050
Q3242328	Q2095
Q3242328	Q40050
Q3242685	Q2095
Q3243039	Q2095
Q3243039	Q40050
Q3243069	Q2095
Q3243732	Q2095
Q3243750	Q2095
Q3244647	Q2095
Q3245008	Q2095
Q3245008	Q40050
Q3246340	Q2095
Q3246353	Q2095
Q3246353	Q40050
Q3246609	Q2095
Q3246609	Q40050
Q3246820	Q2095
Q3247788	Q2095
Q32488645	Q2095
Q3249406	Q2095
Q3249406	Q40050
Q3250421	Q2095
Q3250451	Q2095
Q3256676	Q2095
Q3257120	Q2095
Q3257494	Q2095
Q3257634	Q2095
Q325765	Q2095
Q3257793	Q2095
Q32585145	Q2095
Q3259068	Q2095
Q3259395	Q2095
Q3259594	Q2095
Q3260142	Q2095
Q3260187	Q2095
Q3260452	Q2095
Q326061	Q2095
Q326061	Q40050
Q3262593	Q2095
Q3262593	Q40050
Q3265374	Q2095
Q3265866	Q2095
Q3265965	Q2095
Q3267482	Q2095
Q3268	Q2095
Q3268	Q40050
Q326900	Q2095
Q3269362	Q2095
Q3269528	Q2095
Q3269618	Q2095
Q3269640	Q2095
Q3269640	Q40050
Q3269753	Q2095
Q3269812	Q2095
Q3269818	Q2095
Q3270102	Q2095
Q3270149	Q2095
Q3270297	Q2095
Q3270660	Q2095
Q3270660	Q40050
Q3270725	Q2095
Q3270822	Q2095
Q327115	Q2095
Q3271515	Q2095
Q3272044	Q2095
Q3272159	Q2095
Q3272160	Q2095
Q3272827	Q2095
Q3272930	Q2095
Q3273096	Q2095
Q327316	Q2095
Q3273642	Q2095
Q3273732	Q2095
Q3273854	Q2095
Q3273951	Q2095
Q3273961	Q2095
Q3274058	Q2095
Q3274068	Q2095
Q3274070	Q2095
Q3274123	Q2095
Q3274123	Q40050
Q3274645	Q2095
Q3275065	Q2095
Q3275065	Q40050
Q3275270	Q2095
Q3275425	Q2095
Q3275425	Q40050
Q3275558	Q2095
Q3275606	Q2095
Q3275692	Q2095
Q3275782	Q2095
Q3275951	Q2095
Q32759803	Q2095
Q3276353	Q2095
Q3276660	Q2095
Q3277015	Q2095
Q3277130	Q2095
Q3277130	Q40050
Q3277312	Q2095
Q3277312	Q40050
Q3277395	Q2095
Q3277405	Q2095
Q3277835	Q2095
Q3278369	Q2095
Q3281551	Q2095
Q328178	Q2095
Q3282218	Q2095
Q3284946	Q2095
Q3284946	Q40050
Q3285477	Q2095
Q3285477	Q40050
Q3285873	Q2095
Q3285873	Q40050
Q328709	Q2095
Q3287154	Q2095
Q3287154	Q40050
Q3287444	Q2095
Q3287444	Q40050
Q3287467	Q2095
Q32890	Q2095
Q328914	Q2095
Q328914	Q40050
Q3290033	Q2095
Q3290033	Q40050
Q3290483	Q2095
Q329052	Q2095
Q3290568	Q2095
Q3290783	Q2095
Q3292555	Q2095
Q3293287	Q2095
Q3293380	Q2095
Q3294501	Q2095
Q32945376	Q2095
Q3294977	Q2095
Q3294977	Q40050
Q3295382	Q2095
Q3296415	Q2095
Q3296477	Q2095
Q3296477	Q40050
Q3296567	Q2095
Q3296760	Q2095
Q3297247	Q2095
Q3297569	Q2095
Q3297590	Q2095
Q3297590	Q40050
Q32977	Q2095
Q3298417	Q2095
Q3298630	Q2095
Q32996302	Q2095
Q3300072	Q2095
Q3300261	Q2095
Q3300261	Q40050
Q3301197	Q2095
Q3301328	Q2095
Q3301394	Q2095
Q3302086	Q2095
Q3302750	Q2095
Q3302944	Q2095
Q3303152	Q2095
Q3303152	Q40050
Q3303481	Q2095
Q3303492	Q2095
Q3303725	Q2095
Q3304394	Q2095
Q3304590	Q2095
Q3304605	Q2095
Q3304608	Q2095
Q3304608	Q40050
Q3304952	Q2095
Q3305189	Q2095
Q3305202	Q2095
Q3305465	Q2095
Q33063528	Q2095
Q33063528	Q40050
Q3306449	Q2095
Q3306449	Q40050
Q3306574	Q2095
Q3306643	Q2095
Q33071765	Q2095
Q33071765	Q40050
Q3307517	Q2095
Q3307563	Q2095
Q33076546	Q2095
Q33076546	Q40050
Q33076547	Q2095
Q33076547	Q40050
Q33076548	Q2095
Q33076548	Q40050
Q33076550	Q2095
Q33076550	Q40050
Q33076553	Q2095
Q33076553	Q40050
Q33076554	Q2095
Q33076554	Q40050
Q33076555	Q2095
Q33076555	Q40050
Q33076557	Q2095
Q33076557	Q40050
Q33076559	Q2095
Q33076559	Q40050
Q33076575	Q2095
Q33076575	Q40050
Q33076576	Q2095
Q33076576	Q40050
Q33076578	Q2095
Q33076578	Q40050
Q33076579	Q2095
Q33076579	Q40050
Q33076651	Q2095
Q33076651	Q40050
Q3307839	Q2095
Q3308127	Q2095
Q3308312	Q2095
Q33084088	Q2095
Q3308519	Q2095
Q330880	Q2095
Q330880	Q40050
Q3308815	Q2095
Q3309124	Q2095
Q3309124	Q40050
Q3309707	Q2095
Q3309707	Q40050
Q3310476	Q2095
Q3311325	Q2095
Q3311331	Q2095
Q3311331	Q40050
Q3311757	Q2095
Q3312252	Q2095
Q33126598	Q2095
Q3312775	Q2095
Q3312777	Q2095
Q3312779	Q2095
Q3312825	Q2095
Q3312879	Q2095
Q3313106	Q2095
Q3313722	Q2095
Q3313722	Q40050
Q3314235	Q2095
Q33144185	Q2095
Q3314483	Q2095
Q3314532	Q2095
Q3314588	Q2095
Q3314757	Q2095
Q3314986	Q2095
Q33150947	Q2095
Q3315724	Q2095
Q3315811	Q2095
Q3315904	Q2095
Q3316163	Q2095
Q3316250	Q2095
Q3317070	Q2095
Q3317070	Q40050
Q3317111	Q2095
Q3317334	Q2095
Q3317405	Q2095
Q3318193	Q2095
Q3318198	Q2095
Q3318198	Q40050
Q3318218	Q2095
Q3318236	Q2095
Q3320037	Q2095
Q332098	Q2095
Q3322118	Q2095
Q3322243	Q2095
Q3322243	Q40050
Q3322365	Q2095
Q3322365	Q40050
Q3322367	Q2095
Q3322367	Q40050
Q3322475	Q2095
Q3322760	Q2095
Q3322760	Q40050
Q3322910	Q2095
Q3323634	Q2095
Q332378	Q2095
Q332378	Q40050
Q3323782	Q2095
Q3323829	Q2095
Q3323949	Q2095
Q3323949	Q40050
Q3324035	Q2095
Q3324978	Q2095
Q3325139	Q2095
Q3325365	Q2095
Q3325895	Q2095
Q3325895	Q40050
Q3325957	Q2095
Q332609	Q2095
Q3326257	Q2095
Q3326726	Q2095
Q3327442	Q2095
Q3327442	Q40050
Q332807	Q2095
Q3328162	Q2095
Q3328358	Q2095
Q3329818	Q2095
Q3331341	Q2095
Q3331388	Q2095
Q3332006	Q2095
Q3332006	Q40050
Q3332682	Q2095
Q3332682	Q40050
Q3337597	Q2095
Q3337673	Q2095
Q3337673	Q40050
Q3337676	Q2095
Q3337676	Q40050
Q3339008	Q2095
Q3339139	Q2095
Q33395610	Q2095
Q3341250	Q2095
Q3341335	Q2095
Q3342000	Q2095
Q3342780	Q2095
Q3342808	Q2095
Q3344838	Q2095
Q334582	Q2095
Q3346179	Q2095
Q3346179	Q40050
Q3346426	Q2095
Q3346989	Q2095
Q3347295	Q2095
Q3347884	Q2095
Q3347884	Q40050
Q3347894	Q2095
Q3347894	Q40050
Q3347905	Q2095
Q33480620	Q2095
Q3348137	Q2095
Q334891	Q2095
Q3349224	Q2095
Q3349241	Q2095
Q3349866	Q2095
Q3349932	Q2095
Q3349987	Q2095
Q335016	Q2095
Q3350588	Q2095
Q3350622	Q2095
Q3350631	Q2095
Q3350632	Q2095
Q3350633	Q2095
Q3350637	Q2095
Q3350687	Q2095
Q3351488	Q2095
Q3351516	Q2095
Q3351516	Q40050
Q3351904	Q2095
Q3351982	Q2095
Q3351983	Q2095
Q33525061	Q2095
Q3353034	Q2095
Q3353366	Q2095
Q3355025	Q2095
Q335626	Q2095
Q3356495	Q2095
Q3356495	Q40050
Q3356496	Q2095
Q3356496	Q40050
Q3356613	Q2095
Q3356849	Q2095
Q3357398	Q2095
Q3357398	Q40050
Q3357405	Q2095
Q3357568	Q2095
Q3357698	Q2095
Q3358516	Q2095
Q3359342	Q2095
Q3359343	Q2095
Q3359733	Q2095
Q3359733	Q40050
Q3359766	Q2095
Q3359952	Q2095
Q336039	Q2095
Q3360448	Q2095
Q3360555	Q2095
Q3360557	Q2095
Q3360560	Q2095
Q3360561	Q2095
Q3360569	Q2095
Q3360576	Q2095
Q3360594	Q2095
Q3360595	Q2095
Q3360600	Q2095
Q3360605	Q2095
Q3360757	Q2095
Q3361376	Q2095
Q3361383	Q2095
Q3361960	Q2095
Q3362039	Q2095
Q3362088	Q2095
Q3362367	Q2095
Q3362437	Q2095
Q3362935	Q2095
Q3362937	Q2095
Q3364926	Q2095
Q3364926	Q40050
Q3365037	Q2095
Q3365433	Q2095
Q33669098	Q2095
Q3367403	Q2095
Q3367716	Q2095
Q3368219	Q2095
Q3368446	Q2095
Q3368469	Q2095
Q3368472	Q2095
Q3368479	Q2095
Q3368479	Q40050
Q3368481	Q2095
Q3368481	Q40050
Q3368487	Q2095
Q3368502	Q2095
Q3368616	Q2095
Q3368619	Q2095
Q3368630	Q2095
Q3368635	Q2095
Q3368640	Q2095
Q3368642	Q2095
Q3368646	Q2095
Q3368652	Q2095
Q3368658	Q2095
Q33691	Q2095
Q3369963	Q2095
Q3369963	Q40050
Q3370150	Q2095
Q3370171	Q2095
Q337038	Q2095
Q3371053	Q2095
Q3371451	Q2095
Q3371451	Q40050
Q3371467	Q2095
Q3372990	Q2095
Q3373158	Q2095
Q3373165	Q2095
Q3373166	Q2095
Q3373167	Q2095
Q3373739	Q2095
Q337389	Q2095
Q3374445	Q2095
Q3374445	Q40050
Q337492	Q2095
Q3375400	Q2095
Q3375400	Q40050
Q3375509	Q2095
Q3375509	Q40050
Q3375679	Q2095
Q3375682	Q2095
Q337687	Q2095
Q337687	Q40050
Q3376915	Q2095
Q3377058	Q2095
Q3377058	Q40050
Q3377112	Q2095
Q3377165	Q2095
Q3377280	Q2095
Q3377698	Q2095
Q3377917	Q2095
Q3377917	Q40050
Q3377921	Q2095
Q3377921	Q40050
Q3377925	Q2095
Q3378936	Q2095
Q3379429	Q2095
Q3379588	Q2095
Q33803421	Q2095
Q3381366	Q2095
Q3381366	Q40050
Q338205	Q2095
Q3382152	Q2095
Q3382279	Q2095
Q3382279	Q40050
Q338242	Q2095
Q3382471	Q2095
Q3382471	Q40050
Q3382493	Q2095
Q3382579	Q2095
Q3382650	Q2095
Q33862262	Q2095
Q33873455	Q2095
Q3387785	Q2095
Q3388348	Q2095
Q3388551	Q2095
Q3388596	Q2095
Q3388596	Q40050
Q3388655	Q2095
Q3389074	Q2095
Q3389085	Q2095
Q3389247	Q2095
Q3389251	Q2095
Q3389416	Q2095
Q3389508	Q2095
Q3391051	Q2095
Q3391081	Q2095
Q3391095	Q2095
Q3391095	Q40050
Q3391174	Q2095
Q3391647	Q2095
Q3391851	Q2095
Q339193	Q2095
Q3392103	Q2095
Q3392103	Q40050
Q3392360	Q2095
Q3392360	Q40050
Q3392876	Q2095
Q3392878	Q2095
Q339339	Q2095
Q339339	Q40050
Q3393782	Q2095
Q3393785	Q2095
Q3393853	Q2095
Q3393893	Q2095
Q3393901	Q2095
Q3393961	Q2095
Q3394101	Q2095
Q3394101	Q40050
Q3394588	Q2095
Q3395944	Q2095
Q3395971	Q2095
Q3395974	Q2095
Q3395977	Q2095
Q3395980	Q2095
Q3395981	Q2095
Q3395986	Q2095
Q3395987	Q2095
Q3396001	Q2095
Q3396004	Q2095
Q3396007	Q2095
Q3396054	Q2095
Q3396255	Q2095
Q3397139	Q2095
Q3397246	Q2095
Q3397680	Q2095
Q3397680	Q40050
Q33977139	Q2095
Q3398089	Q2095
Q3398148	Q2095
Q3398196	Q2095
Q339836	Q2095
Q3398625	Q2095
Q3399210	Q2095
Q3399333	Q2095
Q3399333	Q40050
Q3399960	Q2095
Q3399963	Q2095
Q3400135	Q2095
Q3400139	Q2095
Q3400143	Q2095
Q3400146	Q2095
Q3400173	Q2095
Q3400215	Q2095
Q3400215	Q40050
Q3400218	Q2095
Q3400218	Q40050
Q3400220	Q2095
Q3400220	Q40050
Q3400256	Q2095
Q3400305	Q2095
Q3400307	Q2095
Q3400309	Q2095
Q3400315	Q2095
Q3400317	Q2095
Q3400348	Q2095
Q3400757	Q2095
Q3400794	Q2095
Q3401127	Q2095
Q3401204	Q2095
Q3401204	Q40050
Q3401304	Q2095
Q3401308	Q2095
Q34041491	Q2095
Q3404227	Q2095
Q3405739	Q2095
Q3405739	Q40050
Q3406628	Q2095
Q3407390	Q2095
Q3407661	Q2095
Q3407668	Q2095
Q3407668	Q40050
Q3407671	Q2095
Q3407671	Q40050
Q3407672	Q2095
Q3407672	Q40050
Q3408258	Q2095
Q3408609	Q2095
Q3408609	Q40050
Q3408933	Q2095
Q3409075	Q2095
Q3409077	Q2095
Q3409502	Q2095
Q3409502	Q40050
Q3410675	Q2095
Q3410751	Q2095
Q3410751	Q40050
Q3410941	Q2095
Q3410941	Q40050
Q3411001	Q2095
Q3411115	Q2095
Q3411115	Q40050
Q3411432	Q2095
Q3411432	Q40050
Q3411524	Q2095
Q3411527	Q2095
Q3411531	Q2095
Q3411532	Q2095
Q3411536	Q2095
Q34115776	Q2095
Q3411740	Q2095
Q3411884	Q2095
Q3411923	Q2095
Q3411923	Q40050
Q3412100	Q2095
Q3412100	Q40050
Q3412122	Q2095
Q3412122	Q40050
Q3412448	Q2095
Q3413422	Q2095
Q3413422	Q40050
Q3414061	Q2095
Q3414202	Q2095
Q3414261	Q2095
Q34156	Q2095
Q3415861	Q2095
Q3415861	Q40050
Q341707	Q2095
Q34172	Q2095
Q3418406	Q2095
Q3418416	Q2095
Q3418458	Q2095
Q3419728	Q2095
Q3419962	Q2095
Q3419962	Q40050
Q3420023	Q2095
Q3420086	Q2095
Q3421424	Q2095
Q3421671	Q2095
Q3421751	Q2095
Q342208	Q2095
Q3422327	Q2095
Q3422607	Q2095
Q3422800	Q2095
Q3422866	Q2095
Q3423527	Q2095
Q3423662	Q2095
Q3423879	Q2095
Q3423882	Q2095
Q3424440	Q2095
Q3424440	Q40050
Q3424755	Q2095
Q3424755	Q40050
Q3425445	Q2095
Q3425450	Q2095
Q3427558	Q2095
Q3428078	Q2095
Q3428802	Q2095
Q34292	Q2095
Q3429536	Q2095
Q3429536	Q40050
Q3429591	Q2095
Q3429794	Q2095
Q3429794	Q40050
Q3430917	Q2095
Q3430917	Q40050
Q3430933	Q2095
Q3430933	Q40050
Q3431330	Q2095
Q3431960	Q2095
Q3431974	Q2095
Q3432083	Q2095
Q3432083	Q40050
Q3432226	Q2095
Q3433031	Q2095
Q3433031	Q40050
Q3433551	Q2095
Q3434002	Q2095
Q3434007	Q2095
Q3434019	Q2095
Q3434115	Q2095
Q3434115	Q40050
Q3435353	Q2095
Q3435937	Q2095
Q3436095	Q2095
Q3436828	Q2095
Q3437219	Q2095
Q3437571	Q2095
Q3437571	Q40050
Q3438378	Q2095
Q343864	Q2095
Q344066	Q2095
Q3441149	Q2095
Q3441161	Q2095
Q3441174	Q2095
Q3441918	Q2095
Q3442077	Q2095
Q34421086	Q2095
Q3442168	Q2095
Q3442168	Q40050
Q3442353	Q2095
Q3442353	Q40050
Q3442427	Q2095
Q3442798	Q2095
Q3442913	Q2095
Q3442913	Q40050
Q3442915	Q2095
Q3443096	Q2095
Q3443104	Q2095
Q3443255	Q2095
Q3443415	Q2095
Q3443415	Q40050
Q3443452	Q2095
Q3443452	Q40050
Q3443456	Q2095
Q3443456	Q40050
Q3443460	Q2095
Q3443460	Q40050
Q3443485	Q2095
Q3445339	Q2095
Q3445339	Q40050
Q3446098	Q2095
Q3446504	Q2095
Q3446619	Q2095
Q3446619	Q40050
Q3447542	Q2095
Q3449266	Q2095
Q3449298	Q2095
Q3455017	Q2095
Q3455060	Q2095
Q3455067	Q2095
Q3455086	Q2095
Q3457667	Q2095
Q34586529	Q2095
Q3460540	Q2095
Q3460601	Q2095
Q3460601	Q40050
Q3460618	Q2095
Q3460618	Q40050
Q3461235	Q2095
Q3461235	Q40050
Q3462907	Q2095
Q3463541	Q2095
Q3463541	Q40050
Q3463542	Q2095
Q3463542	Q40050
Q3463543	Q2095
Q3463543	Q40050
Q3463544	Q2095
Q3463545	Q2095
Q3463546	Q2095
Q3463546	Q40050
Q3463549	Q2095
Q3463550	Q2095
Q3463550	Q40050
Q3463552	Q2095
Q3463552	Q40050
Q3463553	Q2095
Q3463553	Q40050
Q3463557	Q2095
Q3463557	Q40050
Q3463558	Q2095
Q3463558	Q40050
Q3463559	Q2095
Q3463560	Q2095
Q3463560	Q40050
Q3463561	Q2095
Q3463561	Q40050
Q3463623	Q2095
Q3463623	Q40050
Q34664566	Q2095
Q34664566	Q40050
Q34674117	Q2095
Q3467674	Q2095
Q3467674	Q40050
Q34687	Q2095
Q3469458	Q2095
Q3469460	Q2095
Q3469461	Q2095
Q3469463	Q2095
Q3469465	Q2095
Q3469468	Q2095
Q3469471	Q2095
Q3469472	Q2095
Q3469475	Q2095
Q3469476	Q2095
Q3469577	Q2095
Q3469578	Q2095
Q3469580	Q2095
Q3469606	Q2095
Q3470187	Q2095
Q3470936	Q2095
Q34715	Q2095
Q347187	Q2095
Q347187	Q40050
Q3472077	Q2095
Q3472079	Q2095
Q3472164	Q2095
Q3472801	Q2095
Q3472815	Q2095
Q3472815	Q40050
Q3473001	Q2095
Q3473453	Q2095
Q3473732	Q2095
Q3473740	Q2095
Q3473740	Q40050
Q3473831	Q2095
Q3473831	Q40050
Q3474110	Q2095
Q3474112	Q2095
Q3474113	Q2095
Q3474115	Q2095
Q3474116	Q2095
Q3474118	Q2095
Q3474119	Q2095
Q3474121	Q2095
Q3474122	Q2095
Q3474123	Q2095
Q3474125	Q2095
Q3474126	Q2095
Q3474130	Q2095
Q3474133	Q2095
Q3474139	Q2095
Q3474143	Q2095
Q3474144	Q2095
Q3474145	Q2095
Q3474147	Q2095
Q3474148	Q2095
Q3474156	Q2095
Q3474158	Q2095
Q3474159	Q2095
Q3474165	Q2095
Q3474166	Q2095
Q3474167	Q2095
Q3474168	Q2095
Q3474169	Q2095
Q3474172	Q2095
Q3474235	Q2095
Q3474235	Q40050
Q3474236	Q2095
Q3474236	Q40050
Q3474241	Q2095
Q3474241	Q40050
Q3474250	Q2095
Q3474315	Q2095
Q3474315	Q40050
Q3474522	Q2095
Q3474522	Q40050
Q3474550	Q2095
Q3474550	Q40050
Q3474624	Q2095
Q3475436	Q2095
Q3475436	Q40050
Q3475471	Q2095
Q3475471	Q40050
Q3476509	Q2095
Q3478195	Q2095
Q3478390	Q2095
Q3478463	Q2095
Q3480341	Q2095
Q34804358	Q2095
Q3480481	Q2095
Q34807	Q2095
Q3480838	Q2095
Q3480991	Q2095
Q3481064	Q2095
Q3481064	Q40050
Q3481208	Q2095
Q3481297	Q2095
Q3481488	Q2095
Q3481691	Q2095
Q348229	Q2095
Q348229	Q40050
Q3482376	Q2095
Q3482376	Q40050
Q3482613	Q2095
Q3482614	Q2095
Q3482614	Q40050
Q3483631	Q2095
Q3483631	Q40050
Q3483769	Q2095
Q3483769	Q40050
Q3484854	Q2095
Q3485223	Q2095
Q3485291	Q2095
Q3485298	Q2095
Q3486851	Q2095
Q3486851	Q40050
Q3486962	Q2095
Q3487556	Q2095
Q3488926	Q2095
Q3489093	Q2095
Q348947	Q2095
Q3489538	Q2095
Q348958	Q2095
Q348958	Q40050
Q3489881	Q2095
Q3489881	Q40050
Q3489962	Q2095
Q3489962	Q40050
Q3490492	Q2095
Q3490492	Q40050
Q3490797	Q2095
Q3491408	Q2095
Q3491553	Q2095
Q3491819	Q2095
Q3491822	Q2095
Q3491916	Q2095
Q3491916	Q40050
Q3492829	Q2095
Q3492829	Q40050
Q3492867	Q2095
Q3492867	Q40050
Q3492989	Q2095
Q3493331	Q2095
Q3493770	Q2095
Q3493770	Q40050
Q3493783	Q2095
Q3493783	Q40050
Q3494357	Q2095
Q3495344	Q2095
Q3495663	Q2095
Q3495663	Q40050
Q349645	Q2095
Q3496785	Q2095
Q3496824	Q2095
Q3496824	Q40050
Q3496916	Q2095
Q3497102	Q2095
Q3497556	Q2095
Q3497742	Q2095
Q3497851	Q2095
Q3497881	Q2095
Q3498085	Q2095
Q3498085	Q40050
Q3498091	Q2095
Q3498091	Q40050
Q3498097	Q2095
Q3498097	Q40050
Q3498172	Q2095
Q3498172	Q40050
Q3498785	Q2095
Q3499388	Q2095
Q3499420	Q2095
Q3499520	Q2095
Q3499520	Q40050
Q3499942	Q2095
Q3500074	Q2095
Q3500480	Q2095
Q3500519	Q2095
Q3501098	Q2095
Q3501106	Q2095
Q3501262	Q2095
Q35026670	Q2095
Q35026670	Q40050
Q3502834	Q2095
Q3502845	Q2095
Q3503102	Q2095
Q3503102	Q40050
Q3503184	Q2095
Q3503191	Q2095
Q3503298	Q2095
Q3503298	Q40050
Q3503333	Q2095
Q3503932	Q2095
Q3503932	Q40050
Q3504021	Q2095
Q3504021	Q40050
Q3504911	Q2095
Q3504911	Q40050
Q3505415	Q2095
Q35056	Q2095
Q3505742	Q2095
Q3505757	Q2095
Q3505826	Q2095
Q3505826	Q40050
Q3506176	Q2095
Q3506176	Q40050
Q3506598	Q2095
Q35075688	Q2095
Q3507961	Q2095
Q3507961	Q40050
Q3509587	Q2095
Q3509626	Q2095
Q3509998	Q2095
Q3509998	Q40050
Q3510557	Q2095
Q3510557	Q40050
Q3510707	Q2095
Q3510707	Q40050
Q3512259	Q2095
Q3512259	Q40050
Q3512759	Q2095
Q3513036	Q2095
Q3513036	Q40050
Q3513513	Q2095
Q3513992	Q2095
Q3514033	Q2095
Q3514675	Q2095
Q3514983	Q2095
Q3515024	Q2095
Q3515577	Q2095
Q3515850	Q2095
Q3515851	Q2095
Q3515852	Q2095
Q3515853	Q2095
Q3515855	Q2095
Q3515857	Q2095
Q3515858	Q2095
Q3515859	Q2095
Q3515860	Q2095
Q3515861	Q2095
Q3515862	Q2095
Q3515867	Q2095
Q35158824	Q2095
Q35158924	Q2095
Q35159013	Q2095
Q35159193	Q2095
Q3515927	Q2095
Q3515927	Q40050
Q35159281	Q2095
Q35159386	Q2095
Q35159461	Q2095
Q35159614	Q2095
Q35159682	Q2095
Q35159813	Q2095
Q35159876	Q2095
Q35159942	Q2095
Q35160021	Q2095
Q3516025	Q2095
Q35160262	Q2095
Q35160473	Q2095
Q35160648	Q2095
Q35160738	Q2095
Q35160929	Q2095
Q3516154	Q2095
Q3516165	Q2095
Q3516165	Q40050
Q3516171	Q2095
Q3516286	Q2095
Q3516286	Q40050
Q3518178	Q2095
Q3518585	Q2095
Q3518585	Q40050
Q3518588	Q2095
Q3518588	Q40050
Q3518776	Q2095
Q3518843	Q2095
Q3518843	Q40050
Q35188546	Q2095
Q351952	Q2095
Q3520287	Q2095
Q3520299	Q2095
Q3520492	Q2095
Q3522272	Q2095
Q352253	Q2095
Q3524701	Q2095
Q3524701	Q40050
Q3526264	Q2095
Q3526264	Q40050
Q3527398	Q2095
Q3527398	Q40050
Q3527971	Q2095
Q3527971	Q40050
Q3528208	Q2095
Q3528593	Q2095
Q3529217	Q2095
Q3529365	Q2095
Q3530205	Q2095
Q3530321	Q2095
Q353061	Q2095
Q353061	Q40050
Q353078	Q2095
Q353082	Q2095
Q353098	Q2095
Q3530996	Q2095
Q3530996	Q40050
Q3531003	Q2095
Q3531005	Q2095
Q3531195	Q2095
Q3531217	Q2095
Q3531219	Q2095
Q3531223	Q2095
Q3531226	Q2095
Q3531276	Q2095
Q3531277	Q2095
Q3531278	Q2095
Q3531279	Q2095
Q3531281	Q2095
Q3531283	Q2095
Q3531285	Q2095
Q35313161	Q2095
Q35317708	Q2095
Q3532084	Q2095
Q35321278	Q2095
Q3532512	Q2095
Q3532515	Q2095
Q3532517	Q2095
Q3532658	Q2095
Q353275	Q2095
Q353275	Q40050
Q3532844	Q2095
Q3533887	Q2095
Q3533887	Q40050
Q3533888	Q2095
Q3533888	Q40050
Q3533889	Q2095
Q3533889	Q40050
Q3534131	Q2095
Q3535125	Q2095
Q3535544	Q2095
Q3535545	Q2095
Q3535552	Q2095
Q3535559	Q2095
Q3535569	Q2095
Q3536543	Q2095
Q3536543	Q40050
Q353695	Q2095
Q3537474	Q2095
Q3537474	Q40050
Q35375262	Q2095
Q3537640	Q2095
Q3538049	Q2095
Q3538064	Q2095
Q3538065	Q2095
Q35382484	Q2095
Q3538299	Q2095
Q3539063	Q2095
Q3539309	Q2095
Q3539512	Q2095
Q353953	Q2095
Q353953	Q40050
Q3539556	Q2095
Q3539556	Q40050
Q354021	Q2095
Q3540823	Q2095
Q3541128	Q2095
Q3541706	Q2095
Q3541994	Q2095
Q3542650	Q2095
Q3543273	Q2095
Q3543297	Q2095
Q3543359	Q2095
Q3543376	Q2095
Q3543394	Q2095
Q3543397	Q2095
Q3543525	Q2095
Q3543584	Q2095
Q3543584	Q40050
Q3543686	Q2095
Q3543811	Q2095
Q3544147	Q2095
Q3544149	Q2095
Q3544203	Q2095
Q3544562	Q2095
Q3544579	Q2095
Q3545084	Q2095
Q3545103	Q2095
Q3545233	Q2095
Q3545686	Q2095
Q3546960	Q2095
Q3547012	Q2095
Q354743	Q2095
Q3547589	Q2095
Q3548107	Q2095
Q3548213	Q2095
Q3549118	Q2095
Q3549166	Q2095
Q3550480	Q2095
Q355220	Q2095
Q355220	Q40050
Q3552200	Q2095
Q3552223	Q2095
Q3552273	Q2095
Q3552273	Q40050
Q3553097	Q2095
Q3553107	Q2095
Q3553108	Q2095
Q3553111	Q2095
Q3553491	Q2095
Q3553500	Q2095
Q3553671	Q2095
Q3553671	Q40050
Q3553945	Q2095
Q3553946	Q2095
Q3553956	Q2095
Q3553956	Q40050
Q3553990	Q2095
Q3554135	Q2095
Q3554135	Q40050
Q3554136	Q2095
Q3554136	Q40050
Q3554473	Q2095
Q3554664	Q2095
Q3554664	Q40050
Q35547504	Q2095
Q3555005	Q2095
Q3555007	Q2095
Q3555049	Q2095
Q3555049	Q40050
Q3555103	Q2095
Q3555161	Q2095
Q3555161	Q40050
Q3555361	Q2095
Q3555361	Q40050
Q3555386	Q2095
Q3555471	Q2095
Q3555772	Q2095
Q3555777	Q2095
Q3556293	Q2095
Q3556293	Q40050
Q3556745	Q2095
Q3556748	Q2095
Q3556753	Q2095
Q3556757	Q2095
Q3557655	Q2095
Q3558100	Q2095
Q3558199	Q2095
Q3558199	Q40050
Q3558200	Q2095
Q3558200	Q40050
Q3558201	Q2095
Q3558201	Q40050
Q35586024	Q2095
Q3559352	Q2095
Q3559352	Q40050
Q3559366	Q2095
Q3559366	Q40050
Q3559383	Q2095
Q3559383	Q40050
Q3559386	Q2095
Q3559386	Q40050
Q3559389	Q2095
Q3559389	Q40050
Q3559392	Q2095
Q3560457	Q2095
Q3560814	Q2095
Q3560814	Q40050
Q3560995	Q2095
Q3560995	Q40050
Q3561120	Q2095
Q3561120	Q40050
Q3561219	Q2095
Q3561258	Q2095
Q3561258	Q40050
Q3561264	Q2095
Q3561264	Q40050
Q356128	Q2095
Q356128	Q40050
Q3561340	Q2095
Q3562046	Q2095
Q3562046	Q40050
Q3562159	Q2095
Q3562921	Q2095
Q3562921	Q40050
Q3563163	Q2095
Q3563163	Q40050
Q3563208	Q2095
Q3563208	Q40050
Q3563272	Q2095
Q356346	Q2095
Q3563981	Q2095
Q3565070	Q2095
Q3565924	Q2095
Q35661296	Q2095
Q3566692	Q2095
Q3567034	Q2095
Q3567034	Q40050
Q3567120	Q2095
Q3567120	Q40050
Q3567525	Q2095
Q3567795	Q2095
Q3567795	Q40050
Q3567913	Q2095
Q3567955	Q2095
Q3567955	Q40050
Q356844	Q2095
Q3569050	Q2095
Q3569050	Q40050
Q3569313	Q2095
Q3569313	Q40050
Q3569386	Q2095
Q3569421	Q2095
Q3569421	Q40050
Q3569657	Q2095
Q3569883	Q2095
Q3570104	Q2095
Q3570585	Q2095
Q3571052	Q2095
Q3571052	Q40050
Q357109	Q2095
Q357109	Q40050
Q3571325	Q2095
Q3572103	Q2095
Q3572103	Q40050
Q3572447	Q2095
Q3572561	Q2095
Q3572561	Q40050
Q3572640	Q2095
Q3573026	Q2095
Q3573091	Q2095
Q3573702	Q2095
Q3573702	Q40050
Q3574648	Q2095
Q3574676	Q2095
Q3574676	Q40050
Q3575424	Q2095
Q3575424	Q40050
Q3575578	Q2095
Q3575578	Q40050
Q3576141	Q2095
Q3576141	Q40050
Q3576426	Q2095
Q3576426	Q40050
Q3577245	Q2095
Q3577332	Q2095
Q3577361	Q2095
Q3577420	Q2095
Q35778572	Q2095
Q3578798	Q2095
Q358507	Q2095
Q35855119	Q2095
Q35855322	Q2095
Q3587980	Q2095
Q3587980	Q40050
Q3594111	Q2095
Q3594113	Q2095
Q3594115	Q2095
Q3594122	Q2095
Q3594208	Q2095
Q3594208	Q40050
Q35944	Q2095
Q3594600	Q2095
Q3595222	Q2095
Q3595392	Q2095
Q3595555	Q2095
Q3595628	Q2095
Q3595665	Q2095
Q3596097	Q2095
Q3596242	Q2095
Q3597267	Q2095
Q3599457	Q2095
Q3600566	Q2095
Q3600566	Q40050
Q360329	Q2095
Q360329	Q40050
Q3604165	Q2095
Q3604285	Q2095
Q3604288	Q2095
Q360459	Q2095
Q3604688	Q2095
Q3604688	Q40050
Q3606603	Q2095
Q3606624	Q2095
Q3606626	Q2095
Q3606633	Q2095
Q3606896	Q2095
Q3608756	Q2095
Q360910	Q2095
Q3610216	Q2095
Q3611565	Q2095
Q3611565	Q40050
Q3612948	Q2095
Q3613238	Q2095
Q3613238	Q40050
Q3613266	Q2095
Q3613266	Q40050
Q3613295	Q2095
Q3613658	Q2095
Q3613673	Q2095
Q3613673	Q40050
Q3613677	Q2095
Q3613677	Q40050
Q3613678	Q2095
Q3613678	Q40050
Q3616521	Q2095
Q3616613	Q2095
Q3616732	Q2095
Q3616732	Q40050
Q3617429	Q2095
Q36175261	Q2095
Q36175261	Q40050
Q36180436	Q2095
Q3618139	Q2095
Q3618553	Q2095
Q361957	Q2095
Q361957	Q40050
Q3620692	Q2095
Q3621054	Q2095
Q3621199	Q2095
Q3621266	Q2095
Q3621267	Q2095
Q3621268	Q2095
Q3621271	Q2095
Q3621354	Q2095
Q3621354	Q40050
Q3622432	Q2095
Q3622432	Q40050
Q3622651	Q2095
Q3623340	Q2095
Q362409	Q2095
Q3624753	Q2095
Q3624753	Q40050
Q3625258	Q2095
Q36269836	Q2095
Q36275	Q2095
Q36275	Q40050
Q3629971	Q2095
Q3630852	Q2095
Q3632479	Q2095
Q3632577	Q2095
Q3632666	Q2095
Q3632870	Q2095
Q3632937	Q2095
Q3633075	Q2095
Q3634389	Q2095
Q3634426	Q2095
Q3634538	Q2095
Q3634571	Q2095
Q3635711	Q2095
Q3636084	Q2095
Q36368321	Q2095
Q3637056	Q2095
Q3637344	Q2095
Q3637624	Q2095
Q3637726	Q2095
Q3638522	Q2095
Q3638522	Q40050
Q3638532	Q2095
Q3638622	Q2095
Q3639141	Q2095
Q3639405	Q2095
Q3639405	Q40050
Q3639418	Q2095
Q3639466	Q2095
Q3639709	Q2095
Q3639709	Q40050
Q3639714	Q2095
Q3639846	Q2095
Q3640302	Q2095
Q3640378	Q2095
Q3640378	Q40050
Q3640406	Q2095
Q3640409	Q2095
Q3640934	Q2095
Q364105	Q2095
Q364105	Q40050
Q3641387	Q2095
Q3641387	Q40050
Q36415	Q2095
Q3641520	Q2095
Q3641568	Q2095
Q3641731	Q2095
Q3641731	Q40050
Q3641970	Q2095
Q3641970	Q40050
Q3642641	Q2095
Q3642907	Q2095
Q3643272	Q2095
Q3643272	Q40050
Q3643740	Q2095
Q3643740	Q40050
Q3643763	Q2095
Q3643784	Q2095
Q3643850	Q2095
Q3643850	Q40050
Q3643879	Q2095
Q3643879	Q40050
Q3644035	Q2095
Q3644493	Q2095
Q3644926	Q2095
Q3645221	Q2095
Q3645221	Q40050
Q3645270	Q2095
Q3645270	Q40050
Q3645322	Q2095
Q3645322	Q40050
Q3645416	Q2095
Q3646014	Q2095
Q3646108	Q2095
Q3646112	Q2095
Q3646195	Q2095
Q3646253	Q2095
Q3646285	Q2095
Q3646285	Q40050
Q36465	Q2095
Q3647141	Q2095
Q3647260	Q2095
Q3647314	Q2095
Q3647395	Q2095
Q3647441	Q2095
Q3647442	Q2095
Q3647449	Q2095
Q36487990	Q2095
Q364900	Q2095
Q3649377	Q2095
Q3649384	Q2095
Q3649386	Q2095
Q3649387	Q2095
Q3649388	Q2095
Q3649389	Q2095
Q3649391	Q2095
Q3649392	Q2095
Q3649393	Q2095
Q3650544	Q2095
Q3650577	Q2095
Q365065	Q2095
Q365065	Q40050
Q36527204	Q2095
Q3655109	Q2095
Q3655317	Q2095
Q3655318	Q2095
Q3655319	Q2095
Q3655320	Q2095
Q3655321	Q2095
Q3655589	Q2095
Q3655589	Q40050
Q3655862	Q2095
Q3655862	Q40050
Q3655869	Q2095
Q3655869	Q40050
Q3655894	Q2095
Q3655894	Q40050
Q3655936	Q2095
Q3655936	Q40050
Q3655986	Q2095
Q3655986	Q40050
Q3657182	Q2095
Q3657182	Q40050
Q3657572	Q2095
Q3657572	Q40050
Q3657738	Q2095
Q3657784	Q2095
Q3657790	Q2095
Q3657893	Q2095
Q3657894	Q2095
Q3657895	Q2095
Q3658069	Q2095
Q3658406	Q2095
Q3658407	Q2095
Q3659071	Q2095
Q3659071	Q40050
Q3660404	Q2095
Q3660407	Q2095
Q3660463	Q2095
Q3660534	Q2095
Q3660804	Q2095
Q3660804	Q40050
Q3660942	Q2095
Q3660964	Q2095
Q3660964	Q40050
Q3661454	Q2095
Q3661490	Q2095
Q3661496	Q2095
Q3661509	Q2095
Q3661865	Q2095
Q3661871	Q2095
Q3661968	Q2095
Q3662042	Q2095
Q3662043	Q2095
Q3662047	Q2095
Q36628671	Q2095
Q3663945	Q2095
Q3664451	Q2095
Q3664451	Q40050
Q3664954	Q2095
Q3664987	Q2095
Q3664987	Q40050
Q3665233	Q2095
Q3665589	Q2095
Q3665612	Q2095
Q3666048	Q2095
Q3666125	Q2095
Q36672065	Q2095
Q3667436	Q2095
Q3667736	Q2095
Q3668413	Q2095
Q3668429	Q2095
Q3668485	Q2095
Q367225	Q2095
Q367251	Q2095
Q3674722	Q2095
Q3674999	Q2095
Q3674999	Q40050
Q3675184	Q2095
Q3675266	Q2095
Q3675418	Q2095
Q3675466	Q2095
Q3676082	Q2095
Q3676082	Q40050
Q3676186	Q2095
Q3676248	Q2095
Q3676255	Q2095
Q3676322	Q2095
Q3676324	Q2095
Q3676366	Q2095
Q3676383	Q2095
Q3676632	Q2095
Q3676779	Q2095
Q3676816	Q2095
Q3677424	Q2095
Q3677437	Q2095
Q3677884	Q2095
Q3678059	Q2095
Q3678143	Q2095
Q3678805	Q2095
Q3680482	Q2095
Q3680483	Q2095
Q36808801	Q2095
Q36810482	Q2095
Q36810482	Q40050
Q3681226	Q2095
Q3681226	Q40050
Q36814998	Q2095
Q3681895	Q2095
Q3681895	Q40050
Q3682220	Q2095
Q3682291	Q2095
Q36823285	Q2095
Q3683085	Q2095
Q3683085	Q40050
Q3683086	Q2095
Q3683086	Q40050
Q3683263	Q2095
Q3683268	Q2095
Q3683276	Q2095
Q36836253	Q2095
Q368610	Q2095
Q368610	Q40050
Q3687258	Q2095
Q368757	Q2095
Q3688975	Q2095
Q368910	Q2095
Q3691827	Q2095
Q3692600	Q2095
Q3693169	Q2095
Q369325	Q2095
Q3693347	Q2095
Q3693401	Q2095
Q3693401	Q40050
Q3693530	Q2095
Q3693530	Q40050
Q36937220	Q2095
Q36937220	Q40050
Q3693990	Q2095
Q3694877	Q2095
Q3695014	Q2095
Q3695900	Q2095
Q3696330	Q2095
Q3696942	Q2095
Q3696944	Q2095
Q3696961	Q2095
Q3696962	Q2095
Q3697331	Q2095
Q3698281	Q2095
Q3698281	Q40050
Q369834	Q2095
Q369834	Q40050
Q3698703	Q2095
Q3698980	Q2095
Q3699095	Q2095
Q3699241	Q2095
Q3699362	Q2095
Q3699400	Q2095
Q3699636	Q2095
Q3700863	Q2095
Q3700863	Q40050
Q3704951	Q2095
Q3705092	Q2095
Q3705803	Q2095
Q3705803	Q40050
Q370637	Q2095
Q3707286	Q2095
Q3707286	Q40050
Q3707294	Q2095
Q370799	Q2095
Q3708082	Q2095
Q3708082	Q40050
Q3708874	Q2095
Q371101	Q2095
Q3711859	Q2095
Q3712597	Q2095
Q3712615	Q2095
Q3712702	Q2095
Q3712744	Q2095
Q3712744	Q40050
Q37159	Q2095
Q37159	Q40050
Q371879	Q2095
Q3721167	Q2095
Q3721167	Q40050
Q3723361	Q2095
Q3723361	Q40050
Q3723728	Q2095
Q37258522	Q2095
Q37314084	Q2095
Q37314084	Q40050
Q3731623	Q2095
Q3733231	Q2095
Q3733231	Q40050
Q3733375	Q2095
Q3733375	Q40050
Q3733836	Q2095
Q3738344	Q2095
Q3738346	Q2095
Q3738347	Q2095
Q3738348	Q2095
Q3738722	Q2095
Q3739299	Q2095
Q3739299	Q40050
Q3739596	Q2095
Q3739598	Q2095
Q3739599	Q2095
Q3739612	Q2095
Q3739616	Q2095
Q3739831	Q2095
Q374	Q2095
Q374	Q40050
Q3740034	Q2095
Q3740436	Q2095
Q3740438	Q2095
Q3740445	Q2095
Q3743152	Q2095
Q374381	Q2095
Q3744332	Q2095
Q3744525	Q2095
Q3745566	Q2095
Q3745566	Q40050
Q3745636	Q2095
Q3745769	Q2095
Q3745782	Q2095
Q3746933	Q2095
Q3746935	Q2095
Q3746936	Q2095
Q3746938	Q2095
Q3746939	Q2095
Q3748113	Q2095
Q3748114	Q2095
Q3748116	Q2095
Q3748119	Q2095
Q3748120	Q2095
Q3748121	Q2095
Q3748122	Q2095
Q3748123	Q2095
Q3748124	Q2095
Q3748125	Q2095
Q3748126	Q2095
Q3748127	Q2095
Q3748739	Q2095
Q375	Q2095
Q3751036	Q2095
Q3752306	Q2095
Q3753012	Q2095
Q3753012	Q40050
Q3753021	Q2095
Q3753021	Q40050
Q3753245	Q2095
Q3753307	Q2095
Q3753348	Q2095
Q3753353	Q2095
Q3753410	Q2095
Q3753920	Q2095
Q3753984	Q2095
Q3754415	Q2095
Q3754819	Q2095
Q3754904	Q2095
Q3757419	Q2095
Q3757650	Q2095
Q3758209	Q2095
Q3758343	Q2095
Q3758343	Q40050
Q3759296	Q2095
Q3763843	Q2095
Q3764136	Q2095
Q3764451	Q2095
Q3764451	Q40050
Q3764503	Q2095
Q3764503	Q40050
Q376845	Q2095
Q376929	Q2095
Q376929	Q40050
Q3769822	Q2095
Q3769823	Q2095
Q377020	Q2095
Q3771968	Q2095
Q3772617	Q2095
Q3772618	Q2095
Q3772620	Q2095
Q3772644	Q2095
Q3772675	Q2095
Q3772675	Q40050
Q3772705	Q2095
Q3772705	Q40050
Q3772863	Q2095
Q3773300	Q2095
Q3773688	Q2095
Q3774485	Q2095
Q3774491	Q2095
Q3774990	Q2095
Q3775525	Q2095
Q37756327	Q2095
Q37756327	Q40050
Q3775641	Q2095
Q3775684	Q2095
Q3775684	Q40050
Q377570	Q2095
Q3775751	Q2095
Q3775863	Q2095
Q3776096	Q2095
Q3776580	Q2095
Q3776725	Q2095
Q3776982	Q2095
Q3778015	Q2095
Q3778174	Q2095
Q3778467	Q2095
Q378239	Q2095
Q378239	Q40050
Q3782694	Q2095
Q378283	Q2095
Q3783576	Q2095
Q3783576	Q40050
Q3784795	Q2095
Q3784814	Q2095
Q3784814	Q40050
Q3785698	Q2095
Q3786090	Q2095
Q3786484	Q2095
Q3786818	Q2095
Q3786818	Q40050
Q378846	Q2095
Q37890226	Q2095
Q379138	Q2095
Q3791653	Q2095
Q3791653	Q40050
Q37937	Q2095
Q37963931	Q2095
Q37964033	Q2095
Q37967107	Q2095
Q37967205	Q2095
Q37967343	Q2095
Q37970073	Q2095
Q37970325	Q2095
Q37970959	Q2095
Q3797506	Q2095
Q3797506	Q40050
Q3797592	Q2095
Q3797660	Q2095
Q379813	Q2095
Q3799069	Q2095
Q379932	Q2095
Q379932	Q40050
Q38004920	Q2095
Q38029086	Q2095
Q380436	Q2095
Q380436	Q40050
Q380532	Q2095
Q380650	Q2095
Q380650	Q40050
Q3807292	Q2095
Q3807292	Q40050
Q3807565	Q2095
Q380778	Q2095
Q3810670	Q2095
Q3810670	Q40050
Q38117921	Q2095
Q3812540	Q2095
Q381350	Q2095
Q3814036	Q2095
Q3814037	Q2095
Q3814042	Q2095
Q3814347	Q2095
Q3814644	Q2095
Q3814647	Q2095
Q3815377	Q2095
Q3815416	Q2095
Q3815714	Q2095
Q3815732	Q2095
Q3816761	Q2095
Q3818170	Q2095
Q3818170	Q40050
Q3818551	Q2095
Q3819066	Q2095
Q3819855	Q2095
Q3819855	Q40050
Q3820339	Q2095
Q3820339	Q40050
Q3820622	Q2095
Q3820647	Q2095
Q3821876	Q2095
Q3821876	Q40050
Q3822761	Q2095
Q3823327	Q2095
Q3823549	Q2095
Q38247865	Q2095
Q3824923	Q2095
Q3824923	Q40050
Q3825265	Q2095
Q3825345	Q2095
Q3825345	Q40050
Q3825584	Q2095
Q3825612	Q2095
Q3825612	Q40050
Q3825690	Q2095
Q3826092	Q2095
Q382634	Q2095
Q3826403	Q2095
Q3826447	Q2095
Q382655	Q2095
Q38266921	Q2095
Q3827011	Q2095
Q3827309	Q2095
Q3827565	Q2095
Q3827565	Q40050
Q38276699	Q2095
Q38276699	Q40050
Q38277085	Q2095
Q38277833	Q2095
Q38277834	Q2095
Q38277837	Q2095
Q38277888	Q2095
Q38277920	Q2095
Q3827928	Q2095
Q3829327	Q2095
Q382947	Q2095
Q382947	Q40050
Q3830214	Q2095
Q3830215	Q2095
Q3831327	Q2095
Q3832512	Q2095
Q3832520	Q2095
Q3832521	Q2095
Q383284	Q2095
Q383389	Q2095
Q383523	Q2095
Q383602	Q2095
Q383602	Q40050
Q3839198	Q2095
Q384028	Q2095
Q38412534	Q2095
Q38416176	Q2095
Q3841973	Q2095
Q3841977	Q2095
Q3841980	Q2095
Q38420	Q2095
Q3842043	Q2095
Q38420880	Q2095
Q3843559	Q2095
Q3844010	Q2095
Q3844387	Q2095
Q3844390	Q2095
Q3844390	Q40050
Q3844897	Q2095
Q3844992	Q2095
Q3845199	Q2095
Q3845199	Q40050
Q3845301	Q2095
Q3847402	Q2095
Q3847429	Q2095
Q3848094	Q2095
Q3848112	Q2095
Q3848253	Q2095
Q384915	Q2095
Q384915	Q40050
Q3849360	Q2095
Q3849770	Q2095
Q3849770	Q40050
Q3849848	Q2095
Q3849850	Q2095
Q3849851	Q2095
Q3849853	Q2095
Q3849854	Q2095
Q385078	Q2095
Q3852474	Q2095
Q3852961	Q2095
Q3853100	Q2095
Q3853264	Q2095
Q3853746	Q2095
Q3854081	Q2095
Q3854083	Q2095
Q3854108	Q2095
Q3854299	Q2095
Q3854334	Q2095
Q3857102	Q2095
Q385808	Q2095
Q3858371	Q2095
Q3858380	Q2095
Q3858802	Q2095
Q3859376	Q2095
Q3859376	Q40050
Q3859384	Q2095
Q38595513	Q2095
Q38595678	Q2095
Q386005	Q2095
Q3860252	Q2095
Q3860252	Q40050
Q3860264	Q2095
Q3860889	Q2095
Q3862193	Q2095
Q3862276	Q2095
Q3862276	Q40050
Q3862277	Q2095
Q3862277	Q40050
Q3862821	Q2095
Q3863036	Q2095
Q3863174	Q2095
Q3863209	Q2095
Q3863210	Q2095
Q38645	Q2095
Q386531	Q2095
Q386663	Q2095
Q386663	Q40050
Q386686	Q2095
Q386686	Q40050
Q3866940	Q2095
Q3868691	Q2095
Q3869778	Q2095
Q3869778	Q40050
Q387235	Q2095
Q387277	Q2095
Q387277	Q40050
Q387405	Q2095
Q387405	Q40050
Q3874274	Q2095
Q3874274	Q40050
Q3874301	Q2095
Q3874301	Q40050
Q3874723	Q2095
Q3874726	Q2095
Q3874804	Q2095
Q3874804	Q40050
Q387673	Q2095
Q3877632	Q2095
Q3877633	Q2095
Q3877638	Q2095
Q3878647	Q2095
Q3878649	Q2095
Q3880492	Q2095
Q388152	Q2095
Q388152	Q40050
Q3881759	Q2095
Q388176	Q2095
Q388176	Q40050
Q3881770	Q2095
Q3881774	Q2095
Q3881777	Q2095
Q3881778	Q2095
Q3881779	Q2095
Q3881789	Q2095
Q388502	Q2095
Q388502	Q40050
Q38859	Q2095
Q3886850	Q2095
Q3886934	Q2095
Q3888710	Q2095
Q3888713	Q2095
Q3888994	Q2095
Q3889022	Q2095
Q3889022	Q40050
Q388973	Q2095
Q388983	Q2095
Q3892687	Q2095
Q3892901	Q2095
Q3892904	Q2095
Q3892935	Q2095
Q3892955	Q2095
Q3893083	Q2095
Q3893086	Q2095
Q3893120	Q2095
Q3893172	Q2095
Q3893182	Q2095
Q3893185	Q2095
Q3893202	Q2095
Q3893215	Q2095
Q3893291	Q2095
Q3893318	Q2095
Q3893347	Q2095
Q3893374	Q2095
Q3893492	Q2095
Q3894670	Q2095
Q3894895	Q2095
Q3895013	Q2095
Q3895013	Q40050
Q3895102	Q2095
Q3895789	Q2095
Q3895837	Q2095
Q3896505	Q2095
Q389727	Q2095
Q3897482	Q2095
Q3897489	Q2095
Q3897491	Q2095
Q3897492	Q2095
Q3897499	Q2095
Q3897500	Q2095
Q3897599	Q2095
Q3898320	Q2095
Q3898487	Q2095
Q3898528	Q2095
Q3898539	Q2095
Q3898541	Q2095
Q3898542	Q2095
Q3898544	Q2095
Q3898545	Q2095
Q3898546	Q2095
Q3898547	Q2095
Q3898548	Q2095
Q3898549	Q2095
Q3898550	Q2095
Q3899032	Q2095
Q3899061	Q2095
Q3899347	Q2095
Q3899358	Q2095
Q3899360	Q2095
Q3899361	Q2095
Q3899623	Q2095
Q3899625	Q2095
Q3899627	Q2095
Q3899632	Q2095
Q3899685	Q2095
Q3900653	Q2095
Q3900655	Q2095
Q3900766	Q2095
Q3900768	Q2095
Q3901124	Q2095
Q3901124	Q40050
Q3901812	Q2095
Q390266	Q2095
Q3902713	Q2095
Q390456	Q2095
Q3904920	Q2095
Q3905342	Q2095
Q39055774	Q2095
Q39055909	Q2095
Q3905622	Q2095
Q3905631	Q2095
Q3905631	Q40050
Q39056555	Q2095
Q39056765	Q2095
Q39057393	Q2095
Q3905744	Q2095
Q3905744	Q40050
Q3905793	Q2095
Q3905837	Q2095
Q3905955	Q2095
Q3905960	Q2095
Q3905962	Q2095
Q3905963	Q2095
Q3905969	Q2095
Q3906050	Q2095
Q3906123	Q2095
Q3906123	Q40050
Q3906768	Q2095
Q3906863	Q2095
Q390726	Q2095
Q3907609	Q2095
Q3907811	Q2095
Q39078745	Q2095
Q39078745	Q40050
Q39082052	Q2095
Q390823	Q2095
Q39086642	Q2095
Q39086980	Q2095
Q39087079	Q2095
Q39087817	Q2095
Q3909175	Q2095
Q3909175	Q40050
Q3909303	Q2095
Q3909303	Q40050
Q3910744	Q2095
Q3910744	Q40050
Q391082	Q2095
Q391086	Q2095
Q3910883	Q2095
Q391604	Q2095
Q3916957	Q2095
Q3917542	Q2095
Q391869	Q2095
Q392001	Q2095
Q3920731	Q2095
Q392172	Q2095
Q3921923	Q2095
Q392242	Q2095
Q392242	Q40050
Q3924065	Q2095
Q3924066	Q2095
Q3924067	Q2095
Q3924068	Q2095
Q3924070	Q2095
Q3924725	Q2095
Q3924726	Q2095
Q3924727	Q2095
Q3924728	Q2095
Q3924729	Q2095
Q3924731	Q2095
Q3925834	Q2095
Q3925834	Q40050
Q3926046	Q2095
Q39262547	Q2095
Q3927679	Q2095
Q3928140	Q2095
Q3928140	Q40050
Q3928640	Q2095
Q3928641	Q2095
Q3928880	Q2095
Q3928880	Q40050
Q3928985	Q2095
Q392935	Q2095
Q3929396	Q2095
Q3930411	Q2095
Q3930582	Q2095
Q3930973	Q2095
Q3930973	Q40050
Q3935153	Q2095
Q3935154	Q2095
Q3935155	Q2095
Q3935156	Q2095
Q3935158	Q2095
Q3935160	Q2095
Q3935162	Q2095
Q393573	Q2095
Q3936020	Q2095
Q3937029	Q2095
Q3937030	Q2095
Q3937031	Q2095
Q3937060	Q2095
Q3939837	Q2095
Q3940165	Q2095
Q3940513	Q2095
Q3940538	Q2095
Q3940538	Q40050
Q3941402	Q2095
Q3941643	Q2095
Q3941643	Q40050
Q3941657	Q2095
Q3941657	Q40050
Q3941718	Q2095
Q3941923	Q2095
Q3942026	Q2095
Q3942026	Q40050
Q394222	Q2095
Q3942865	Q2095
Q3942865	Q40050
Q3942940	Q2095
Q3944659	Q2095
Q3945296	Q2095
Q3945298	Q2095
Q3945308	Q2095
Q3945309	Q2095
Q3945312	Q2095
Q3945313	Q2095
Q3945315	Q2095
Q3945316	Q2095
Q3945317	Q2095
Q3945319	Q2095
Q3945320	Q2095
Q3945322	Q2095
Q3945323	Q2095
Q3945326	Q2095
Q3945327	Q2095
Q3945328	Q2095
Q3945330	Q2095
Q3945331	Q2095
Q3945334	Q2095
Q3945602	Q2095
Q3945779	Q2095
Q3945782	Q2095
Q3945796	Q2095
Q3945798	Q2095
Q3945800	Q2095
Q3945874	Q2095
Q3948086	Q2095
Q3948365	Q2095
Q3948425	Q2095
Q3950398	Q2095
Q3950519	Q2095
Q3950598	Q2095
Q3950866	Q2095
Q3950866	Q40050
Q3951308	Q2095
Q3951313	Q2095
Q3951447	Q2095
Q3951601	Q2095
Q3952015	Q2095
Q3952017	Q2095
Q3952291	Q2095
Q3952312	Q2095
Q3953541	Q2095
Q3954050	Q2095
Q3955149	Q2095
Q39553	Q2095
Q39553	Q40050
Q3958689	Q2095
Q3958698	Q2095
Q3958710	Q2095
Q3958721	Q2095
Q3959196	Q2095
Q3959196	Q40050
Q3959619	Q2095
Q3961074	Q2095
Q3962801	Q2095
Q3964934	Q2095
Q3964970	Q2095
Q3964971	Q2095
Q3965092	Q2095
Q3965203	Q2095
Q3965918	Q2095
Q3965921	Q2095
Q3966710	Q2095
Q3970537	Q2095
Q3970537	Q40050
Q3974591	Q2095
Q3974593	Q2095
Q3975865	Q2095
Q3976030	Q2095
Q3976030	Q40050
Q3976099	Q2095
Q3976135	Q2095
Q3976729	Q2095
Q3976730	Q2095
Q397762	Q2095
Q397762	Q40050
Q397809	Q2095
Q397809	Q40050
Q3978298	Q2095
Q397926	Q2095
Q397926	Q40050
Q3980014	Q2095
Q3980118	Q2095
Q3980118	Q40050
Q3980780	Q2095
Q3980780	Q40050
Q3981156	Q2095
Q3981215	Q2095
Q3981599	Q2095
Q3981599	Q40050
Q3983447	Q2095
Q3984342	Q2095
Q3984536	Q2095
Q3984620	Q2095
Q3985208	Q2095
Q3991202	Q2095
Q3991203	Q2095
Q3991635	Q2095
Q3991635	Q40050
Q3991992	Q2095
Q3991992	Q40050
Q3992110	Q2095
Q3992553	Q2095
Q3992634	Q2095
Q3992663	Q2095
Q3992664	Q2095
Q3992883	Q2095
Q3993016	Q2095
Q3995780	Q2095
Q3995782	Q2095
Q3995784	Q2095
Q3995785	Q2095
Q3995799	Q2095
Q3995804	Q2095
Q3995805	Q2095
Q3995814	Q2095
Q3995817	Q2095
Q3995818	Q2095
Q3995819	Q2095
Q3995820	Q2095
Q3995824	Q2095
Q3995825	Q2095
Q3995826	Q2095
Q3995832	Q2095
Q3995858	Q2095
Q3995875	Q2095
Q3998215	Q2095
Q3998244	Q2095
Q3998256	Q2095
Q3998310	Q2095
Q3998325	Q2095
Q3998325	Q40050
Q4000279	Q2095
Q4000400	Q2095
Q4000969	Q2095
Q4000969	Q40050
Q4001072	Q2095
Q4001299	Q2095
Q4002413	Q2095
Q40050	Q2095
Q40050	Q40050
Q4006811	Q2095
Q4006813	Q2095
Q4007501	Q2095
Q4007569	Q2095
Q4008080	Q2095
Q4008080	Q40050
Q4008232	Q2095
Q4008467	Q2095
Q4008467	Q40050
Q4008472	Q2095
Q4008832	Q2095
Q4008832	Q40050
Q4008974	Q2095
Q4009601	Q2095
Q4009754	Q2095
Q4009908	Q2095
Q4010099	Q2095
Q4010099	Q40050
Q4010214	Q2095
Q4013007	Q2095
Q4013007	Q40050
Q4013015	Q2095
Q4013716	Q2095
Q4013716	Q40050
Q4013720	Q2095
Q4013720	Q40050
Q4015029	Q2095
Q4016516	Q2095
Q4016516	Q40050
Q4016644	Q2095
Q4017701	Q2095
Q4021706	Q2095
Q4021706	Q40050
Q4022531	Q2095
Q4022531	Q40050
Q4023625	Q2095
Q4024125	Q2095
Q4024313	Q2095
Q4024397	Q2095
Q4024434	Q2095
Q4024450	Q2095
Q4024452	Q2095
Q402446	Q2095
Q402446	Q40050
Q4024566	Q2095
Q4024992	Q2095
Q4025002	Q2095
Q4025086	Q2095
Q402563	Q2095
Q402587	Q2095
Q4031337	Q2095
Q4031337	Q40050
Q4033654	Q2095
Q4033654	Q40050
Q4036160	Q2095
Q4038290	Q2095
Q404114	Q2095
Q4041258	Q2095
Q4041769	Q2095
Q4041769	Q40050
Q4044912	Q2095
Q4044912	Q40050
Q4046948	Q2095
Q4048217	Q2095
Q4048217	Q40050
Q404973	Q2095
Q40529750	Q2095
Q40529750	Q40050
Q4054846	Q2095
Q4055055	Q2095
Q4055055	Q40050
Q406157	Q2095
Q406157	Q40050
Q4062939	Q2095
Q4063440	Q2095
Q4063776	Q2095
Q4066398	Q2095
Q4069888	Q2095
Q4072093	Q2095
Q4072093	Q40050
Q4073318	Q2095
Q4073318	Q40050
Q4073388	Q2095
Q40763	Q2095
Q4076942	Q2095
Q4076942	Q40050
Q4077486	Q2095
Q4080173	Q2095
Q4083630	Q2095
Q40853306	Q2095
Q40866122	Q2095
Q40866122	Q40050
Q40867220	Q2095
Q40867671	Q2095
Q4089094	Q2095
Q40908960	Q2095
Q4097120	Q2095
Q4097613	Q2095
Q40978520	Q2095
Q4099367	Q2095
Q4099367	Q40050
Q4100432	Q2095
Q41012011	Q2095
Q4101404	Q2095
Q4102393	Q2095
Q4102771	Q2095
Q4102828	Q2095
Q4103048	Q2095
Q4103061	Q2095
Q410324	Q2095
Q4103772	Q2095
Q4103772	Q40050
Q4103777	Q2095
Q410776	Q2095
Q41084	Q2095
Q41084	Q40050
Q41103403	Q2095
Q4110865	Q2095
Q4111867	Q2095
Q4111867	Q40050
Q411217	Q2095
Q4115072	Q2095
Q41150815	Q2095
Q4116140	Q2095
Q4116639	Q2095
Q4117015	Q2095
Q4117114	Q2095
Q4117206	Q2095
Q4118252	Q2095
Q4118270	Q2095
Q4118441	Q2095
Q411861	Q2095
Q411861	Q40050
Q4118695	Q2095
Q4118789	Q2095
Q4119080	Q2095
Q4120897	Q2095
Q4120897	Q40050
Q4120933	Q2095
Q4121172	Q2095
Q4122049	Q2095
Q4122095	Q2095
Q412754	Q2095
Q4129873	Q2095
Q4130778	Q2095
Q413126	Q2095
Q413449	Q2095
Q41354	Q2095
Q41356	Q2095
Q41356	Q40050
Q41384	Q2095
Q4140540	Q2095
Q4140540	Q40050
Q4141063	Q2095
Q41415	Q2095
Q41415182	Q2095
Q4141792	Q2095
Q41437154	Q2095
Q41437154	Q40050
Q41437185	Q2095
Q41437185	Q40050
Q41437264	Q2095
Q41437264	Q40050
Q41437284	Q2095
Q41437284	Q40050
Q41437312	Q2095
Q41437312	Q40050
Q41437619	Q2095
Q41437619	Q40050
Q41444126	Q2095
Q41444126	Q40050
Q41446243	Q2095
Q4145098	Q2095
Q41453468	Q2095
Q41453565	Q2095
Q41454287	Q2095
Q41455248	Q2095
Q41455248	Q40050
Q4145855	Q2095
Q41484834	Q2095
Q41489376	Q2095
Q41489376	Q40050
Q4150496	Q2095
Q41510052	Q2095
Q41521988	Q2095
Q4152552	Q2095
Q41534	Q2095
Q4154144	Q2095
Q415622	Q2095
Q415766	Q2095
Q415775	Q2095
Q4159174	Q2095
Q4160901	Q2095
Q41611	Q2095
Q41635581	Q2095
Q4164571	Q2095
Q4164590	Q2095
Q4165267	Q2095
Q4166575	Q2095
Q4166575	Q40050
Q4166577	Q2095
Q4168613	Q2095
Q4168879	Q2095
Q4168879	Q40050
Q4169287	Q2095
Q4169972	Q2095
Q4169972	Q40050
Q41712179	Q2095
Q41713277	Q2095
Q41713277	Q40050
Q41713559	Q2095
Q4173974	Q2095
Q41750238	Q2095
Q41752629	Q2095
Q41753589	Q2095
Q41756901	Q2095
Q41757362	Q2095
Q41774934	Q2095
Q41774944	Q2095
Q41774947	Q2095
Q41774950	Q2095
Q41774957	Q2095
Q41774963	Q2095
Q41774967	Q2095
Q41774970	Q2095
Q41775061	Q2095
Q41775063	Q2095
Q41775067	Q2095
Q41775075	Q2095
Q41775077	Q2095
Q41775082	Q2095
Q41775086	Q2095
Q41775095	Q2095
Q41775104	Q2095
Q41775113	Q2095
Q41775118	Q2095
Q41775123	Q2095
Q41775126	Q2095
Q41775133	Q2095
Q41775141	Q2095
Q41775144	Q2095
Q41775147	Q2095
Q41775154	Q2095
Q41775167	Q2095
Q41775170	Q2095
Q41775175	Q2095
Q41775178	Q2095
Q41775182	Q2095
Q41775185	Q2095
Q41775193	Q2095
Q41775198	Q2095
Q41775201	Q2095
Q41775205	Q2095
Q41775210	Q2095
Q41775213	Q2095
Q41775216	Q2095
Q41775223	Q2095
Q41775226	Q2095
Q41775230	Q2095
Q41775242	Q2095
Q41775246	Q2095
Q41775248	Q2095
Q41775265	Q2095
Q41775269	Q2095
Q41775271	Q2095
Q41775277	Q2095
Q41775284	Q2095
Q41775287	Q2095
Q41775293	Q2095
Q41775295	Q2095
Q41775298	Q2095
Q41775301	Q2095
Q41775304	Q2095
Q41775305	Q2095
Q41775307	Q2095
Q41775311	Q2095
Q41775314	Q2095
Q41775318	Q2095
Q41775321	Q2095
Q41775323	Q2095
Q41775324	Q2095
Q41775326	Q2095
Q41775329	Q2095
Q41775331	Q2095
Q41775335	Q2095
Q41775339	Q2095
Q41775344	Q2095
Q41775345	Q2095
Q41775347	Q2095
Q41775351	Q2095
Q41775364	Q2095
Q41775366	Q2095
Q41775377	Q2095
Q41775381	Q2095
Q41775383	Q2095
Q41775392	Q2095
Q41775395	Q2095
Q41775400	Q2095
Q41775403	Q2095
Q41775407	Q2095
Q41775410	Q2095
Q41775414	Q2095
Q41775424	Q2095
Q41775432	Q2095
Q41775435	Q2095
Q41775438	Q2095
Q41775442	Q2095
Q41775445	Q2095
Q41775448	Q2095
Q41775451	Q2095
Q41775454	Q2095
Q41775458	Q2095
Q41775460	Q2095
Q41775462	Q2095
Q41775465	Q2095
Q41775467	Q2095
Q41775471	Q2095
Q41775481	Q2095
Q41775483	Q2095
Q41775487	Q2095
Q41775490	Q2095
Q41775494	Q2095
Q41775502	Q2095
Q41775505	Q2095
Q41775509	Q2095
Q41775511	Q2095
Q41775513	Q2095
Q41775515	Q2095
Q41775519	Q2095
Q41775524	Q2095
Q41775539	Q2095
Q41775543	Q2095
Q41775546	Q2095
Q41775550	Q2095
Q41775553	Q2095
Q41775557	Q2095
Q41775560	Q2095
Q41775563	Q2095
Q41775569	Q2095
Q41775571	Q2095
Q41775572	Q2095
Q41775579	Q2095
Q41775581	Q2095
Q41775586	Q2095
Q41775594	Q2095
Q41775597	Q2095
Q41775598	Q2095
Q41775600	Q2095
Q41775604	Q2095
Q41775607	Q2095
Q41775609	Q2095
Q41775619	Q2095
Q41775621	Q2095
Q41775623	Q2095
Q41775625	Q2095
Q41775629	Q2095
Q41775631	Q2095
Q41775634	Q2095
Q41775641	Q2095
Q41775647	Q2095
Q41775656	Q2095
Q41775657	Q2095
Q41775665	Q2095
Q41775666	Q2095
Q41775671	Q2095
Q41775674	Q2095
Q41775681	Q2095
Q41775685	Q2095
Q41775689	Q2095
Q41775694	Q2095
Q41775696	Q2095
Q41775700	Q2095
Q41775705	Q2095
Q41775708	Q2095
Q41775711	Q2095
Q41775714	Q2095
Q41775717	Q2095
Q41775726	Q2095
Q41775730	Q2095
Q41775733	Q2095
Q41775738	Q2095
Q41775740	Q2095
Q41775745	Q2095
Q41775755	Q2095
Q41775760	Q2095
Q41775763	Q2095
Q41775766	Q2095
Q41775769	Q2095
Q41775771	Q2095
Q41775774	Q2095
Q41775780	Q2095
Q41775789	Q2095
Q41775792	Q2095
Q41775796	Q2095
Q41775799	Q2095
Q41775802	Q2095
Q41775805	Q2095
Q41775811	Q2095
Q41775814	Q2095
Q41775818	Q2095
Q41775822	Q2095
Q41775825	Q2095
Q41775828	Q2095
Q41775831	Q2095
Q41775835	Q2095
Q41775837	Q2095
Q41775840	Q2095
Q41775843	Q2095
Q41775846	Q2095
Q41775849	Q2095
Q41775852	Q2095
Q41775857	Q2095
Q41775861	Q2095
Q41775865	Q2095
Q41775867	Q2095
Q41775871	Q2095
Q41775875	Q2095
Q41775880	Q2095
Q41775883	Q2095
Q41775886	Q2095
Q41775897	Q2095
Q41775901	Q2095
Q41775905	Q2095
Q41775911	Q2095
Q41775918	Q2095
Q41775922	Q2095
Q41775929	Q2095
Q41775939	Q2095
Q41775942	Q2095
Q41775945	Q2095
Q41775952	Q2095
Q41775961	Q2095
Q41775963	Q2095
Q41775968	Q2095
Q41775975	Q2095
Q41775978	Q2095
Q41775981	Q2095
Q41775984	Q2095
Q41775988	Q2095
Q41775992	Q2095
Q41775995	Q2095
Q41776000	Q2095
Q41776006	Q2095
Q41776009	Q2095
Q41776013	Q2095
Q41776017	Q2095
Q41776020	Q2095
Q41776026	Q2095
Q41776029	Q2095
Q41776031	Q2095
Q41776032	Q2095
Q41776034	Q2095
Q41776037	Q2095
Q41776051	Q2095
Q41776054	Q2095
Q41776058	Q2095
Q41776060	Q2095
Q41776062	Q2095
Q41776068	Q2095
Q41776070	Q2095
Q41776074	Q2095
Q41776076	Q2095
Q41776080	Q2095
Q41776084	Q2095
Q41776089	Q2095
Q41776093	Q2095
Q41776096	Q2095
Q41776098	Q2095
Q41776105	Q2095
Q41776116	Q2095
Q41776118	Q2095
Q41776123	Q2095
Q41776125	Q2095
Q41776130	Q2095
Q41776139	Q2095
Q41776146	Q2095
Q41776149	Q2095
Q41776167	Q2095
Q41776184	Q2095
Q41776186	Q2095
Q41776191	Q2095
Q41776195	Q2095
Q41776198	Q2095
Q41776200	Q2095
Q41776201	Q2095
Q41776206	Q2095
Q41776210	Q2095
Q41776214	Q2095
Q41776220	Q2095
Q41776226	Q2095
Q41776230	Q2095
Q41776233	Q2095
Q41776237	Q2095
Q41776242	Q2095
Q41776249	Q2095
Q41776255	Q2095
Q41776259	Q2095
Q41776263	Q2095
Q41776265	Q2095
Q41776270	Q2095
Q41776272	Q2095
Q41776275	Q2095
Q41776276	Q2095
Q41776278	Q2095
Q41776284	Q2095
Q41776287	Q2095
Q41776292	Q2095
Q41776294	Q2095
Q41776296	Q2095
Q41776299	Q2095
Q41776303	Q2095
Q41776307	Q2095
Q41776312	Q2095
Q41776316	Q2095
Q41776319	Q2095
Q41776323	Q2095
Q41776325	Q2095
Q41776332	Q2095
Q41776335	Q2095
Q41776341	Q2095
Q41776392	Q2095
Q41776397	Q2095
Q41776398	Q2095
Q41776403	Q2095
Q41776412	Q2095
Q41776418	Q2095
Q41776422	Q2095
Q41776425	Q2095
Q41776426	Q2095
Q41776429	Q2095
Q41776432	Q2095
Q41776437	Q2095
Q41776440	Q2095
Q41776444	Q2095
Q41776446	Q2095
Q41776458	Q2095
Q41776461	Q2095
Q41776466	Q2095
Q41776470	Q2095
Q41776472	Q2095
Q41776474	Q2095
Q41776478	Q2095
Q41776481	Q2095
Q41776491	Q2095
Q41776499	Q2095
Q41776502	Q2095
Q41776504	Q2095
Q41776507	Q2095
Q41776510	Q2095
Q41776513	Q2095
Q41776517	Q2095
Q41776523	Q2095
Q41776532	Q2095
Q41776535	Q2095
Q41776537	Q2095
Q41776544	Q2095
Q41776547	Q2095
Q41776551	Q2095
Q41776560	Q2095
Q41776563	Q2095
Q41776565	Q2095
Q41776571	Q2095
Q41776575	Q2095
Q41776581	Q2095
Q41776584	Q2095
Q41776590	Q2095
Q41776595	Q2095
Q41776604	Q2095
Q41776608	Q2095
Q41776615	Q2095
Q41776628	Q2095
Q41776652	Q2095
Q41776658	Q2095
Q41776668	Q2095
Q41776672	Q2095
Q41776677	Q2095
Q41776680	Q2095
Q41776706	Q2095
Q41776719	Q2095
Q41776761	Q2095
Q41776766	Q2095
Q41776781	Q2095
Q41776793	Q2095
Q41776811	Q2095
Q41776818	Q2095
Q41776823	Q2095
Q41776828	Q2095
Q41776833	Q2095
Q41776843	Q2095
Q41776846	Q2095
Q41776851	Q2095
Q41776859	Q2095
Q41776863	Q2095
Q41776872	Q2095
Q41776875	Q2095
Q41776881	Q2095
Q41776884	Q2095
Q41776888	Q2095
Q41776894	Q2095
Q41776898	Q2095
Q41776902	Q2095
Q41776907	Q2095
Q41776912	Q2095
Q41776918	Q2095
Q41776936	Q2095
Q41776950	Q2095
Q41776954	Q2095
Q41776957	Q2095
Q41776961	Q2095
Q41776967	Q2095
Q41776971	Q2095
Q41776976	Q2095
Q41776980	Q2095
Q41776987	Q2095
Q41776996	Q2095
Q41777001	Q2095
Q41777010	Q2095
Q41777021	Q2095
Q41777025	Q2095
Q41777029	Q2095
Q41777032	Q2095
Q41777036	Q2095
Q41777041	Q2095
Q41777044	Q2095
Q41777052	Q2095
Q41777056	Q2095
Q41777065	Q2095
Q41777067	Q2095
Q41777071	Q2095
Q41777075	Q2095
Q41777079	Q2095
Q41777083	Q2095
Q41777088	Q2095
Q41777091	Q2095
Q41777095	Q2095
Q41777099	Q2095
Q41777102	Q2095
Q41777108	Q2095
Q41777112	Q2095
Q41777115	Q2095
Q41777120	Q2095
Q41777124	Q2095
Q41777152	Q2095
Q41777159	Q2095
Q41777165	Q2095
Q41777169	Q2095
Q41777175	Q2095
Q41777183	Q2095
Q41777197	Q2095
Q41777203	Q2095
Q41777207	Q2095
Q41777219	Q2095
Q41777222	Q2095
Q41777233	Q2095
Q41777245	Q2095
Q41777248	Q2095
Q41777254	Q2095
Q41777260	Q2095
Q41777264	Q2095
Q41777280	Q2095
Q41777283	Q2095
Q41777300	Q2095
Q41777306	Q2095
Q41777316	Q2095
Q41777321	Q2095
Q41777328	Q2095
Q41777335	Q2095
Q41777349	Q2095
Q41777360	Q2095
Q41777365	Q2095
Q41777372	Q2095
Q41777387	Q2095
Q41777394	Q2095
Q41777399	Q2095
Q41777404	Q2095
Q41777408	Q2095
Q41777415	Q2095
Q41777421	Q2095
Q41777439	Q2095
Q41777445	Q2095
Q41777456	Q2095
Q41777463	Q2095
Q41777474	Q2095
Q41777477	Q2095
Q41777483	Q2095
Q41777490	Q2095
Q41777531	Q2095
Q41777537	Q2095
Q41777542	Q2095
Q41777560	Q2095
Q41777564	Q2095
Q41777588	Q2095
Q41777596	Q2095
Q41777613	Q2095
Q41777617	Q2095
Q41777625	Q2095
Q41777629	Q2095
Q41777634	Q2095
Q41777639	Q2095
Q41777656	Q2095
Q41777670	Q2095
Q41777675	Q2095
Q41777684	Q2095
Q41777691	Q2095
Q41777704	Q2095
Q41777708	Q2095
Q41777721	Q2095
Q41777732	Q2095
Q41777739	Q2095
Q41777745	Q2095
Q41777751	Q2095
Q41777757	Q2095
Q41777762	Q2095
Q41777774	Q2095
Q41777788	Q2095
Q41777799	Q2095
Q41777802	Q2095
Q41777806	Q2095
Q41777811	Q2095
Q41777817	Q2095
Q41777821	Q2095
Q41777822	Q2095
Q41777827	Q2095
Q41777834	Q2095
Q41777842	Q2095
Q41777845	Q2095
Q41777849	Q2095
Q41777851	Q2095
Q41777855	Q2095
Q41777859	Q2095
Q41777862	Q2095
Q41777866	Q2095
Q41777874	Q2095
Q41777881	Q2095
Q41777890	Q2095
Q41777919	Q2095
Q41777932	Q2095
Q41777941	Q2095
Q41777961	Q2095
Q41777972	Q2095
Q41777976	Q2095
Q41777980	Q2095
Q41777983	Q2095
Q41777987	Q2095
Q41777991	Q2095
Q41777992	Q2095
Q41777996	Q2095
Q41778001	Q2095
Q41778003	Q2095
Q41778010	Q2095
Q41778015	Q2095
Q41778023	Q2095
Q41778031	Q2095
Q41778033	Q2095
Q41778036	Q2095
Q41778040	Q2095
Q41778044	Q2095
Q41778047	Q2095
Q41778052	Q2095
Q41778055	Q2095
Q41778059	Q2095
Q41778062	Q2095
Q41778078	Q2095
Q41778086	Q2095
Q41778090	Q2095
Q41778094	Q2095
Q41778099	Q2095
Q41778109	Q2095
Q41778113	Q2095
Q41778116	Q2095
Q41778120	Q2095
Q41778122	Q2095
Q41778125	Q2095
Q41778128	Q2095
Q41778131	Q2095
Q41778139	Q2095
Q41778143	Q2095
Q41778149	Q2095
Q41778156	Q2095
Q41778162	Q2095
Q41778165	Q2095
Q41778168	Q2095
Q41778172	Q2095
Q41778176	Q2095
Q41778182	Q2095
Q41778193	Q2095
Q41778197	Q2095
Q41778202	Q2095
Q41778209	Q2095
Q41778217	Q2095
Q41778220	Q2095
Q41778224	Q2095
Q41778231	Q2095
Q41778236	Q2095
Q41778245	Q2095
Q41778249	Q2095
Q41778253	Q2095
Q41778259	Q2095
Q41778263	Q2095
Q41778267	Q2095
Q41778269	Q2095
Q41778277	Q2095
Q41778280	Q2095
Q41778282	Q2095
Q41778285	Q2095
Q41778288	Q2095
Q41778293	Q2095
Q41778297	Q2095
Q41778300	Q2095
Q41778304	Q2095
Q41778318	Q2095
Q41778323	Q2095
Q41778328	Q2095
Q41778337	Q2095
Q41778346	Q2095
Q41778349	Q2095
Q41778352	Q2095
Q41778355	Q2095
Q41778362	Q2095
Q41778366	Q2095
Q41778377	Q2095
Q41778389	Q2095
Q41778415	Q2095
Q41778418	Q2095
Q41778422	Q2095
Q41778444	Q2095
Q41778460	Q2095
Q41778474	Q2095
Q41778479	Q2095
Q41778484	Q2095
Q41778488	Q2095
Q41778510	Q2095
Q41778514	Q2095
Q41778520	Q2095
Q41778536	Q2095
Q41778538	Q2095
Q41778540	Q2095
Q41778543	Q2095
Q41778557	Q2095
Q41778559	Q2095
Q41778562	Q2095
Q41778564	Q2095
Q41778567	Q2095
Q41778573	Q2095
Q41778579	Q2095
Q41778584	Q2095
Q41778589	Q2095
Q41778592	Q2095
Q41778594	Q2095
Q41778598	Q2095
Q41778601	Q2095
Q41778605	Q2095
Q41778609	Q2095
Q41778618	Q2095
Q41778624	Q2095
Q41778627	Q2095
Q41778637	Q2095
Q41778640	Q2095
Q41778644	Q2095
Q41778647	Q2095
Q41778654	Q2095
Q41778657	Q2095
Q41778661	Q2095
Q41778667	Q2095
Q41778677	Q2095
Q41778684	Q2095
Q41778689	Q2095
Q41778695	Q2095
Q41778699	Q2095
Q41778702	Q2095
Q41778708	Q2095
Q41778713	Q2095
Q41778716	Q2095
Q41778721	Q2095
Q41778727	Q2095
Q41778729	Q2095
Q41778732	Q2095
Q41778734	Q2095
Q41778736	Q2095
Q41778739	Q2095
Q41778752	Q2095
Q41778754	Q2095
Q41778758	Q2095
Q41778762	Q2095
Q41778767	Q2095
Q41778769	Q2095
Q41778772	Q2095
Q41778775	Q2095
Q41778779	Q2095
Q41778782	Q2095
Q41778789	Q2095
Q41778794	Q2095
Q41778797	Q2095
Q41778802	Q2095
Q41778804	Q2095
Q41778808	Q2095
Q41778811	Q2095
Q41778817	Q2095
Q41778825	Q2095
Q41778828	Q2095
Q41778830	Q2095
Q41778833	Q2095
Q41778836	Q2095
Q41778839	Q2095
Q41778842	Q2095
Q41778848	Q2095
Q41778850	Q2095
Q41778853	Q2095
Q41778860	Q2095
Q41778862	Q2095
Q41778863	Q2095
Q41778865	Q2095
Q41778870	Q2095
Q41778872	Q2095
Q41778879	Q2095
Q41778881	Q2095
Q41778884	Q2095
Q41778886	Q2095
Q41778890	Q2095
Q41778893	Q2095
Q41778897	Q2095
Q41778899	Q2095
Q41778901	Q2095
Q41778904	Q2095
Q41778907	Q2095
Q41778914	Q2095
Q41778918	Q2095
Q41778921	Q2095
Q41778926	Q2095
Q41778928	Q2095
Q41778935	Q2095
Q41778938	Q2095
Q41778944	Q2095
Q41778951	Q2095
Q41778953	Q2095
Q41778958	Q2095
Q41778960	Q2095
Q41778965	Q2095
Q41778967	Q2095
Q41778970	Q2095
Q41778980	Q2095
Q41778983	Q2095
Q41778987	Q2095
Q41778988	Q2095
Q41778994	Q2095
Q41779002	Q2095
Q41779006	Q2095
Q41779010	Q2095
Q41779012	Q2095
Q41779014	Q2095
Q41779016	Q2095
Q41779019	Q2095
Q41779030	Q2095
Q41779034	Q2095
Q41779037	Q2095
Q41779045	Q2095
Q41779049	Q2095
Q41779053	Q2095
Q41779055	Q2095
Q41779060	Q2095
Q41779076	Q2095
Q41779084	Q2095
Q41779090	Q2095
Q41779093	Q2095
Q41779096	Q2095
Q41779100	Q2095
Q41779104	Q2095
Q41779108	Q2095
Q41779113	Q2095
Q41779126	Q2095
Q41779132	Q2095
Q41779136	Q2095
Q41779139	Q2095
Q41779147	Q2095
Q41779150	Q2095
Q41779156	Q2095
Q41779158	Q2095
Q41779163	Q2095
Q41779170	Q2095
Q41779174	Q2095
Q41779181	Q2095
Q41779191	Q2095
Q41779194	Q2095
Q41779199	Q2095
Q41779202	Q2095
Q41779203	Q2095
Q41779209	Q2095
Q41779217	Q2095
Q41779220	Q2095
Q41779223	Q2095
Q41779231	Q2095
Q41779235	Q2095
Q41779238	Q2095
Q41779246	Q2095
Q41779249	Q2095
Q41779256	Q2095
Q41779263	Q2095
Q41779266	Q2095
Q41779269	Q2095
Q41779273	Q2095
Q41779288	Q2095
Q41779292	Q2095
Q41779295	Q2095
Q41779301	Q2095
Q41779304	Q2095
Q41779310	Q2095
Q41779315	Q2095
Q41779319	Q2095
Q41779324	Q2095
Q41779329	Q2095
Q41779333	Q2095
Q41779340	Q2095
Q41779348	Q2095
Q41779353	Q2095
Q41779358	Q2095
Q41779362	Q2095
Q41779369	Q2095
Q41779378	Q2095
Q41779382	Q2095
Q41779385	Q2095
Q41779387	Q2095
Q41779389	Q2095
Q41779391	Q2095
Q41779395	Q2095
Q41779398	Q2095
Q41779409	Q2095
Q41779413	Q2095
Q41779416	Q2095
Q41779418	Q2095
Q41779421	Q2095
Q41779424	Q2095
Q41779426	Q2095
Q41779428	Q2095
Q41779435	Q2095
Q41779436	Q2095
Q41779441	Q2095
Q41779446	Q2095
Q41779450	Q2095
Q41779452	Q2095
Q41779459	Q2095
Q41779462	Q2095
Q41779464	Q2095
Q41779466	Q2095
Q41779468	Q2095
Q41779479	Q2095
Q41779482	Q2095
Q41779484	Q2095
Q41779487	Q2095
Q41779488	Q2095
Q41779493	Q2095
Q41779498	Q2095
Q41779501	Q2095
Q41779506	Q2095
Q41779510	Q2095
Q41779512	Q2095
Q41779517	Q2095
Q41779525	Q2095
Q41779529	Q2095
Q41779532	Q2095
Q41779535	Q2095
Q41779539	Q2095
Q41779544	Q2095
Q41779552	Q2095
Q41779554	Q2095
Q41779560	Q2095
Q41779569	Q2095
Q41779572	Q2095
Q41779576	Q2095
Q41779579	Q2095
Q41779585	Q2095
Q41779589	Q2095
Q41779596	Q2095
Q41779598	Q2095
Q41779601	Q2095
Q41779603	Q2095
Q41779605	Q2095
Q41779608	Q2095
Q41779611	Q2095
Q41779613	Q2095
Q41779617	Q2095
Q41779629	Q2095
Q41779630	Q2095
Q41779633	Q2095
Q41779637	Q2095
Q41779642	Q2095
Q41779652	Q2095
Q41779654	Q2095
Q41779656	Q2095
Q41779659	Q2095
Q41779660	Q2095
Q41779663	Q2095
Q41779666	Q2095
Q41779668	Q2095
Q41779676	Q2095
Q41779679	Q2095
Q41779682	Q2095
Q41779689	Q2095
Q41779692	Q2095
Q41779695	Q2095
Q41779699	Q2095
Q41779701	Q2095
Q41779704	Q2095
Q41779708	Q2095
Q41779717	Q2095
Q41779720	Q2095
Q41779722	Q2095
Q41779728	Q2095
Q41779733	Q2095
Q41779737	Q2095
Q41779740	Q2095
Q41779743	Q2095
Q41779744	Q2095
Q41779753	Q2095
Q41779756	Q2095
Q41779760	Q2095
Q41779765	Q2095
Q41779770	Q2095
Q41779774	Q2095
Q41779777	Q2095
Q41780011	Q2095
Q41780018	Q2095
Q41780022	Q2095
Q41780028	Q2095
Q41780052	Q2095
Q41780056	Q2095
Q41780058	Q2095
Q41780061	Q2095
Q41780063	Q2095
Q41780065	Q2095
Q41780069	Q2095
Q41780074	Q2095
Q41780076	Q2095
Q41780080	Q2095
Q41780083	Q2095
Q41780089	Q2095
Q41780103	Q2095
Q41780105	Q2095
Q41780107	Q2095
Q41780118	Q2095
Q41780124	Q2095
Q41780129	Q2095
Q41780138	Q2095
Q41780143	Q2095
Q41780146	Q2095
Q41780149	Q2095
Q41780156	Q2095
Q41780160	Q2095
Q41780164	Q2095
Q41780165	Q2095
Q41780167	Q2095
Q41780169	Q2095
Q41780171	Q2095
Q41780174	Q2095
Q41780178	Q2095
Q41780183	Q2095
Q41780186	Q2095
Q41780196	Q2095
Q41780199	Q2095
Q41780203	Q2095
Q41780205	Q2095
Q41780209	Q2095
Q41780216	Q2095
Q41780219	Q2095
Q41780223	Q2095
Q41780225	Q2095
Q41780231	Q2095
Q41780238	Q2095
Q41780240	Q2095
Q41780242	Q2095
Q41780244	Q2095
Q41780246	Q2095
Q41780252	Q2095
Q41780265	Q2095
Q41780268	Q2095
Q41780271	Q2095
Q41780276	Q2095
Q41780279	Q2095
Q41780280	Q2095
Q41780283	Q2095
Q41780286	Q2095
Q41780289	Q2095
Q41780292	Q2095
Q41780295	Q2095
Q41780298	Q2095
Q41780306	Q2095
Q41780309	Q2095
Q41780312	Q2095
Q41780317	Q2095
Q41780321	Q2095
Q41780328	Q2095
Q41780331	Q2095
Q41780335	Q2095
Q41780340	Q2095
Q41780350	Q2095
Q41780359	Q2095
Q41780365	Q2095
Q41780370	Q2095
Q41780373	Q2095
Q41780380	Q2095
Q41780388	Q2095
Q41780391	Q2095
Q41780395	Q2095
Q41780398	Q2095
Q41780400	Q2095
Q41780404	Q2095
Q41780413	Q2095
Q41780420	Q2095
Q41780426	Q2095
Q41780429	Q2095
Q41780438	Q2095
Q41780445	Q2095
Q41780450	Q2095
Q41780454	Q2095
Q41780466	Q2095
Q41780468	Q2095
Q41780476	Q2095
Q41780479	Q2095
Q41780482	Q2095
Q41780488	Q2095
Q41780492	Q2095
Q41780494	Q2095
Q41780498	Q2095
Q41780503	Q2095
Q41780506	Q2095
Q41780513	Q2095
Q41780516	Q2095
Q41780519	Q2095
Q41780528	Q2095
Q41780536	Q2095
Q41780539	Q2095
Q41780543	Q2095
Q41780547	Q2095
Q41780549	Q2095
Q41780555	Q2095
Q41780557	Q2095
Q41780569	Q2095
Q41780572	Q2095
Q41780576	Q2095
Q41780591	Q2095
Q41780595	Q2095
Q41780604	Q2095
Q41780609	Q2095
Q41780615	Q2095
Q41780618	Q2095
Q41780629	Q2095
Q41780634	Q2095
Q41780643	Q2095
Q41780647	Q2095
Q41780651	Q2095
Q41780663	Q2095
Q41780667	Q2095
Q41780675	Q2095
Q41780681	Q2095
Q41780687	Q2095
Q41780692	Q2095
Q41780696	Q2095
Q41780702	Q2095
Q41780714	Q2095
Q41780719	Q2095
Q41780725	Q2095
Q41780730	Q2095
Q41780734	Q2095
Q41780739	Q2095
Q41780748	Q2095
Q41780760	Q2095
Q41780765	Q2095
Q41780770	Q2095
Q41780775	Q2095
Q41780780	Q2095
Q41780786	Q2095
Q41780793	Q2095
Q41780798	Q2095
Q41780804	Q2095
Q41780812	Q2095
Q41780817	Q2095
Q41780820	Q2095
Q41780830	Q2095
Q41780835	Q2095
Q41780838	Q2095
Q41780842	Q2095
Q41780845	Q2095
Q41780855	Q2095
Q41780859	Q2095
Q41780864	Q2095
Q41780876	Q2095
Q41780880	Q2095
Q41780886	Q2095
Q41780890	Q2095
Q41780894	Q2095
Q41780900	Q2095
Q41780906	Q2095
Q41780913	Q2095
Q41780918	Q2095
Q41780930	Q2095
Q41780938	Q2095
Q41780952	Q2095
Q41780963	Q2095
Q41780966	Q2095
Q41780970	Q2095
Q41780975	Q2095
Q41780980	Q2095
Q41780984	Q2095
Q41780989	Q2095
Q41780995	Q2095
Q41781000	Q2095
Q41781003	Q2095
Q41781009	Q2095
Q41781025	Q2095
Q41781029	Q2095
Q41781032	Q2095
Q41781042	Q2095
Q41781049	Q2095
Q41781059	Q2095
Q41781068	Q2095
Q41781071	Q2095
Q41781076	Q2095
Q41781080	Q2095
Q41781085	Q2095
Q41781090	Q2095
Q41781094	Q2095
Q41781098	Q2095
Q41781102	Q2095
Q41781108	Q2095
Q41781114	Q2095
Q41781120	Q2095
Q41781122	Q2095
Q41781128	Q2095
Q41781140	Q2095
Q41781145	Q2095
Q41781149	Q2095
Q41781153	Q2095
Q41781156	Q2095
Q41781160	Q2095
Q41781165	Q2095
Q41781172	Q2095
Q41781176	Q2095
Q41781179	Q2095
Q41781182	Q2095
Q41781187	Q2095
Q41781192	Q2095
Q41781210	Q2095
Q41781217	Q2095
Q41781221	Q2095
Q41781226	Q2095
Q41781231	Q2095
Q41781235	Q2095
Q41781242	Q2095
Q41781247	Q2095
Q41781256	Q2095
Q41781261	Q2095
Q41781267	Q2095
Q41781272	Q2095
Q41781278	Q2095
Q41781284	Q2095
Q41781288	Q2095
Q41781293	Q2095
Q41781299	Q2095
Q41781305	Q2095
Q41781308	Q2095
Q41781310	Q2095
Q41781313	Q2095
Q41781322	Q2095
Q41781329	Q2095
Q41781339	Q2095
Q41781345	Q2095
Q41781365	Q2095
Q41781371	Q2095
Q41781374	Q2095
Q41781378	Q2095
Q41781385	Q2095
Q41781392	Q2095
Q41781407	Q2095
Q41781411	Q2095
Q41781421	Q2095
Q41781427	Q2095
Q41781434	Q2095
Q41781453	Q2095
Q41781459	Q2095
Q41781469	Q2095
Q41781482	Q2095
Q41781487	Q2095
Q41781491	Q2095
Q41781510	Q2095
Q41781515	Q2095
Q41781521	Q2095
Q41781525	Q2095
Q41781531	Q2095
Q41781537	Q2095
Q41781543	Q2095
Q41781547	Q2095
Q41781552	Q2095
Q41781557	Q2095
Q41781561	Q2095
Q41781565	Q2095
Q41781574	Q2095
Q41781577	Q2095
Q41781582	Q2095
Q41781586	Q2095
Q41781592	Q2095
Q41781599	Q2095
Q41781605	Q2095
Q41781608	Q2095
Q41781619	Q2095
Q41781625	Q2095
Q41781629	Q2095
Q41781633	Q2095
Q41781638	Q2095
Q41781656	Q2095
Q41781659	Q2095
Q41781662	Q2095
Q41781667	Q2095
Q41781669	Q2095
Q41781704	Q2095
Q41781711	Q2095
Q41781716	Q2095
Q41781726	Q2095
Q41781741	Q2095
Q41781744	Q2095
Q41781751	Q2095
Q41781759	Q2095
Q41781777	Q2095
Q41781785	Q2095
Q41781790	Q2095
Q41781796	Q2095
Q41781802	Q2095
Q41781815	Q2095
Q41781827	Q2095
Q41781837	Q2095
Q41781845	Q2095
Q41781850	Q2095
Q41781856	Q2095
Q41781861	Q2095
Q41781866	Q2095
Q41781871	Q2095
Q41781874	Q2095
Q41781880	Q2095
Q41781884	Q2095
Q41781891	Q2095
Q41781896	Q2095
Q41781901	Q2095
Q41781917	Q2095
Q41781928	Q2095
Q41781938	Q2095
Q41781942	Q2095
Q41781951	Q2095
Q41781964	Q2095
Q41781969	Q2095
Q41781975	Q2095
Q41781991	Q2095
Q41782004	Q2095
Q41782017	Q2095
Q41782022	Q2095
Q41782039	Q2095
Q41782044	Q2095
Q41782054	Q2095
Q41782064	Q2095
Q41782069	Q2095
Q41782074	Q2095
Q41782080	Q2095
Q41782083	Q2095
Q41782091	Q2095
Q41782097	Q2095
Q41782099	Q2095
Q41782105	Q2095
Q41782113	Q2095
Q41782117	Q2095
Q41782126	Q2095
Q41782136	Q2095
Q41782145	Q2095
Q41782152	Q2095
Q41782155	Q2095
Q41782160	Q2095
Q41782167	Q2095
Q41782171	Q2095
Q41782173	Q2095
Q41782177	Q2095
Q41782180	Q2095
Q41782183	Q2095
Q41782186	Q2095
Q41782190	Q2095
Q41782199	Q2095
Q41782203	Q2095
Q41782212	Q2095
Q41782216	Q2095
Q41782225	Q2095
Q41782230	Q2095
Q41782241	Q2095
Q41782248	Q2095
Q41782252	Q2095
Q41782255	Q2095
Q41782257	Q2095
Q41782262	Q2095
Q41782270	Q2095
Q41782279	Q2095
Q41782290	Q2095
Q41782293	Q2095
Q41782306	Q2095
Q41782310	Q2095
Q41782315	Q2095
Q41782326	Q2095
Q41782331	Q2095
Q41782335	Q2095
Q41782341	Q2095
Q41782368	Q2095
Q41782391	Q2095
Q41782397	Q2095
Q41782403	Q2095
Q41782410	Q2095
Q41782415	Q2095
Q41782421	Q2095
Q41782427	Q2095
Q41782433	Q2095
Q41782438	Q2095
Q41782443	Q2095
Q41782449	Q2095
Q41782453	Q2095
Q41782460	Q2095
Q41782471	Q2095
Q41782476	Q2095
Q41782481	Q2095
Q41782491	Q2095
Q41782508	Q2095
Q41782514	Q2095
Q41782525	Q2095
Q41782531	Q2095
Q41782534	Q2095
Q41782540	Q2095
Q41782543	Q2095
Q41782549	Q2095
Q41782554	Q2095
Q41782560	Q2095
Q41782570	Q2095
Q41782575	Q2095
Q41782579	Q2095
Q41782587	Q2095
Q41782591	Q2095
Q41782598	Q2095
Q41782602	Q2095
Q41782608	Q2095
Q41782614	Q2095
Q41782623	Q2095
Q41782626	Q2095
Q41782631	Q2095
Q41782635	Q2095
Q41782639	Q2095
Q41782656	Q2095
Q41782659	Q2095
Q41782668	Q2095
Q41782673	Q2095
Q41782681	Q2095
Q41782687	Q2095
Q41782698	Q2095
Q41782705	Q2095
Q41782727	Q2095
Q41782751	Q2095
Q41782757	Q2095
Q41782763	Q2095
Q41782768	Q2095
Q41782772	Q2095
Q41782776	Q2095
Q41782790	Q2095
Q41782794	Q2095
Q41782800	Q2095
Q41782805	Q2095
Q41782823	Q2095
Q41782829	Q2095
Q41782842	Q2095
Q41782849	Q2095
Q41782853	Q2095
Q41782861	Q2095
Q41782873	Q2095
Q41782877	Q2095
Q41782881	Q2095
Q41782885	Q2095
Q41782889	Q2095
Q41782893	Q2095
Q41782904	Q2095
Q41782909	Q2095
Q41782915	Q2095
Q41782932	Q2095
Q41796242	Q2095
Q41796242	Q40050
Q41796542	Q2095
Q41798378	Q2095
Q4179863	Q2095
Q4179863	Q40050
Q41799628	Q2095
Q41804827	Q2095
Q41804841	Q2095
Q41804851	Q2095
Q41806779	Q2095
Q418157	Q2095
Q4185632	Q2095
Q4185902	Q2095
Q4189322	Q2095
Q418945	Q2095
Q4189615	Q2095
Q419321	Q2095
Q4193417	Q2095
Q419568	Q2095
Q419693	Q2095
Q4197759	Q2095
Q4197962	Q2095
Q41983571	Q2095
Q4198570	Q2095
Q4199077	Q2095
Q4199436	Q2095
Q4200659	Q2095
Q4200763	Q2095
Q4200953	Q2095
Q4201329	Q2095
Q4201778	Q2095
Q4201867	Q2095
Q4201867	Q40050
Q4202016	Q2095
Q42031110	Q2095
Q42031110	Q40050
Q42031205	Q2095
Q42031205	Q40050
Q42031308	Q2095
Q42031308	Q40050
Q42031344	Q2095
Q42031344	Q40050
Q4203530	Q2095
Q4203966	Q2095
Q42044808	Q2095
Q42045522	Q2095
Q4205452	Q2095
Q4205889	Q2095
Q4206002	Q2095
Q420646	Q2095
Q4207282	Q2095
Q4208144	Q2095
Q4208154	Q2095
Q4208242	Q2095
Q42085	Q2095
Q4208661	Q2095
Q4209872	Q2095
Q4210698	Q2095
Q4210698	Q40050
Q4211199	Q2095
Q4211199	Q40050
Q4213720	Q2095
Q4215683	Q2095
Q4215691	Q2095
Q4215727	Q2095
Q4216247	Q2095
Q4216274	Q2095
Q42162984	Q2095
Q42162984	Q40050
Q4216301	Q2095
Q4216325	Q2095
Q42171460	Q2095
Q4218132	Q2095
Q4218132	Q40050
Q4219778	Q2095
Q4220357	Q2095
Q4220357	Q40050
Q4222435	Q2095
Q4222490	Q2095
Q4225831	Q2095
Q4227013	Q2095
Q4227483	Q2095
Q4227483	Q40050
Q4229214	Q2095
Q42293042	Q2095
Q42293366	Q2095
Q42293366	Q40050
Q42299123	Q2095
Q42299123	Q40050
Q42299126	Q2095
Q42299126	Q40050
Q42299129	Q2095
Q42299129	Q40050
Q42299137	Q2095
Q42299137	Q40050
Q42299143	Q2095
Q42299143	Q40050
Q42299150	Q2095
Q42299150	Q40050
Q42299156	Q2095
Q42299156	Q40050
Q42299157	Q2095
Q42299157	Q40050
Q42299158	Q2095
Q42299158	Q40050
Q42299161	Q2095
Q42299161	Q40050
Q42299182	Q2095
Q42299182	Q40050
Q42299191	Q2095
Q42299191	Q40050
Q42300342	Q2095
Q42300342	Q40050
Q42300364	Q2095
Q42300364	Q40050
Q42300372	Q2095
Q42300372	Q40050
Q42300474	Q2095
Q42300474	Q40050
Q42300486	Q2095
Q42300486	Q40050
Q42300625	Q2095
Q42300625	Q40050
Q42300632	Q2095
Q42300632	Q40050
Q42300634	Q2095
Q42300634	Q40050
Q42300651	Q2095
Q42300651	Q40050
Q42300658	Q2095
Q42300658	Q40050
Q42300665	Q2095
Q42300665	Q40050
Q42300789	Q2095
Q42300789	Q40050
Q42300793	Q2095
Q42300793	Q40050
Q42300903	Q2095
Q42300903	Q40050
Q42300920	Q2095
Q42300920	Q40050
Q42300921	Q2095
Q42300921	Q40050
Q42300922	Q2095
Q42300922	Q40050
Q42300923	Q2095
Q42300923	Q40050
Q42300924	Q2095
Q42300924	Q40050
Q42300925	Q2095
Q42300925	Q40050
Q42300926	Q2095
Q42300926	Q40050
Q42300927	Q2095
Q42300927	Q40050
Q42300928	Q2095
Q42300928	Q40050
Q42300929	Q2095
Q42300929	Q40050
Q42300930	Q2095
Q42300930	Q40050
Q42301223	Q2095
Q42301223	Q40050
Q42303076	Q2095
Q42303076	Q40050
Q42303078	Q2095
Q42303078	Q40050
Q42303086	Q2095
Q42303086	Q40050
Q42303087	Q2095
Q42303087	Q40050
Q42303088	Q2095
Q42303088	Q40050
Q42303090	Q2095
Q42303090	Q40050
Q42303091	Q2095
Q42303091	Q40050
Q42303092	Q2095
Q42303092	Q40050
Q42303094	Q2095
Q42303094	Q40050
Q42303095	Q2095
Q42303095	Q40050
Q42303096	Q2095
Q42303096	Q40050
Q42303098	Q2095
Q42303098	Q40050
Q42303100	Q2095
Q42303100	Q40050
Q42303101	Q2095
Q42303101	Q40050
Q42303106	Q2095
Q42303106	Q40050
Q42303110	Q2095
Q42303110	Q40050
Q42303113	Q2095
Q42303113	Q40050
Q42303115	Q2095
Q42303115	Q40050
Q42303118	Q2095
Q42303118	Q40050
Q42303122	Q2095
Q42303122	Q40050
Q42303123	Q2095
Q42303123	Q40050
Q42303124	Q2095
Q42303124	Q40050
Q42303125	Q2095
Q42303125	Q40050
Q42303127	Q2095
Q42303127	Q40050
Q42303128	Q2095
Q42303128	Q40050
Q42303129	Q2095
Q42303129	Q40050
Q42303130	Q2095
Q42303130	Q40050
Q42303131	Q2095
Q42303131	Q40050
Q42303132	Q2095
Q42303132	Q40050
Q42303133	Q2095
Q42303133	Q40050
Q42303134	Q2095
Q42303134	Q40050
Q42303135	Q2095
Q42303135	Q40050
Q4230499	Q2095
Q42319232	Q2095
Q42319232	Q40050
Q42319233	Q2095
Q42319233	Q40050
Q42319251	Q2095
Q42319251	Q40050
Q42319259	Q2095
Q42319259	Q40050
Q42319266	Q2095
Q42319266	Q40050
Q42319275	Q2095
Q42319275	Q40050
Q42319277	Q2095
Q42319277	Q40050
Q42319297	Q2095
Q42319297	Q40050
Q42319308	Q2095
Q42319308	Q40050
Q42319310	Q2095
Q42319310	Q40050
Q42319311	Q2095
Q42319311	Q40050
Q42319313	Q2095
Q42319313	Q40050
Q42319320	Q2095
Q42319320	Q40050
Q42319325	Q2095
Q42319325	Q40050
Q42319330	Q2095
Q42319330	Q40050
Q42319340	Q2095
Q42319340	Q40050
Q42319341	Q2095
Q42319341	Q40050
Q42319344	Q2095
Q42319344	Q40050
Q42319346	Q2095
Q42319346	Q40050
Q42319347	Q2095
Q42319347	Q40050
Q42319351	Q2095
Q42319351	Q40050
Q42319392	Q2095
Q42319392	Q40050
Q42319393	Q2095
Q42319393	Q40050
Q42319398	Q2095
Q42319398	Q40050
Q42319401	Q2095
Q42319401	Q40050
Q42319402	Q2095
Q42319402	Q40050
Q42319403	Q2095
Q42319403	Q40050
Q42319416	Q2095
Q42319416	Q40050
Q42319496	Q2095
Q42319496	Q40050
Q4232644	Q2095
Q42332446	Q2095
Q423425	Q2095
Q423425	Q40050
Q42348478	Q2095
Q4235076	Q2095
Q423569	Q2095
Q42363424	Q2095
Q42363635	Q2095
Q42364024	Q2095
Q4236464	Q2095
Q4236464	Q40050
Q42364865	Q2095
Q42365208	Q2095
Q42365208	Q40050
Q42365254	Q2095
Q42365254	Q40050
Q42365310	Q2095
Q42365310	Q40050
Q42365363	Q2095
Q42365363	Q40050
Q42365457	Q2095
Q42365457	Q40050
Q42365481	Q2095
Q42365481	Q40050
Q42365624	Q2095
Q42365624	Q40050
Q42366258	Q2095
Q42366307	Q2095
Q42366307	Q40050
Q42366415	Q2095
Q42366415	Q40050
Q42366457	Q2095
Q42369886	Q2095
Q42373854	Q2095
Q42373871	Q2095
Q42377834	Q2095
Q42377834	Q40050
Q42378074	Q2095
Q42378176	Q2095
Q42378176	Q40050
Q42378205	Q2095
Q42378205	Q40050
Q42378211	Q2095
Q42378211	Q40050
Q42378221	Q2095
Q42378221	Q40050
Q42378564	Q2095
Q42378564	Q40050
Q42378565	Q2095
Q42378565	Q40050
Q42378567	Q2095
Q42378567	Q40050
Q42378568	Q2095
Q42378568	Q40050
Q42378570	Q2095
Q42378570	Q40050
Q42378572	Q2095
Q42378572	Q40050
Q42378573	Q2095
Q42378573	Q40050
Q42378574	Q2095
Q42378574	Q40050
Q42378576	Q2095
Q42378576	Q40050
Q42378578	Q2095
Q42378578	Q40050
Q42378579	Q2095
Q42378579	Q40050
Q42378583	Q2095
Q42378583	Q40050
Q42379629	Q2095
Q42380699	Q2095
Q42381119	Q2095
Q42381360	Q2095
Q42393692	Q2095
Q42393692	Q40050
Q42393717	Q2095
Q42393717	Q40050
Q42393730	Q2095
Q42393730	Q40050
Q42393755	Q2095
Q42393755	Q40050
Q42393808	Q2095
Q42393808	Q40050
Q42395119	Q2095
Q42395543	Q2095
Q42395976	Q2095
Q42396212	Q2095
Q42396244	Q2095
Q42399364	Q2095
Q42399364	Q40050
Q42399381	Q2095
Q42399381	Q40050
Q42399394	Q2095
Q42399394	Q40050
Q42399399	Q2095
Q42399399	Q40050
Q42399405	Q2095
Q42399405	Q40050
Q42399410	Q2095
Q42399410	Q40050
Q42399449	Q2095
Q4239950	Q2095
Q42400563	Q2095
Q42411090	Q2095
Q42416753	Q2095
Q42417247	Q2095
Q42417413	Q2095
Q42417569	Q2095
Q42417761	Q2095
Q4242107	Q2095
Q42431106	Q2095
Q42434444	Q2095
Q42434706	Q2095
Q42435036	Q2095
Q4243624	Q2095
Q4243624	Q40050
Q4246303	Q2095
Q4246304	Q2095
Q4246388	Q2095
Q4246421	Q2095
Q4247469	Q2095
Q4247694	Q2095
Q4247887	Q2095
Q4248147	Q2095
Q4248527	Q2095
Q4249417	Q2095
Q42499751	Q2095
Q42499751	Q40050
Q42499820	Q2095
Q42499820	Q40050
Q4250363	Q2095
Q4250382	Q2095
Q4251295	Q2095
Q4251973	Q2095
Q42527	Q2095
Q42560353	Q2095
Q42560353	Q40050
Q4256352	Q2095
Q42575486	Q2095
Q42575486	Q40050
Q4257941	Q2095
Q4258412	Q2095
Q4258412	Q40050
Q425847	Q2095
Q4260251	Q2095
Q4260251	Q40050
Q4260489	Q2095
Q4260489	Q40050
Q42608117	Q2095
Q42608117	Q40050
Q426103	Q2095
Q4261477	Q2095
Q4262936	Q2095
Q426337	Q2095
Q4264051	Q2095
Q426569	Q2095
Q426569	Q40050
Q426601	Q2095
Q426856	Q2095
Q426856	Q40050
Q4269067	Q2095
Q4272202	Q2095
Q427226	Q2095
Q427306	Q2095
Q4273466	Q2095
Q427457	Q2095
Q42749778	Q2095
Q4275510	Q2095
Q427734	Q2095
Q427786	Q2095
Q4277997	Q2095
Q4281183	Q2095
Q4281183	Q40050
Q428126	Q2095
Q4281381	Q2095
Q428392	Q2095
Q4283970	Q2095
Q4285633	Q2095
Q4285984	Q2095
Q42862392	Q2095
Q42862392	Q40050
Q42862395	Q2095
Q42862395	Q40050
Q42862396	Q2095
Q42862396	Q40050
Q42862466	Q2095
Q42862466	Q40050
Q42862507	Q2095
Q42862507	Q40050
Q42862521	Q2095
Q42862521	Q40050
Q42862951	Q2095
Q42862951	Q40050
Q42863147	Q2095
Q42863147	Q40050
Q42863174	Q2095
Q42863174	Q40050
Q42863189	Q2095
Q42863189	Q40050
Q42863192	Q2095
Q42863192	Q40050
Q42863907	Q2095
Q42863907	Q40050
Q42863908	Q2095
Q42863908	Q40050
Q42863988	Q2095
Q42864087	Q2095
Q42864087	Q40050
Q42864089	Q2095
Q42864089	Q40050
Q42864153	Q2095
Q42864153	Q40050
Q42864158	Q2095
Q42864158	Q40050
Q42864510	Q2095
Q42864510	Q40050
Q42864541	Q2095
Q42864541	Q40050
Q42864543	Q2095
Q42864543	Q40050
Q42866069	Q2095
Q42866069	Q40050
Q42866391	Q2095
Q42866391	Q40050
Q42866477	Q2095
Q42866477	Q40050
Q42866515	Q2095
Q42866515	Q40050
Q42866558	Q2095
Q42866558	Q40050
Q42866641	Q2095
Q42866641	Q40050
Q42866822	Q2095
Q42866822	Q40050
Q42866839	Q2095
Q42866839	Q40050
Q42866840	Q2095
Q42866840	Q40050
Q42866843	Q2095
Q42866843	Q40050
Q42867078	Q2095
Q42867078	Q40050
Q42867079	Q2095
Q42867079	Q40050
Q42867100	Q2095
Q42867100	Q40050
Q42867103	Q2095
Q42867103	Q40050
Q42867322	Q2095
Q42867322	Q40050
Q42869051	Q2095
Q42869051	Q40050
Q42869066	Q2095
Q42869066	Q40050
Q42869067	Q2095
Q42869067	Q40050
Q42869068	Q2095
Q42869068	Q40050
Q4287	Q2095
Q4287918	Q2095
Q42880494	Q2095
Q42880494	Q40050
Q42880495	Q2095
Q42880495	Q40050
Q42880496	Q2095
Q42880496	Q40050
Q42880498	Q2095
Q42880498	Q40050
Q42880499	Q2095
Q42880499	Q40050
Q42880500	Q2095
Q42880500	Q40050
Q42880501	Q2095
Q42880501	Q40050
Q42880503	Q2095
Q42880503	Q40050
Q42880504	Q2095
Q42880504	Q40050
Q42880506	Q2095
Q42880506	Q40050
Q42880508	Q2095
Q42880508	Q40050
Q42880510	Q2095
Q42880510	Q40050
Q42880512	Q2095
Q42880512	Q40050
Q42880515	Q2095
Q42880515	Q40050
Q42880517	Q2095
Q42880517	Q40050
Q42880520	Q2095
Q42880520	Q40050
Q42880522	Q2095
Q42880522	Q40050
Q42882139	Q2095
Q42882197	Q2095
Q42882225	Q2095
Q42882269	Q2095
Q4289155	Q2095
Q4289155	Q40050
Q42894275	Q2095
Q42903380	Q2095
Q4291539	Q2095
Q429232	Q2095
Q42935277	Q2095
Q429372	Q2095
Q429372	Q40050
Q429383	Q2095
Q4293923	Q2095
Q429483	Q2095
Q42950896	Q2095
Q42950936	Q2095
Q42950959	Q2095
Q42950965	Q2095
Q42950981	Q2095
Q42950984	Q2095
Q429518	Q2095
Q42959735	Q2095
Q42959735	Q40050
Q42959737	Q2095
Q42959737	Q40050
Q42959739	Q2095
Q42959739	Q40050
Q42959744	Q2095
Q42959744	Q40050
Q42959749	Q2095
Q42959749	Q40050
Q42959752	Q2095
Q42959752	Q40050
Q42959754	Q2095
Q42959754	Q40050
Q42959758	Q2095
Q42959758	Q40050
Q42959761	Q2095
Q42959761	Q40050
Q42959765	Q2095
Q42959765	Q40050
Q42959767	Q2095
Q42959767	Q40050
Q42959770	Q2095
Q42959770	Q40050
Q42959772	Q2095
Q42959772	Q40050
Q42959774	Q2095
Q42959774	Q40050
Q42959775	Q2095
Q42959775	Q40050
Q42959778	Q2095
Q42959778	Q40050
Q42959781	Q2095
Q42959781	Q40050
Q42959782	Q2095
Q42959782	Q40050
Q42959784	Q2095
Q42959784	Q40050
Q42959787	Q2095
Q42959787	Q40050
Q42960532	Q2095
Q42960532	Q40050
Q42960534	Q2095
Q42960534	Q40050
Q42960537	Q2095
Q42960537	Q40050
Q42960569	Q2095
Q42960569	Q40050
Q42960570	Q2095
Q42960570	Q40050
Q42966515	Q2095
Q42966515	Q40050
Q42966516	Q2095
Q42966516	Q40050
Q42966520	Q2095
Q42966520	Q40050
Q42966521	Q2095
Q42966521	Q40050
Q42966524	Q2095
Q42966524	Q40050
Q42966736	Q2095
Q42966736	Q40050
Q429739	Q2095
Q4300256	Q2095
Q43008014	Q2095
Q43013074	Q2095
Q43013074	Q40050
Q43013076	Q2095
Q43013076	Q40050
Q43013139	Q2095
Q43013139	Q40050
Q43013140	Q2095
Q43013140	Q40050
Q43013143	Q2095
Q43013143	Q40050
Q43013313	Q2095
Q43013550	Q2095
Q43013550	Q40050
Q43013595	Q2095
Q43013595	Q40050
Q43013738	Q2095
Q43013738	Q40050
Q43014342	Q2095
Q43014342	Q40050
Q43014932	Q2095
Q43014932	Q40050
Q43015872	Q2095
Q43015872	Q40050
Q43020153	Q2095
Q43020153	Q40050
Q43021855	Q2095
Q43021855	Q40050
Q43021857	Q2095
Q43021857	Q40050
Q43021861	Q2095
Q43021861	Q40050
Q43021871	Q2095
Q43021871	Q40050
Q43022	Q2095
Q43022	Q40050
Q4302793	Q2095
Q4303233	Q2095
Q43038747	Q2095
Q4304396	Q2095
Q43050441	Q2095
Q4305242	Q2095
Q4305707	Q2095
Q4305707	Q40050
Q43067663	Q2095
Q43067663	Q40050
Q4310180	Q2095
Q431264	Q2095
Q4313118	Q2095
Q4313139	Q2095
Q4313139	Q40050
Q4313514	Q2095
Q431570	Q2095
Q431640	Q2095
Q43173141	Q2095
Q43180014	Q2095
Q431935	Q2095
Q432001	Q2095
Q4320109	Q2095
Q4320109	Q40050
Q4320515	Q2095
Q4320695	Q2095
Q4320695	Q40050
Q4321427	Q2095
Q43235009	Q2095
Q432426	Q2095
Q432440	Q2095
Q43250232	Q2095
Q43252617	Q2095
Q43252874	Q2095
Q43252874	Q40050
Q43254013	Q2095
Q43265906	Q2095
Q43265906	Q40050
Q43266953	Q2095
Q43266953	Q40050
Q43266954	Q2095
Q43266954	Q40050
Q43267105	Q2095
Q43267105	Q40050
Q43267270	Q2095
Q43267270	Q40050
Q43267462	Q2095
Q43267462	Q40050
Q43279967	Q2095
Q43279967	Q40050
Q43304555	Q2095
Q43359837	Q2095
Q43371176	Q2095
Q43372008	Q2095
Q43375377	Q2095
Q4337658	Q2095
Q4337660	Q2095
Q4337662	Q2095
Q4337662	Q40050
Q43378784	Q2095
Q4338148	Q2095
Q4338177	Q2095
Q4338223	Q2095
Q43422	Q2095
Q4345821	Q2095
Q4346256	Q2095
Q4346256	Q40050
Q4346260	Q2095
Q4346753	Q2095
Q4346840	Q2095
Q4348342	Q2095
Q435026	Q2095
Q4350424	Q2095
Q43511	Q2095
Q43514443	Q2095
Q4351446	Q2095
Q4351861	Q2095
Q4353992	Q2095
Q4353992	Q40050
Q4354009	Q2095
Q4354009	Q40050
Q4358444	Q2095
Q4359034	Q2095
Q4359045	Q2095
Q4364066	Q2095
Q43668382	Q2095
Q43668520	Q2095
Q43668566	Q2095
Q43668658	Q2095
Q43668703	Q2095
Q43668757	Q2095
Q43668879	Q2095
Q43668938	Q2095
Q43669016	Q2095
Q43669065	Q2095
Q43669693	Q2095
Q43669835	Q2095
Q43670051	Q2095
Q436721	Q2095
Q436721	Q40050
Q436730	Q2095
Q436730	Q40050
Q436731	Q2095
Q436731	Q40050
Q4367658	Q2095
Q4368184	Q2095
Q4368184	Q40050
Q43683476	Q2095
Q4368390	Q2095
Q4368675	Q2095
Q43688521	Q2095
Q436943	Q2095
Q43702513	Q2095
Q43731351	Q2095
Q43731700	Q2095
Q43731854	Q2095
Q43731937	Q2095
Q43732009	Q2095
Q43732163	Q2095
Q43732309	Q2095
Q43732501	Q2095
Q4373369	Q2095
Q43736933	Q2095
Q4376277	Q2095
Q4377047	Q2095
Q43770676	Q2095
Q43771277	Q2095
Q43771277	Q40050
Q4377441	Q2095
Q4381008	Q2095
Q4381357	Q2095
Q4381782	Q2095
Q4381789	Q2095
Q4382275	Q2095
Q4382778	Q2095
Q4383705	Q2095
Q4384100	Q2095
Q4385016	Q2095
Q4385723	Q2095
Q4387502	Q2095
Q4388197	Q2095
Q4388649	Q2095
Q4388689	Q2095
Q4389530	Q2095
Q4390435	Q2095
Q4390491	Q2095
Q4390825	Q2095
Q4391495	Q2095
Q4391949	Q2095
Q4393189	Q2095
Q4394456	Q2095
Q4394939	Q2095
Q4394939	Q40050
Q4398130	Q2095
Q44	Q2095
Q44	Q40050
Q4401133	Q2095
Q4403462	Q2095
Q4403596	Q2095
Q4403596	Q40050
Q4405139	Q2095
Q4405139	Q40050
Q4405719	Q2095
Q44064	Q2095
Q440726	Q2095
Q44080298	Q2095
Q4409456	Q2095
Q4409639	Q2095
Q4409639	Q40050
Q44102587	Q2095
Q441113	Q2095
Q44120	Q2095
Q4413006	Q2095
Q44130098	Q2095
Q44130098	Q40050
Q4418631	Q2095
Q4418631	Q40050
Q4420444	Q2095
Q44204516	Q2095
Q442335	Q2095
Q442455	Q2095
Q4425232	Q2095
Q4425569	Q2095
Q4425569	Q40050
Q4426758	Q2095
Q4430349	Q2095
Q443259	Q2095
Q443962	Q2095
Q4443389	Q2095
Q444358	Q2095
Q444358	Q40050
Q4444627	Q2095
Q4444627	Q40050
Q4445281	Q2095
Q4445636	Q2095
Q4445636	Q40050
Q4448062	Q2095
Q44480852	Q2095
Q44480854	Q2095
Q445149	Q2095
Q445149	Q40050
Q4451974	Q2095
Q4452497	Q2095
Q4453345	Q2095
Q44541	Q2095
Q4456752	Q2095
Q4460029	Q2095
Q4460029	Q40050
Q4463347	Q2095
Q4463347	Q40050
Q446578	Q2095
Q44683343	Q2095
Q44683918	Q2095
Q4469717	Q2095
Q4469717	Q40050
Q447296	Q2095
Q44737	Q2095
Q447992	Q2095
Q448043	Q2095
Q44833888	Q2095
Q44835019	Q2095
Q44835396	Q2095
Q44835923	Q2095
Q44843044	Q2095
Q4488476	Q2095
Q449011	Q2095
Q4491000	Q2095
Q44924	Q2095
Q44924	Q40050
Q4493304	Q2095
Q449506	Q2095
Q4499369	Q2095
Q4499565	Q2095
Q4501320	Q2095
Q4503220	Q2095
Q4506424	Q2095
Q4506872	Q2095
Q451039	Q2095
Q4513001	Q2095
Q4513001	Q40050
Q45136345	Q2095
Q4514907	Q2095
Q4515355	Q2095
Q4515956	Q2095
Q4516114	Q2095
Q451645	Q2095
Q45164783	Q2095
Q4516736	Q2095
Q451683	Q2095
Q451683	Q40050
Q4517033	Q2095
Q4518649	Q2095
Q4520152	Q2095
Q452107	Q2095
Q4522507	Q2095
Q4522744	Q2095
Q452383	Q2095
Q4525820	Q2095
Q4525820	Q40050
Q4525830	Q2095
Q4525851	Q2095
Q452601	Q2095
Q4526137	Q2095
Q4526292	Q2095
Q4526292	Q40050
Q4528405	Q2095
Q4531395	Q2095
Q4531395	Q40050
Q453174	Q2095
Q4531863	Q2095
Q4536337	Q2095
Q453741	Q2095
Q45418	Q2095
Q45422	Q2095
Q4543774	Q2095
Q4545971	Q2095
Q4546225	Q2095
Q4546225	Q40050
Q4550225	Q2095
Q4550225	Q40050
Q455045	Q2095
Q455045	Q40050
Q4550892	Q2095
Q4551	Q2095
Q455290	Q2095
Q455290	Q40050
Q4553723	Q2095
Q4553723	Q40050
Q455380	Q2095
Q455380	Q40050
Q4559045	Q2095
Q4559045	Q40050
Q455914	Q2095
Q455914	Q40050
Q455990	Q2095
Q455990	Q40050
Q456053	Q2095
Q4560594	Q2095
Q456471	Q2095
Q457026	Q2095
Q457026	Q40050
Q4570695	Q2095
Q4570695	Q40050
Q4571371	Q2095
Q457255	Q2095
Q4573184	Q2095
Q4573184	Q40050
Q457344	Q2095
Q45746754	Q2095
Q4575599	Q2095
Q4575827	Q2095
Q45790414	Q2095
Q458070	Q2095
Q458070	Q40050
Q458075	Q2095
Q458075	Q40050
Q45809044	Q2095
Q45818982	Q2095
Q45818982	Q40050
Q45824	Q2095
Q45828426	Q2095
Q45828426	Q40050
Q4582931	Q2095
Q45849	Q2095
Q4587124	Q2095
Q4589121	Q2095
Q4589261	Q2095
Q45901803	Q2095
Q45912917	Q2095
Q45989	Q2095
Q46018454	Q2095
Q46018558	Q2095
Q46019061	Q2095
Q46024138	Q2095
Q46025039	Q2095
Q46025316	Q2095
Q460398	Q2095
Q460398	Q40050
Q460439	Q2095
Q4604483	Q2095
Q4604483	Q40050
Q460517	Q2095
Q460570	Q2095
Q4609537	Q2095
Q46113	Q2095
Q461400	Q2095
Q461400	Q40050
Q4614145	Q2095
Q461451	Q2095
Q461919	Q2095
Q46208	Q2095
Q46228824	Q2095
Q4626	Q2095
Q4626	Q40050
Q462636	Q2095
Q462636	Q40050
Q462758	Q2095
Q4630677	Q2095
Q4630677	Q40050
Q4631922	Q2095
Q4631922	Q40050
Q46324654	Q2095
Q4636496	Q2095
Q4636496	Q40050
Q46383	Q2095
Q463872	Q2095
Q4639659	Q2095
Q4639659	Q40050
Q4639710	Q2095
Q4639710	Q40050
Q4642862	Q2095
Q464317	Q2095
Q464317	Q40050
Q4643903	Q2095
Q4643903	Q40050
Q464501	Q2095
Q4646303	Q2095
Q4646366	Q2095
Q4646989	Q2095
Q464734	Q2095
Q46477992	Q2095
Q464826	Q2095
Q4648316	Q2095
Q4648316	Q40050
Q465180	Q2095
Q465180	Q40050
Q465202	Q2095
Q465202	Q40050
Q4652696	Q2095
Q4652696	Q40050
Q465554	Q2095
Q46568008	Q2095
Q465934	Q2095
Q4661428	Q2095
Q4661428	Q40050
Q4661429	Q2095
Q46623421	Q2095
Q4663219	Q2095
Q4663219	Q40050
Q4663628	Q2095
Q466430	Q2095
Q4667156	Q2095
Q466749	Q2095
Q4668108	Q2095
Q4668424	Q2095
Q4669884	Q2095
Q4669884	Q40050
Q46705956	Q2095
Q4670754	Q2095
Q46707672	Q2095
Q4672263	Q2095
Q4672263	Q40050
Q4672962	Q2095
Q4672962	Q40050
Q4673093	Q2095
Q4674097	Q2095
Q4674231	Q2095
Q467441	Q2095
Q467441	Q40050
Q4674758	Q2095
Q467545	Q2095
Q4675762	Q2095
Q4678219	Q2095
Q46809820	Q2095
Q46811683	Q2095
Q4682544	Q2095
Q4683966	Q2095
Q4684013	Q2095
Q4685940	Q2095
Q4686349	Q2095
Q468828	Q2095
Q4689116	Q2095
Q4689119	Q2095
Q469048	Q2095
Q469048	Q40050
Q4692078	Q2095
Q4692078	Q40050
Q46925983	Q2095
Q4694458	Q2095
Q4694458	Q40050
Q4694505	Q2095
Q4694505	Q40050
Q4694715	Q2095
Q4694715	Q40050
Q4694848	Q2095
Q4697660	Q2095
Q46978738	Q2095
Q469842	Q2095
Q4698754	Q2095
Q4699128	Q2095
Q46992401	Q2095
Q46995214	Q2095
Q46995215	Q2095
Q46996271	Q2095
Q4699691	Q2095
Q4699709	Q2095
Q4699717	Q2095
Q4699740	Q2095
Q4699992	Q2095
Q4699993	Q2095
Q4700271	Q2095
Q47002773	Q2095
Q47004742	Q2095
Q47004949	Q2095
Q47004974	Q2095
Q47005642	Q2095
Q4701369	Q2095
Q4701955	Q2095
Q4701981	Q2095
Q4703104	Q2095
Q4703440	Q2095
Q470355	Q2095
Q470355	Q40050
Q47038390	Q2095
Q47038431	Q2095
Q470519	Q2095
Q4705320	Q2095
Q4705320	Q40050
Q4706009	Q2095
Q4708657	Q2095
Q4708657	Q40050
Q470873	Q2095
Q47089226	Q2095
Q47096879	Q2095
Q470974	Q2095
Q470974	Q40050
Q470995	Q2095
Q471013	Q2095
Q471013	Q40050
Q4711548	Q2095
Q471236	Q2095
Q4712737	Q2095
Q4712942	Q2095
Q4713330	Q2095
Q4713330	Q40050
Q4714042	Q2095
Q4714042	Q40050
Q4714067	Q2095
Q4714067	Q40050
Q47149231	Q2095
Q47153802	Q2095
Q47153802	Q40050
Q47164004	Q2095
Q471753	Q2095
Q471753	Q40050
Q471861	Q2095
Q471866	Q2095
Q47193320	Q2095
Q47203578	Q2095
Q4720543	Q2095
Q4725674	Q2095
Q4725702	Q2095
Q472612	Q2095
Q4727808	Q2095
Q47293548	Q2095
Q4729659	Q2095
Q4729659	Q40050
Q47307136	Q2095
Q473108	Q2095
Q473202	Q2095
Q4732020	Q2095
Q47325100	Q2095
Q47325346	Q2095
Q473255	Q2095
Q4732667	Q2095
Q473271	Q2095
Q4733688	Q2095
Q4733688	Q40050
Q473376	Q2095
Q4733868	Q2095
Q4733892	Q2095
Q4733893	Q2095
Q4733894	Q2095
Q4733896	Q2095
Q4733897	Q2095
Q47347125	Q2095
Q4734898	Q2095
Q4735656	Q2095
Q4736109	Q2095
Q473662	Q2095
Q4737104	Q2095
Q4739207	Q2095
Q47393310	Q2095
Q4739805	Q2095
Q4739820	Q2095
Q4740149	Q2095
Q47408669	Q2095
Q4741041	Q2095
Q4741041	Q40050
Q4741197	Q2095
Q4741278	Q2095
Q4741278	Q40050
Q4741746	Q2095
Q4741746	Q40050
Q4741881	Q2095
Q474191	Q2095
Q4742021	Q2095
Q474278	Q2095
Q474278	Q40050
Q47452383	Q2095
Q4745259	Q2095
Q47452671	Q2095
Q4745436	Q2095
Q4745482	Q2095
Q4745483	Q2095
Q4745555	Q2095
Q4745555	Q40050
Q47457751	Q2095
Q47458616	Q2095
Q47458827	Q2095
Q47458827	Q40050
Q4745968	Q2095
Q4745968	Q40050
Q47464157	Q2095
Q4746811	Q2095
Q47469439	Q2095
Q47469439	Q40050
Q4747	Q2095
Q47471931	Q2095
Q47471957	Q2095
Q47471972	Q2095
Q47471972	Q40050
Q47472036	Q2095
Q47472053	Q2095
Q47472060	Q2095
Q47472068	Q2095
Q47472092	Q2095
Q47472099	Q2095
Q47472099	Q40050
Q47472104	Q2095
Q47472113	Q2095
Q47472113	Q40050
Q47472117	Q2095
Q47472133	Q2095
Q47472139	Q2095
Q47472145	Q2095
Q47472153	Q2095
Q47472157	Q2095
Q47472160	Q2095
Q47472163	Q2095
Q47472171	Q2095
Q4747279	Q2095
Q47472966	Q2095
Q47472966	Q40050
Q4748619	Q2095
Q47487417	Q2095
Q47490968	Q2095
Q474983	Q2095
Q4750734	Q2095
Q47508606	Q2095
Q47508607	Q2095
Q47508607	Q40050
Q4750898	Q2095
Q4751737	Q2095
Q47519899	Q2095
Q475211	Q2095
Q4752767	Q2095
Q47527989	Q2095
Q47530595	Q2095
Q4754018	Q2095
Q4754537	Q2095
Q47545609	Q2095
Q47545609	Q40050
Q47564	Q2095
Q4763179	Q2095
Q4763841	Q2095
Q4764082	Q2095
Q4764932	Q2095
Q4764984	Q2095
Q476512	Q2095
Q4765302	Q2095
Q4765304	Q2095
Q476661	Q2095
Q476661	Q40050
Q476864	Q2095
Q47719	Q2095
Q47719	Q40050
Q47722	Q2095
Q477248	Q2095
Q4773001	Q2095
Q477334	Q2095
Q477374	Q2095
Q477374	Q40050
Q4774679	Q2095
Q47771702	Q2095
Q47771702	Q40050
Q477734	Q2095
Q4777388	Q2095
Q4778645	Q2095
Q4778645	Q40050
Q4779197	Q2095
Q47801	Q2095
Q4781270	Q2095
Q4781271	Q2095
Q4781273	Q2095
Q4781285	Q2095
Q4781286	Q2095
Q4782617	Q2095
Q4782617	Q40050
Q4783088	Q2095
Q4783088	Q40050
Q4783300	Q2095
Q4783712	Q2095
Q4783712	Q40050
Q4784160	Q2095
Q4784246	Q2095
Q4784246	Q40050
Q4784939	Q2095
Q4785296	Q2095
Q478650	Q2095
Q478650	Q40050
Q478654	Q2095
Q478725	Q2095
Q47872684	Q2095
Q47873188	Q2095
Q4787560	Q2095
Q4787560	Q40050
Q4789431	Q2095
Q4790861	Q2095
Q4790900	Q2095
Q4791475	Q2095
Q4793617	Q2095
Q4793849	Q2095
Q4794069	Q2095
Q4795197	Q2095
Q4795197	Q40050
Q4795388	Q2095
Q4795514	Q2095
Q4795696	Q2095
Q4795974	Q2095
Q4795974	Q40050
Q4796278	Q2095
Q4796279	Q2095
Q4796280	Q2095
Q4796282	Q2095
Q4796283	Q2095
Q4796545	Q2095
Q4801204	Q2095
Q4802544	Q2095
Q4802544	Q40050
Q48034588	Q2095
Q4803469	Q2095
Q4804429	Q2095
Q4804467	Q2095
Q4804546	Q2095
Q4804986	Q2095
Q4806786	Q2095
Q4806808	Q2095
Q4807004	Q2095
Q4807486	Q2095
Q4808846	Q2095
Q480906	Q2095
Q48094489	Q2095
Q4811596	Q2095
Q4811706	Q2095
Q4811799	Q2095
Q4812898	Q2095
Q4812951	Q2095
Q4815005	Q2095
Q481559	Q2095
Q481559	Q40050
Q4816890	Q2095
Q4816890	Q40050
Q4817437	Q2095
Q4817829	Q2095
Q4817829	Q40050
Q4817854	Q2095
Q4818118	Q2095
Q4818570	Q2095
Q48189338	Q2095
Q4818958	Q2095
Q4820063	Q2095
Q4821994	Q2095
Q4822264	Q2095
Q4822464	Q2095
Q4822662	Q2095
Q4822662	Q40050
Q4822751	Q2095
Q4822752	Q2095
Q4823701	Q2095
Q4825047	Q2095
Q4828028	Q2095
Q4828028	Q40050
Q4830160	Q2095
Q4830980	Q2095
Q4830980	Q40050
Q4831085	Q2095
Q483163	Q2095
Q4831844	Q2095
Q4833009	Q2095
Q4833218	Q2095
Q4833218	Q40050
Q4833482	Q2095
Q48337658	Q2095
Q4833788	Q2095
Q4835272	Q2095
Q4835803	Q2095
Q4835804	Q2095
Q4835825	Q2095
Q4835871	Q2095
Q4835871	Q40050
Q48358955	Q2095
Q48358955	Q40050
Q4838221	Q2095
Q4838284	Q2095
Q4838296	Q2095
Q4838296	Q40050
Q4838440	Q2095
Q4838470	Q2095
Q4838470	Q40050
Q4838580	Q2095
Q4838581	Q2095
Q4839219	Q2095
Q4839602	Q2095
Q4839602	Q40050
Q4839932	Q2095
Q4839941	Q2095
Q4839943	Q2095
Q4839944	Q2095
Q4839944	Q40050
Q4839946	Q2095
Q4839948	Q2095
Q4839949	Q2095
Q4839950	Q2095
Q4839951	Q2095
Q4839951	Q40050
Q4839953	Q2095
Q4839954	Q2095
Q4839955	Q2095
Q4839958	Q2095
Q4839961	Q2095
Q48405301	Q2095
Q484083	Q2095
Q484083	Q40050
Q4841270	Q2095
Q4841320	Q2095
Q4841534	Q2095
Q4841538	Q2095
Q4841819	Q2095
Q4841819	Q40050
Q4842073	Q2095
Q484285	Q2095
Q4843134	Q2095
Q4843134	Q40050
Q4843156	Q2095
Q4843243	Q2095
Q4843841	Q2095
Q4845216	Q2095
Q484528	Q2095
Q4845303	Q2095
Q484544	Q2095
Q484711	Q2095
Q4848321	Q2095
Q4848504	Q2095
Q4848504	Q40050
Q4848884	Q2095
Q4849020	Q2095
Q4849055	Q2095
Q4849072	Q2095
Q4849349	Q2095
Q4849961	Q2095
Q4850050	Q2095
Q4850247	Q2095
Q4850250	Q2095
Q4850250	Q40050
Q4850672	Q2095
Q485182	Q2095
Q485187	Q2095
Q485192	Q2095
Q4853434	Q2095
Q4853511	Q2095
Q4853724	Q2095
Q4853724	Q40050
Q4853859	Q2095
Q4853862	Q2095
Q4853868	Q2095
Q4853875	Q2095
Q4853878	Q2095
Q4853878	Q40050
Q4854506	Q2095
Q4854701	Q2095
Q4854701	Q40050
Q4854731	Q2095
Q4854731	Q40050
Q4855649	Q2095
Q485637	Q2095
Q4856836	Q2095
Q4857166	Q2095
Q4857166	Q40050
Q485742	Q2095
Q4857439	Q2095
Q4857446	Q2095
Q485796	Q2095
Q4858280	Q2095
Q4858280	Q40050
Q4858303	Q2095
Q4859505	Q2095
Q4859505	Q40050
Q4859633	Q2095
Q486019	Q2095
Q4861163	Q2095
Q4861166	Q2095
Q4861253	Q2095
Q4863348	Q2095
Q4863348	Q40050
Q486412	Q2095
Q486425	Q2095
Q4867178	Q2095
Q4867178	Q40050
Q486760	Q2095
Q486760	Q40050
Q4868531	Q2095
Q4868733	Q2095
Q4869096	Q2095
Q4869096	Q40050
Q4869283	Q2095
Q4869283	Q40050
Q4869727	Q2095
Q487233	Q2095
Q48728232	Q2095
Q48728232	Q40050
Q48730981	Q2095
Q48731106	Q2095
Q48731106	Q40050
Q48731366	Q2095
Q48731834	Q2095
Q487338	Q2095
Q487338	Q40050
Q48735071	Q2095
Q4873584	Q2095
Q4873642	Q2095
Q4873642	Q40050
Q487367	Q2095
Q4873936	Q2095
Q4873936	Q40050
Q48741336	Q2095
Q48743668	Q2095
Q48743968	Q2095
Q4874411	Q2095
Q48744234	Q2095
Q48744433	Q2095
Q48744745	Q2095
Q48744747	Q2095
Q48745423	Q2095
Q48745707	Q2095
Q48745943	Q2095
Q48746044	Q2095
Q48746468	Q2095
Q48746646	Q2095
Q48747304	Q2095
Q48748447	Q2095
Q48749228	Q2095
Q48750480	Q2095
Q48750489	Q2095
Q48751123	Q2095
Q48751627	Q2095
Q48751767	Q2095
Q48754738	Q2095
Q48755213	Q2095
Q48755607	Q2095
Q48756119	Q2095
Q48756243	Q2095
Q48756883	Q2095
Q48757546	Q2095
Q48758790	Q2095
Q4875903	Q2095
Q48760475	Q2095
Q48762320	Q2095
Q4876256	Q2095
Q4876265	Q2095
Q4876267	Q2095
Q48762779	Q2095
Q48762779	Q40050
Q4876292	Q2095
Q48763011	Q2095
Q48767364	Q2095
Q48767392	Q2095
Q48767667	Q2095
Q48767692	Q2095
Q48767692	Q40050
Q48767872	Q2095
Q48768465	Q2095
Q48769709	Q2095
Q48769709	Q40050
Q4877036	Q2095
Q48770606	Q2095
Q4877999	Q2095
Q4877999	Q40050
Q48780108	Q2095
Q48780422	Q2095
Q48781382	Q2095
Q48782109	Q2095
Q48782109	Q40050
Q48792394	Q2095
Q4879252	Q2095
Q4879722	Q2095
Q4879722	Q40050
Q4879746	Q2095
Q4879755	Q2095
Q4879758	Q2095
Q4879922	Q2095
Q4879922	Q40050
Q4879976	Q2095
Q4879992	Q2095
Q4879992	Q40050
Q4880001	Q2095
Q4880001	Q40050
Q4880005	Q2095
Q4880005	Q40050
Q4880013	Q2095
Q4880013	Q40050
Q4880014	Q2095
Q4880014	Q40050
Q4880027	Q2095
Q4880027	Q40050
Q48801231	Q2095
Q48802812	Q2095
Q48803460	Q2095
Q4880412	Q2095
Q4880463	Q2095
Q48806470	Q2095
Q48808953	Q2095
Q4881084	Q2095
Q4881084	Q40050
Q4881106	Q2095
Q4881106	Q40050
Q48811531	Q2095
Q4881235	Q2095
Q48812383	Q2095
Q48812383	Q40050
Q48812916	Q2095
Q48814046	Q2095
Q48816551	Q2095
Q4882157	Q2095
Q4882503	Q2095
Q48832937	Q2095
Q48841040	Q2095
Q48844996	Q2095
Q48844996	Q40050
Q488463	Q2095
Q488463	Q40050
Q48852218	Q2095
Q48852221	Q2095
Q48853185	Q2095
Q48855103	Q2095
Q48865290	Q2095
Q4886748	Q2095
Q4886791	Q2095
Q4887667	Q2095
Q48876884	Q2095
Q48877725	Q2095
Q4887922	Q2095
Q48880901	Q2095
Q4889140	Q2095
Q4889140	Q40050
Q4889610	Q2095
Q4889624	Q2095
Q48900437	Q2095
Q4890862	Q2095
Q4890862	Q40050
Q4891157	Q2095
Q4891611	Q2095
Q48916161	Q2095
Q4891863	Q2095
Q4892188	Q2095
Q489226	Q2095
Q489244	Q2095
Q489244	Q40050
Q489266	Q2095
Q4892695	Q2095
Q4892759	Q2095
Q48927612	Q2095
Q48927763	Q2095
Q4892972	Q2095
Q48931140	Q2095
Q48940414	Q2095
Q48941010	Q2095
Q4894109	Q2095
Q4896171	Q2095
Q48965290	Q2095
Q489703	Q2095
Q4897051	Q2095
Q48988376	Q2095
Q48988706	Q2095
Q48988706	Q40050
Q4899060	Q2095
Q4899296	Q2095
Q4899462	Q2095
Q4899462	Q40050
Q4899463	Q2095
Q48998769	Q2095
Q49000663	Q2095
Q4900263	Q2095
Q4901977	Q2095
Q4902207	Q2095
Q4903057	Q2095
Q490367	Q2095
Q4903710	Q2095
Q4904636	Q2095
Q49046686	Q2095
Q4904727	Q2095
Q4904906	Q2095
Q4904906	Q40050
Q49053694	Q2095
Q4905802	Q2095
Q4905854	Q2095
Q4906003	Q2095
Q4906168	Q2095
Q4906168	Q40050
Q4906619	Q2095
Q4906971	Q2095
Q4907249	Q2095
Q4907249	Q40050
Q4907305	Q2095
Q4907310	Q2095
Q4907422	Q2095
Q4907422	Q40050
Q49077107	Q2095
Q49095039	Q2095
Q49100790	Q2095
Q49101323	Q2095
Q49102879	Q2095
Q49103992	Q2095
Q49104647	Q2095
Q49104847	Q2095
Q49105304	Q2095
Q49107043	Q2095
Q49107215	Q2095
Q49111105	Q2095
Q49111224	Q2095
Q49111384	Q2095
Q49111633	Q2095
Q49115937	Q2095
Q49116024	Q2095
Q49116381	Q2095
Q49116504	Q2095
Q49116588	Q2095
Q49117842	Q2095
Q49117952	Q2095
Q49118156	Q2095
Q49118792	Q2095
Q49118869	Q2095
Q49118972	Q2095
Q49121424	Q2095
Q49121885	Q2095
Q49122786	Q2095
Q49122917	Q2095
Q49123428	Q2095
Q49123577	Q2095
Q49123688	Q2095
Q49123788	Q2095
Q49124209	Q2095
Q49124318	Q2095
Q49124646	Q2095
Q49124729	Q2095
Q49124834	Q2095
Q49124923	Q2095
Q49125081	Q2095
Q49125155	Q2095
Q49126019	Q2095
Q49126136	Q2095
Q49126219	Q2095
Q49126254	Q2095
Q49126655	Q2095
Q49127230	Q2095
Q49127536	Q2095
Q49127966	Q2095
Q49128047	Q2095
Q491361	Q2095
Q4913849	Q2095
Q4914380	Q2095
Q4914390	Q2095
Q4914390	Q40050
Q4914791	Q2095
Q4916058	Q2095
Q4916959	Q2095
Q4917257	Q2095
Q4917270	Q2095
Q4917272	Q2095
Q4917411	Q2095
Q4918174	Q2095
Q4918187	Q2095
Q4918497	Q2095
Q4918498	Q2095
Q4918651	Q2095
Q4918871	Q2095
Q4919047	Q2095
Q4919047	Q40050
Q4919380	Q2095
Q4919429	Q2095
Q4919429	Q40050
Q4920036	Q2095
Q4920219	Q2095
Q4920219	Q40050
Q4920404	Q2095
Q4920404	Q40050
Q4920553	Q2095
Q4921064	Q2095
Q4922024	Q2095
Q492205	Q2095
Q492205	Q40050
Q4922265	Q2095
Q4922403	Q2095
Q4922414	Q2095
Q4922421	Q2095
Q4922468	Q2095
Q4922489	Q2095
Q4922497	Q2095
Q4922798	Q2095
Q4922876	Q2095
Q4922950	Q2095
Q4923638	Q2095
Q4923671	Q2095
Q4923734	Q2095
Q4923744	Q2095
Q4924455	Q2095
Q4924995	Q2095
Q492554	Q2095
Q492554	Q40050
Q4925764	Q2095
Q4926371	Q2095
Q4926393	Q2095
Q492642	Q2095
Q492655	Q2095
Q4927055	Q2095
Q492769	Q2095
Q4927898	Q2095
Q4928299	Q2095
Q4928549	Q2095
Q4928549	Q40050
Q4928711	Q2095
Q4929185	Q2095
Q4929185	Q40050
Q492928	Q2095
Q4929458	Q2095
Q4929659	Q2095
Q4929667	Q2095
Q4930064	Q2095
Q4930073	Q2095
Q4930177	Q2095
Q4930234	Q2095
Q4930234	Q40050
Q4931669	Q2095
Q4936074	Q2095
Q493749	Q2095
Q493784	Q2095
Q4938043	Q2095
Q4938043	Q40050
Q4938088	Q2095
Q4938088	Q40050
Q4938317	Q2095
Q4938329	Q2095
Q4938331	Q2095
Q4938382	Q2095
Q4938382	Q40050
Q4938523	Q2095
Q4938523	Q40050
Q4938791	Q2095
Q4938933	Q2095
Q4939235	Q2095
Q4939431	Q2095
Q4939444	Q2095
Q4939470	Q2095
Q4939806	Q2095
Q4939956	Q2095
Q4939975	Q2095
Q4940432	Q2095
Q4940432	Q40050
Q4940530	Q2095
Q4940606	Q2095
Q4940616	Q2095
Q4940768	Q2095
Q4940970	Q2095
Q4941400	Q2095
Q4941400	Q40050
Q4941719	Q2095
Q4941794	Q2095
Q4941805	Q2095
Q4941805	Q40050
Q494259	Q2095
Q494268	Q2095
Q4942799	Q2095
Q4942799	Q40050
Q4943784	Q2095
Q4943784	Q40050
Q4943785	Q2095
Q4943861	Q2095
Q4943861	Q40050
Q4944127	Q2095
Q4944137	Q2095
Q494432	Q2095
Q494446	Q2095
Q49456258	Q2095
Q4946092	Q2095
Q4947090	Q2095
Q4947502	Q2095
Q4947502	Q40050
Q49475321	Q2095
Q4947634	Q2095
Q4948227	Q2095
Q4948232	Q2095
Q4948235	Q2095
Q4948413	Q2095
Q4949080	Q2095
Q4949080	Q40050
Q49493037	Q2095
Q4949468	Q2095
Q49495027	Q2095
Q4950107	Q2095
Q4950107	Q40050
Q4950110	Q2095
Q4950113	Q2095
Q4950130	Q2095
Q4950326	Q2095
Q4950590	Q2095
Q4950590	Q40050
Q4955483	Q2095
Q495618	Q2095
Q4957253	Q2095
Q4957253	Q40050
Q4957262	Q2095
Q4957269	Q2095
Q495857	Q2095
Q4959183	Q2095
Q4959186	Q2095
Q4959193	Q2095
Q4959379	Q2095
Q4959486	Q2095
Q4959486	Q40050
Q4959488	Q2095
Q4959490	Q2095
Q496049	Q2095
Q4960501	Q2095
Q4960557	Q2095
Q4960589	Q2095
Q4962047	Q2095
Q496349	Q2095
Q496349	Q40050
Q4965959	Q2095
Q496600	Q2095
Q4966402	Q2095
Q4966940	Q2095
Q496696	Q2095
Q496696	Q40050
Q4967500	Q2095
Q4967500	Q40050
Q4968516	Q2095
Q4968538	Q2095
Q4968538	Q40050
Q4968672	Q2095
Q4968672	Q40050
Q496934	Q2095
Q496934	Q40050
Q4969827	Q2095
Q4969827	Q40050
Q496999	Q2095
Q4970950	Q2095
Q4971679	Q2095
Q4971792	Q2095
Q4973538	Q2095
Q4973538	Q40050
Q49737	Q2095
Q497448	Q2095
Q497448	Q40050
Q4974963	Q2095
Q4976066	Q2095
Q4976072	Q2095
Q4976116	Q2095
Q4976116	Q40050
Q4976354	Q2095
Q4978863	Q2095
Q4979804	Q2095
Q4979834	Q2095
Q4979834	Q40050
Q498082	Q2095
Q4982075	Q2095
Q4982075	Q40050
Q4982207	Q2095
Q4982212	Q2095
Q4982212	Q40050
Q4982800	Q2095
Q4982800	Q40050
Q4983108	Q2095
Q4983112	Q2095
Q4983112	Q40050
Q4983569	Q2095
Q49853	Q2095
Q4985915	Q2095
Q4985918	Q2095
Q4985946	Q2095
Q4986123	Q2095
Q4986776	Q2095
Q4986819	Q2095
Q4986986	Q2095
Q4986991	Q2095
Q4987202	Q2095
Q498750	Q2095
Q498750	Q40050
Q498862	Q2095
Q4992018	Q2095
Q4992035	Q2095
Q4992384	Q2095
Q4992384	Q40050
Q4992511	Q2095
Q4993083	Q2095
Q4993891	Q2095
Q4993891	Q40050
Q4993947	Q2095
Q4993947	Q40050
Q4994057	Q2095
Q4994885	Q2095
Q4994988	Q2095
Q49951	Q2095
Q4995419	Q2095
Q4996478	Q2095
Q4996483	Q2095
Q4996510	Q2095
Q4996520	Q2095
Q4996659	Q2095
Q4996979	Q2095
Q4997256	Q2095
Q4997382	Q2095
Q4997397	Q2095
Q4997403	Q2095
Q4997484	Q2095
Q4997484	Q40050
Q4997887	Q2095
Q4998037	Q2095
Q4998552	Q2095
Q4999461	Q2095
Q5000244	Q2095
Q5000289	Q2095
Q5000289	Q40050
Q5001433	Q2095
Q5001454	Q2095
Q5001583	Q2095
Q5001583	Q40050
Q5002831	Q2095
Q5002838	Q2095
Q5002841	Q2095
Q5002846	Q2095
Q5002850	Q2095
Q5003018	Q2095
Q5003051	Q2095
Q500445	Q2095
Q5004791	Q2095
Q5004793	Q2095
Q5004794	Q2095
Q5004795	Q2095
Q5004796	Q2095
Q5004798	Q2095
Q5004799	Q2095
Q5004800	Q2095
Q5004801	Q2095
Q5004802	Q2095
Q5004804	Q2095
Q5004805	Q2095
Q5004806	Q2095
Q5004807	Q2095
Q5004809	Q2095
Q5004810	Q2095
Q5004813	Q2095
Q5004817	Q2095
Q5005249	Q2095
Q5005250	Q2095
Q5005251	Q2095
Q500653	Q2095
Q500653	Q40050
Q500708	Q2095
Q500724	Q2095
Q500797	Q2095
Q50091090	Q2095
Q50091090	Q40050
Q5009401	Q2095
Q5015222	Q2095
Q5015222	Q40050
Q5015278	Q2095
Q5015296	Q2095
Q5015370	Q2095
Q5015379	Q2095
Q5015592	Q2095
Q5015634	Q2095
Q5015634	Q40050
Q5015936	Q2095
Q5015936	Q40050
Q5016033	Q2095
Q5016155	Q2095
Q5016155	Q40050
Q5016265	Q2095
Q5016269	Q2095
Q5016270	Q2095
Q5016273	Q2095
Q5017112	Q2095
Q5017112	Q40050
Q5017156	Q2095
Q5017156	Q40050
Q5017160	Q2095
Q5017160	Q40050
Q5017162	Q2095
Q5017162	Q40050
Q5017165	Q2095
Q5017165	Q40050
Q5017201	Q2095
Q5017259	Q2095
Q5017259	Q40050
Q5017269	Q2095
Q5017269	Q40050
Q5017984	Q2095
Q5018026	Q2095
Q5018040	Q2095
Q5018071	Q2095
Q5019102	Q2095
Q5019109	Q2095
Q5019110	Q2095
Q5019112	Q2095
Q5019561	Q2095
Q5020186	Q2095
Q5020360	Q2095
Q5020360	Q40050
Q5021392	Q2095
Q5021392	Q40050
Q5021734	Q2095
Q5021786	Q2095
Q5021786	Q40050
Q5022901	Q2095
Q5023660	Q2095
Q502405	Q2095
Q5026914	Q2095
Q5027077	Q2095
Q5027077	Q40050
Q5027945	Q2095
Q5028387	Q2095
Q5028474	Q2095
Q503	Q2095
Q50301470	Q2095
Q50304474	Q2095
Q50304474	Q40050
Q5030681	Q2095
Q503129	Q2095
Q50313963	Q2095
Q50314007	Q2095
Q50317964	Q2095
Q50317973	Q2095
Q5031953	Q2095
Q5032256	Q2095
Q5032256	Q40050
Q5032295	Q2095
Q5032295	Q40050
Q5032499	Q2095
Q503252	Q2095
Q503252	Q40050
Q5032629	Q2095
Q5032637	Q2095
Q5032637	Q40050
Q5032638	Q2095
Q5032638	Q40050
Q5032643	Q2095
Q50330330	Q2095
Q5033997	Q2095
Q5034353	Q2095
Q5034402	Q2095
Q5034525	Q2095
Q5034717	Q2095
Q5034717	Q40050
Q5036496	Q2095
Q50368881	Q2095
Q50368888	Q2095
Q5037337	Q2095
Q5037337	Q40050
Q5037669	Q2095
Q5037670	Q2095
Q50377767	Q2095
Q5037814	Q2095
Q5038172	Q2095
Q5038482	Q2095
Q504133	Q2095
Q50425277	Q2095
Q50425277	Q40050
Q5042737	Q2095
Q504281	Q2095
Q504281	Q40050
Q50429925	Q2095
Q50430362	Q2095
Q50430463	Q2095
Q5043850	Q2095
Q5043855	Q2095
Q5044066	Q2095
Q5044925	Q2095
Q504565	Q2095
Q5045780	Q2095
Q5046165	Q2095
Q5046193	Q2095
Q5046697	Q2095
Q5046697	Q40050
Q5046715	Q2095
Q5047496	Q2095
Q5047815	Q2095
Q5047815	Q40050
Q5047857	Q2095
Q5047857	Q40050
Q5048235	Q2095
Q5048739	Q2095
Q504893	Q2095
Q5048956	Q2095
Q5049429	Q2095
Q5049429	Q40050
Q5049885	Q2095
Q5049885	Q40050
Q5050945	Q2095
Q505115	Q2095
Q5051989	Q2095
Q505199	Q2095
Q5052218	Q2095
Q505240	Q2095
Q505240	Q40050
Q5054531	Q2095
Q505481	Q2095
Q505481	Q40050
Q5054842	Q2095
Q5054842	Q40050
Q5055611	Q2095
Q5055612	Q2095
Q5056486	Q2095
Q5057026	Q2095
Q505711	Q2095
Q50573144	Q2095
Q50573433	Q2095
Q50573447	Q2095
Q5057407	Q2095
Q5057407	Q40050
Q5057668	Q2095
Q5057827	Q2095
Q5057832	Q2095
Q505815	Q2095
Q505815	Q40050
Q5058330	Q2095
Q5058652	Q2095
Q5058652	Q40050
Q5058734	Q2095
Q506040	Q2095
Q506115	Q2095
Q50622	Q2095
Q50627362	Q2095
Q50633	Q2095
Q50634	Q2095
Q5064065	Q2095
Q5064145	Q2095
Q5065284	Q2095
Q5065322	Q2095
Q5065322	Q40050
Q5065778	Q2095
Q5065917	Q2095
Q5065982	Q2095
Q5065982	Q40050
Q5066056	Q2095
Q5066400	Q2095
Q5067730	Q2095
Q5067762	Q2095
Q506796	Q2095
Q50680477	Q2095
Q50680477	Q40050
Q5068113	Q2095
Q5068348	Q2095
Q5068362	Q2095
Q5068377	Q2095
Q5068378	Q2095
Q5068572	Q2095
Q5068572	Q40050
Q5068592	Q2095
Q5069084	Q2095
Q5069828	Q2095
Q5069848	Q2095
Q5069899	Q2095
Q5069899	Q40050
Q5070230	Q2095
Q5070230	Q40050
Q507055	Q2095
Q507055	Q40050
Q5070686	Q2095
Q5071356	Q2095
Q5071379	Q2095
Q5072402	Q2095
Q5072402	Q40050
Q5072677	Q2095
Q5072752	Q2095
Q5072910	Q2095
Q5072961	Q2095
Q5073343	Q2095
Q5073343	Q40050
Q5073404	Q2095
Q5073431	Q2095
Q5073693	Q2095
Q5073924	Q2095
Q5073924	Q40050
Q507591	Q2095
Q507816	Q2095
Q5083266	Q2095
Q50840850	Q2095
Q508441	Q2095
Q508593	Q2095
Q50862300	Q2095
Q508630	Q2095
Q508686	Q2095
Q508686	Q40050
Q5087487	Q2095
Q5087499	Q2095
Q5087949	Q2095
Q5088330	Q2095
Q5089026	Q2095
Q5089291	Q2095
Q5089291	Q40050
Q5089350	Q2095
Q5089350	Q40050
Q5089372	Q2095
Q5089372	Q40050
Q5089394	Q2095
Q5089395	Q2095
Q5089399	Q2095
Q5089400	Q2095
Q5089401	Q2095
Q5089402	Q2095
Q5089403	Q2095
Q5089404	Q2095
Q5089407	Q2095
Q5089436	Q2095
Q5089446	Q2095
Q5089476	Q2095
Q5089483	Q2095
Q5089539	Q2095
Q5089974	Q2095
Q5090	Q2095
Q5090157	Q2095
Q509042	Q2095
Q509042	Q40050
Q50914259	Q2095
Q5091677	Q2095
Q5092248	Q2095
Q5092285	Q2095
Q5092307	Q2095
Q5092307	Q40050
Q5092430	Q2095
Q5092460	Q2095
Q5092519	Q2095
Q5092545	Q2095
Q5092545	Q40050
Q5093340	Q2095
Q50938945	Q2095
Q5094344	Q2095
Q5094520	Q2095
Q5094555	Q2095
Q5094867	Q2095
Q5094868	Q2095
Q5094870	Q2095
Q5094871	Q2095
Q5094873	Q2095
Q5094874	Q2095
Q5094956	Q2095
Q5094988	Q2095
Q5095547	Q2095
Q5095547	Q40050
Q5095771	Q2095
Q5095771	Q40050
Q5096077	Q2095
Q5096240	Q2095
Q5096259	Q2095
Q5096277	Q2095
Q5096278	Q2095
Q5096287	Q2095
Q5096288	Q2095
Q5096289	Q2095
Q5096293	Q2095
Q5096296	Q2095
Q5096299	Q2095
Q5096303	Q2095
Q5096304	Q2095
Q5096312	Q2095
Q5096314	Q2095
Q5096316	Q2095
Q5096323	Q2095
Q5097187	Q2095
Q5097188	Q2095
Q5097459	Q2095
Q5097475	Q2095
Q5097538	Q2095
Q509835	Q2095
Q5098835	Q2095
Q5098938	Q2095
Q5098941	Q2095
Q5098942	Q2095
Q5098945	Q2095
Q5099038	Q2095
Q5099043	Q2095
Q5099176	Q2095
Q5099308	Q2095
Q5099308	Q40050
Q5099374	Q2095
Q5099514	Q2095
Q5100723	Q2095
Q5100855	Q2095
Q5100943	Q2095
Q5100944	Q2095
Q5100944	Q40050
Q5100949	Q2095
Q5100949	Q40050
Q5101003	Q2095
Q5101044	Q2095
Q5101090	Q2095
Q510126	Q2095
Q5101636	Q2095
Q5101638	Q2095
Q5101695	Q2095
Q5101736	Q2095
Q5101741	Q2095
Q5101843	Q2095
Q5101843	Q40050
Q5102127	Q2095
Q5102129	Q2095
Q5102594	Q2095
Q5103493	Q2095
Q5103493	Q40050
Q5103495	Q2095
Q5103566	Q2095
Q5103566	Q40050
Q5103572	Q2095
Q5103583	Q2095
Q5103585	Q2095
Q5103586	Q2095
Q5103587	Q2095
Q5103596	Q2095
Q5103643	Q2095
Q5103644	Q2095
Q5103646	Q2095
Q5103651	Q2095
Q5103652	Q2095
Q5103653	Q2095
Q5103654	Q2095
Q5103658	Q2095
Q5103662	Q2095
Q5103667	Q2095
Q5103668	Q2095
Q5103669	Q2095
Q510387	Q2095
Q5104185	Q2095
Q5104232	Q2095
Q5104275	Q2095
Q5104275	Q40050
Q5104308	Q2095
Q5104402	Q2095
Q5104441	Q2095
Q510461	Q2095
Q510461	Q40050
Q5104912	Q2095
Q51051035	Q2095
Q5105172	Q2095
Q5105174	Q2095
Q510521	Q2095
Q5105407	Q2095
Q5105498	Q2095
Q5105519	Q2095
Q5105636	Q2095
Q510666	Q2095
Q5110916	Q2095
Q51127905	Q2095
Q5115198	Q2095
Q511687	Q2095
Q511700	Q2095
Q511700	Q40050
Q5117388	Q2095
Q5118297	Q2095
Q5118316	Q2095
Q51183258	Q2095
Q5118673	Q2095
Q5118673	Q40050
Q5118913	Q2095
Q5119160	Q2095
Q5119203	Q2095
Q5119519	Q2095
Q5119525	Q2095
Q5119525	Q40050
Q5120165	Q2095
Q5120184	Q2095
Q5120346	Q2095
Q5121827	Q2095
Q5121950	Q2095
Q5122043	Q2095
Q5122043	Q40050
Q5122392	Q2095
Q5122392	Q40050
Q5122795	Q2095
Q5122795	Q40050
Q5122903	Q2095
Q5124851	Q2095
Q5125438	Q2095
Q5125439	Q2095
Q5125440	Q2095
Q5125441	Q2095
Q5125470	Q2095
Q5125472	Q2095
Q512580	Q2095
Q5125906	Q2095
Q5127148	Q2095
Q5128856	Q2095
Q5130888	Q2095
Q5130888	Q40050
Q5133258	Q2095
Q5133445	Q2095
Q5134411	Q2095
Q5134411	Q40050
Q5135110	Q2095
Q513532	Q2095
Q51356255	Q2095
Q5135747	Q2095
Q5135789	Q2095
Q5135865	Q2095
Q5136085	Q2095
Q5136085	Q40050
Q5136178	Q2095
Q513631	Q2095
Q513631	Q40050
Q513720	Q2095
Q5137523	Q2095
Q5138048	Q2095
Q5138048	Q40050
Q5139116	Q2095
Q5139116	Q40050
Q5139117	Q2095
Q5139148	Q2095
Q5139148	Q40050
Q5139354	Q2095
Q5139354	Q40050
Q5139509	Q2095
Q5139509	Q40050
Q5139634	Q2095
Q5139688	Q2095
Q5139688	Q40050
Q5139704	Q2095
Q5139712	Q2095
Q5139712	Q40050
Q5139714	Q2095
Q5139741	Q2095
Q5139741	Q40050
Q5139753	Q2095
Q5139769	Q2095
Q5139780	Q2095
Q5139783	Q2095
Q5139842	Q2095
Q5139842	Q40050
Q5139845	Q2095
Q5139848	Q2095
Q5139852	Q2095
Q5139861	Q2095
Q5139863	Q2095
Q5139927	Q2095
Q5140965	Q2095
Q5140969	Q2095
Q5140969	Q40050
Q5141254	Q2095
Q5141283	Q2095
Q5141677	Q2095
Q5141677	Q40050
Q5141855	Q2095
Q5141855	Q40050
Q5141922	Q2095
Q5142000	Q2095
Q5142277	Q2095
Q5142444	Q2095
Q5142444	Q40050
Q514467	Q2095
Q514526	Q2095
Q5145957	Q2095
Q5147092	Q2095
Q5147576	Q2095
Q5147877	Q2095
Q5147877	Q40050
Q51482	Q2095
Q51482	Q40050
Q5148515	Q2095
Q514920	Q2095
Q514920	Q40050
Q5149379	Q2095
Q5149494	Q2095
Q5150435	Q2095
Q5150941	Q2095
Q5151388	Q2095
Q51541208	Q2095
Q51541208	Q40050
Q51541858	Q2095
Q5156822	Q2095
Q5156834	Q2095
Q515692	Q2095
Q5158944	Q2095
Q5158944	Q40050
Q5159611	Q2095
Q5159627	Q2095
Q5161211	Q2095
Q516212	Q2095
Q5162437	Q2095
Q516584	Q2095
Q516592	Q2095
Q516592	Q40050
Q5167072	Q2095
Q5167099	Q2095
Q5167105	Q2095
Q5167151	Q2095
Q5167386	Q2095
Q5167386	Q40050
Q5168043	Q2095
Q5168057	Q2095
Q5168057	Q40050
Q51688902	Q2095
Q5169356	Q2095
Q5169356	Q40050
Q5169969	Q2095
Q5170775	Q2095
Q5170775	Q40050
Q51707986	Q2095
Q5171042	Q2095
Q5171042	Q40050
Q5171044	Q2095
Q5171046	Q2095
Q5171047	Q2095
Q5171049	Q2095
Q5171054	Q2095
Q5171058	Q2095
Q5171063	Q2095
Q5171114	Q2095
Q5171116	Q2095
Q5171812	Q2095
Q5171851	Q2095
Q5172602	Q2095
Q5172602	Q40050
Q5173180	Q2095
Q5173817	Q2095
Q5173817	Q40050
Q517394	Q2095
Q517409	Q2095
Q5174958	Q2095
Q5174958	Q40050
Q5175528	Q2095
Q5175547	Q2095
Q5175773	Q2095
Q5175921	Q2095
Q5177432	Q2095
Q5177449	Q2095
Q5178059	Q2095
Q5179396	Q2095
Q5179420	Q2095
Q5179571	Q2095
Q5180030	Q2095
Q5180222	Q2095
Q5180246	Q2095
Q5180300	Q2095
Q5180411	Q2095
Q5180431	Q2095
Q5180431	Q40050
Q518108	Q2095
Q5181811	Q2095
Q5182294	Q2095
Q5182527	Q2095
Q5182789	Q2095
Q5183356	Q2095
Q5183358	Q2095
Q5183358	Q40050
Q5183359	Q2095
Q5183361	Q2095
Q5183365	Q2095
Q5183365	Q40050
Q5183372	Q2095
Q5183373	Q2095
Q5183375	Q2095
Q5183987	Q2095
Q5184078	Q2095
Q5184082	Q2095
Q5184083	Q2095
Q5184120	Q2095
Q5184211	Q2095
Q5184218	Q2095
Q5184563	Q2095
Q5184563	Q40050
Q5185682	Q2095
Q5185997	Q2095
Q5186001	Q2095
Q518601	Q2095
Q5186074	Q2095
Q5186076	Q2095
Q5186077	Q2095
Q5186112	Q2095
Q5186112	Q40050
Q51873806	Q2095
Q51882025	Q2095
Q5188689	Q2095
Q5189136	Q2095
Q5189139	Q2095
Q5189139	Q40050
Q5189426	Q2095
Q5189799	Q2095
Q5189867	Q2095
Q5190099	Q2095
Q5190104	Q2095
Q5190111	Q2095
Q5190111	Q40050
Q5190215	Q2095
Q5190215	Q40050
Q5190222	Q2095
Q5190246	Q2095
Q5190257	Q2095
Q51909896	Q2095
Q51909896	Q40050
Q5191218	Q2095
Q5191273	Q2095
Q5191273	Q40050
Q51913	Q2095
Q51913	Q40050
Q5191461	Q2095
Q5191462	Q2095
Q5191462	Q40050
Q5191464	Q2095
Q5191464	Q40050
Q5191477	Q2095
Q5191477	Q40050
Q5192112	Q2095
Q5192125	Q2095
Q5192318	Q2095
Q5192468	Q2095
Q5192531	Q2095
Q519297	Q2095
Q519297	Q40050
Q5193130	Q2095
Q5193130	Q40050
Q519365	Q2095
Q519365	Q40050
Q5194401	Q2095
Q5194441	Q2095
Q5194600	Q2095
Q5194600	Q40050
Q5194602	Q2095
Q5194622	Q2095
Q5194698	Q2095
Q5194699	Q2095
Q5194897	Q2095
Q5194921	Q2095
Q51949767	Q2095
Q51949767	Q40050
Q5195225	Q2095
Q5195226	Q2095
Q5195229	Q2095
Q5195230	Q2095
Q5195232	Q2095
Q5195233	Q2095
Q5195532	Q2095
Q5195536	Q2095
Q5195625	Q2095
Q5196211	Q2095
Q5196292	Q2095
Q5196662	Q2095
Q5196664	Q2095
Q5196664	Q40050
Q519753	Q2095
Q5199488	Q2095
Q5202718	Q2095
Q5202718	Q40050
Q5202905	Q2095
Q5202958	Q2095
Q5202964	Q2095
Q5202996	Q2095
Q5203061	Q2095
Q5203376	Q2095
Q5203707	Q2095
Q5204114	Q2095
Q5204325	Q2095
Q520598	Q2095
Q5207448	Q2095
Q5207457	Q2095
Q52075540	Q2095
Q5207834	Q2095
Q5207834	Q40050
Q5208153	Q2095
Q5208153	Q40050
Q5208302	Q2095
Q5208302	Q40050
Q5208692	Q2095
Q5208801	Q2095
Q5209110	Q2095
Q5209593	Q2095
Q5209959	Q2095
Q5210284	Q2095
Q521138	Q2095
Q521138	Q40050
Q52148739	Q2095
Q52160184	Q2095
Q5216031	Q2095
Q52161206	Q2095
Q5217470	Q2095
Q52181134	Q2095
Q5219923	Q2095
Q52202076	Q2095
Q522171	Q2095
Q5223103	Q2095
Q5223103	Q40050
Q5226610	Q2095
Q5227604	Q2095
Q5227613	Q2095
Q5227613	Q40050
Q5227616	Q2095
Q5227617	Q2095
Q5227816	Q2095
Q5228042	Q2095
Q523224	Q2095
Q5233479	Q2095
Q52376734	Q2095
Q52378255	Q2095
Q52406	Q2095
Q524374	Q2095
Q524679	Q2095
Q524679	Q40050
Q5247370	Q2095
Q5247370	Q40050
Q5247475	Q2095
Q5249501	Q2095
Q524966	Q2095
Q5250051	Q2095
Q5250678	Q2095
Q5250962	Q2095
Q5253092	Q2095
Q5253850	Q2095
Q525397	Q2095
Q525397	Q40050
Q5254291	Q2095
Q5254542	Q2095
Q5254978	Q2095
Q525586	Q2095
Q5256202	Q2095
Q5256202	Q40050
Q5256427	Q2095
Q5256658	Q2095
Q5257580	Q2095
Q5257848	Q2095
Q5257857	Q2095
Q5257988	Q2095
Q5259142	Q2095
Q5259790	Q2095
Q5260412	Q2095
Q5260907	Q2095
Q5261363	Q2095
Q5261545	Q2095
Q5262436	Q2095
Q5262528	Q2095
Q526314	Q2095
Q526314	Q40050
Q526320	Q2095
Q5264233	Q2095
Q5264233	Q40050
Q5265045	Q2095
Q5265049	Q2095
Q526516	Q2095
Q5265534	Q2095
Q5265837	Q2095
Q5266263	Q2095
Q52666405	Q2095
Q5267251	Q2095
Q5267360	Q2095
Q5267373	Q2095
Q5267591	Q2095
Q5267682	Q2095
Q5269415	Q2095
Q5269476	Q2095
Q5269729	Q2095
Q5269993	Q2095
Q5270257	Q2095
Q527321	Q2095
Q527323	Q2095
Q5274381	Q2095
Q5275046	Q2095
Q5275046	Q40050
Q5275047	Q2095
Q5275047	Q40050
Q5275050	Q2095
Q5275050	Q40050
Q527616	Q2095
Q5276598	Q2095
Q52768900	Q2095
Q5277124	Q2095
Q5277707	Q2095
Q5277967	Q2095
Q5278120	Q2095
Q5279593	Q2095
Q5279597	Q2095
Q528008	Q2095
Q5280755	Q2095
Q5280948	Q2095
Q5281317	Q2095
Q5281317	Q40050
Q528187	Q2095
Q52835801	Q2095
Q5284391	Q2095
Q5285830	Q2095
Q5285830	Q40050
Q5286572	Q2095
Q5287158	Q2095
Q5287205	Q2095
Q5287909	Q2095
Q528827	Q2095
Q5289177	Q2095
Q529089	Q2095
Q529100	Q2095
Q5292852	Q2095
Q5292852	Q40050
Q5295867	Q2095
Q5295867	Q40050
Q5296220	Q2095
Q5296976	Q2095
Q5296976	Q40050
Q5296979	Q2095
Q5297347	Q2095
Q5297347	Q40050
Q5297466	Q2095
Q5298849	Q2095
Q5298858	Q2095
Q5299375	Q2095
Q529941	Q2095
Q5299471	Q2095
Q5299689	Q2095
Q5299689	Q40050
Q5299719	Q2095
Q5299741	Q2095
Q53	Q2095
Q53	Q40050
Q5300142	Q2095
Q5300145	Q2095
Q5300162	Q2095
Q5301082	Q2095
Q5302283	Q2095
Q5302392	Q2095
Q530307	Q2095
Q5303998	Q2095
Q5303998	Q40050
Q5304073	Q2095
Q5304073	Q40050
Q5304462	Q2095
Q5304462	Q40050
Q5305039	Q2095
Q5305314	Q2095
Q5305336	Q2095
Q5305677	Q2095
Q5305996	Q2095
Q5306060	Q2095
Q5306266	Q2095
Q5306483	Q2095
Q5307390	Q2095
Q5307391	Q2095
Q5307466	Q2095
Q5307704	Q2095
Q5307705	Q2095
Q5307705	Q40050
Q5307784	Q2095
Q5308244	Q2095
Q5309307	Q2095
Q5309356	Q2095
Q5309466	Q2095
Q53097623	Q2095
Q5310881	Q2095
Q5310881	Q40050
Q5311104	Q2095
Q5311104	Q40050
Q5311222	Q2095
Q5311489	Q2095
Q5311497	Q2095
Q5311505	Q2095
Q531184	Q2095
Q5312716	Q2095
Q5312716	Q40050
Q5312718	Q2095
Q5313580	Q2095
Q5314244	Q2095
Q531501	Q2095
Q5315332	Q2095
Q5317422	Q2095
Q5317729	Q2095
Q5319091	Q2095
Q531924	Q2095
Q531924	Q40050
Q531970	Q2095
Q532437	Q2095
Q532437	Q40050
Q5326758	Q2095
Q5326758	Q40050
Q5326909	Q2095
Q532718	Q2095
Q5327252	Q2095
Q5327252	Q40050
Q532726	Q2095
Q532734	Q2095
Q532734	Q40050
Q532942	Q2095
Q5329911	Q2095
Q533025	Q2095
Q5331102	Q2095
Q5331214	Q2095
Q5331296	Q2095
Q5331440	Q2095
Q5331440	Q40050
Q5331480	Q2095
Q5331853	Q2095
Q533210	Q2095
Q5332394	Q2095
Q5338001	Q2095
Q5338003	Q2095
Q5338306	Q2095
Q5339237	Q2095
Q533945	Q2095
Q534023	Q2095
Q534043	Q2095
Q534069	Q2095
Q534126	Q2095
Q5341428	Q2095
Q534177	Q2095
Q534177	Q40050
Q534420	Q2095
Q5347044	Q2095
Q5347166	Q2095
Q5347761	Q2095
Q5347834	Q2095
Q5347835	Q2095
Q5347855	Q2095
Q5347858	Q2095
Q5347939	Q2095
Q5347941	Q2095
Q535064	Q2095
Q5351384	Q2095
Q5351384	Q40050
Q5351542	Q2095
Q5351542	Q40050
Q5354016	Q2095
Q535555	Q2095
Q535555	Q40050
Q53560342	Q2095
Q5358446	Q2095
Q5358446	Q40050
Q5358451	Q2095
Q5358810	Q2095
Q5359207	Q2095
Q5360014	Q2095
Q5361217	Q2095
Q5361217	Q40050
Q5361233	Q2095
Q5361273	Q2095
Q53619707	Q2095
Q5363251	Q2095
Q5363251	Q40050
Q5363430	Q2095
Q5363516	Q2095
Q5363633	Q2095
Q5365279	Q2095
Q5365593	Q2095
Q5365593	Q40050
Q5366160	Q2095
Q5366437	Q2095
Q5366460	Q2095
Q536691	Q2095
Q5367573	Q2095
Q536829	Q2095
Q5368581	Q2095
Q5368607	Q2095
Q5368617	Q2095
Q5368786	Q2095
Q5368822	Q2095
Q5369089	Q2095
Q5369104	Q2095
Q536976	Q2095
Q536976	Q40050
Q5369868	Q2095
Q53700540	Q2095
Q5370527	Q2095
Q5371164	Q2095
Q5371177	Q2095
Q5371632	Q2095
Q5371715	Q2095
Q5371719	Q2095
Q5371733	Q2095
Q5372471	Q2095
Q5373825	Q2095
Q5374184	Q2095
Q53748108	Q2095
Q5374862	Q2095
Q53755168	Q2095
Q5376675	Q2095
Q5377057	Q2095
Q5377265	Q2095
Q5377265	Q40050
Q5377413	Q2095
Q5378686	Q2095
Q5378686	Q40050
Q5378811	Q2095
Q5378811	Q40050
Q537897	Q2095
Q5379138	Q2095
Q5379517	Q2095
Q5380597	Q2095
Q538296	Q2095
Q5384109	Q2095
Q53844640	Q2095
Q538656	Q2095
Q53869432	Q2095
Q538932	Q2095
Q538932	Q40050
Q5390330	Q2095
Q5390483	Q2095
Q5391531	Q2095
Q5391979	Q2095
Q53925330	Q2095
Q53927047	Q2095
Q5393897	Q2095
Q539429	Q2095
Q5395422	Q2095
Q5395567	Q2095
Q5396648	Q2095
Q5397509	Q2095
Q5397509	Q40050
Q5398530	Q2095
Q5398530	Q40050
Q539958	Q2095
Q539958	Q40050
Q53997866	Q2095
Q53997866	Q40050
Q5400740	Q2095
Q5400907	Q2095
Q5400907	Q40050
Q540171	Q2095
Q540289	Q2095
Q5403594	Q2095
Q540363	Q2095
Q540363	Q40050
Q5404477	Q2095
Q5404477	Q40050
Q540543	Q2095
Q5406515	Q2095
Q5407537	Q2095
Q540837	Q2095
Q5408968	Q2095
Q5409500	Q2095
Q5409699	Q2095
Q5410213	Q2095
Q5411101	Q2095
Q5412364	Q2095
Q5413353	Q2095
Q5413353	Q40050
Q5414686	Q2095
Q5414737	Q2095
Q5414989	Q2095
Q5416128	Q2095
Q54165556	Q2095
Q541771	Q2095
Q542042	Q2095
Q542046	Q2095
Q5420610	Q2095
Q5421317	Q2095
Q54222942	Q2095
Q54223338	Q2095
Q5422785	Q2095
Q542335	Q2095
Q5424508	Q2095
Q5424508	Q40050
Q542594	Q2095
Q542594	Q40050
Q5427546	Q2095
Q54276298	Q2095
Q54276804	Q2095
Q54277069	Q2095
Q542790	Q2095
Q5429635	Q2095
Q5430052	Q2095
Q543025	Q2095
Q543127	Q2095
Q543127	Q40050
Q5431859	Q2095
Q5431859	Q40050
Q54321813	Q2095
Q54321819	Q2095
Q54321849	Q2095
Q5432225	Q2095
Q5432225	Q40050
Q5433347	Q2095
Q5434108	Q2095
Q5434108	Q40050
Q5435066	Q2095
Q543512	Q2095
Q5435340	Q2095
Q5435395	Q2095
Q5435749	Q2095
Q5435994	Q2095
Q5435994	Q40050
Q54363757	Q2095
Q54363757	Q40050
Q5436383	Q2095
Q5436613	Q2095
Q5436853	Q2095
Q54371849	Q2095
Q5437245	Q2095
Q5437342	Q2095
Q5437969	Q2095
Q543805	Q2095
Q5438829	Q2095
Q5439605	Q2095
Q5441190	Q2095
Q544157	Q2095
Q5442115	Q2095
Q54423330	Q2095
Q544293	Q2095
Q544293	Q40050
Q5443463	Q2095
Q5444388	Q2095
Q5444389	Q2095
Q5446429	Q2095
Q5447680	Q2095
Q5447713	Q2095
Q5447983	Q2095
Q5448290	Q2095
Q5448290	Q40050
Q5448411	Q2095
Q5448419	Q2095
Q5448449	Q2095
Q5448701	Q2095
Q5448803	Q2095
Q5448811	Q2095
Q5448884	Q2095
Q5449200	Q2095
Q5449208	Q2095
Q5449338	Q2095
Q5450076	Q2095
Q5450244	Q2095
Q5450332	Q2095
Q5450695	Q2095
Q5450828	Q2095
Q5450876	Q2095
Q5450876	Q40050
Q5450908	Q2095
Q5450908	Q40050
Q545111	Q2095
Q545344	Q2095
Q5454466	Q2095
Q5454530	Q2095
Q5454530	Q40050
Q5454601	Q2095
Q5454605	Q2095
Q5454607	Q2095
Q5454627	Q2095
Q5454630	Q2095
Q5454631	Q2095
Q5454639	Q2095
Q5454652	Q2095
Q5454664	Q2095
Q5454668	Q2095
Q5454671	Q2095
Q5454673	Q2095
Q5454675	Q2095
Q5454680	Q2095
Q5455519	Q2095
Q5455519	Q40050
Q5456120	Q2095
Q5456463	Q2095
Q5456463	Q40050
Q5456516	Q2095
Q5457081	Q2095
Q5457091	Q2095
Q5457223	Q2095
Q5457223	Q40050
Q5457261	Q2095
Q5457261	Q40050
Q5457441	Q2095
Q5457448	Q2095
Q5457456	Q2095
Q5457841	Q2095
Q545816	Q2095
Q5458202	Q2095
Q5458202	Q40050
Q5458204	Q2095
Q5458209	Q2095
Q5458209	Q40050
Q5458522	Q2095
Q5458524	Q2095
Q5458524	Q40050
Q5459109	Q2095
Q5459704	Q2095
Q5459745	Q2095
Q5459745	Q40050
Q545985	Q2095
Q545994	Q2095
Q5460249	Q2095
Q5460271	Q2095
Q5461797	Q2095
Q5462021	Q2095
Q5462031	Q2095
Q5462681	Q2095
Q5462681	Q40050
Q5462780	Q2095
Q5462783	Q2095
Q5463599	Q2095
Q5463680	Q2095
Q5463730	Q2095
Q5463781	Q2095
Q5463781	Q40050
Q5463808	Q2095
Q5464121	Q2095
Q5465590	Q2095
Q54658142	Q2095
Q5467613	Q2095
Q5467800	Q2095
Q5473695	Q2095
Q547411	Q2095
Q547411	Q40050
Q5474519	Q2095
Q5474519	Q40050
Q5476380	Q2095
Q5476500	Q2095
Q5477096	Q2095
Q5477250	Q2095
Q5477250	Q40050
Q5477445	Q2095
Q5479342	Q2095
Q5479643	Q2095
Q5479684	Q2095
Q5479702	Q2095
Q54802256	Q2095
Q5480841	Q2095
Q54815990	Q2095
Q54819850	Q2095
Q54821098	Q2095
Q548309	Q2095
Q548319	Q2095
Q5484363	Q2095
Q548437	Q2095
Q5484784	Q2095
Q5484845	Q2095
Q548521	Q2095
Q5486113	Q2095
Q54865035	Q2095
Q548682	Q2095
Q5487418	Q2095
Q5488067	Q2095
Q54888160	Q2095
Q548940	Q2095
Q548940	Q40050
Q5489518	Q2095
Q5489518	Q40050
Q5489566	Q2095
Q5491222	Q2095
Q54914145	Q2095
Q54914145	Q40050
Q5491445	Q2095
Q549161	Q2095
Q549161	Q40050
Q5491704	Q2095
Q5492100	Q2095
Q5492332	Q2095
Q5492937	Q2095
Q549301	Q2095
Q549301	Q40050
Q5493055	Q2095
Q5493055	Q40050
Q5493196	Q2095
Q5493246	Q2095
Q5493317	Q2095
Q5493938	Q2095
Q5494129	Q2095
Q5494294	Q2095
Q54952472	Q2095
Q5495463	Q2095
Q5495791	Q2095
Q54962305	Q2095
Q54962774	Q2095
Q5496835	Q2095
Q549713	Q2095
Q549793	Q2095
Q5501442	Q2095
Q5501652	Q2095
Q5503208	Q2095
Q550325	Q2095
Q5503338	Q2095
Q5503409	Q2095
Q550354	Q2095
Q5503603	Q2095
Q5503619	Q2095
Q5503620	Q2095
Q5503623	Q2095
Q5503624	Q2095
Q5503628	Q2095
Q5503629	Q2095
Q5503630	Q2095
Q5504554	Q2095
Q5504556	Q2095
Q5504736	Q2095
Q5504742	Q2095
Q5504743	Q2095
Q5504809	Q2095
Q5504828	Q2095
Q550490	Q2095
Q5505245	Q2095
Q550574	Q2095
Q5506199	Q2095
Q5506203	Q2095
Q5506203	Q40050
Q5506218	Q2095
Q5506218	Q40050
Q5506314	Q2095
Q5506319	Q2095
Q5506327	Q2095
Q5506333	Q2095
Q5506355	Q2095
Q5506381	Q2095
Q5506382	Q2095
Q5506393	Q2095
Q5506400	Q2095
Q5506409	Q2095
Q5506413	Q2095
Q5506414	Q2095
Q5506416	Q2095
Q5506490	Q2095
Q5506490	Q40050
Q5506544	Q2095
Q5506553	Q2095
Q5506743	Q2095
Q5506743	Q40050
Q5507019	Q2095
Q5507019	Q40050
Q5507060	Q2095
Q5507065	Q2095
Q5507066	Q2095
Q5507069	Q2095
Q5507072	Q2095
Q55075230	Q2095
Q550774	Q2095
Q5508650	Q2095
Q550874	Q2095
Q5508801	Q2095
Q5509196	Q2095
Q5509249	Q2095
Q5509432	Q2095
Q5509974	Q2095
Q5510003	Q2095
Q5511137	Q2095
Q5511137	Q40050
Q5511244	Q2095
Q5511397	Q2095
Q55144196	Q2095
Q551458	Q2095
Q551484	Q2095
Q551484	Q40050
Q55152	Q2095
Q55167	Q2095
Q5517015	Q2095
Q5517536	Q2095
Q5518114	Q2095
Q5518132	Q2095
Q55181446	Q2095
Q5519122	Q2095
Q5519964	Q2095
Q5521499	Q2095
Q5521902	Q2095
Q5521946	Q2095
Q5522366	Q2095
Q5522419	Q2095
Q5522421	Q2095
Q5522433	Q2095
Q552287	Q2095
Q55228866	Q2095
Q552291	Q2095
Q55231429	Q2095
Q5523464	Q2095
Q5523466	Q2095
Q55235305	Q2095
Q5523588	Q2095
Q55238634	Q2095
Q55238847	Q2095
Q552394	Q2095
Q5524065	Q2095
Q5524082	Q2095
Q5524478	Q2095
Q5524564	Q2095
Q552492	Q2095
Q55279012	Q2095
Q55279012	Q40050
Q5528581	Q2095
Q5528581	Q40050
Q5529194	Q2095
Q5529895	Q2095
Q5530695	Q2095
Q55316189	Q2095
Q55316195	Q2095
Q5531912	Q2095
Q5531912	Q40050
Q553200	Q2095
Q5532669	Q2095
Q5532669	Q40050
Q5532936	Q2095
Q5532938	Q2095
Q5532939	Q2095
Q553905	Q2095
Q554	Q2095
Q55404049	Q2095
Q5541316	Q2095
Q55435230	Q2095
Q55435230	Q40050
Q55448359	Q2095
Q5545052	Q2095
Q5545052	Q40050
Q5547323	Q2095
Q5547323	Q40050
Q5548067	Q2095
Q5550390	Q2095
Q55503913	Q2095
Q555084	Q2095
Q5550871	Q2095
Q5551505	Q2095
Q55520325	Q2095
Q55521288	Q2095
Q55521678	Q2095
Q55522603	Q2095
Q55522616	Q2095
Q55522966	Q2095
Q55523063	Q2095
Q55523066	Q2095
Q55523123	Q2095
Q55523168	Q2095
Q55523179	Q2095
Q55523187	Q2095
Q55523424	Q2095
Q55523722	Q2095
Q55523722	Q40050
Q55525141	Q2095
Q55525189	Q2095
Q55525202	Q2095
Q55529584	Q2095
Q55530498	Q2095
Q55530498	Q40050
Q55531302	Q2095
Q55531302	Q40050
Q55539990	Q2095
Q5554400	Q2095
Q5554400	Q40050
Q5554939	Q2095
Q5555446	Q2095
Q5555631	Q2095
Q5555725	Q2095
Q55557452	Q2095
Q5556168	Q2095
Q5556413	Q2095
Q55568930	Q2095
Q555747	Q2095
Q5557525	Q2095
Q5558439	Q2095
Q5559227	Q2095
Q55593280	Q2095
Q55597285	Q2095
Q55597285	Q40050
Q55597493	Q2095
Q55599828	Q2095
Q55599895	Q2095
Q55604888	Q2095
Q556052	Q2095
Q55605282	Q2095
Q55605867	Q2095
Q556060	Q2095
Q55606385	Q2095
Q55607810	Q2095
Q55607810	Q40050
Q55608635	Q2095
Q55608635	Q40050
Q55610065	Q2095
Q55610619	Q2095
Q55612847	Q2095
Q5561440	Q2095
Q55614842	Q2095
Q55615660	Q2095
Q55616432	Q2095
Q5561980	Q2095
Q55621746	Q2095
Q55623155	Q2095
Q5562570	Q2095
Q5562570	Q40050
Q5562817	Q2095
Q5562817	Q40050
Q5562819	Q2095
Q5562819	Q40050
Q55629186	Q2095
Q55629500	Q2095
Q5562951	Q2095
Q55630388	Q2095
Q55630493	Q2095
Q5563074	Q2095
Q5563077	Q2095
Q5563085	Q2095
Q5563085	Q40050
Q55632427	Q2095
Q55632718	Q2095
Q55632718	Q40050
Q5563306	Q2095
Q5563306	Q40050
Q55633240	Q2095
Q5563374	Q2095
Q55636014	Q2095
Q55636744	Q2095
Q55636744	Q40050
Q55637053	Q2095
Q55638285	Q2095
Q55638286	Q2095
Q55642411	Q2095
Q55647652	Q2095
Q55647652	Q40050
Q55649156	Q2095
Q55649156	Q40050
Q55650512	Q2095
Q5565095	Q2095
Q5565946	Q2095
Q55663392	Q2095
Q55663425	Q2095
Q55663678	Q2095
Q5567537	Q2095
Q5567537	Q40050
Q55700473	Q2095
Q55706475	Q2095
Q5571519	Q2095
Q55715337	Q2095
Q5571808	Q2095
Q55718484	Q2095
Q55719554	Q2095
Q55722017	Q2095
Q5572263	Q2095
Q5572263	Q40050
Q5572305	Q2095
Q55725140	Q2095
Q5572701	Q2095
Q5572731	Q2095
Q55728796	Q2095
Q55729572	Q2095
Q55729572	Q40050
Q5573091	Q2095
Q55731697	Q2095
Q55733775	Q2095
Q55734701	Q2095
Q5573519	Q2095
Q5573519	Q40050
Q55735218	Q2095
Q55735280	Q2095
Q55735425	Q2095
Q55736247	Q2095
Q55737036	Q2095
Q55737195	Q2095
Q55737441	Q2095
Q55737768	Q2095
Q55739193	Q2095
Q5573944	Q2095
Q55740316	Q2095
Q5574569	Q2095
Q5574569	Q40050
Q5574630	Q2095
Q5574984	Q2095
Q557521	Q2095
Q5575346	Q2095
Q55753739	Q2095
Q5575466	Q2095
Q5575473	Q2095
Q5575522	Q2095
Q55758405	Q2095
Q5577198	Q2095
Q5578571	Q2095
Q5578808	Q2095
Q5578812	Q2095
Q5578812	Q40050
Q55788394	Q2095
Q5578860	Q2095
Q5578860	Q40050
Q5578884	Q2095
Q5578884	Q40050
Q5579292	Q2095
Q5579476	Q2095
Q5579512	Q2095
Q5579512	Q40050
Q5579642	Q2095
Q5579671	Q2095
Q5579671	Q40050
Q557968	Q2095
Q5579803	Q2095
Q5580053	Q2095
Q5580053	Q40050
Q5580070	Q2095
Q5580153	Q2095
Q558133	Q2095
Q55813641	Q2095
Q55813973	Q2095
Q55814032	Q2095
Q55814152	Q2095
Q55814282	Q2095
Q55814311	Q2095
Q55814333	Q2095
Q55814346	Q2095
Q55814360	Q2095
Q55814375	Q2095
Q55814425	Q2095
Q55814447	Q2095
Q55814468	Q2095
Q55815030	Q2095
Q55815098	Q2095
Q55815117	Q2095
Q55815129	Q2095
Q55815144	Q2095
Q55815152	Q2095
Q55815218	Q2095
Q55815247	Q2095
Q55815265	Q2095
Q55815404	Q2095
Q55815412	Q2095
Q55815430	Q2095
Q55815445	Q2095
Q55815475	Q2095
Q55815501	Q2095
Q55815563	Q2095
Q55815608	Q2095
Q55815618	Q2095
Q55815647	Q2095
Q55815672	Q2095
Q5582335	Q2095
Q5582360	Q2095
Q5582414	Q2095
Q5582416	Q2095
Q55829850	Q2095
Q55829874	Q2095
Q55829915	Q2095
Q55830113	Q2095
Q55830120	Q2095
Q55830132	Q2095
Q55830148	Q2095
Q55830164	Q2095
Q55830175	Q2095
Q55830221	Q2095
Q55830233	Q2095
Q55830243	Q2095
Q55830259	Q2095
Q55830273	Q2095
Q55830286	Q2095
Q55830429	Q2095
Q55830510	Q2095
Q55830662	Q2095
Q55830671	Q2095
Q55830760	Q2095
Q55830820	Q2095
Q55830831	Q2095
Q55830897	Q2095
Q55831465	Q2095
Q55831788	Q2095
Q55832040	Q2095
Q55832393	Q2095
Q55832393	Q40050
Q55832590	Q2095
Q55832714	Q2095
Q55832722	Q2095
Q55833199	Q2095
Q55833391	Q2095
Q55833430	Q2095
Q55833442	Q2095
Q5583742	Q2095
Q5584732	Q2095
Q558625	Q2095
Q55862687	Q2095
Q55862748	Q2095
Q5586582	Q2095
Q5586582	Q40050
Q5588643	Q2095
Q5588643	Q40050
Q559201	Q2095
Q5592614	Q2095
Q5593383	Q2095
Q5593384	Q2095
Q5593979	Q2095
Q5593979	Q40050
Q5593986	Q2095
Q5593986	Q40050
Q559408	Q2095
Q559528	Q2095
Q55957911	Q2095
Q55957971	Q2095
Q55958021	Q2095
Q5596598	Q2095
Q5596987	Q2095
Q5597000	Q2095
Q5597006	Q2095
Q5597006	Q40050
Q5597009	Q2095
Q5597031	Q2095
Q5597031	Q40050
Q5597672	Q2095
Q5598107	Q2095
Q559947	Q2095
Q559947	Q40050
Q5602039	Q2095
Q5602822	Q2095
Q5603491	Q2095
Q5603528	Q2095
Q5604093	Q2095
Q56043447	Q2095
Q5607833	Q2095
Q5608621	Q2095
Q56087345	Q2095
Q5609167	Q2095
Q5609489	Q2095
Q5610979	Q2095
Q56115084	Q2095
Q561194	Q2095
Q5613295	Q2095
Q5613356	Q2095
Q5613898	Q2095
Q5613898	Q40050
Q56139	Q2095
Q56139	Q40050
Q5614179	Q2095
Q5614179	Q40050
Q5614188	Q2095
Q5614334	Q2095
Q56147276	Q2095
Q5615230	Q2095
Q5615230	Q40050
Q5617222	Q2095
Q5617695	Q2095
Q5618003	Q2095
Q5618109	Q2095
Q5618566	Q2095
Q5619195	Q2095
Q5619195	Q40050
Q561987	Q2095
Q561987	Q40050
Q5620025	Q2095
Q5622743	Q2095
Q56228131	Q2095
Q56228161	Q2095
Q56228400	Q2095
Q5622888	Q2095
Q56231357	Q2095
Q56231359	Q2095
Q56231368	Q2095
Q56231369	Q2095
Q56231429	Q2095
Q56231471	Q2095
Q56231522	Q2095
Q56231570	Q2095
Q56231672	Q2095
Q56231674	Q2095
Q56231735	Q2095
Q56231808	Q2095
Q56231813	Q2095
Q56231862	Q2095
Q56231949	Q2095
Q56232108	Q2095
Q56232120	Q2095
Q56232129	Q2095
Q56232200	Q2095
Q56232224	Q2095
Q56232266	Q2095
Q56232277	Q2095
Q56232291	Q2095
Q56232293	Q2095
Q56232342	Q2095
Q56232343	Q2095
Q56232344	Q2095
Q56232345	Q2095
Q56232346	Q2095
Q56232348	Q2095
Q56232349	Q2095
Q56232350	Q2095
Q56232351	Q2095
Q56232352	Q2095
Q56232353	Q2095
Q56232354	Q2095
Q56232356	Q2095
Q56232363	Q2095
Q56232372	Q2095
Q56232374	Q2095
Q56232377	Q2095
Q56232379	Q2095
Q56232402	Q2095
Q56232402	Q40050
Q56232430	Q2095
Q56232444	Q2095
Q5623335	Q2095
Q56235994	Q2095
Q56236136	Q2095
Q5623917	Q2095
Q5623926	Q2095
Q5624022	Q2095
Q5624090	Q2095
Q56250611	Q2095
Q5625377	Q2095
Q56253895	Q2095
Q5625792	Q2095
Q5625792	Q40050
Q56259008	Q2095
Q56260022	Q2095
Q5626815	Q2095
Q56272127	Q2095
Q56274178	Q2095
Q56276135	Q2095
Q56276135	Q40050
Q56277667	Q2095
Q56279443	Q2095
Q56279443	Q40050
Q56279960	Q2095
Q56280821	Q2095
Q56291594	Q2095
Q56291594	Q40050
Q56292893	Q2095
Q56293139	Q2095
Q56296542	Q2095
Q56296569	Q2095
Q56296699	Q2095
Q56296735	Q2095
Q56297309	Q2095
Q56297456	Q2095
Q56297554	Q2095
Q56297683	Q2095
Q56297948	Q2095
Q56298037	Q2095
Q56298697	Q2095
Q56299001	Q2095
Q56299640	Q2095
Q56299924	Q2095
Q56300018	Q2095
Q56300140	Q2095
Q56303162	Q2095
Q56303162	Q40050
Q56303321	Q2095
Q56303321	Q40050
Q56303613	Q2095
Q56304006	Q2095
Q56304510	Q2095
Q56308209	Q2095
Q56308272	Q2095
Q56311059	Q2095
Q56311059	Q40050
Q56311389	Q2095
Q56315370	Q2095
Q56315775	Q2095
Q56315775	Q40050
Q56315793	Q2095
Q56316357	Q2095
Q56316357	Q40050
Q56316369	Q2095
Q56316369	Q40050
Q56316733	Q2095
Q56317246	Q2095
Q56317812	Q2095
Q56318198	Q2095
Q56319981	Q2095
Q56320587	Q2095
Q56320587	Q40050
Q56320624	Q2095
Q56321400	Q2095
Q56324382	Q2095
Q56324866	Q2095
Q56324866	Q40050
Q56324986	Q2095
Q56328360	Q2095
Q56342268	Q2095
Q56342268	Q40050
Q56345013	Q2095
Q56345506	Q2095
Q56345566	Q2095
Q56346661	Q2095
Q56346680	Q2095
Q56347154	Q2095
Q56349591	Q2095
Q56350058	Q2095
Q56351009	Q2095
Q56351009	Q40050
Q56351030	Q2095
Q56351263	Q2095
Q56351904	Q2095
Q56352615	Q2095
Q56352615	Q40050
Q56353552	Q2095
Q56353647	Q2095
Q56353647	Q40050
Q56354052	Q2095
Q56354052	Q40050
Q5635450	Q2095
Q56354885	Q2095
Q56355857	Q2095
Q56361009	Q2095
Q56365932	Q2095
Q5636855	Q2095
Q5636956	Q2095
Q5637550	Q2095
Q5637734	Q2095
Q56377759	Q2095
Q56378199	Q2095
Q5638274	Q2095
Q5638547	Q2095
Q56389371	Q2095
Q5639068	Q2095
Q5639068	Q40050
Q56391469	Q2095
Q56391582	Q2095
Q56391669	Q2095
Q56392115	Q2095
Q56392115	Q40050
Q56392441	Q2095
Q56392543	Q2095
Q56392589	Q2095
Q56393200	Q2095
Q56393322	Q2095
Q56393494	Q2095
Q56393814	Q2095
Q56393814	Q40050
Q56394196	Q2095
Q56394259	Q2095
Q56394507	Q2095
Q56395863	Q2095
Q56395871	Q2095
Q56397725	Q2095
Q56398808	Q2095
Q56398981	Q2095
Q56399237	Q2095
Q56401985	Q2095
Q56404266	Q2095
Q56404266	Q40050
Q5640672	Q2095
Q56408491	Q2095
Q56408589	Q2095
Q56408977	Q2095
Q56411177	Q2095
Q56411796	Q2095
Q56412603	Q2095
Q56413424	Q2095
Q56413460	Q2095
Q56414804	Q2095
Q56414821	Q2095
Q56414821	Q40050
Q56416642	Q2095
Q56417209	Q2095
Q56423947	Q2095
Q5642444	Q2095
Q564271	Q2095
Q564278	Q2095
Q5642869	Q2095
Q5643056	Q2095
Q5643212	Q2095
Q5643322	Q2095
Q564334	Q2095
Q5643903	Q2095
Q56439972	Q2095
Q5644076	Q2095
Q56441185	Q2095
Q5644337	Q2095
Q5644416	Q2095
Q56447314	Q2095
Q564491	Q2095
Q564494	Q2095
Q564500	Q2095
Q564506	Q2095
Q564509	Q2095
Q56452364	Q2095
Q56452392	Q2095
Q5645347	Q2095
Q5645347	Q40050
Q564557	Q2095
Q564560	Q2095
Q564567	Q2095
Q564570	Q2095
Q564573	Q2095
Q564622	Q2095
Q564629	Q2095
Q5647008	Q2095
Q5647008	Q40050
Q564722	Q2095
Q5647339	Q2095
Q56475549	Q2095
Q5647693	Q2095
Q5647753	Q2095
Q564786	Q2095
Q5648046	Q2095
Q5648046	Q40050
Q5648570	Q2095
Q5648570	Q40050
Q56490023	Q2095
Q56493317	Q2095
Q564976	Q2095
Q5650138	Q2095
Q5650427	Q2095
Q5651265	Q2095
Q56512885	Q2095
Q5651586	Q2095
Q56525459	Q2095
Q5652554	Q2095
Q56525731	Q2095
Q5652694	Q2095
Q5652914	Q2095
Q5653150	Q2095
Q5653537	Q2095
Q5653655	Q2095
Q5654906	Q2095
Q5654984	Q2095
Q5654984	Q40050
Q5655520	Q2095
Q5655665	Q2095
Q5655665	Q40050
Q56559327	Q2095
Q5656299	Q2095
Q5656322	Q2095
Q5656324	Q2095
Q5656360	Q2095
Q5656399	Q2095
Q5656583	Q2095
Q5656677	Q2095
Q565689	Q2095
Q565689	Q40050
Q565715	Q2095
Q565767	Q2095
Q56582296	Q2095
Q5658556	Q2095
Q5658556	Q40050
Q56598220	Q2095
Q56599054	Q2095
Q56599055	Q2095
Q5660287	Q2095
Q5660293	Q2095
Q56611571	Q2095
Q56612741	Q2095
Q56612753	Q2095
Q5661511	Q2095
Q5661525	Q2095
Q5661529	Q2095
Q5662088	Q2095
Q5662995	Q2095
Q5663370	Q2095
Q5663825	Q2095
Q5663872	Q2095
Q56640103	Q2095
Q56644440	Q2095
Q56648382	Q2095
Q56648382	Q40050
Q56650369	Q2095
Q566533	Q2095
Q566533	Q40050
Q5665969	Q2095
Q5666489	Q2095
Q56681785	Q2095
Q5668956	Q2095
Q56692301	Q2095
Q5669743	Q2095
Q5669817	Q2095
Q5669841	Q2095
Q56702339	Q2095
Q5670573	Q2095
Q56707172	Q2095
Q56707179	Q2095
Q5671845	Q2095
Q5671845	Q40050
Q5673259	Q2095
Q5673771	Q2095
Q5674757	Q2095
Q5674770	Q2095
Q567516	Q2095
Q56756138	Q2095
Q5676711	Q2095
Q5676760	Q2095
Q5677028	Q2095
Q567709	Q2095
Q56784	Q2095
Q56784	Q40050
Q5678503	Q2095
Q5678787	Q2095
Q5679218	Q2095
Q5679304	Q2095
Q5679450	Q2095
Q5679450	Q40050
Q5681072	Q2095
Q5682366	Q2095
Q5682941	Q2095
Q5683289	Q2095
Q5683467	Q2095
Q568347	Q2095
Q568384	Q2095
Q568384	Q40050
Q5683937	Q2095
Q5684493	Q2095
Q5684493	Q40050
Q5684599	Q2095
Q56869614	Q2095
Q5687118	Q2095
Q56875469	Q2095
Q5687757	Q2095
Q5688100	Q2095
Q56884785	Q2095
Q5688812	Q2095
Q56893397	Q2095
Q56893397	Q40050
Q568946	Q2095
Q5690018	Q2095
Q5691152	Q2095
Q5691152	Q40050
Q5691167	Q2095
Q5691983	Q2095
Q5691983	Q40050
Q569332	Q2095
Q569332	Q40050
Q5694314	Q2095
Q5695228	Q2095
Q5696815	Q2095
Q5696843	Q2095
Q5696884	Q2095
Q5697020	Q2095
Q570038	Q2095
Q5700576	Q2095
Q5700719	Q2095
Q5700891	Q2095
Q5701228	Q2095
Q5701588	Q2095
Q5702275	Q2095
Q570297	Q2095
Q5703544	Q2095
Q5703546	Q2095
Q5703916	Q2095
Q5704569	Q2095
Q5706291	Q2095
Q5706293	Q2095
Q5706296	Q2095
Q5706305	Q2095
Q5706318	Q2095
Q5706324	Q2095
Q5706327	Q2095
Q5706352	Q2095
Q5707569	Q2095
Q5708347	Q2095
Q5708347	Q40050
Q5709466	Q2095
Q5710466	Q2095
Q5710501	Q2095
Q5711293	Q2095
Q5711624	Q2095
Q5714984	Q2095
Q5715366	Q2095
Q5715366	Q40050
Q5715906	Q2095
Q5715942	Q2095
Q57161536	Q2095
Q5716292	Q2095
Q5717711	Q2095
Q5718989	Q2095
Q57198707	Q2095
Q5719932	Q2095
Q5720026	Q2095
Q5720026	Q40050
Q5721298	Q2095
Q5721367	Q2095
Q57223	Q2095
Q572275	Q2095
Q57243997	Q2095
Q57243997	Q40050
Q572557	Q2095
Q5726175	Q2095
Q57263988	Q2095
Q57264472	Q2095
Q5726634	Q2095
Q57271323	Q2095
Q57271323	Q40050
Q57271339	Q2095
Q57271371	Q2095
Q57271371	Q40050
Q57271374	Q2095
Q57271381	Q2095
Q57271381	Q40050
Q57271473	Q2095
Q57271710	Q2095
Q57271711	Q2095
Q57271711	Q40050
Q57271732	Q2095
Q57271749	Q2095
Q57271782	Q2095
Q57271782	Q40050
Q5727337	Q2095
Q5728276	Q2095
Q5728279	Q2095
Q5729035	Q2095
Q5729169	Q2095
Q5729425	Q2095
Q5729428	Q2095
Q5729618	Q2095
Q5729618	Q40050
Q57304501	Q2095
Q57306081	Q2095
Q5730660	Q2095
Q57306876	Q2095
Q5730873	Q2095
Q5730960	Q2095
Q5731192	Q2095
Q57312618	Q2095
Q57312630	Q2095
Q57312630	Q40050
Q5731555	Q2095
Q5731577	Q2095
Q5731586	Q2095
Q5731591	Q2095
Q5731920	Q2095
Q57328419	Q2095
Q57328604	Q2095
Q57328687	Q2095
Q57328764	Q2095
Q57328775	Q2095
Q57328933	Q2095
Q57328933	Q40050
Q5733031	Q2095
Q5733031	Q40050
Q57332578	Q2095
Q5733385	Q2095
Q5733385	Q40050
Q5735843	Q2095
Q5736147	Q2095
Q5736222	Q2095
Q5736222	Q40050
Q5738670	Q2095
Q57387706	Q2095
Q5739217	Q2095
Q5739217	Q40050
Q5739227	Q2095
Q5739227	Q40050
Q5739273	Q2095
Q5739461	Q2095
Q5739890	Q2095
Q5739896	Q2095
Q5739900	Q2095
Q5739984	Q2095
Q57401946	Q2095
Q57401946	Q40050
Q57413117	Q2095
Q5741634	Q2095
Q5741731	Q2095
Q5744487	Q2095
Q5744493	Q2095
Q5745677	Q2095
Q5745885	Q2095
Q5745885	Q40050
Q574643	Q2095
Q574643	Q40050
Q5748189	Q2095
Q5748955	Q2095
Q5750150	Q2095
Q5750150	Q40050
Q575069	Q2095
Q5750772	Q2095
Q5750772	Q40050
Q5752664	Q2095
Q5752664	Q40050
Q5752977	Q2095
Q5752984	Q2095
Q5752993	Q2095
Q5753009	Q2095
Q5753018	Q2095
Q575328	Q2095
Q575329	Q2095
Q57537492	Q2095
Q57543544	Q2095
Q57544960	Q2095
Q575506	Q2095
Q5755384	Q2095
Q57554458	Q2095
Q5757588	Q2095
Q5757613	Q2095
Q5757613	Q40050
Q5757672	Q2095
Q575790	Q2095
Q5759691	Q2095
Q5759699	Q2095
Q5759783	Q2095
Q5759783	Q40050
Q5759904	Q2095
Q57604009	Q2095
Q57609453	Q2095
Q5761400	Q2095
Q5761746	Q2095
Q5761904	Q2095
Q5761904	Q40050
Q5763615	Q2095
Q5763615	Q40050
Q5763990	Q2095
Q5764455	Q2095
Q57650068	Q2095
Q57655495	Q2095
Q57655538	Q2095
Q57655562	Q2095
Q57655614	Q2095
Q57655614	Q40050
Q57655678	Q2095
Q57655854	Q2095
Q57655865	Q2095
Q57655957	Q2095
Q57655957	Q40050
Q57655990	Q2095
Q57656115	Q2095
Q57656235	Q2095
Q57656262	Q2095
Q57656613	Q2095
Q57656616	Q2095
Q57657158	Q2095
Q57657174	Q2095
Q57657183	Q2095
Q57657183	Q40050
Q57657397	Q2095
Q5766170	Q2095
Q5766243	Q2095
Q5766243	Q40050
Q5766253	Q2095
Q5766253	Q40050
Q5766389	Q2095
Q5766574	Q2095
Q5766574	Q40050
Q5766593	Q2095
Q5766733	Q2095
Q5767223	Q2095
Q5767225	Q2095
Q5768439	Q2095
Q5768502	Q2095
Q5768541	Q2095
Q5768543	Q2095
Q5768543	Q40050
Q5769794	Q2095
Q5769794	Q40050
Q5770216	Q2095
Q5771090	Q2095
Q5771090	Q40050
Q5772525	Q2095
Q5772525	Q40050
Q5772726	Q2095
Q5772726	Q40050
Q5775857	Q2095
Q5779009	Q2095
Q5779811	Q2095
Q5780173	Q2095
Q5780954	Q2095
Q578204	Q2095
Q57828221	Q2095
Q578307	Q2095
Q578365	Q2095
Q578473	Q2095
Q57864243	Q2095
Q5788535	Q2095
Q5790649	Q2095
Q5790649	Q40050
Q57907757	Q2095
Q5790855	Q2095
Q5793478	Q2095
Q5794326	Q2095
Q5794713	Q2095
Q5794808	Q2095
Q5794808	Q40050
Q5796448	Q2095
Q5796600	Q2095
Q5796616	Q2095
Q5796616	Q40050
Q579671	Q2095
Q5796738	Q2095
Q5796738	Q40050
Q57981532	Q2095
Q57981542	Q2095
Q57998504	Q2095
Q5802759	Q2095
Q5802759	Q40050
Q5802762	Q2095
Q5802762	Q40050
Q58034470	Q2095
Q5803846	Q2095
Q5806903	Q2095
Q58090266	Q2095
Q58090277	Q2095
Q58090319	Q2095
Q58090327	Q2095
Q581462	Q2095
Q5814921	Q2095
Q5814975	Q2095
Q5814982	Q2095
Q581701	Q2095
Q58173066	Q2095
Q581884	Q2095
Q58212664	Q2095
Q58218306	Q2095
Q582328	Q2095
Q58259	Q2095
Q58261	Q2095
Q58263	Q2095
Q58265	Q2095
Q582674	Q2095
Q582744	Q2095
Q582744	Q40050
Q582877	Q2095
Q582877	Q40050
Q58294165	Q2095
Q58297838	Q2095
Q58314319	Q2095
Q5831581	Q2095
Q5831581	Q40050
Q5831612	Q2095
Q5831614	Q2095
Q5831624	Q2095
Q5831687	Q2095
Q58326491	Q2095
Q58339033	Q2095
Q58339162	Q2095
Q5834056	Q2095
Q5834058	Q2095
Q5834310	Q2095
Q5834964	Q2095
Q583522	Q2095
Q58356585	Q2095
Q583731	Q2095
Q583731	Q40050
Q5837802	Q2095
Q584035	Q2095
Q58414430	Q2095
Q584161	Q2095
Q584161	Q40050
Q584215	Q2095
Q584215	Q40050
Q58424037	Q2095
Q58431093	Q2095
Q584324	Q2095
Q5843433	Q2095
Q584564	Q2095
Q5849978	Q2095
Q585107	Q2095
Q5851184	Q2095
Q5851361	Q2095
Q585246	Q2095
Q5853909	Q2095
Q5853909	Q40050
Q5854461	Q2095
Q5857706	Q2095
Q585992	Q2095
Q585992	Q40050
Q5860371	Q2095
Q58610	Q2095
Q5862438	Q2095
Q586278	Q2095
Q586307	Q2095
Q58642840	Q2095
Q5864774	Q2095
Q586535	Q2095
Q586591	Q2095
Q586601	Q2095
Q586615	Q2095
Q58667833	Q2095
Q586770	Q2095
Q58681899	Q2095
Q5869154	Q2095
Q5869154	Q40050
Q5869227	Q2095
Q5869561	Q2095
Q5869893	Q2095
Q5870874	Q2095
Q5871298	Q2095
Q5871298	Q40050
Q58717221	Q2095
Q58730	Q2095
Q5873161	Q2095
Q5873161	Q40050
Q5873987	Q2095
Q58740104	Q2095
Q5874068	Q2095
Q5874601	Q2095
Q5874625	Q2095
Q5875268	Q2095
Q5875513	Q2095
Q5875989	Q2095
Q5876127	Q2095
Q5876283	Q2095
Q5876529	Q2095
Q5876578	Q2095
Q5877909	Q2095
Q5878001	Q2095
Q5878377	Q2095
Q5878437	Q2095
Q5878437	Q40050
Q5880655	Q2095
Q5881191	Q2095
Q58816312	Q2095
Q58816312	Q40050
Q5882405	Q2095
Q5882479	Q2095
Q58834052	Q2095
Q5883540	Q2095
Q588378	Q2095
Q5884650	Q2095
Q5884650	Q40050
Q5884920	Q2095
Q5884988	Q2095
Q5884988	Q40050
Q588828	Q2095
Q58898059	Q2095
Q58898121	Q2095
Q58898166	Q2095
Q58898267	Q2095
Q5890907	Q2095
Q5892267	Q2095
Q5892337	Q2095
Q5893572	Q2095
Q5893671	Q2095
Q5898314	Q2095
Q5898314	Q40050
Q590076	Q2095
Q5902548	Q2095
Q59040	Q2095
Q59040	Q40050
Q5904252	Q2095
Q5904286	Q2095
Q5904300	Q2095
Q5904313	Q2095
Q59047	Q2095
Q59047	Q40050
Q59048	Q2095
Q59048	Q40050
Q5905305	Q2095
Q59059	Q2095
Q59059	Q40050
Q5906095	Q2095
Q5906358	Q2095
Q590686	Q2095
Q5907022	Q2095
Q59072	Q2095
Q59072	Q40050
Q590739	Q2095
Q590793	Q2095
Q590793	Q40050
Q5909392	Q2095
Q5909823	Q2095
Q5910228	Q2095
Q5910544	Q2095
Q5910723	Q2095
Q5910768	Q2095
Q5910879	Q2095
Q5910889	Q2095
Q5911091	Q2095
Q59134	Q2095
Q591350	Q2095
Q591350	Q40050
Q59137506	Q2095
Q59137525	Q2095
Q59139	Q2095
Q59153998	Q2095
Q59153998	Q40050
Q59170	Q2095
Q5917251	Q2095
Q59185742	Q2095
Q59185742	Q40050
Q59187583	Q2095
Q591888	Q2095
Q59193264	Q2095
Q59193264	Q40050
Q5919399	Q2095
Q592173	Q2095
Q592399	Q2095
Q5924450	Q2095
Q5925527	Q2095
Q5925527	Q40050
Q5925624	Q2095
Q5925624	Q40050
Q5925951	Q2095
Q5925951	Q40050
Q5925953	Q2095
Q5925956	Q2095
Q5925960	Q2095
Q5925967	Q2095
Q5925980	Q2095
Q5926033	Q2095
Q59260812	Q2095
Q592785	Q2095
Q592785	Q40050
Q5927952	Q2095
Q5928080	Q2095
Q5929327	Q2095
Q5929345	Q2095
Q5929511	Q2095
Q5929611	Q2095
Q59312820	Q2095
Q59312820	Q40050
Q593209	Q2095
Q5932567	Q2095
Q5932567	Q40050
Q593369	Q2095
Q593369	Q40050
Q59342945	Q2095
Q5934858	Q2095
Q59352305	Q2095
Q59352305	Q40050
Q5935421	Q2095
Q5935553	Q2095
Q59361662	Q2095
Q593675	Q2095
Q5939550	Q2095
Q5940500	Q2095
Q5941057	Q2095
Q5941577	Q2095
Q5942589	Q2095
Q5942909	Q2095
Q594379	Q2095
Q594379	Q40050
Q594392	Q2095
Q594392	Q40050
Q5944552	Q2095
Q5944847	Q2095
Q5944847	Q40050
Q5946107	Q2095
Q594675	Q2095
Q595034	Q2095
Q595034	Q40050
Q59531226	Q2095
Q59533377	Q2095
Q5953980	Q2095
Q5954002	Q2095
Q59541	Q2095
Q59542124	Q2095
Q595559	Q2095
Q595559	Q40050
Q59556547	Q2095
Q59573908	Q2095
Q595751	Q2095
Q5957667	Q2095
Q5957709	Q2095
Q595784	Q2095
Q5957971	Q2095
Q5958447	Q2095
Q59602	Q2095
Q5960372	Q2095
Q5960641	Q2095
Q5960760	Q2095
Q596215	Q2095
Q59622700	Q2095
Q59629576	Q2095
Q596409	Q2095
Q5964303	Q2095
Q5964303	Q40050
Q5964341	Q2095
Q5964818	Q2095
Q596523	Q2095
Q5965772	Q2095
Q596588	Q2095
Q596588	Q40050
Q5968519	Q2095
Q5968519	Q40050
Q59707	Q2095
Q5971200	Q2095
Q5971200	Q40050
Q5972406	Q2095
Q5972737	Q2095
Q5972862	Q2095
Q597473	Q2095
Q5975010	Q2095
Q5975718	Q2095
Q5975718	Q40050
Q597622	Q2095
Q5977438	Q2095
Q5977438	Q40050
Q597787	Q2095
Q597787	Q40050
Q5977888	Q2095
Q597836	Q2095
Q59786106	Q2095
Q5978632	Q2095
Q5978714	Q2095
Q5978716	Q2095
Q5979051	Q2095
Q597921	Q2095
Q597921	Q40050
Q598113	Q2095
Q5981970	Q2095
Q5981991	Q2095
Q5981991	Q40050
Q598222	Q2095
Q59827285	Q2095
Q5983744	Q2095
Q5984875	Q2095
Q5985151	Q2095
Q5985223	Q2095
Q5985223	Q40050
Q5985237	Q2095
Q5985409	Q2095
Q5985600	Q2095
Q5985619	Q2095
Q5985621	Q2095
Q59862818	Q2095
Q5986560	Q2095
Q59886336	Q2095
Q5989305	Q2095
Q5990243	Q2095
Q5990797	Q2095
Q5990797	Q40050
Q5991229	Q2095
Q599314	Q2095
Q5994400	Q2095
Q5995340	Q2095
Q5995345	Q2095
Q5995455	Q2095
Q599548	Q2095
Q5996575	Q2095
Q5996951	Q2095
Q599901	Q2095
Q5999282	Q2095
Q5999895	Q2095
Q6000160	Q2095
Q6000956	Q2095
Q6002018	Q2095
Q600262	Q2095
Q6002629	Q2095
Q60030154	Q2095
Q600396	Q2095
Q6004351	Q2095
Q60057627	Q2095
Q6006053	Q2095
Q6006600	Q2095
Q6006788	Q2095
Q6006851	Q2095
Q60071727	Q2095
Q6007813	Q2095
Q6008339	Q2095
Q6008497	Q2095
Q6008643	Q2095
Q6009187	Q2095
Q6009527	Q2095
Q6009729	Q2095
Q6009731	Q2095
Q6009735	Q2095
Q6009774	Q2095
Q6010228	Q2095
Q6011278	Q2095
Q6012039	Q2095
Q6012039	Q40050
Q6012372	Q2095
Q6013161	Q2095
Q6013354	Q2095
Q6013649	Q2095
Q6013660	Q2095
Q6013663	Q2095
Q6013667	Q2095
Q6013710	Q2095
Q6015002	Q2095
Q60150397	Q2095
Q6015522	Q2095
Q6015522	Q40050
Q60162098	Q2095
Q60162114	Q2095
Q6016470	Q2095
Q6017045	Q2095
Q601758	Q2095
Q601758	Q40050
Q6017615	Q2095
Q6017732	Q2095
Q6018826	Q2095
Q6018826	Q40050
Q6018941	Q2095
Q60194193	Q2095
Q6020696	Q2095
Q60213133	Q2095
Q60213133	Q40050
Q6021439	Q2095
Q6022264	Q2095
Q6022264	Q40050
Q6022454	Q2095
Q6022608	Q2095
Q6022671	Q2095
Q6022705	Q2095
Q6022723	Q2095
Q6022738	Q2095
Q6022813	Q2095
Q6023586	Q2095
Q6023589	Q2095
Q6023591	Q2095
Q6024261	Q2095
Q6024500	Q2095
Q6024593	Q2095
Q6024593	Q40050
Q6024923	Q2095
Q60253813	Q2095
Q6025747	Q2095
Q6025747	Q40050
Q6026652	Q2095
Q6027429	Q2095
Q6027754	Q2095
Q6027777	Q2095
Q602810	Q2095
Q6029192	Q2095
Q6029320	Q2095
Q6029514	Q2095
Q6030056	Q2095
Q6030071	Q2095
Q603008	Q2095
Q603008	Q40050
Q60310981	Q2095
Q6031877	Q2095
Q6031965	Q2095
Q60331391	Q2095
Q60336988	Q2095
Q6033891	Q2095
Q6033891	Q40050
Q6034013	Q2095
Q60342938	Q2095
Q6034363	Q2095
Q6035639	Q2095
Q6035639	Q40050
Q6036443	Q2095
Q60365	Q2095
Q6037041	Q2095
Q6037041	Q40050
Q60375100	Q2095
Q60375170	Q2095
Q6037551	Q2095
Q6037599	Q2095
Q6038708	Q2095
Q6038754	Q2095
Q60398433	Q2095
Q6040875	Q2095
Q6041365	Q2095
Q6041660	Q2095
Q6042330	Q2095
Q60428660	Q2095
Q6042947	Q2095
Q60429771	Q2095
Q604408	Q2095
Q60443694	Q2095
Q60449171	Q2095
Q60449655	Q2095
Q60449682	Q2095
Q60457322	Q2095
Q604712	Q2095
Q604712	Q40050
Q6047464	Q2095
Q6049703	Q2095
Q6049703	Q40050
Q6049723	Q2095
Q604976	Q2095
Q604976	Q40050
Q60499622	Q2095
Q6050124	Q2095
Q6050131	Q2095
Q60522934	Q2095
Q605277	Q2095
Q6053642	Q2095
Q6053642	Q40050
Q6056817	Q2095
Q60569871	Q2095
Q6057938	Q2095
Q6058154	Q2095
Q605830	Q2095
Q605830	Q40050
Q6058432	Q2095
Q6059375	Q2095
Q6059378	Q2095
Q6059380	Q2095
Q6059387	Q2095
Q6059772	Q2095
Q6059926	Q2095
Q6060064	Q2095
Q6060102	Q2095
Q6060108	Q2095
Q60609332	Q2095
Q60609332	Q40050
Q60611837	Q2095
Q60611837	Q40050
Q60614862	Q2095
Q6061610	Q2095
Q6061610	Q40050
Q60619835	Q2095
Q60619835	Q40050
Q60620989	Q2095
Q60658748	Q2095
Q6066037	Q2095
Q6066040	Q2095
Q6066244	Q2095
Q6066253	Q2095
Q60669107	Q2095
Q6068180	Q2095
Q60697381	Q2095
Q60708120	Q2095
Q607114	Q2095
Q60714336	Q2095
Q60715326	Q2095
Q6071916	Q2095
Q6072201	Q2095
Q60728748	Q2095
Q6072967	Q2095
Q6073590	Q2095
Q6073784	Q2095
Q60738829	Q2095
Q60738834	Q2095
Q60738894	Q2095
Q60739792	Q2095
Q60740508	Q2095
Q60741368	Q2095
Q60741368	Q40050
Q60742168	Q2095
Q60742640	Q2095
Q60743380	Q2095
Q60748168	Q2095
Q60748908	Q2095
Q6074891	Q2095
Q6074981	Q2095
Q6075158	Q2095
Q60752375	Q2095
Q60752715	Q2095
Q60752715	Q40050
Q6075423	Q2095
Q60754611	Q2095
Q6075568	Q2095
Q60755899	Q2095
Q6075632	Q2095
Q60761084	Q2095
Q60761158	Q2095
Q60761458	Q2095
Q60761467	Q2095
Q60762025	Q2095
Q60762070	Q2095
Q60762687	Q2095
Q60762687	Q40050
Q60762782	Q2095
Q60762918	Q2095
Q60763872	Q2095
Q60763954	Q2095
Q60763954	Q40050
Q60764008	Q2095
Q60764008	Q40050
Q60764148	Q2095
Q60764148	Q40050
Q60764509	Q2095
Q60764932	Q2095
Q6076542	Q2095
Q6076597	Q2095
Q6076842	Q2095
Q6076842	Q40050
Q6076844	Q2095
Q6076844	Q40050
Q607690	Q2095
Q60769823	Q2095
Q6077023	Q2095
Q6077132	Q2095
Q607754	Q2095
Q60776436	Q2095
Q60776617	Q2095
Q60776626	Q2095
Q6077919	Q2095
Q60785285	Q2095
Q60785507	Q2095
Q60788295	Q2095
Q6079045	Q2095
Q60792639	Q2095
Q60792872	Q2095
Q60793528	Q2095
Q60793739	Q2095
Q60793741	Q2095
Q60794865	Q2095
Q6080770	Q2095
Q6080945	Q2095
Q6081067	Q2095
Q6081561	Q2095
Q6081561	Q40050
Q6081918	Q2095
Q6081922	Q2095
Q60823310	Q2095
Q60823349	Q2095
Q60823694	Q2095
Q6082412	Q2095
Q6082459	Q2095
Q60825807	Q2095
Q60828333	Q2095
Q60828339	Q2095
Q6082952	Q2095
Q6082957	Q2095
Q6083004	Q2095
Q6083448	Q2095
Q6083488	Q2095
Q6083515	Q2095
Q60837189	Q2095
Q60838883	Q2095
Q60841039	Q2095
Q60845894	Q2095
Q60848614	Q2095
Q60851561	Q2095
Q60852422	Q2095
Q60855	Q2095
Q60855	Q40050
Q60856462	Q2095
Q60857671	Q2095
Q60859073	Q2095
Q6086060	Q2095
Q60861328	Q2095
Q60862310	Q2095
Q60863109	Q2095
Q60864336	Q2095
Q60864872	Q2095
Q6088454	Q2095
Q60886625	Q2095
Q6089049	Q2095
Q608979	Q2095
Q6090810	Q2095
Q6090816	Q2095
Q6093303	Q2095
Q609344	Q2095
Q6093472	Q2095
Q6093472	Q40050
Q6093643	Q2095
Q609397	Q2095
Q6094013	Q2095
Q6094372	Q2095
Q60945230	Q2095
Q6094530	Q2095
Q6094551	Q2095
Q6094554	Q2095
Q6094559	Q2095
Q6094561	Q2095
Q6094564	Q2095
Q6094567	Q2095
Q6094575	Q2095
Q6094584	Q2095
Q6094587	Q2095
Q6094590	Q2095
Q6094592	Q2095
Q6094594	Q2095
Q6094596	Q2095
Q6094602	Q2095
Q6094605	Q2095
Q6094610	Q2095
Q6094612	Q2095
Q6094617	Q2095
Q6094633	Q2095
Q609505	Q2095
Q6095103	Q2095
Q6095103	Q40050
Q60963623	Q2095
Q60963623	Q40050
Q60963647	Q2095
Q60964496	Q2095
Q60967000	Q2095
Q60967159	Q2095
Q609677	Q2095
Q60968311	Q2095
Q60968334	Q2095
Q60968350	Q2095
Q60968355	Q2095
Q60968367	Q2095
Q60969004	Q2095
Q6097	Q2095
Q6097	Q40050
Q60970570	Q2095
Q60971203	Q2095
Q60978141	Q2095
Q60981854	Q2095
Q60987380	Q2095
Q60989866	Q2095
Q6099	Q2095
Q60992501	Q2095
Q60994541	Q2095
Q60995819	Q2095
Q60995819	Q40050
Q60996687	Q2095
Q60996967	Q2095
Q60997255	Q2095
Q60997526	Q2095
Q60997535	Q2095
Q60997601	Q2095
Q60997679	Q2095
Q60997803	Q2095
Q60997803	Q40050
Q6100269	Q2095
Q6103364	Q2095
Q61037096	Q2095
Q61045466	Q2095
Q61045488	Q2095
Q61046162	Q2095
Q61054366	Q2095
Q61057171	Q2095
Q61058275	Q2095
Q610642	Q2095
Q6106482	Q2095
Q6106482	Q40050
Q61070213	Q2095
Q61074537	Q2095
Q61075670	Q2095
Q61075818	Q2095
Q61076621	Q2095
Q61076621	Q40050
Q610794	Q2095
Q61081	Q2095
Q61081	Q40050
Q61085168	Q2095
Q61088572	Q2095
Q61088582	Q2095
Q61090612	Q2095
Q61090612	Q40050
Q61090700	Q2095
Q6109111	Q2095
Q6109326	Q2095
Q61095632	Q2095
Q61096026	Q2095
Q61098950	Q2095
Q61114583	Q2095
Q611164	Q2095
Q61117066	Q2095
Q6112462	Q2095
Q6112467	Q2095
Q6112469	Q2095
Q6112625	Q2095
Q6112627	Q2095
Q6112629	Q2095
Q6112632	Q2095
Q61127179	Q2095
Q61128132	Q2095
Q61129128	Q2095
Q61134376	Q2095
Q6116413	Q2095
Q6116586	Q2095
Q6116586	Q40050
Q6116728	Q2095
Q6117020	Q2095
Q6117115	Q2095
Q6117198	Q2095
Q6117451	Q2095
Q6117463	Q2095
Q611909	Q2095
Q6119870	Q2095
Q6119871	Q2095
Q612128	Q2095
Q612150	Q2095
Q612150	Q40050
Q6121521	Q2095
Q6121684	Q2095
Q6121698	Q2095
Q6121896	Q2095
Q6121902	Q2095
Q6121902	Q40050
Q6121926	Q2095
Q6122593	Q2095
Q6122593	Q40050
Q612283	Q2095
Q6123113	Q2095
Q6124449	Q2095
Q6125429	Q2095
Q6125787	Q2095
Q6126022	Q2095
Q6126293	Q2095
Q612661	Q2095
Q6126666	Q2095
Q6127085	Q2095
Q6127120	Q2095
Q6127173	Q2095
Q6127463	Q2095
Q6127471	Q2095
Q6127471	Q40050
Q6127611	Q2095
Q6127704	Q2095
Q6127728	Q2095
Q6127894	Q2095
Q6128	Q2095
Q6128321	Q2095
Q6128361	Q2095
Q61302348	Q2095
Q61302348	Q40050
Q6131355	Q2095
Q6131355	Q40050
Q61315167	Q2095
Q6131543	Q2095
Q6131543	Q40050
Q6132408	Q2095
Q6132416	Q2095
Q6132420	Q2095
Q6132434	Q2095
Q6132927	Q2095
Q6134842	Q2095
Q6134842	Q40050
Q61354754	Q2095
Q61355424	Q2095
Q61357071	Q2095
Q61357162	Q2095
Q6135892	Q2095
Q61359762	Q2095
Q61359888	Q2095
Q61360399	Q2095
Q61361153	Q2095
Q61361712	Q2095
Q6136179	Q2095
Q61365210	Q2095
Q61365250	Q2095
Q61366417	Q2095
Q613665	Q2095
Q6137009	Q2095
Q6137769	Q2095
Q61378827	Q2095
Q61386519	Q2095
Q6138788	Q2095
Q6138895	Q2095
Q6139075	Q2095
Q6139083	Q2095
Q6139177	Q2095
Q61400318	Q2095
Q61407777	Q2095
Q6141888	Q2095
Q6141888	Q40050
Q6142851	Q2095
Q6142895	Q2095
Q6142895	Q40050
Q6143883	Q2095
Q614448	Q2095
Q6144959	Q2095
Q6144959	Q40050
Q614672	Q2095
Q6147145	Q2095
Q61473632	Q2095
Q61473708	Q2095
Q61473727	Q2095
Q6147663	Q2095
Q6147663	Q40050
Q6148036	Q2095
Q6148339	Q2095
Q61503220	Q2095
Q61505177	Q2095
Q6150872	Q2095
Q6150972	Q2095
Q6150975	Q2095
Q6150978	Q2095
Q6150980	Q2095
Q6150997	Q2095
Q6151004	Q2095
Q6151013	Q2095
Q6151068	Q2095
Q6151070	Q2095
Q6152189	Q2095
Q6152189	Q40050
Q6152243	Q2095
Q615310	Q2095
Q615310	Q40050
Q615315	Q2095
Q615392	Q2095
Q6154023	Q2095
Q6154033	Q2095
Q6155199	Q2095
Q61579505	Q2095
Q61581272	Q2095
Q6158246	Q2095
Q61585675	Q2095
Q61585675	Q40050
Q61588670	Q2095
Q61588670	Q40050
Q6159199	Q2095
Q6159199	Q40050
Q61594706	Q2095
Q61594706	Q40050
Q61594759	Q2095
Q61594759	Q40050
Q61596184	Q2095
Q61596184	Q40050
Q61596254	Q2095
Q61596254	Q40050
Q61598328	Q2095
Q61598328	Q40050
Q61598536	Q2095
Q61598536	Q40050
Q61599258	Q2095
Q61599258	Q40050
Q61599259	Q2095
Q61599259	Q40050
Q61599261	Q2095
Q61599261	Q40050
Q61599263	Q2095
Q61599263	Q40050
Q616	Q2095
Q616	Q40050
Q6160570	Q2095
Q61612	Q2095
Q6161424	Q2095
Q6161424	Q40050
Q616246	Q2095
Q616246	Q40050
Q6163118	Q2095
Q6163120	Q2095
Q6163190	Q2095
Q6163190	Q40050
Q6164115	Q2095
Q616477	Q2095
Q616477	Q40050
Q6164810	Q2095
Q61654195	Q2095
Q616601	Q2095
Q61665121	Q2095
Q61671872	Q2095
Q61672189	Q2095
Q61679479	Q2095
Q6168180	Q2095
Q6168180	Q40050
Q6168513	Q2095
Q6169641	Q2095
Q6169928	Q2095
Q6170452	Q2095
Q6170619	Q2095
Q6170718	Q2095
Q6171811	Q2095
Q6171844	Q2095
Q6171932	Q2095
Q6171994	Q2095
Q6171994	Q40050
Q617216	Q2095
Q61743260	Q2095
Q61746810	Q2095
Q61746810	Q40050
Q61750516	Q2095
Q61750785	Q2095
Q61767137	Q2095
Q6176869	Q2095
Q6176886	Q2095
Q6176900	Q2095
Q6176904	Q2095
Q61780994	Q2095
Q61794309	Q2095
Q6180454	Q2095
Q6180454	Q40050
Q618238	Q2095
Q618238	Q40050
Q618293	Q2095
Q618322	Q2095
Q618324	Q2095
Q618345	Q2095
Q618355	Q2095
Q618355	Q40050
Q618389	Q2095
Q618389	Q40050
Q6184756	Q2095
Q6185223	Q2095
Q61857870	Q2095
Q61858403	Q2095
Q61859567	Q2095
Q61859567	Q40050
Q61864890	Q2095
Q618739	Q2095
Q61888328	Q2095
Q618910	Q2095
Q6189326	Q2095
Q618969	Q2095
Q6189729	Q2095
Q6191001	Q2095
Q6192002	Q2095
Q6192074	Q2095
Q6192640	Q2095
Q6193588	Q2095
Q6193588	Q40050
Q619414	Q2095
Q61958895	Q2095
Q61964538	Q2095
Q61984600	Q2095
Q61986000	Q2095
Q62007330	Q2095
Q62019316	Q2095
Q6201947	Q2095
Q6201947	Q40050
Q62027701	Q2095
Q62030277	Q2095
Q62030277	Q40050
Q62051668	Q2095
Q62057953	Q2095
Q62059888	Q2095
Q62059888	Q40050
Q62059894	Q2095
Q62059894	Q40050
Q62059895	Q2095
Q62059895	Q40050
Q62059923	Q2095
Q62066436	Q2095
Q62066436	Q40050
Q62067066	Q2095
Q62076228	Q2095
Q62076228	Q40050
Q62089856	Q2095
Q62089856	Q40050
Q62090974	Q2095
Q62090974	Q40050
Q62090998	Q2095
Q62090998	Q40050
Q620951	Q2095
Q620952	Q2095
Q620952	Q40050
Q620972	Q2095
Q62099142	Q2095
Q62099159	Q2095
Q62101829	Q2095
Q62102359	Q2095
Q62122449	Q2095
Q62122449	Q40050
Q621302	Q2095
Q621302	Q40050
Q6214793	Q2095
Q621670	Q2095
Q622350	Q2095
Q622440	Q2095
Q622547	Q2095
Q622563	Q2095
Q62271704	Q2095
Q6228471	Q2095
Q6228471	Q40050
Q622954	Q2095
Q622954	Q40050
Q623418	Q2095
Q623550	Q2095
Q623561	Q2095
Q623561	Q40050
Q623636	Q2095
Q623636	Q40050
Q623923	Q2095
Q624004	Q2095
Q624391	Q2095
Q62446919	Q2095
Q62449	Q2095
Q62449	Q40050
Q62451	Q2095
Q62451	Q40050
Q624640	Q2095
Q624640	Q40050
Q624736	Q2095
Q624736	Q40050
Q625152	Q2095
Q625152	Q40050
Q62523396	Q2095
Q625539	Q2095
Q625825	Q2095
Q625957	Q2095
Q626125	Q2095
Q626147	Q2095
Q626167	Q2095
Q626292	Q2095
Q62640531	Q2095
Q62640544	Q2095
Q6267210	Q2095
Q626723	Q2095
Q62679464	Q2095
Q626933	Q2095
Q626933	Q40050
Q6269807	Q2095
Q6269826	Q2095
Q627331	Q2095
Q6275981	Q2095
Q628526	Q2095
Q628737	Q2095
Q628737	Q40050
Q629266	Q2095
Q629266	Q40050
Q629345	Q2095
Q629718	Q2095
Q6297757	Q2095
Q629936	Q2095
Q6299861	Q2095
Q6301674	Q2095
Q6301802	Q2095
Q6301925	Q2095
Q6302328	Q2095
Q63033843	Q2095
Q6304924	Q2095
Q6305226	Q2095
Q6305226	Q40050
Q630531	Q2095
Q630531	Q40050
Q6305384	Q2095
Q630612	Q2095
Q6306654	Q2095
Q6306654	Q40050
Q6307992	Q2095
Q63091767	Q2095
Q63105055	Q2095
Q63105055	Q40050
Q6310826	Q2095
Q6312461	Q2095
Q6312461	Q40050
Q6313366	Q2095
Q6316329	Q2095
Q63172977	Q2095
Q63225876	Q2095
Q63226231	Q2095
Q63226231	Q40050
Q63228690	Q2095
Q63247903	Q2095
Q63248110	Q2095
Q63255906	Q2095
Q632832	Q2095
Q632850	Q2095
Q6328576	Q2095
Q6328576	Q40050
Q63322955	Q2095
Q63322955	Q40050
Q63327617	Q2095
Q6333230	Q2095
Q633401	Q2095
Q633401	Q40050
Q63346734	Q2095
Q633469	Q2095
Q63351594	Q2095
Q633615	Q2095
Q633625	Q2095
Q633625	Q40050
Q63400068	Q2095
Q63400068	Q40050
Q6343090	Q2095
Q6343342	Q2095
Q6343691	Q2095
Q6343722	Q2095
Q63442080	Q2095
Q63442629	Q2095
Q63442854	Q2095
Q6344459	Q2095
Q6344478	Q2095
Q6345286	Q2095
Q6345457	Q2095
Q6345459	Q2095
Q6345991	Q2095
Q6345995	Q2095
Q6345997	Q2095
Q6346675	Q2095
Q6346675	Q40050
Q634674	Q2095
Q634703	Q2095
Q6348211	Q2095
Q6348264	Q2095
Q634871	Q2095
Q634871	Q40050
Q6349050	Q2095
Q6349052	Q2095
Q6349252	Q2095
Q6349317	Q2095
Q6349458	Q2095
Q6350358	Q2095
Q63515795	Q2095
Q6351599	Q2095
Q635219	Q2095
Q63522006	Q2095
Q63522245	Q2095
Q63522245	Q40050
Q63522449	Q2095
Q63522799	Q2095
Q63524591	Q2095
Q63534765	Q2095
Q63534765	Q40050
Q6355993	Q2095
Q6356132	Q2095
Q635675	Q2095
Q6358992	Q2095
Q6358992	Q40050
Q635999	Q2095
Q636056	Q2095
Q636193	Q2095
Q636193	Q40050
Q636242	Q2095
Q63626	Q2095
Q6362756	Q2095
Q6362756	Q40050
Q6367038	Q2095
Q6367821	Q2095
Q637463	Q2095
Q6374730	Q2095
Q6374981	Q2095
Q6375127	Q2095
Q6377352	Q2095
Q6378612	Q2095
Q6379028	Q2095
Q6379028	Q40050
Q6379127	Q2095
Q6380358	Q2095
Q63812688	Q2095
Q6382374	Q2095
Q6382843	Q2095
Q638290	Q2095
Q638290	Q40050
Q6383611	Q2095
Q6383736	Q2095
Q6384329	Q2095
Q6385328	Q2095
Q6385448	Q2095
Q6385883	Q2095
Q6385883	Q40050
Q6387099	Q2095
Q6388856	Q2095
Q63890957	Q2095
Q6391336	Q2095
Q6392452	Q2095
Q6392456	Q2095
Q6393299	Q2095
Q6393510	Q2095
Q6393931	Q2095
Q6394873	Q2095
Q63950371	Q2095
Q6395121	Q2095
Q6395436	Q2095
Q6395538	Q2095
Q63974871	Q2095
Q63974883	Q2095
Q63974888	Q2095
Q63974891	Q2095
Q63974895	Q2095
Q63974897	Q2095
Q6398629	Q2095
Q6398992	Q2095
Q63993923	Q2095
Q6400262	Q2095
Q6400371	Q2095
Q6400372	Q2095
Q6400621	Q2095
Q6400621	Q40050
Q6400994	Q2095
Q6401206	Q2095
Q6401568	Q2095
Q64025364	Q2095
Q6402674	Q2095
Q6402697	Q2095
Q6402758	Q2095
Q6403100	Q2095
Q6403489	Q2095
Q6404207	Q2095
Q6404207	Q40050
Q6404215	Q2095
Q6404215	Q40050
Q6404743	Q2095
Q6404879	Q2095
Q6406382	Q2095
Q64065384	Q2095
Q6407655	Q2095
Q640769	Q2095
Q640839	Q2095
Q6410637	Q2095
Q641077	Q2095
Q641077	Q40050
Q6411070	Q2095
Q6411978	Q2095
Q6411995	Q2095
Q6413862	Q2095
Q6414038	Q2095
Q64149140	Q2095
Q64149261	Q2095
Q64149277	Q2095
Q64166152	Q2095
Q64166194	Q2095
Q6416809	Q2095
Q6416946	Q2095
Q6417362	Q2095
Q6417962	Q2095
Q6418060	Q2095
Q6418247	Q2095
Q6418914	Q2095
Q6419571	Q2095
Q6420111	Q2095
Q6420846	Q2095
Q64210788	Q2095
Q6422954	Q2095
Q6423078	Q2095
Q6425739	Q2095
Q6426017	Q2095
Q6426017	Q40050
Q6426645	Q2095
Q6426954	Q2095
Q6426954	Q40050
Q6426956	Q2095
Q6426956	Q40050
Q642702	Q2095
Q6427787	Q2095
Q6427832	Q2095
Q6428248	Q2095
Q6428589	Q2095
Q6428589	Q40050
Q6429102	Q2095
Q6429813	Q2095
Q6430903	Q2095
Q6431091	Q2095
Q6431091	Q40050
Q6432035	Q2095
Q643225	Q2095
Q6432257	Q2095
Q6432442	Q2095
Q6432978	Q2095
Q6433093	Q2095
Q6433097	Q2095
Q6434112	Q2095
Q643419	Q2095
Q64343255	Q2095
Q6434516	Q2095
Q6434737	Q2095
Q64348073	Q2095
Q6435805	Q2095
Q6435808	Q2095
Q643633	Q2095
Q6436724	Q2095
Q6436743	Q2095
Q6436770	Q2095
Q643697	Q2095
Q6437471	Q2095
Q6437976	Q2095
Q6437976	Q40050
Q64392032	Q2095
Q643995	Q2095
Q6441202	Q2095
Q6441843	Q2095
Q6441849	Q2095
Q6442243	Q2095
Q6442247	Q2095
Q64428082	Q2095
Q6442943	Q2095
Q6443850	Q2095
Q6443850	Q40050
Q64438630	Q2095
Q644501	Q2095
Q6445113	Q2095
Q6445113	Q40050
Q6446355	Q2095
Q644682	Q2095
Q644776	Q2095
Q6448406	Q2095
Q6448585	Q2095
Q64490692	Q2095
Q64490706	Q2095
Q6449204	Q2095
Q6449309	Q2095
Q6449330	Q2095
Q6449330	Q40050
Q64502773	Q2095
Q6450357	Q2095
Q6450357	Q40050
Q64503907	Q2095
Q645199	Q2095
Q6453677	Q2095
Q6454082	Q2095
Q6454082	Q40050
Q64549298	Q2095
Q645522	Q2095
Q64555345	Q2095
Q6457441	Q2095
Q64584549	Q2095
Q64584583	Q2095
Q64585293	Q2095
Q645858	Q2095
Q64590289	Q2095
Q64594571	Q2095
Q64597240	Q2095
Q646003	Q2095
Q646011	Q2095
Q646011	Q40050
Q64613472	Q2095
Q6462051	Q2095
Q6462051	Q40050
Q646237	Q2095
Q64624850	Q2095
Q6463671	Q2095
Q6463671	Q40050
Q6466556	Q2095
Q6466629	Q2095
Q6466668	Q2095
Q6466695	Q2095
Q6466740	Q2095
Q6469877	Q2095
Q64706968	Q2095
Q6471672	Q2095
Q647180	Q2095
Q6471877	Q2095
Q647212	Q2095
Q64729479	Q2095
Q64729482	Q2095
Q64729492	Q2095
Q64729497	Q2095
Q64729503	Q2095
Q64729505	Q2095
Q64729506	Q2095
Q64729515	Q2095
Q6473288	Q2095
Q6473713	Q2095
Q64760509	Q2095
Q6479489	Q2095
Q6480480	Q2095
Q6481050	Q2095
Q64828392	Q2095
Q64828392	Q40050
Q648352	Q2095
Q6485461	Q2095
Q6487583	Q2095
Q648822	Q2095
Q6488824	Q2095
Q64897	Q2095
Q64897	Q40050
Q649043	Q2095
Q6493	Q2095
Q649535	Q2095
Q6495741	Q2095
Q6496411	Q2095
Q6497093	Q2095
Q64974491	Q2095
Q64974558	Q2095
Q6497852	Q2095
Q6498256	Q2095
Q6498256	Q40050
Q64989889	Q2095
Q6499081	Q2095
Q64996003	Q2095
Q64996003	Q40050
Q6499669	Q2095
Q649978	Q2095
Q6500381	Q2095
Q6500381	Q40050
Q650077	Q2095
Q650077	Q40050
Q6501106	Q2095
Q6501235	Q2095
Q6501598	Q2095
Q6501674	Q2095
Q6501674	Q40050
Q6501890	Q2095
Q6502741	Q2095
Q65028	Q2095
Q6503900	Q2095
Q65041957	Q2095
Q6504870	Q2095
Q65050738	Q2095
Q65051302	Q2095
Q65051309	Q2095
Q6505317	Q2095
Q6505318	Q2095
Q65054415	Q2095
Q65057632	Q2095
Q65058271	Q2095
Q65059020	Q2095
Q65059194	Q2095
Q65059324	Q2095
Q65059348	Q2095
Q65059692	Q2095
Q65060587	Q2095
Q65060609	Q2095
Q65063699	Q2095
Q65064131	Q2095
Q65064132	Q2095
Q65064149	Q2095
Q65065239	Q2095
Q65066993	Q2095
Q65067377	Q2095
Q65067377	Q40050
Q65067956	Q2095
Q65068159	Q2095
Q650685	Q2095
Q65073889	Q2095
Q65073889	Q40050
Q65074346	Q2095
Q65074346	Q40050
Q65075484	Q2095
Q6507589	Q2095
Q6507783	Q2095
Q6507783	Q40050
Q65078382	Q2095
Q65078382	Q40050
Q65080132	Q2095
Q65080144	Q2095
Q65080153	Q2095
Q65084223	Q2095
Q65084567	Q2095
Q65084693	Q2095
Q65084902	Q2095
Q65085971	Q2095
Q65085976	Q2095
Q65085979	Q2095
Q65085980	Q2095
Q65086205	Q2095
Q65086224	Q2095
Q65086266	Q2095
Q65086269	Q2095
Q65086552	Q2095
Q65086591	Q2095
Q65086603	Q2095
Q65086603	Q40050
Q65087419	Q2095
Q65088683	Q2095
Q65088683	Q40050
Q65089369	Q2095
Q65089597	Q2095
Q65089598	Q2095
Q65089898	Q2095
Q65089903	Q2095
Q65089903	Q40050
Q65090003	Q2095
Q65090422	Q2095
Q65090422	Q40050
Q65090435	Q2095
Q65091448	Q2095
Q6509437	Q2095
Q65095584	Q2095
Q6509670	Q2095
Q6511190	Q2095
Q65118038	Q2095
Q65118038	Q40050
Q65118351	Q2095
Q65118351	Q40050
Q65120364	Q2095
Q65120364	Q40050
Q65121315	Q2095
Q65121315	Q40050
Q65122114	Q2095
Q651259	Q2095
Q651259	Q40050
Q65125970	Q2095
Q65127104	Q2095
Q65127828	Q2095
Q65129864	Q2095
Q65129864	Q40050
Q65130136	Q2095
Q65132271	Q2095
Q65132461	Q2095
Q65132787	Q2095
Q651462	Q2095
Q65149648	Q2095
Q65151728	Q2095
Q65152963	Q2095
Q65153051	Q2095
Q65153521	Q2095
Q65153692	Q2095
Q65162075	Q2095
Q6516224	Q2095
Q65163168	Q2095
Q65163701	Q2095
Q6516633	Q2095
Q65166621	Q2095
Q651829	Q2095
Q6519130	Q2095
Q6519130	Q40050
Q65194563	Q2095
Q65194685	Q2095
Q65197629	Q2095
Q65202911	Q2095
Q65202911	Q40050
Q65205156	Q2095
Q65205169	Q2095
Q65208584	Q2095
Q65209029	Q2095
Q65209767	Q2095
Q65209771	Q2095
Q65209771	Q40050
Q65210405	Q2095
Q65210412	Q2095
Q65210593	Q2095
Q65210830	Q2095
Q65211341	Q2095
Q65211341	Q40050
Q65211823	Q2095
Q65211823	Q40050
Q65211925	Q2095
Q65211932	Q2095
Q6521335	Q2095
Q6521335	Q40050
Q65213454	Q2095
Q65213460	Q2095
Q6521356	Q2095
Q6521359	Q2095
Q6521361	Q2095
Q6521361	Q40050
Q6521367	Q2095
Q65213789	Q2095
Q65213901	Q2095
Q6521396	Q2095
Q65214056	Q2095
Q65214065	Q2095
Q65215552	Q2095
Q6522333	Q2095
Q65227013	Q2095
Q652307	Q2095
Q65234429	Q2095
Q65234442	Q2095
Q65234925	Q2095
Q65235042	Q2095
Q65235267	Q2095
Q65236012	Q2095
Q65236098	Q2095
Q65236201	Q2095
Q65236447	Q2095
Q65238489	Q2095
Q65238841	Q2095
Q65240010	Q2095
Q65240226	Q2095
Q65240226	Q40050
Q65240538	Q2095
Q65241643	Q2095
Q65241784	Q2095
Q65241855	Q2095
Q6524239	Q2095
Q65242446	Q2095
Q65243771	Q2095
Q652439	Q2095
Q65244350	Q2095
Q65244403	Q2095
Q65245034	Q2095
Q6524508	Q2095
Q6524508	Q40050
Q65246091	Q2095
Q65246091	Q40050
Q65246638	Q2095
Q65248056	Q2095
Q65249731	Q2095
Q65249731	Q40050
Q65251381	Q2095
Q65251483	Q2095
Q65251557	Q2095
Q65251561	Q2095
Q65251674	Q2095
Q65251692	Q2095
Q65251697	Q2095
Q65251886	Q2095
Q65253823	Q2095
Q65255577	Q2095
Q65255577	Q40050
Q65261401	Q2095
Q652628	Q2095
Q65264135	Q2095
Q652695	Q2095
Q65270919	Q2095
Q65270919	Q40050
Q65272753	Q2095
Q65273971	Q2095
Q65283068	Q2095
Q65283068	Q40050
Q65283988	Q2095
Q65284030	Q2095
Q65284030	Q40050
Q65284143	Q2095
Q65284143	Q40050
Q6528443	Q2095
Q65289027	Q2095
Q65291052	Q2095
Q65293759	Q2095
Q65293815	Q2095
Q65303552	Q2095
Q65303987	Q2095
Q653192	Q2095
Q65323667	Q2095
Q6532607	Q2095
Q6532607	Q40050
Q65328265	Q2095
Q65331500	Q2095
Q6533875	Q2095
Q65343519	Q2095
Q65343730	Q2095
Q65343758	Q2095
Q65343866	Q2095
Q6534405	Q2095
Q6538385	Q2095
Q65392665	Q2095
Q65392830	Q2095
Q65392897	Q2095
Q6539361	Q2095
Q6539373	Q2095
Q6540048	Q2095
Q65400891	Q2095
Q6540634	Q2095
Q65408190	Q2095
Q65408190	Q40050
Q6541482	Q2095
Q654159	Q2095
Q65418429	Q2095
Q654236	Q2095
Q654253	Q2095
Q65430127	Q2095
Q65430396	Q2095
Q6543221	Q2095
Q6543221	Q40050
Q6543535	Q2095
Q6543535	Q40050
Q6543536	Q2095
Q6543536	Q40050
Q6543549	Q2095
Q6543549	Q40050
Q65446225	Q2095
Q6544682	Q2095
Q65449083	Q2095
Q65449227	Q2095
Q6545590	Q2095
Q6546157	Q2095
Q6546157	Q40050
Q6547351	Q2095
Q6548069	Q2095
Q654895	Q2095
Q654895	Q40050
Q6549094	Q2095
Q6549094	Q40050
Q654917	Q2095
Q6549260	Q2095
Q6549378	Q2095
Q6549378	Q40050
Q655040	Q2095
Q6551020	Q2095
Q6551194	Q2095
Q6551285	Q2095
Q65522500	Q2095
Q65522654	Q2095
Q655228	Q2095
Q65523167	Q2095
Q65524294	Q2095
Q65524341	Q2095
Q655244	Q2095
Q655244	Q40050
Q6554268	Q2095
Q6554268	Q40050
Q65545224	Q2095
Q65547070	Q2095
Q65547303	Q2095
Q65547428	Q2095
Q65547517	Q2095
Q65547592	Q2095
Q65547904	Q2095
Q65548127	Q2095
Q65548172	Q2095
Q65548218	Q2095
Q65548263	Q2095
Q65548270	Q2095
Q65554137	Q2095
Q65554357	Q2095
Q6555438	Q2095
Q6555438	Q40050
Q65555951	Q2095
Q655597	Q2095
Q65560449	Q2095
Q65561282	Q2095
Q65561288	Q2095
Q65561289	Q2095
Q65561290	Q2095
Q65561301	Q2095
Q65561340	Q2095
Q65561345	Q2095
Q65561673	Q2095
Q65564214	Q2095
Q655654	Q2095
Q6556906	Q2095
Q6557309	Q2095
Q6557309	Q40050
Q6557408	Q2095
Q6557408	Q40050
Q65581385	Q2095
Q655840	Q2095
Q65589417	Q2095
Q6559431	Q2095
Q655973	Q2095
Q65600666	Q2095
Q656071	Q2095
Q65619874	Q2095
Q656235	Q2095
Q656235	Q40050
Q656340	Q2095
Q6564586	Q2095
Q65663082	Q2095
Q656814	Q2095
Q656814	Q40050
Q657007	Q2095
Q657032	Q2095
Q657032	Q40050
Q65737686	Q2095
Q6574446	Q2095
Q6575074	Q2095
Q6575260	Q2095
Q657621	Q2095
Q657621	Q40050
Q6576309	Q2095
Q6576309	Q40050
Q65769686	Q2095
Q6578151	Q2095
Q657835	Q2095
Q658108	Q2095
Q6581424	Q2095
Q6582727	Q2095
Q6583749	Q2095
Q6584	Q2095
Q6584	Q40050
Q658413	Q2095
Q6584340	Q2095
Q6585018	Q2095
Q6585755	Q2095
Q6585936	Q2095
Q6585936	Q40050
Q658671	Q2095
Q6586862	Q2095
Q6586862	Q40050
Q658814	Q2095
Q6588272	Q2095
Q658846	Q2095
Q6589341	Q2095
Q6591	Q2095
Q659277	Q2095
Q659289	Q2095
Q659289	Q40050
Q6593562	Q2095
Q6593882	Q2095
Q659503	Q2095
Q659517	Q2095
Q65952801	Q2095
Q659636	Q2095
Q65969358	Q2095
Q65969358	Q40050
Q6598	Q2095
Q65994712	Q2095
Q660071	Q2095
Q6604812	Q2095
Q66088468	Q2095
Q661844	Q2095
Q661871	Q2095
Q661871	Q40050
Q662125	Q2095
Q662189	Q2095
Q66246606	Q2095
Q66248673	Q2095
Q662490	Q2095
Q6629253	Q2095
Q66296884	Q2095
Q66309306	Q2095
Q66311565	Q2095
Q66317702	Q2095
Q66317711	Q2095
Q663306	Q2095
Q66330986	Q2095
Q66363580	Q2095
Q66363580	Q40050
Q66364496	Q2095
Q66385590	Q2095
Q664137	Q2095
Q66425668	Q2095
Q66426184	Q2095
Q664482	Q2095
Q66466326	Q2095
Q66466326	Q40050
Q664770	Q2095
Q664770	Q40050
Q6647875	Q2095
Q6647875	Q40050
Q664836	Q2095
Q66486516	Q2095
Q66486516	Q40050
Q6648683	Q2095
Q6648792	Q2095
Q6648982	Q2095
Q66499158	Q2095
Q665707	Q2095
Q6657144	Q2095
Q6658215	Q2095
Q6658276	Q2095
Q66590308	Q2095
Q66590308	Q40050
Q66595194	Q2095
Q66596243	Q2095
Q665982	Q2095
Q665982	Q40050
Q66602059	Q2095
Q66604108	Q2095
Q66604754	Q2095
Q6660796	Q2095
Q6660796	Q40050
Q666242	Q2095
Q6663	Q2095
Q6663078	Q2095
Q6663590	Q2095
Q6664328	Q2095
Q6665463	Q2095
Q6665878	Q2095
Q6666646	Q2095
Q66671872	Q2095
Q6667650	Q2095
Q6668262	Q2095
Q66684759	Q2095
Q6669461	Q2095
Q666975	Q2095
Q6670423	Q2095
Q6670423	Q40050
Q6671088	Q2095
Q6671090	Q2095
Q66712081	Q2095
Q6671210	Q2095
Q6671210	Q40050
Q6672749	Q2095
Q6673551	Q2095
Q6673551	Q40050
Q667478	Q2095
Q6674872	Q2095
Q66765049	Q2095
Q66765050	Q2095
Q6676694	Q2095
Q66768684	Q2095
Q667850	Q2095
Q667850	Q40050
Q667951	Q2095
Q667951	Q40050
Q667953	Q2095
Q6681235	Q2095
Q6681235	Q40050
Q668269	Q2095
Q6682881	Q2095
Q6683050	Q2095
Q6683050	Q40050
Q6684912	Q2095
Q6685108	Q2095
Q6685309	Q2095
Q6685309	Q40050
Q6685836	Q2095
Q668635	Q2095
Q668635	Q40050
Q6688469	Q2095
Q668855	Q2095
Q6689409	Q2095
Q6689409	Q40050
Q6689683	Q2095
Q6692985	Q2095
Q6692985	Q40050
Q66937606	Q2095
Q669569	Q2095
Q669737	Q2095
Q669737	Q40050
Q66979416	Q2095
Q669996	Q2095
Q6702540	Q2095
Q6702744	Q2095
Q6703217	Q2095
Q6704473	Q2095
Q6707259	Q2095
Q6707259	Q40050
Q67078390	Q2095
Q67078390	Q40050
Q6708220	Q2095
Q6708481	Q2095
Q6708481	Q40050
Q670887	Q2095
Q6710242	Q2095
Q6710583	Q2095
Q6712037	Q2095
Q67181476	Q2095
Q67187245	Q2095
Q67187258	Q2095
Q67187283	Q2095
Q67191705	Q2095
Q67191705	Q40050
Q67197494	Q2095
Q67201117	Q2095
Q67201118	Q2095
Q67201120	Q2095
Q67204179	Q2095
Q67206116	Q2095
Q67206285	Q2095
Q67206301	Q2095
Q67206301	Q40050
Q67206368	Q2095
Q67206392	Q2095
Q67206407	Q2095
Q67207184	Q2095
Q67207294	Q2095
Q67207722	Q2095
Q6720982	Q2095
Q67210384	Q2095
Q67210631	Q2095
Q67210826	Q2095
Q67210929	Q2095
Q67210992	Q2095
Q6722597	Q2095
Q6723519	Q2095
Q6724433	Q2095
Q6724547	Q2095
Q672465	Q2095
Q672465	Q40050
Q6724837	Q2095
Q6724904	Q2095
Q67255255	Q2095
Q67255255	Q40050
Q6726660	Q2095
Q6728543	Q2095
Q6729605	Q2095
Q673012	Q2095
Q673012	Q40050
Q673154	Q2095
Q673171	Q2095
Q673380	Q2095
Q673389	Q2095
Q673389	Q40050
Q6734969	Q2095
Q67375208	Q2095
Q67387322	Q2095
Q6739357	Q2095
Q6739773	Q2095
Q6740694	Q2095
Q6740762	Q2095
Q6741083	Q2095
Q6743480	Q2095
Q67435386	Q2095
Q674376	Q2095
Q674376	Q40050
Q67438406	Q2095
Q67440705	Q2095
Q67441433	Q2095
Q67442012	Q2095
Q6744258	Q2095
Q67443910	Q2095
Q67443910	Q40050
Q6744505	Q2095
Q67445270	Q2095
Q67445315	Q2095
Q67445346	Q2095
Q67445428	Q2095
Q67445480	Q2095
Q67445556	Q2095
Q67445831	Q2095
Q6744639	Q2095
Q6744639	Q40050
Q6744641	Q2095
Q6744642	Q2095
Q6744642	Q40050
Q67446926	Q2095
Q67446926	Q40050
Q6744769	Q2095
Q67448569	Q2095
Q6745014	Q2095
Q6745092	Q2095
Q6745092	Q40050
Q6745098	Q2095
Q6745098	Q40050
Q67451658	Q2095
Q67454425	Q2095
Q6746137	Q2095
Q6746137	Q40050
Q6746472	Q2095
Q6746472	Q40050
Q6747205	Q2095
Q6747588	Q2095
Q6747596	Q2095
Q6747630	Q2095
Q6747630	Q40050
Q6747699	Q2095
Q6747973	Q2095
Q6748129	Q2095
Q6748208	Q2095
Q6748240	Q2095
Q674855	Q2095
Q674855	Q40050
Q6748722	Q2095
Q6749734	Q2095
Q674980	Q2095
Q6750304	Q2095
Q6750354	Q2095
Q6750409	Q2095
Q6750409	Q40050
Q6750905	Q2095
Q6752009	Q2095
Q675202	Q2095
Q6752020	Q2095
Q675306	Q2095
Q6753263	Q2095
Q67538156	Q2095
Q67538156	Q40050
Q6754012	Q2095
Q6754020	Q2095
Q6754021	Q2095
Q675466	Q2095
Q67584231	Q2095
Q67585253	Q2095
Q67585253	Q40050
Q67585640	Q2095
Q67587611	Q2095
Q67587699	Q2095
Q67588543	Q2095
Q67588764	Q2095
Q67588764	Q40050
Q67589074	Q2095
Q67590382	Q2095
Q67590842	Q2095
Q67591158	Q2095
Q67593960	Q2095
Q67594028	Q2095
Q67597080	Q2095
Q675987	Q2095
Q6763008	Q2095
Q6764302	Q2095
Q6766526	Q2095
Q67677662	Q2095
Q6773064	Q2095
Q67731221	Q2095
Q67731470	Q2095
Q67756297	Q2095
Q67756353	Q2095
Q677640	Q2095
Q677647	Q2095
Q67769796	Q2095
Q67770244	Q2095
Q67771283	Q2095
Q67771639	Q2095
Q67772171	Q2095
Q67772415	Q2095
Q67772833	Q2095
Q67772833	Q40050
Q67773084	Q2095
Q67773148	Q2095
Q67773441	Q2095
Q67773978	Q2095
Q67774413	Q2095
Q67775907	Q2095
Q67776975	Q2095
Q67777170	Q2095
Q67777561	Q2095
Q67777704	Q2095
Q67778134	Q2095
Q67778515	Q2095
Q67778610	Q2095
Q67779578	Q2095
Q67779733	Q2095
Q6778044	Q2095
Q6778637	Q2095
Q67820904	Q2095
Q67821139	Q2095
Q6782232	Q2095
Q6782239	Q2095
Q67823888	Q2095
Q6782555	Q2095
Q67826473	Q2095
Q678297	Q2095
Q6783510	Q2095
Q6783510	Q40050
Q678388	Q2095
Q67848749	Q2095
Q67858763	Q2095
Q67859398	Q2095
Q67860017	Q2095
Q67860508	Q2095
Q67861102	Q2095
Q67861271	Q2095
Q67861753	Q2095
Q6786204	Q2095
Q6786204	Q40050
Q67862119	Q2095
Q67862893	Q2095
Q6786351	Q2095
Q6786351	Q40050
Q67863553	Q2095
Q67863632	Q2095
Q67863751	Q2095
Q67863852	Q2095
Q67864248	Q2095
Q67864414	Q2095
Q67865207	Q2095
Q67865843	Q2095
Q67866043	Q2095
Q6786710	Q2095
Q6786804	Q2095
Q67870962	Q2095
Q67871306	Q2095
Q6787315	Q2095
Q67873323	Q2095
Q67873323	Q40050
Q67873453	Q2095
Q67873858	Q2095
Q6787442	Q2095
Q67880588	Q2095
Q67881621	Q2095
Q67881656	Q2095
Q67881839	Q2095
Q6788195	Q2095
Q67882634	Q2095
Q67882726	Q2095
Q67882866	Q2095
Q67882951	Q2095
Q67883105	Q2095
Q67883194	Q2095
Q67883221	Q2095
Q67883586	Q2095
Q67883965	Q2095
Q67887930	Q2095
Q67888145	Q2095
Q67889637	Q2095
Q67889637	Q40050
Q67890219	Q2095
Q67890507	Q2095
Q67890691	Q2095
Q67891942	Q2095
Q67892183	Q2095
Q67895721	Q2095
Q67895721	Q40050
Q6789614	Q2095
Q6789778	Q2095
Q67932928	Q2095
Q67933431	Q2095
Q67933431	Q40050
Q6794330	Q2095
Q6796608	Q2095
Q679768	Q2095
Q6799144	Q2095
Q67991659	Q2095
Q67992448	Q2095
Q67992639	Q2095
Q67994034	Q2095
Q67994149	Q2095
Q67994266	Q2095
Q67994441	Q2095
Q67995144	Q2095
Q67995267	Q2095
Q67995380	Q2095
Q67995621	Q2095
Q67996304	Q2095
Q67996443	Q2095
Q67996648	Q2095
Q67997098	Q2095
Q68001076	Q2095
Q68001254	Q2095
Q68001662	Q2095
Q68002367	Q2095
Q68003956	Q2095
Q68003956	Q40050
Q68004581	Q2095
Q68005229	Q2095
Q680135	Q2095
Q6801475	Q2095
Q680242	Q2095
Q680264	Q2095
Q6803505	Q2095
Q6803515	Q2095
Q6804256	Q2095
Q6804273	Q2095
Q6804456	Q2095
Q6804456	Q40050
Q68065	Q2095
Q6807485	Q2095
Q6807728	Q2095
Q68077775	Q2095
Q68077952	Q2095
Q68078194	Q2095
Q68078495	Q2095
Q6807955	Q2095
Q6809071	Q2095
Q6810141	Q2095
Q6810170	Q2095
Q6810170	Q40050
Q6810615	Q2095
Q6812442	Q2095
Q681301	Q2095
Q6813153	Q2095
Q6813153	Q40050
Q681326	Q2095
Q6813732	Q2095
Q681488	Q2095
Q6815190	Q2095
Q6815225	Q2095
Q681539	Q2095
Q681596	Q2095
Q6816534	Q2095
Q6816973	Q2095
Q6816973	Q40050
Q6817375	Q2095
Q6817375	Q40050
Q6817673	Q2095
Q6817675	Q2095
Q681770	Q2095
Q6817784	Q2095
Q681784	Q2095
Q681841	Q2095
Q68185511	Q2095
Q68185972	Q2095
Q68186345	Q2095
Q68186806	Q2095
Q68186806	Q40050
Q6818708	Q2095
Q6818708	Q40050
Q68187288	Q2095
Q68187791	Q2095
Q68188589	Q2095
Q68188774	Q2095
Q68189268	Q2095
Q68189480	Q2095
Q68190380	Q2095
Q68190482	Q2095
Q68190970	Q2095
Q68192318	Q2095
Q68192318	Q40050
Q68192675	Q2095
Q68192675	Q40050
Q68192783	Q2095
Q68194388	Q2095
Q6819464	Q2095
Q6819537	Q2095
Q682082	Q2095
Q682082	Q40050
Q6821694	Q2095
Q68217175	Q2095
Q68217175	Q40050
Q68217936	Q2095
Q68218294	Q2095
Q68218896	Q2095
Q68218896	Q40050
Q68219463	Q2095
Q68220292	Q2095
Q68220931	Q2095
Q68221699	Q2095
Q68221699	Q40050
Q68221865	Q2095
Q68221988	Q2095
Q68221988	Q40050
Q68222235	Q2095
Q682228	Q2095
Q682384	Q2095
Q6825486	Q2095
Q6825758	Q2095
Q6825758	Q40050
Q6826069	Q2095
Q6826069	Q40050
Q6826082	Q2095
Q6826924	Q2095
Q6826924	Q40050
Q6827079	Q2095
Q68271752	Q2095
Q68272162	Q2095
Q68272315	Q2095
Q68273009	Q2095
Q68273009	Q40050
Q68273488	Q2095
Q68273992	Q2095
Q6827710	Q2095
Q68282566	Q2095
Q68288386	Q2095
Q68288966	Q2095
Q68289763	Q2095
Q6830151	Q2095
Q68303380	Q2095
Q683054	Q2095
Q683080	Q2095
Q68313633	Q2095
Q68313727	Q2095
Q68313968	Q2095
Q68315046	Q2095
Q683495	Q2095
Q68353770	Q2095
Q68355161	Q2095
Q68355537	Q2095
Q68355888	Q2095
Q68357718	Q2095
Q68357928	Q2095
Q68361667	Q2095
Q68362677	Q2095
Q68365729	Q2095
Q683682	Q2095
Q6837841	Q2095
Q6839576	Q2095
Q6840504	Q2095
Q68431631	Q2095
Q68431797	Q2095
Q68431905	Q2095
Q68432213	Q2095
Q6843519	Q2095
Q68435193	Q2095
Q68435193	Q40050
Q68435417	Q2095
Q68436480	Q2095
Q68437199	Q2095
Q68437707	Q2095
Q68439151	Q2095
Q6843974	Q2095
Q68440694	Q2095
Q68440787	Q2095
Q6844271	Q2095
Q68445492	Q2095
Q68448978	Q2095
Q68448978	Q40050
Q68450302	Q2095
Q68451322	Q2095
Q68451462	Q2095
Q6845231	Q2095
Q68453100	Q2095
Q68453425	Q2095
Q68456309	Q2095
Q68456632	Q2095
Q68457400	Q2095
Q68457511	Q2095
Q68457593	Q2095
Q68467213	Q2095
Q68467325	Q2095
Q68469487	Q2095
Q68469635	Q2095
Q68470296	Q2095
Q68472801	Q2095
Q68487716	Q2095
Q68489318	Q2095
Q68489387	Q2095
Q68491839	Q2095
Q68492702	Q2095
Q68493141	Q2095
Q68493668	Q2095
Q6849381	Q2095
Q68493943	Q2095
Q68494107	Q2095
Q68494349	Q2095
Q68494474	Q2095
Q68494474	Q40050
Q68494758	Q2095
Q68495119	Q2095
Q68495232	Q2095
Q68495399	Q2095
Q68495675	Q2095
Q68495949	Q2095
Q68496350	Q2095
Q68496456	Q2095
Q68496575	Q2095
Q68496716	Q2095
Q68496959	Q2095
Q68497118	Q2095
Q68497188	Q2095
Q68497339	Q2095
Q68497532	Q2095
Q68497678	Q2095
Q68497678	Q40050
Q68497783	Q2095
Q68497783	Q40050
Q685005	Q2095
Q685005	Q40050
Q685077	Q2095
Q685096	Q2095
Q685229	Q2095
Q685229	Q40050
Q6853367	Q2095
Q685352	Q2095
Q685382	Q2095
Q685382	Q40050
Q6855605	Q2095
Q6857846	Q2095
Q6857984	Q2095
Q6858051	Q2095
Q6858052	Q2095
Q6858052	Q40050
Q6859181	Q2095
Q6859181	Q40050
Q68594050	Q2095
Q6859846	Q2095
Q68631373	Q2095
Q68693765	Q2095
Q6869576	Q2095
Q68704387	Q2095
Q6873056	Q2095
Q6874747	Q2095
Q687579	Q2095
Q6875854	Q2095
Q6875854	Q40050
Q687737	Q2095
Q687737	Q40050
Q6878494	Q2095
Q6879395	Q2095
Q6879395	Q40050
Q6880780	Q2095
Q6881572	Q2095
Q6881572	Q40050
Q6882841	Q2095
Q6883400	Q2095
Q6883400	Q40050
Q6883975	Q2095
Q6884907	Q2095
Q6884907	Q40050
Q688719	Q2095
Q6887790	Q2095
Q6887866	Q2095
Q688947	Q2095
Q68935179	Q2095
Q689416	Q2095
Q6894273	Q2095
Q6894609	Q2095
Q6898732	Q2095
Q6898732	Q40050
Q689879	Q2095
Q689886	Q2095
Q689898	Q2095
Q689950	Q2095
Q689984	Q2095
Q690048	Q2095
Q690098	Q2095
Q690098	Q40050
Q690165	Q2095
Q6902630	Q2095
Q6902630	Q40050
Q690292	Q2095
Q6903124	Q2095
Q690378	Q2095
Q6904753	Q2095
Q6905235	Q2095
Q6905235	Q40050
Q6906362	Q2095
Q6907058	Q2095
Q6907552	Q2095
Q6907552	Q40050
Q6909359	Q2095
Q6909572	Q2095
Q690994	Q2095
Q69102980	Q2095
Q6912307	Q2095
Q6912307	Q40050
Q6913059	Q2095
Q6913247	Q2095
Q6914349	Q2095
Q691584	Q2095
Q6917252	Q2095
Q6917263	Q2095
Q6917295	Q2095
Q6917295	Q40050
Q691755	Q2095
Q6919154	Q2095
Q691989	Q2095
Q69214	Q2095
Q6923643	Q2095
Q6924923	Q2095
Q6924923	Q40050
Q692613	Q2095
Q6926273	Q2095
Q6926685	Q2095
Q6928056	Q2095
Q6928712	Q2095
Q6929737	Q2095
Q6929903	Q2095
Q6930013	Q2095
Q6930115	Q2095
Q693078	Q2095
Q693078	Q40050
Q693187	Q2095
Q693187	Q40050
Q6931973	Q2095
Q693255	Q2095
Q6933966	Q2095
Q6934259	Q2095
Q693525	Q2095
Q6935368	Q2095
Q6935657	Q2095
Q6935668	Q2095
Q6935669	Q2095
Q6935680	Q2095
Q6935684	Q2095
Q6935970	Q2095
Q6936640	Q2095
Q6936995	Q2095
Q69393237	Q2095
Q69393385	Q2095
Q694022	Q2095
Q6941266	Q2095
Q6941325	Q2095
Q6943401	Q2095
Q6943401	Q40050
Q6943844	Q2095
Q6944116	Q2095
Q694444	Q2095
Q694451	Q2095
Q694451	Q40050
Q6944783	Q2095
Q6945359	Q2095
Q694536	Q2095
Q694536	Q40050
Q694642	Q2095
Q6948885	Q2095
Q69495011	Q2095
Q69495011	Q40050
Q694997	Q2095
Q694997	Q40050
Q6949994	Q2095
Q6950186	Q2095
Q6950218	Q2095
Q6950796	Q2095
Q6950939	Q2095
Q6950939	Q40050
Q695101	Q2095
Q6951044	Q2095
Q69523157	Q2095
Q69526099	Q2095
Q6953102	Q2095
Q6954956	Q2095
Q6954956	Q40050
Q6955858	Q2095
Q695626	Q2095
Q695626	Q40050
Q69563740	Q2095
Q6956585	Q2095
Q6956983	Q2095
Q6956983	Q40050
Q6958744	Q2095
Q6959497	Q2095
Q6959497	Q40050
Q6960656	Q2095
Q696105	Q2095
Q696105	Q40050
Q6961170	Q2095
Q6961229	Q2095
Q6961401	Q2095
Q6962244	Q2095
Q6964340	Q2095
Q6964340	Q40050
Q6964346	Q2095
Q6965089	Q2095
Q6966108	Q2095
Q6966528	Q2095
Q6967043	Q2095
Q6967048	Q2095
Q6967051	Q2095
Q6967056	Q2095
Q6967935	Q2095
Q6968581	Q2095
Q696911	Q2095
Q696911	Q40050
Q697016	Q2095
Q697016	Q40050
Q697089	Q2095
Q697230	Q2095
Q697248	Q2095
Q697498	Q2095
Q69760443	Q2095
Q69760443	Q40050
Q6977574	Q2095
Q697800	Q2095
Q6978616	Q2095
Q6978633	Q2095
Q697951	Q2095
Q6979626	Q2095
Q6980567	Q2095
Q6980567	Q40050
Q6980681	Q2095
Q6981917	Q2095
Q6982616	Q2095
Q698515	Q2095
Q698515	Q40050
Q698632	Q2095
Q6986908	Q2095
Q6986919	Q2095
Q6987717	Q2095
Q6987717	Q40050
Q6987851	Q2095
Q6987851	Q40050
Q698818	Q2095
Q699382	Q2095
Q6996001	Q2095
Q699637	Q2095
Q6996558	Q2095
Q6997310	Q2095
Q6997310	Q40050
Q6997912	Q2095
Q700026	Q2095
Q7000528	Q2095
Q700415	Q2095
Q7005626	Q2095
Q7005626	Q40050
Q700643	Q2095
Q70069507	Q2095
Q70069798	Q2095
Q70069798	Q40050
Q7007443	Q2095
Q7007449	Q2095
Q7007449	Q40050
Q7009815	Q2095
Q701057	Q2095
Q701075	Q2095
Q70111963	Q2095
Q70125	Q2095
Q701327	Q2095
Q701395	Q2095
Q701395	Q40050
Q701519	Q2095
Q701628	Q2095
Q701756	Q2095
Q701767	Q2095
Q701797	Q2095
Q701870	Q2095
Q702028	Q2095
Q70203857	Q2095
Q702104	Q2095
Q7022462	Q2095
Q7022523	Q2095
Q70241	Q2095
Q7024710	Q2095
Q703015	Q2095
Q7030466	Q2095
Q7030576	Q2095
Q7030576	Q40050
Q7030707	Q2095
Q7030863	Q2095
Q7030863	Q40050
Q703286	Q2095
Q703313	Q2095
Q703413	Q2095
Q7034226	Q2095
Q703490	Q2095
Q703490	Q40050
Q703541	Q2095
Q703541	Q40050
Q7037735	Q2095
Q70380745	Q2095
Q70380745	Q40050
Q703836	Q2095
Q703910	Q2095
Q703910	Q40050
Q7039139	Q2095
Q704006	Q2095
Q7040589	Q2095
Q70408	Q2095
Q70408	Q40050
Q7042750	Q2095
Q7042750	Q40050
Q7042787	Q2095
Q70428	Q2095
Q70428	Q40050
Q704322	Q2095
Q704322	Q40050
Q704357	Q2095
Q704357	Q40050
Q7046	Q2095
Q70461	Q2095
Q70461	Q40050
Q7048859	Q2095
Q7049420	Q2095
Q7049420	Q40050
Q7049965	Q2095
Q7049966	Q2095
Q7050450	Q2095
Q7050713	Q2095
Q7050713	Q40050
Q7050737	Q2095
Q7053503	Q2095
Q7053503	Q40050
Q705369	Q2095
Q705375	Q2095
Q7055088	Q2095
Q7055088	Q40050
Q7055491	Q2095
Q7060305	Q2095
Q70608	Q2095
Q70612	Q2095
Q7061284	Q2095
Q7063526	Q2095
Q7066079	Q2095
Q7067562	Q2095
Q7067706	Q2095
Q7067724	Q2095
Q70680694	Q2095
Q70688146	Q2095
Q70688568	Q2095
Q70700789	Q2095
Q7070390	Q2095
Q7070392	Q2095
Q7070573	Q2095
Q7070588	Q2095
Q7070595	Q2095
Q7070632	Q2095
Q7070632	Q40050
Q7071362	Q2095
Q7072636	Q2095
Q7074485	Q2095
Q7074505	Q2095
Q7074505	Q40050
Q7075129	Q2095
Q7075602	Q2095
Q707630	Q2095
Q707636	Q2095
Q707640	Q2095
Q7078598	Q2095
Q7078598	Q40050
Q7079882	Q2095
Q7080013	Q2095
Q7080013	Q40050
Q7080021	Q2095
Q7080639	Q2095
Q7081117	Q2095
Q7081331	Q2095
Q7081432	Q2095
Q7081495	Q2095
Q708203	Q2095
Q708203	Q40050
Q7083004	Q2095
Q7083941	Q2095
Q7083941	Q40050
Q7084686	Q2095
Q7084686	Q40050
Q7084877	Q2095
Q7084877	Q40050
Q7085064	Q2095
Q7085064	Q40050
Q7085196	Q2095
Q7085196	Q40050
Q7085234	Q2095
Q7085234	Q40050
Q7086753	Q2095
Q7087232	Q2095
Q7087234	Q2095
Q7087235	Q2095
Q708823	Q2095
Q7088254	Q2095
Q708906	Q2095
Q708908	Q2095
Q708972	Q2095
Q7093931	Q2095
Q7095007	Q2095
Q7095007	Q40050
Q709554	Q2095
Q7096417	Q2095
Q7096417	Q40050
Q709812	Q2095
Q7098415	Q2095
Q7098418	Q2095
Q7099750	Q2095
Q7099750	Q40050
Q7099762	Q2095
Q7099762	Q40050
Q7099769	Q2095
Q7099769	Q40050
Q7099775	Q2095
Q7099893	Q2095
Q7099893	Q40050
Q7101852	Q2095
Q7101852	Q40050
Q7102524	Q2095
Q7102554	Q2095
Q7102554	Q40050
Q7103680	Q2095
Q7103680	Q40050
Q7104098	Q2095
Q710618	Q2095
Q7106559	Q2095
Q7107766	Q2095
Q711053	Q2095
Q71129654	Q2095
Q71129968	Q2095
Q711328	Q2095
Q71135786	Q2095
Q711494	Q2095
Q7116377	Q2095
Q7116378	Q2095
Q7116380	Q2095
Q7116521	Q2095
Q71171736	Q2095
Q71173376	Q2095
Q7118147	Q2095
Q71183889	Q2095
Q7118457	Q2095
Q7118848	Q2095
Q711953	Q2095
Q7122029	Q2095
Q7123345	Q2095
Q7123810	Q2095
Q7123810	Q40050
Q7124365	Q2095
Q7124372	Q2095
Q7125094	Q2095
Q7125107	Q2095
Q7125465	Q2095
Q712554	Q2095
Q7125915	Q2095
Q7126024	Q2095
Q7126024	Q40050
Q7126779	Q2095
Q71267900	Q2095
Q71267900	Q40050
Q7126923	Q2095
Q7127448	Q2095
Q7127636	Q2095
Q712773	Q2095
Q7128101	Q2095
Q7128208	Q2095
Q7128571	Q2095
Q7128571	Q40050
Q7129440	Q2095
Q7129640	Q2095
Q7129710	Q2095
Q7129714	Q2095
Q7129715	Q2095
Q7129763	Q2095
Q71298639	Q2095
Q7130182	Q2095
Q7130377	Q2095
Q7130378	Q2095
Q7130450	Q2095
Q7130450	Q40050
Q7130487	Q2095
Q7130544	Q2095
Q7130800	Q2095
Q7130801	Q2095
Q7130870	Q2095
Q7131157	Q2095
Q713125	Q2095
Q7131260	Q2095
Q7132009	Q2095
Q7132274	Q2095
Q7132729	Q2095
Q7133047	Q2095
Q7133128	Q2095
Q7133554	Q2095
Q713466	Q2095
Q7137376	Q2095
Q7138197	Q2095
Q7138249	Q2095
Q7138331	Q2095
Q713869	Q2095
Q713869	Q40050
Q713879	Q2095
Q713892	Q2095
Q7140169	Q2095
Q714027	Q2095
Q7141157	Q2095
Q7141221	Q2095
Q7141239	Q2095
Q7141600	Q2095
Q714179	Q2095
Q7141986	Q2095
Q7141992	Q2095
Q7142035	Q2095
Q71423468	Q2095
Q71423468	Q40050
Q7142949	Q2095
Q7142950	Q2095
Q7142958	Q2095
Q7142972	Q2095
Q7143001	Q2095
Q7143007	Q2095
Q7143016	Q2095
Q7143097	Q2095
Q7144776	Q2095
Q7145027	Q2095
Q7145027	Q40050
Q7145091	Q2095
Q7145121	Q2095
Q7145144	Q2095
Q7145204	Q2095
Q7147974	Q2095
Q7148564	Q2095
Q7148573	Q2095
Q7148741	Q2095
Q715040	Q2095
Q715074	Q2095
Q715074	Q40050
Q715084	Q2095
Q715160	Q2095
Q715187	Q2095
Q715187	Q40050
Q71538197	Q2095
Q715525	Q2095
Q715542	Q2095
Q715544	Q2095
Q715546	Q2095
Q7157123	Q2095
Q7157205	Q2095
Q7157205	Q40050
Q7157270	Q2095
Q7157407	Q2095
Q7157665	Q2095
Q7157681	Q2095
Q7157912	Q2095
Q7157930	Q2095
Q7157931	Q2095
Q7157935	Q2095
Q7157940	Q2095
Q7157940	Q40050
Q7157944	Q2095
Q7157944	Q40050
Q7158004	Q2095
Q7158004	Q40050
Q7158418	Q2095
Q715858	Q2095
Q715858	Q40050
Q7158585	Q2095
Q7158625	Q2095
Q71587778	Q2095
Q71587778	Q40050
Q716004	Q2095
Q7160341	Q2095
Q7160523	Q2095
Q7160818	Q2095
Q7160818	Q40050
Q7161062	Q2095
Q716245	Q2095
Q7162487	Q2095
Q7162487	Q40050
Q7162751	Q2095
Q7162838	Q2095
Q7163401	Q2095
Q716464	Q2095
Q7164915	Q2095
Q7164915	Q40050
Q7165342	Q2095
Q7166384	Q2095
Q7166385	Q2095
Q7166412	Q2095
Q7166421	Q2095
Q7166431	Q2095
Q7166440	Q2095
Q7166489	Q2095
Q7166489	Q40050
Q7166492	Q2095
Q7166492	Q40050
Q7166495	Q2095
Q7166495	Q40050
Q7166498	Q2095
Q7166498	Q40050
Q7166505	Q2095
Q7166505	Q40050
Q71667321	Q2095
Q7167522	Q2095
Q7167670	Q2095
Q7167863	Q2095
Q716797	Q2095
Q716820	Q2095
Q7168413	Q2095
Q716842	Q2095
Q7169555	Q2095
Q7170197	Q2095
Q7170268	Q2095
Q7170268	Q40050
Q7170363	Q2095
Q717113	Q2095
Q7171183	Q2095
Q7171321	Q2095
Q7171328	Q2095
Q717136	Q2095
Q717435	Q2095
Q717628	Q2095
Q7178311	Q2095
Q717849	Q2095
Q7179518	Q2095
Q7179690	Q2095
Q7179690	Q40050
Q718010	Q2095
Q7180306	Q2095
Q7181083	Q2095
Q7181148	Q2095
Q71819512	Q2095
Q7182763	Q2095
Q7186471	Q2095
Q7186598	Q2095
Q718680	Q2095
Q718680	Q40050
Q7190486	Q2095
Q7190898	Q2095
Q7190902	Q2095
Q7190908	Q2095
Q7190909	Q2095
Q7191330	Q2095
Q7191334	Q2095
Q7191338	Q2095
Q719214	Q2095
Q719217	Q2095
Q7193190	Q2095
Q7193236	Q2095
Q7193343	Q2095
Q7193679	Q2095
Q7193919	Q2095
Q7193978	Q2095
Q7194233	Q2095
Q719458	Q2095
Q7194672	Q2095
Q7194672	Q40050
Q719468	Q2095
Q719468	Q40050
Q71947461	Q2095
Q7194826	Q2095
Q7194877	Q2095
Q7195419	Q2095
Q7195431	Q2095
Q7195443	Q2095
Q7195901	Q2095
Q7196016	Q2095
Q7196016	Q40050
Q7196101	Q2095
Q7196101	Q40050
Q7196129	Q2095
Q7196252	Q2095
Q7196252	Q40050
Q7196323	Q2095
Q7196323	Q40050
Q7196561	Q2095
Q7196602	Q2095
Q7196890	Q2095
Q719725	Q2095
Q7197643	Q2095
Q7197677	Q2095
Q7198220	Q2095
Q7198451	Q2095
Q7198502	Q2095
Q71988103	Q2095
Q7198960	Q2095
Q7199017	Q2095
Q7199017	Q40050
Q7199459	Q2095
Q7199577	Q2095
Q7199761	Q2095
Q7199982	Q2095
Q7199983	Q2095
Q7199984	Q2095
Q7199987	Q2095
Q7199990	Q2095
Q7200291	Q2095
Q7200650	Q2095
Q7201457	Q2095
Q7201617	Q2095
Q7202208	Q2095
Q720230	Q2095
Q7202316	Q2095
Q7202316	Q40050
Q7202517	Q2095
Q720387	Q2095
Q7204354	Q2095
Q7204728	Q2095
Q7205092	Q2095
Q7205092	Q40050
Q7205199	Q2095
Q7205368	Q2095
Q7205370	Q2095
Q7205807	Q2095
Q7205807	Q40050
Q7205907	Q2095
Q7205907	Q40050
Q7206323	Q2095
Q7206451	Q2095
Q7206969	Q2095
Q7206969	Q40050
Q7207566	Q2095
Q7207566	Q40050
Q720761	Q2095
Q7207766	Q2095
Q7207889	Q2095
Q7207889	Q40050
Q7208574	Q2095
Q7208575	Q2095
Q7208822	Q2095
Q7209010	Q2095
Q7209010	Q40050
Q7209879	Q2095
Q7210540	Q2095
Q7211268	Q2095
Q7211324	Q2095
Q7211348	Q2095
Q721181	Q2095
Q7212290	Q2095
Q7212637	Q2095
Q7212709	Q2095
Q7214426	Q2095
Q7215544	Q2095
Q7215555	Q2095
Q7216960	Q2095
Q7217688	Q2095
Q7217773	Q2095
Q722002	Q2095
Q72202648	Q2095
Q7220270	Q2095
Q7220505	Q2095
Q7220675	Q2095
Q7220724	Q2095
Q7221222	Q2095
Q722338	Q2095
Q722338	Q40050
Q7223635	Q2095
Q7224064	Q2095
Q7224064	Q40050
Q7225623	Q2095
Q7225702	Q2095
Q7225765	Q2095
Q7225840	Q2095
Q7225924	Q2095
Q7225924	Q40050
Q722595	Q2095
Q7227239	Q2095
Q7227262	Q2095
Q7227449	Q2095
Q7227795	Q2095
Q7228045	Q2095
Q7228045	Q40050
Q7228182	Q2095
Q7228599	Q2095
Q7228863	Q2095
Q7228884	Q2095
Q72289942	Q2095
Q7229038	Q2095
Q7229057	Q2095
Q7229221	Q2095
Q7229276	Q2095
Q7229458	Q2095
Q7229458	Q40050
Q7229989	Q2095
Q7229989	Q40050
Q7230120	Q2095
Q7230134	Q2095
Q7230136	Q2095
Q7230138	Q2095
Q7230139	Q2095
Q7230141	Q2095
Q7230368	Q2095
Q72305	Q2095
Q7231376	Q2095
Q7231560	Q2095
Q7231560	Q40050
Q7232139	Q2095
Q7232702	Q2095
Q7232800	Q2095
Q723464	Q2095
Q723464	Q40050
Q7234749	Q2095
Q7234762	Q2095
Q7234763	Q2095
Q7234785	Q2095
Q7234835	Q2095
Q7235212	Q2095
Q7235555	Q2095
Q7235559	Q2095
Q7235610	Q2095
Q7236175	Q2095
Q7236952	Q2095
Q7236952	Q40050
Q7237054	Q2095
Q7237054	Q40050
Q7237064	Q2095
Q7237064	Q40050
Q7238043	Q2095
Q7238043	Q40050
Q7238546	Q2095
Q7238914	Q2095
Q7238917	Q2095
Q723975	Q2095
Q7239913	Q2095
Q7240466	Q2095
Q72409858	Q2095
Q7242317	Q2095
Q7242321	Q2095
Q7242496	Q2095
Q7243893	Q2095
Q7243893	Q40050
Q7244372	Q2095
Q7244372	Q40050
Q72444938	Q2095
Q72447	Q2095
Q72460907	Q2095
Q7246164	Q2095
Q72473439	Q2095
Q72474549	Q2095
Q72480094	Q2095
Q72480169	Q2095
Q724855	Q2095
Q72488245	Q2095
Q7248936	Q2095
Q72497994	Q2095
Q7249903	Q2095
Q72499976	Q2095
Q7250135	Q2095
Q7250135	Q40050
Q72507047	Q2095
Q725125	Q2095
Q7251457	Q2095
Q7251503	Q2095
Q72515843	Q2095
Q72516622	Q2095
Q7252323	Q2095
Q7253037	Q2095
Q7253173	Q2095
Q7254007	Q2095
Q7255969	Q2095
Q7257218	Q2095
Q7258176	Q2095
Q7258244	Q2095
Q7258244	Q40050
Q7258278	Q2095
Q7258416	Q2095
Q7258860	Q2095
Q7258891	Q2095
Q7259570	Q2095
Q7259570	Q40050
Q7260511	Q2095
Q7260744	Q2095
Q7260957	Q2095
Q7260957	Q40050
Q7261020	Q2095
Q7261020	Q40050
Q7261234	Q2095
Q7261312	Q2095
Q7261312	Q40050
Q7261452	Q2095
Q7261452	Q40050
Q7261685	Q2095
Q7261741	Q2095
Q7262811	Q2095
Q7263427	Q2095
Q726413	Q2095
Q726413	Q40050
Q7264577	Q2095
Q726460	Q2095
Q7265031	Q2095
Q726570	Q2095
Q7267739	Q2095
Q7267739	Q40050
Q726782	Q2095
Q7267922	Q2095
Q7267922	Q40050
Q7268040	Q2095
Q7268152	Q2095
Q7268264	Q2095
Q7268438	Q2095
Q7268438	Q40050
Q7268510	Q2095
Q7268552	Q2095
Q7269583	Q2095
Q7269583	Q40050
Q7269638	Q2095
Q7270627	Q2095
Q7271180	Q2095
Q7271398	Q2095
Q7271428	Q2095
Q7271561	Q2095
Q7271694	Q2095
Q7271694	Q40050
Q727198	Q2095
Q7272094	Q2095
Q727210	Q2095
Q7272342	Q2095
Q7272342	Q40050
Q7272623	Q2095
Q7273028	Q2095
Q7273028	Q40050
Q7273069	Q2095
Q7274118	Q2095
Q7274118	Q40050
Q727605	Q2095
Q7276388	Q2095
Q7276388	Q40050
Q7278468	Q2095
Q7278638	Q2095
Q7279779	Q2095
Q72817580	Q2095
Q72827	Q2095
Q7283068	Q2095
Q7283353	Q2095
Q7283706	Q2095
Q7283706	Q40050
Q7283928	Q2095
Q7283928	Q40050
Q7284444	Q2095
Q7284747	Q2095
Q7285132	Q2095
Q7285134	Q2095
Q72886132	Q2095
Q7289179	Q2095
Q7289237	Q2095
Q7289237	Q40050
Q7290783	Q2095
Q7295142	Q2095
Q7295142	Q40050
Q7295192	Q2095
Q7296297	Q2095
Q72964901	Q2095
Q7296903	Q2095
Q7298998	Q2095
Q7298998	Q40050
Q7299696	Q2095
Q7300141	Q2095
Q730143	Q2095
Q730143	Q40050
Q73021048	Q2095
Q7302262	Q2095
Q7303477	Q2095
Q7304235	Q2095
Q7304311	Q2095
Q7304311	Q40050
Q7304713	Q2095
Q7304980	Q2095
Q7304980	Q40050
Q7305197	Q2095
Q7305283	Q2095
Q7305343	Q2095
Q7305369	Q2095
Q7305375	Q2095
Q7305387	Q2095
Q7305606	Q2095
Q7306192	Q2095
Q7306542	Q2095
Q7306555	Q2095
Q7306555	Q40050
Q7306983	Q2095
Q7306984	Q2095
Q7306986	Q2095
Q7306987	Q2095
Q7307455	Q2095
Q7309235	Q2095
Q7309432	Q2095
Q7310467	Q2095
Q7310574	Q2095
Q7310864	Q2095
Q7310864	Q40050
Q7310963	Q2095
Q7310963	Q40050
Q7312056	Q2095
Q7313383	Q2095
Q7314395	Q2095
Q7314518	Q2095
Q7314949	Q2095
Q7314949	Q40050
Q7315388	Q2095
Q731543	Q2095
Q731543	Q40050
Q7315569	Q2095
Q7315569	Q40050
Q7317703	Q2095
Q7317703	Q40050
Q7317810	Q2095
Q7317810	Q40050
Q7317873	Q2095
Q7318504	Q2095
Q732	Q2095
Q7321533	Q2095
Q7321536	Q2095
Q7321653	Q2095
Q7321897	Q2095
Q7321897	Q40050
Q7322232	Q2095
Q7322263	Q2095
Q7322324	Q2095
Q7322324	Q40050
Q7322326	Q2095
Q7322326	Q40050
Q7322327	Q2095
Q7322327	Q40050
Q7322328	Q2095
Q7322328	Q40050
Q7322430	Q2095
Q7323064	Q2095
Q7323066	Q2095
Q7323073	Q2095
Q7323119	Q2095
Q732339	Q2095
Q7324076	Q2095
Q732411	Q2095
Q732925	Q2095
Q733196	Q2095
Q7333156	Q2095
Q73337	Q2095
Q7334640	Q2095
Q7334731	Q2095
Q73351508	Q2095
Q73352087	Q2095
Q7335505	Q2095
Q7335505	Q40050
Q7335695	Q2095
Q7336913	Q2095
Q7336913	Q40050
Q7337015	Q2095
Q733844	Q2095
Q733855	Q2095
Q7339603	Q2095
Q7339905	Q2095
Q7339907	Q2095
Q7339908	Q2095
Q7340417	Q2095
Q7341091	Q2095
Q7341091	Q40050
Q734450	Q2095
Q734527	Q2095
Q7346087	Q2095
Q734727	Q2095
Q7348639	Q2095
Q734978	Q2095
Q7353113	Q2095
Q7353113	Q40050
Q7354260	Q2095
Q7354467	Q2095
Q7354467	Q40050
Q7354783	Q2095
Q7356051	Q2095
Q7358264	Q2095
Q735874	Q2095
Q735874	Q40050
Q7360490	Q2095
Q7360610	Q2095
Q7360977	Q2095
Q7360993	Q2095
Q7361515	Q2095
Q736196	Q2095
Q736208	Q2095
Q736208	Q40050
Q7362583	Q2095
Q7362740	Q2095
Q7363037	Q2095
Q736427	Q2095
Q7365560	Q2095
Q7365560	Q40050
Q7367472	Q2095
Q7367597	Q2095
Q7367697	Q2095
Q7367818	Q2095
Q7367818	Q40050
Q736782	Q2095
Q7367928	Q2095
Q7367936	Q2095
Q7367945	Q2095
Q7367962	Q2095
Q7367965	Q2095
Q7368703	Q2095
Q7368949	Q2095
Q7369003	Q2095
Q7370092	Q2095
Q7370546	Q2095
Q7370926	Q2095
Q7370926	Q40050
Q7371070	Q2095
Q7372	Q2095
Q7372264	Q2095
Q73738953	Q2095
Q73740055	Q2095
Q73740415	Q2095
Q7374788	Q2095
Q7374788	Q40050
Q73755	Q2095
Q7375720	Q2095
Q7375720	Q40050
Q7375767	Q2095
Q7376263	Q2095
Q7377378	Q2095
Q7378690	Q2095
Q7379095	Q2095
Q7379095	Q40050
Q7379107	Q2095
Q7379107	Q40050
Q7379109	Q2095
Q7379143	Q2095
Q7379331	Q2095
Q7379331	Q40050
Q738	Q2095
Q7380161	Q2095
Q7380415	Q2095
Q7380416	Q2095
Q7380939	Q2095
Q7382181	Q2095
Q7382200	Q2095
Q7382291	Q2095
Q7382526	Q2095
Q7382955	Q2095
Q7383771	Q2095
Q7384992	Q2095
Q7385576	Q2095
Q7386700	Q2095
Q7386934	Q2095
Q7386958	Q2095
Q7386958	Q40050
Q7386960	Q2095
Q7386960	Q40050
Q7386962	Q2095
Q7387254	Q2095
Q7389027	Q2095
Q738975	Q2095
Q738975	Q40050
Q739276	Q2095
Q7395354	Q2095
Q7395368	Q2095
Q739550	Q2095
Q7395665	Q2095
Q7395795	Q2095
Q7395806	Q2095
Q7396316	Q2095
Q7396472	Q2095
Q7396619	Q2095
Q7396668	Q2095
Q7398163	Q2095
Q7398299	Q2095
Q7398745	Q2095
Q73988	Q2095
Q73989	Q2095
Q7398963	Q2095
Q739929	Q2095
Q739929	Q40050
Q7399325	Q2095
Q7399335	Q2095
Q7400068	Q2095
Q7401122	Q2095
Q7401122	Q40050
Q7402697	Q2095
Q7402883	Q2095
Q7402883	Q40050
Q7402909	Q2095
Q7402909	Q40050
Q7402992	Q2095
Q7403148	Q2095
Q7403210	Q2095
Q7403387	Q2095
Q7403399	Q2095
Q74048276	Q2095
Q7405484	Q2095
Q7405551	Q2095
Q7405554	Q2095
Q7405557	Q2095
Q7405791	Q2095
Q7405972	Q2095
Q740600	Q2095
Q740600	Q40050
Q7406005	Q2095
Q7406015	Q2095
Q7406255	Q2095
Q7406255	Q40050
Q7406363	Q2095
Q7407009	Q2095
Q7407009	Q40050
Q740726	Q2095
Q740764	Q2095
Q7408949	Q2095
Q7409623	Q2095
Q7409644	Q2095
Q741261	Q2095
Q741261	Q40050
Q7413072	Q2095
Q741389	Q2095
Q7414148	Q2095
Q7415421	Q2095
Q7415642	Q2095
Q7417786	Q2095
Q7418124	Q2095
Q7418124	Q40050
Q7418198	Q2095
Q74185161	Q2095
Q74185161	Q40050
Q7418536	Q2095
Q7418601	Q2095
Q7418805	Q2095
Q7420598	Q2095
Q7420724	Q2095
Q742127	Q2095
Q742127	Q40050
Q742186	Q2095
Q742224	Q2095
Q7423529	Q2095
Q7423795	Q2095
Q742385	Q2095
Q742408	Q2095
Q742408	Q40050
Q7424589	Q2095
Q7424589	Q40050
Q7424615	Q2095
Q7425852	Q2095
Q7425969	Q2095
Q7425996	Q2095
Q7427591	Q2095
Q7427594	Q2095
Q7427595	Q2095
Q7427596	Q2095
Q7428415	Q2095
Q7428481	Q2095
Q7428481	Q40050
Q7429107	Q2095
Q7429107	Q40050
Q7429704	Q2095
Q7429704	Q40050
Q7430894	Q2095
Q7430894	Q40050
Q743144	Q2095
Q7431773	Q2095
Q7431777	Q2095
Q7431880	Q2095
Q7431880	Q40050
Q7434366	Q2095
Q7435296	Q2095
Q7435400	Q2095
Q7435400	Q40050
Q7435553	Q2095
Q7435554	Q2095
Q743714	Q2095
Q7438301	Q2095
Q7438660	Q2095
Q7439103	Q2095
Q7439346	Q2095
Q7439346	Q40050
Q7439403	Q2095
Q7439696	Q2095
Q7439701	Q2095
Q743988	Q2095
Q7440353	Q2095
Q7440367	Q2095
Q7440625	Q2095
Q7441913	Q2095
Q7441924	Q2095
Q7442044	Q2095
Q7442947	Q2095
Q7442947	Q40050
Q7443933	Q2095
Q7443936	Q2095
Q7444112	Q2095
Q74441736	Q2095
Q744457	Q2095
Q744457	Q40050
Q7445643	Q2095
Q7446149	Q2095
Q74462045	Q2095
Q74465700	Q2095
Q7446661	Q2095
Q7446661	Q40050
Q7447115	Q2095
Q744729	Q2095
Q744729	Q40050
Q7447375	Q2095
Q7447857	Q2095
Q7447857	Q40050
Q744814	Q2095
Q7448729	Q2095
Q7448821	Q2095
Q744983	Q2095
Q744983	Q40050
Q7449844	Q2095
Q7450022	Q2095
Q745006	Q2095
Q7450947	Q2095
Q7451435	Q2095
Q7451435	Q40050
Q745306	Q2095
Q745306	Q40050
Q7453146	Q2095
Q7453146	Q40050
Q745361	Q2095
Q7455275	Q2095
Q7456013	Q2095
Q7456014	Q2095
Q7457071	Q2095
Q7457147	Q2095
Q7457546	Q2095
Q7458111	Q2095
Q745886	Q2095
Q745886	Q40050
Q745933	Q2095
Q745933	Q40050
Q7459660	Q2095
Q7459660	Q40050
Q7459736	Q2095
Q746	Q2095
Q746028	Q2095
Q746028	Q40050
Q7462596	Q2095
Q7462729	Q2095
Q746457	Q2095
Q746471	Q2095
Q746549	Q2095
Q74662248	Q2095
Q746638	Q2095
Q74663825	Q2095
Q747048	Q2095
Q747216	Q2095
Q747216	Q40050
Q747247	Q2095
Q747302	Q2095
Q747457	Q2095
Q747543	Q2095
Q7476075	Q2095
Q7476139	Q2095
Q7476252	Q2095
Q7480691	Q2095
Q74829570	Q2095
Q748611	Q2095
Q7487184	Q2095
Q7487537	Q2095
Q7487668	Q2095
Q7487668	Q40050
Q7487812	Q2095
Q748786	Q2095
Q7489821	Q2095
Q7490294	Q2095
Q7491078	Q2095
Q749121	Q2095
Q7492295	Q2095
Q7492817	Q2095
Q749316	Q2095
Q7493597	Q2095
Q749378	Q2095
Q7494615	Q2095
Q749499	Q2095
Q749554	Q2095
Q749593	Q2095
Q7496557	Q2095
Q7498930	Q2095
Q7499547	Q2095
Q749996	Q2095
Q749996	Q40050
Q7502086	Q2095
Q750291	Q2095
Q750291	Q40050
Q7503454	Q2095
Q7503723	Q2095
Q7504001	Q2095
Q7504005	Q2095
Q7504007	Q2095
Q7504448	Q2095
Q750464	Q2095
Q7504735	Q2095
Q7504735	Q40050
Q7504737	Q2095
Q7504737	Q40050
Q7505488	Q2095
Q7505488	Q40050
Q7505632	Q2095
Q7512818	Q2095
Q7512818	Q40050
Q7515082	Q2095
Q7515677	Q2095
Q751718	Q2095
Q751728	Q2095
Q7518047	Q2095
Q752006	Q2095
Q7521483	Q2095
Q7521483	Q40050
Q7522199	Q2095
Q752276	Q2095
Q752333	Q2095
Q752333	Q40050
Q7523638	Q2095
Q7523753	Q2095
Q7523753	Q40050
Q752388	Q2095
Q7523918	Q2095
Q7523918	Q40050
Q7524152	Q2095
Q7525342	Q2095
Q7525561	Q2095
Q7528243	Q2095
Q753009	Q2095
Q7530248	Q2095
Q753053	Q2095
Q753068	Q2095
Q753068	Q40050
Q753069	Q2095
Q753069	Q40050
Q7530884	Q2095
Q7532706	Q2095
Q7532706	Q40050
Q7533	Q2095
Q753438	Q2095
Q753438	Q40050
Q7534842	Q2095
Q7534842	Q40050
Q7535269	Q2095
Q7535940	Q2095
Q7535970	Q2095
Q7535970	Q40050
Q7536227	Q2095
Q7536310	Q2095
Q7537248	Q2095
Q7537991	Q2095
Q7538980	Q2095
Q753910	Q2095
Q7540	Q2095
Q7540223	Q2095
Q7540223	Q40050
Q7540240	Q2095
Q7541332	Q2095
Q7541369	Q2095
Q7541951	Q2095
Q7542234	Q2095
Q7543921	Q2095
Q7543921	Q40050
Q7545525	Q2095
Q7545918	Q2095
Q7545923	Q2095
Q7546029	Q2095
Q7546029	Q40050
Q7546870	Q2095
Q7546877	Q2095
Q7546879	Q2095
Q7546880	Q2095
Q7547340	Q2095
Q7547340	Q40050
Q7547731	Q2095
Q7547736	Q2095
Q7548310	Q2095
Q7548310	Q40050
Q7548366	Q2095
Q7548386	Q2095
Q7548429	Q2095
Q7548441	Q2095
Q7548441	Q40050
Q7549018	Q2095
Q7550050	Q2095
Q7550050	Q40050
Q7553206	Q2095
Q7553206	Q40050
Q755372	Q2095
Q7553969	Q2095
Q7554651	Q2095
Q7554655	Q2095
Q755730	Q2095
Q7557379	Q2095
Q756030	Q2095
Q7561112	Q2095
Q7562154	Q2095
Q7562723	Q2095
Q7562771	Q2095
Q7562813	Q2095
Q7562998	Q2095
Q7563795	Q2095
Q7563941	Q2095
Q7563941	Q40050
Q7564064	Q2095
Q7564388	Q2095
Q7565043	Q2095
Q7565044	Q2095
Q7565047	Q2095
Q7565056	Q2095
Q7565075	Q2095
Q7565077	Q2095
Q7565081	Q2095
Q7565081	Q40050
Q7565082	Q2095
Q7565223	Q2095
Q7565223	Q40050
Q756800	Q2095
Q7568465	Q2095
Q7568465	Q40050
Q7569685	Q2095
Q7570025	Q2095
Q7570647	Q2095
Q7571846	Q2095
Q7571989	Q2095
Q7571991	Q2095
Q7571993	Q2095
Q7572807	Q2095
Q7572829	Q2095
Q7573707	Q2095
Q7573707	Q40050
Q757388	Q2095
Q7575764	Q2095
Q7575764	Q40050
Q7576374	Q2095
Q7576924	Q2095
Q7576925	Q2095
Q7576926	Q2095
Q7577066	Q2095
Q7577098	Q2095
Q7577214	Q2095
Q7577214	Q40050
Q7577444	Q2095
Q7577944	Q2095
Q7578556	Q2095
Q7578994	Q2095
Q7579159	Q2095
Q7579200	Q2095
Q7579200	Q40050
Q7580785	Q2095
Q7580883	Q2095
Q7581326	Q2095
Q7581326	Q40050
Q7581884	Q2095
Q7581885	Q2095
Q7582229	Q2095
Q7582229	Q40050
Q7582255	Q2095
Q7582324	Q2095
Q7582349	Q2095
Q7582349	Q40050
Q75837360	Q2095
Q75837360	Q40050
Q7584248	Q2095
Q7584248	Q40050
Q75842745	Q2095
Q7587445	Q2095
Q7588247	Q2095
Q7588247	Q40050
Q7589550	Q2095
Q7589551	Q2095
Q7591284	Q2095
Q759180	Q2095
Q7592129	Q2095
Q7592129	Q40050
Q7595716	Q2095
Q759709	Q2095
Q759709	Q40050
Q7597428	Q2095
Q7597428	Q40050
Q7597455	Q2095
Q7601283	Q2095
Q7601887	Q2095
Q7603092	Q2095
Q7603092	Q40050
Q7605134	Q2095
Q7605234	Q2095
Q7605238	Q2095
Q7605240	Q2095
Q7605242	Q2095
Q7605251	Q2095
Q7605452	Q2095
Q7605458	Q2095
Q7605615	Q2095
Q7606723	Q2095
Q7607560	Q2095
Q7607560	Q40050
Q760826	Q2095
Q7608917	Q2095
Q761524	Q2095
Q7615686	Q2095
Q7615686	Q40050
Q7616232	Q2095
Q7616330	Q2095
Q7616334	Q2095
Q7617411	Q2095
Q7617411	Q40050
Q7617451	Q2095
Q7617523	Q2095
Q7617577	Q2095
Q7617577	Q40050
Q7619467	Q2095
Q7620063	Q2095
Q7620102	Q2095
Q7620102	Q40050
Q7620316	Q2095
Q7620532	Q2095
Q7620543	Q2095
Q7620632	Q2095
Q7622416	Q2095
Q7622520	Q2095
Q7622520	Q40050
Q7622523	Q2095
Q762285	Q2095
Q7622867	Q2095
Q7622867	Q40050
Q7623197	Q2095
Q7624099	Q2095
Q7628544	Q2095
Q7628546	Q2095
Q7628547	Q2095
Q7629101	Q2095
Q7629815	Q2095
Q7630428	Q2095
Q7630441	Q2095
Q7630465	Q2095
Q7630489	Q2095
Q7633290	Q2095
Q7633290	Q40050
Q7634410	Q2095
Q7634940	Q2095
Q7634947	Q2095
Q7634957	Q2095
Q7635250	Q2095
Q7635866	Q2095
Q763607	Q2095
Q763607	Q40050
Q7636918	Q2095
Q7637782	Q2095
Q7638232	Q2095
Q7638256	Q2095
Q7638256	Q40050
Q7638279	Q2095
Q7638279	Q40050
Q763843	Q2095
Q7638891	Q2095
Q7639015	Q2095
Q7639844	Q2095
Q7639844	Q40050
Q7640037	Q2095
Q7640203	Q2095
Q7641198	Q2095
Q7641870	Q2095
Q7642047	Q2095
Q7642225	Q2095
Q7642843	Q2095
Q7642843	Q40050
Q764375	Q2095
Q7643760	Q2095
Q7643760	Q40050
Q7643870	Q2095
Q7648934	Q2095
Q7649145	Q2095
Q7649145	Q40050
Q7649445	Q2095
Q7649445	Q40050
Q7649469	Q2095
Q7649523	Q2095
Q7649523	Q40050
Q7649699	Q2095
Q7650627	Q2095
Q7651819	Q2095
Q7651819	Q40050
Q765257	Q2095
Q7654273	Q2095
Q7654664	Q2095
Q7654913	Q2095
Q7654913	Q40050
Q7655064	Q2095
Q7655146	Q2095
Q765540	Q2095
Q7655616	Q2095
Q7655635	Q2095
Q7655664	Q2095
Q765604	Q2095
Q765604	Q40050
Q7659105	Q2095
Q7659105	Q40050
Q76605	Q2095
Q7661457	Q2095
Q766148	Q2095
Q766148	Q40050
Q7663535	Q2095
Q7664181	Q2095
Q7666293	Q2095
Q7666293	Q40050
Q7666782	Q2095
Q766777	Q2095
Q7669301	Q2095
Q7669974	Q2095
Q7669974	Q40050
Q766999	Q2095
Q7670071	Q2095
Q7672839	Q2095
Q7672839	Q40050
Q7672843	Q2095
Q7672843	Q40050
Q7673579	Q2095
Q7673974	Q2095
Q7673975	Q2095
Q76749327	Q2095
Q7675057	Q2095
Q7675482	Q2095
Q7675683	Q2095
Q767701	Q2095
Q767701	Q40050
Q767765	Q2095
Q7678747	Q2095
Q767952	Q2095
Q767956	Q2095
Q7680375	Q2095
Q7680708	Q2095
Q7680947	Q2095
Q768189	Q2095
Q768267	Q2095
Q7683183	Q2095
Q7683732	Q2095
Q7683732	Q40050
Q7684416	Q2095
Q7684875	Q2095
Q7684875	Q40050
Q76852346	Q2095
Q76853342	Q2095
Q768564	Q2095
Q7685734	Q2095
Q768596	Q2095
Q7686514	Q2095
Q7686515	Q2095
Q76872	Q2095
Q76876150	Q2095
Q7687656	Q2095
Q7688246	Q2095
Q7688246	Q40050
Q76883719	Q2095
Q7688659	Q2095
Q7689067	Q2095
Q7689600	Q2095
Q7691132	Q2095
Q7691137	Q2095
Q76928331	Q2095
Q7692890	Q2095
Q7694018	Q2095
Q7694231	Q2095
Q7694231	Q40050
Q7694913	Q2095
Q7694989	Q2095
Q7695264	Q2095
Q7695264	Q40050
Q7695361	Q2095
Q7695520	Q2095
Q769635	Q2095
Q769796	Q2095
Q7698832	Q2095
Q7698832	Q40050
Q7699650	Q2095
Q7700692	Q2095
Q770230	Q2095
Q770230	Q40050
Q770335	Q2095
Q77046413	Q2095
Q77046446	Q2095
Q770481	Q2095
Q7705355	Q2095
Q7707149	Q2095
Q7707203	Q2095
Q7707308	Q2095
Q7707906	Q2095
Q7708302	Q2095
Q7708302	Q40050
Q7709195	Q2095
Q7709199	Q2095
Q770977	Q2095
Q7710181	Q2095
Q77119653	Q2095
Q771456	Q2095
Q7716256	Q2095
Q7716256	Q40050
Q771636	Q2095
Q771636	Q40050
Q771786	Q2095
Q771786	Q40050
Q7719471	Q2095
Q7719471	Q40050
Q772326	Q2095
Q7723658	Q2095
Q7723658	Q40050
Q7724204	Q2095
Q772542	Q2095
Q772630	Q2095
Q773004	Q2095
Q77301399	Q2095
Q773255	Q2095
Q773568	Q2095
Q773568	Q40050
Q773695	Q2095
Q773895	Q2095
Q773987	Q2095
Q774085	Q2095
Q774278	Q2095
Q774297	Q2095
Q774415	Q2095
Q774629	Q2095
Q774629	Q40050
Q77469893	Q2095
Q7751894	Q2095
Q7751894	Q40050
Q775835	Q2095
Q775943	Q2095
Q775950	Q2095
Q775950	Q40050
Q776025	Q2095
Q776180	Q2095
Q776180	Q40050
Q776647	Q2095
Q776758	Q2095
Q776795	Q2095
Q776904	Q2095
Q777487	Q2095
Q777721	Q2095
Q777721	Q40050
Q7777747	Q2095
Q777797	Q2095
Q7780958	Q2095
Q7780996	Q2095
Q7781013	Q2095
Q7781394	Q2095
Q7782517	Q2095
Q778383	Q2095
Q778383	Q40050
Q7783942	Q2095
Q7783942	Q40050
Q778396	Q2095
Q7784272	Q2095
Q7784634	Q2095
Q7785144	Q2095
Q7785144	Q40050
Q778524	Q2095
Q778524	Q40050
Q7786774	Q2095
Q779589	Q2095
Q7797572	Q2095
Q7797572	Q40050
Q7797675	Q2095
Q7797675	Q40050
Q7797809	Q2095
Q7797917	Q2095
Q7797917	Q40050
Q779839	Q2095
Q779839	Q40050
Q7798533	Q2095
Q7798533	Q40050
Q779858	Q2095
Q779858	Q40050
Q7798847	Q2095
Q7799954	Q2095
Q7800152	Q2095
Q7800426	Q2095
Q7800426	Q40050
Q780050	Q2095
Q780059	Q2095
Q780059	Q40050
Q7801005	Q2095
Q7801005	Q40050
Q780115	Q2095
Q7801277	Q2095
Q7801404	Q2095
Q7801404	Q40050
Q7801531	Q2095
Q7801992	Q2095
Q7801992	Q40050
Q7802	Q2095
Q7802141	Q2095
Q7802170	Q2095
Q7804593	Q2095
Q7805061	Q2095
Q780593	Q2095
Q780593	Q40050
Q7806915	Q2095
Q7807845	Q2095
Q7808000	Q2095
Q7808111	Q2095
Q7808111	Q40050
Q780827	Q2095
Q7808550	Q2095
Q7808813	Q2095
Q7808983	Q2095
Q7809258	Q2095
Q7810735	Q2095
Q7811410	Q2095
Q7811415	Q2095
Q7811421	Q2095
Q7811424	Q2095
Q7811427	Q2095
Q781150	Q2095
Q7812757	Q2095
Q7812757	Q40050
Q7813014	Q2095
Q7813019	Q2095
Q7813645	Q2095
Q7813783	Q2095
Q78139581	Q2095
Q7818195	Q2095
Q7818540	Q2095
Q7818554	Q2095
Q7818558	Q2095
Q7818561	Q2095
Q7818563	Q2095
Q7818565	Q2095
Q7818568	Q2095
Q7820827	Q2095
Q7821233	Q2095
Q7821233	Q40050
Q7821525	Q2095
Q782215	Q2095
Q782215	Q40050
Q782390	Q2095
Q782390	Q40050
Q7824016	Q2095
Q7824016	Q40050
Q7824018	Q2095
Q7824018	Q40050
Q7824729	Q2095
Q7824875	Q2095
Q7825094	Q2095
Q7825483	Q2095
Q7825801	Q2095
Q7825830	Q2095
Q7825830	Q40050
Q7827056	Q2095
Q7827056	Q40050
Q782709	Q2095
Q7827281	Q2095
Q7827283	Q2095
Q7827298	Q2095
Q7827300	Q2095
Q7827307	Q2095
Q7827887	Q2095
Q782794	Q2095
Q7827948	Q2095
Q7828366	Q2095
Q7828466	Q2095
Q782901	Q2095
Q782901	Q40050
Q7829427	Q2095
Q78295261	Q2095
Q7830996	Q2095
Q7830996	Q40050
Q7831549	Q2095
Q7832331	Q2095
Q7832353	Q2095
Q78349957	Q2095
Q7835514	Q2095
Q7836057	Q2095
Q7836551	Q2095
Q7836557	Q2095
Q783828	Q2095
Q7838701	Q2095
Q7838701	Q40050
Q7838713	Q2095
Q7838713	Q40050
Q7841929	Q2095
Q7841929	Q40050
Q784230	Q2095
Q784230	Q40050
Q7843249	Q2095
Q7843487	Q2095
Q7843487	Q40050
Q7843687	Q2095
Q784378	Q2095
Q7843946	Q2095
Q7843969	Q2095
Q7844698	Q2095
Q7846247	Q2095
Q7846247	Q40050
Q7846256	Q2095
Q7847221	Q2095
Q7847623	Q2095
Q7849240	Q2095
Q7849346	Q2095
Q7850109	Q2095
Q7850498	Q2095
Q7850578	Q2095
Q7850578	Q40050
Q7850912	Q2095
Q7850912	Q40050
Q7852794	Q2095
Q7852883	Q2095
Q7853042	Q2095
Q7853042	Q40050
Q7853129	Q2095
Q7855146	Q2095
Q7856106	Q2095
Q7856139	Q2095
Q7858075	Q2095
Q7858438	Q2095
Q7858456	Q2095
Q78619741	Q2095
Q7862187	Q2095
Q7862187	Q40050
Q7862790	Q2095
Q7862914	Q2095
Q787325	Q2095
Q787325	Q40050
Q7878345	Q2095
Q7878345	Q40050
Q7878708	Q2095
Q78787699	Q2095
Q7879663	Q2095
Q7880109	Q2095
Q7880109	Q40050
Q7880533	Q2095
Q7880533	Q40050
Q7880976	Q2095
Q7880976	Q40050
Q788124	Q2095
Q7881726	Q2095
Q7882068	Q2095
Q788297	Q2095
Q788297	Q40050
Q788412	Q2095
Q7884696	Q2095
Q7884766	Q2095
Q788511	Q2095
Q788511	Q40050
Q7885904	Q2095
Q7885985	Q2095
Q788624	Q2095
Q788624	Q40050
Q7888536	Q2095
Q7888536	Q40050
Q7888790	Q2095
Q7888790	Q40050
Q7889954	Q2095
Q7889954	Q40050
Q7892	Q2095
Q7892	Q40050
Q789220	Q2095
Q789220	Q40050
Q7892214	Q2095
Q7897138	Q2095
Q7897181	Q2095
Q7898449	Q2095
Q7898449	Q40050
Q7899264	Q2095
Q7899395	Q2095
Q789960	Q2095
Q789960	Q40050
Q7900350	Q2095
Q7900460	Q2095
Q7900460	Q40050
Q7902544	Q2095
Q7902544	Q40050
Q7902573	Q2095
Q7903559	Q2095
Q790433	Q2095
Q79051355	Q2095
Q79051572	Q2095
Q79059164	Q2095
Q790615	Q2095
Q790615	Q40050
Q7906389	Q2095
Q7906389	Q40050
Q79075787	Q2095
Q7907710	Q2095
Q7907710	Q40050
Q790813	Q2095
Q790813	Q40050
Q7909361	Q2095
Q7909361	Q40050
Q7910669	Q2095
Q7911955	Q2095
Q7911955	Q40050
Q7913356	Q2095
Q7913356	Q40050
Q7914935	Q2095
Q7914935	Q40050
Q7917411	Q2095
Q7917411	Q40050
Q7917892	Q2095
Q791790	Q2095
Q7918241	Q2095
Q7918284	Q2095
Q7918342	Q2095
Q7918345	Q2095
Q7918388	Q2095
Q7918388	Q40050
Q7918915	Q2095
Q7919370	Q2095
Q7919751	Q2095
Q7920176	Q2095
Q7920176	Q40050
Q792104	Q2095
Q7922309	Q2095
Q7922309	Q40050
Q7923070	Q2095
Q7923070	Q40050
Q7923330	Q2095
Q7923330	Q40050
Q7926542	Q2095
Q7926542	Q40050
Q7928372	Q2095
Q7928654	Q2095
Q7928654	Q40050
Q7928657	Q2095
Q7928683	Q2095
Q7928683	Q40050
Q7930068	Q2095
Q7930068	Q40050
Q7930976	Q2095
Q7930976	Q40050
Q7931336	Q2095
Q7931336	Q40050
Q7931338	Q2095
Q7931338	Q40050
Q7931347	Q2095
Q7932706	Q2095
Q7932706	Q40050
Q7932709	Q2095
Q7932709	Q40050
Q7932711	Q2095
Q7932711	Q40050
Q7932918	Q2095
Q7935677	Q2095
Q79357191	Q2095
Q79357191	Q40050
Q7936678	Q2095
Q7936743	Q2095
Q7936743	Q40050
Q7936943	Q2095
Q7936943	Q40050
Q7937441	Q2095
Q7937441	Q40050
Q793831	Q2095
Q793831	Q40050
Q7939018	Q2095
Q7939314	Q2095
Q7939314	Q40050
Q7939317	Q2095
Q7939317	Q40050
Q7939319	Q2095
Q7939319	Q40050
Q7939321	Q2095
Q79433149	Q2095
Q79437662	Q2095
Q795145	Q2095
Q795145	Q40050
Q7951607	Q2095
Q7951607	Q40050
Q795206	Q2095
Q7958828	Q2095
Q7959431	Q2095
Q7959444	Q2095
Q7959466	Q2095
Q7959656	Q2095
Q7961619	Q2095
Q796185	Q2095
Q796270	Q2095
Q7963023	Q2095
Q7963703	Q2095
Q796515	Q2095
Q796515	Q40050
Q796758	Q2095
Q7967970	Q2095
Q7972979	Q2095
Q7973452	Q2095
Q7973774	Q2095
Q7973774	Q40050
Q7974996	Q2095
Q7975739	Q2095
Q797592	Q2095
Q7976957	Q2095
Q797734	Q2095
Q7978035	Q2095
Q797880	Q2095
Q7979629	Q2095
Q7979691	Q2095
Q797971	Q2095
Q798358	Q2095
Q798409	Q2095
Q798414	Q2095
Q798459	Q2095
Q798465	Q2095
Q798476	Q2095
Q7984781	Q2095
Q7984781	Q40050
Q7988517	Q2095
Q7990027	Q2095
Q7991676	Q2095
Q7991827	Q2095
Q7991838	Q2095
Q7991845	Q2095
Q7991845	Q40050
Q7991857	Q2095
Q7992569	Q2095
Q7993911	Q2095
Q7993911	Q40050
Q7994065	Q2095
Q7994065	Q40050
Q7994590	Q2095
Q7994590	Q40050
Q7995003	Q2095
Q7995003	Q40050
Q7995078	Q2095
Q7995078	Q40050
Q7995241	Q2095
Q7995577	Q2095
Q7995632	Q2095
Q7995660	Q2095
Q7995704	Q2095
Q7995732	Q2095
Q7996571	Q2095
Q7996571	Q40050
Q799722	Q2095
Q7997934	Q2095
Q7997934	Q40050
Q7998075	Q2095
Q7998224	Q2095
Q79984864	Q2095
Q799938	Q2095
Q80008054	Q2095
Q80024	Q2095
Q8010363	Q2095
Q80114014	Q2095
Q80114014	Q40050
Q8013024	Q2095
Q8015507	Q2095
Q8015507	Q40050
Q8017486	Q2095
Q8018130	Q2095
Q80238	Q2095
Q80238	Q40050
Q8024918	Q2095
Q8024931	Q2095
Q8024931	Q40050
Q8025241	Q2095
Q8025439	Q2095
Q8025439	Q40050
Q8026397	Q2095
Q8026397	Q40050
Q8026408	Q2095
Q8027512	Q2095
Q8027512	Q40050
Q8029804	Q2095
Q8031730	Q2095
Q8031737	Q2095
Q8032131	Q2095
Q8032131	Q40050
Q80359036	Q2095
Q80359036	Q40050
Q8037448	Q2095
Q8039094	Q2095
Q8040160	Q2095
Q8040420	Q2095
Q8040420	Q40050
Q8042527	Q2095
Q8042527	Q40050
Q8042825	Q2095
Q804297	Q2095
Q8044057	Q2095
Q804411	Q2095
Q8044248	Q2095
Q8044895	Q2095
Q8045571	Q2095
Q8047029	Q2095
Q8047551	Q2095
Q8048182	Q2095
Q8048811	Q2095
Q8050608	Q2095
Q8050608	Q40050
Q8051845	Q2095
Q8051845	Q40050
Q8051898	Q2095
Q8051909	Q2095
Q8051963	Q2095
Q8052488	Q2095
Q805344	Q2095
Q8053485	Q2095
Q8053692	Q2095
Q8054256	Q2095
Q8054788	Q2095
Q8054788	Q40050
Q8054945	Q2095
Q8055450	Q2095
Q8055480	Q2095
Q8055510	Q2095
Q8055639	Q2095
Q8055913	Q2095
Q8056633	Q2095
Q8057883	Q2095
Q8059130	Q2095
Q805934	Q2095
Q8059414	Q2095
Q805957	Q2095
Q8060727	Q2095
Q8060829	Q2095
Q8060829	Q40050
Q806097	Q2095
Q806099	Q2095
Q8061020	Q2095
Q8061308	Q2095
Q8061308	Q40050
Q806142	Q2095
Q8061747	Q2095
Q8062539	Q2095
Q8062539	Q40050
Q8063033	Q2095
Q8063131	Q2095
Q80632571	Q2095
Q8064278	Q2095
Q8064401	Q2095
Q8066663	Q2095
Q80680	Q2095
Q80680	Q40050
Q806839	Q2095
Q8068822	Q2095
Q806901	Q2095
Q807022	Q2095
Q807022	Q40050
Q8070891	Q2095
Q8071237	Q2095
Q8071237	Q40050
Q8071892	Q2095
Q8072396	Q2095
Q8074583	Q2095
Q8074890	Q2095
Q8075336	Q2095
Q8076477	Q2095
Q8077757	Q2095
Q807791	Q2095
Q8078183	Q2095
Q808102	Q2095
Q808158	Q2095
Q80816928	Q2095
Q808177	Q2095
Q8082716	Q2095
Q808329	Q2095
Q808329	Q40050
Q80923686	Q2095
Q80933664	Q2095
Q8097583	Q2095
Q81	Q2095
Q8103680	Q2095
Q81039705	Q2095
Q810821	Q2095
Q810821	Q40050
Q81101796	Q2095
Q811663	Q2095
Q812274	Q2095
Q812607	Q2095
Q81309659	Q2095
Q813423	Q2095
Q81413031	Q2095
Q81413031	Q40050
Q81464	Q2095
Q81467512	Q2095
Q81467512	Q40050
Q814709	Q2095
Q815036	Q2095
Q815080	Q2095
Q81513	Q2095
Q815258	Q2095
Q815258	Q40050
Q81527332	Q2095
Q81527332	Q40050
Q81528703	Q2095
Q81528703	Q40050
Q81529494	Q2095
Q81529568	Q2095
Q815740	Q2095
Q815898	Q2095
Q815994	Q2095
Q815994	Q40050
Q81609071	Q2095
Q81615085	Q2095
Q81621279	Q2095
Q81621610	Q2095
Q816263	Q2095
Q816263	Q40050
Q81644948	Q2095
Q816663	Q2095
Q816704	Q2095
Q816851	Q2095
Q81706429	Q2095
Q81720396	Q2095
Q817282	Q2095
Q81799	Q2095
Q8182917	Q2095
Q8182917	Q40050
Q818674	Q2095
Q8186982	Q2095
Q818763	Q2095
Q81902	Q2095
Q8191952	Q2095
Q8193047	Q2095
Q8193047	Q40050
Q8193759	Q2095
Q8193769	Q2095
Q8194132	Q2095
Q8195619	Q2095
Q8196212	Q2095
Q8199534	Q2095
Q8202235	Q2095
Q8202235	Q40050
Q8204793	Q2095
Q8204793	Q40050
Q8205076	Q2095
Q8205079	Q2095
Q8205081	Q2095
Q8205083	Q2095
Q8205104	Q2095
Q8208640	Q2095
Q8210687	Q2095
Q821220	Q2095
Q821353	Q2095
Q821440	Q2095
Q821733	Q2095
Q822331	Q2095
Q822331	Q40050
Q822810	Q2095
Q82330310	Q2095
Q8239266	Q2095
Q8245014	Q2095
Q8245118	Q2095
Q824529	Q2095
Q824529	Q40050
Q824543	Q2095
Q8245687	Q2095
Q8247846	Q2095
Q8249032	Q2095
Q8249805	Q2095
Q82509	Q2095
Q8253265	Q2095
Q8254878	Q2095
Q8254878	Q40050
Q82550420	Q2095
Q8255086	Q2095
Q82551888	Q2095
Q8255731	Q2095
Q826008	Q2095
Q826008	Q40050
Q826031	Q2095
Q8261178	Q2095
Q8261178	Q40050
Q8261964	Q2095
Q8261964	Q40050
Q826886	Q2095
Q826908	Q2095
Q826908	Q40050
Q8273377	Q2095
Q8273377	Q40050
Q82751912	Q2095
Q82753397	Q2095
Q827654	Q2095
Q827654	Q40050
Q828043	Q2095
Q82813109	Q2095
Q82813203	Q2095
Q828135	Q2095
Q828135	Q40050
Q829243	Q2095
Q829720	Q2095
Q83109167	Q2095
Q83109167	Q40050
Q83113635	Q2095
Q83113635	Q40050
Q83119243	Q2095
Q83119243	Q40050
Q83120337	Q2095
Q83121681	Q2095
Q83121681	Q40050
Q83124	Q2095
Q83129339	Q2095
Q83131350	Q2095
Q83132875	Q2095
Q83133346	Q2095
Q83133346	Q40050
Q83133667	Q2095
Q83134582	Q2095
Q831381	Q2095
Q83138352	Q2095
Q83138614	Q2095
Q83138870	Q2095
Q83140617	Q2095
Q83145795	Q2095
Q83146455	Q2095
Q83162316	Q2095
Q83164175	Q2095
Q83165294	Q2095
Q83193	Q2095
Q83213524	Q2095
Q832338	Q2095
Q832472	Q2095
Q832472	Q40050
Q832480	Q2095
Q832791	Q2095
Q833503	Q2095
Q83363028	Q2095
Q83363036	Q2095
Q833872	Q2095
Q833872	Q40050
Q83397433	Q2095
Q83421521	Q2095
Q83423428	Q2095
Q8344723	Q2095
Q83452931	Q2095
Q8345423	Q2095
Q8345497	Q2095
Q8345498	Q2095
Q834563	Q2095
Q8347366	Q2095
Q8347369	Q2095
Q8347371	Q2095
Q8347373	Q2095
Q8347377	Q2095
Q8347391	Q2095
Q8347396	Q2095
Q8347402	Q2095
Q8347402	Q40050
Q8350961	Q2095
Q8350961	Q40050
Q835336	Q2095
Q83539	Q2095
Q83539	Q40050
Q835553	Q2095
Q835553	Q40050
Q8356488	Q2095
Q835806	Q2095
Q835806	Q40050
Q835895	Q2095
Q83603766	Q2095
Q836151	Q2095
Q83629834	Q2095
Q83629953	Q2095
Q83630324	Q2095
Q836538	Q2095
Q83669091	Q2095
Q836692	Q2095
Q836692	Q40050
Q836773	Q2095
Q836891	Q2095
Q837194	Q2095
Q837207	Q2095
Q83733557	Q2095
Q837341	Q2095
Q83734587	Q2095
Q837353	Q2095
Q837480	Q2095
Q83756161	Q2095
Q83759789	Q2095
Q837620	Q2095
Q837647	Q2095
Q83765276	Q2095
Q83768208	Q2095
Q83788660	Q2095
Q83796190	Q2095
Q83796190	Q40050
Q838052	Q2095
Q838099	Q2095
Q838099	Q40050
Q838205	Q2095
Q83822687	Q2095
Q83834065	Q2095
Q838462	Q2095
Q838651	Q2095
Q838651	Q40050
Q838835	Q2095
Q83919285	Q2095
Q839206	Q2095
Q839207	Q2095
Q839207	Q40050
Q839275	Q2095
Q839492	Q2095
Q839492	Q40050
Q839910	Q2095
Q840171	Q2095
Q840171	Q40050
Q8401949	Q2095
Q8401949	Q40050
Q840392	Q2095
Q840448	Q2095
Q8410950	Q2095
Q841156	Q2095
Q841470	Q2095
Q841543	Q2095
Q841774	Q2095
Q841774	Q40050
Q841779	Q2095
Q841779	Q40050
Q841908	Q2095
Q842052	Q2095
Q842052	Q40050
Q842376	Q2095
Q842384	Q2095
Q84239181	Q2095
Q84239181	Q40050
Q842566	Q2095
Q842618	Q2095
Q8427059	Q2095
Q8427059	Q40050
Q84284426	Q2095
Q84284426	Q40050
Q842922	Q2095
Q843252	Q2095
Q843549	Q2095
Q84356015	Q2095
Q84356015	Q40050
Q84356539	Q2095
Q84356539	Q40050
Q843597	Q2095
Q843597	Q40050
Q843795	Q2095
Q843884	Q2095
Q844029	Q2095
Q844144	Q2095
Q84431525	Q2095
Q84435149	Q2095
Q844466	Q2095
Q844467	Q2095
Q844467	Q40050
Q84457858	Q2095
Q84458251	Q2095
Q844606	Q2095
Q844765	Q2095
Q8451249	Q2095
Q8451249	Q40050
Q845356	Q2095
Q845356	Q40050
Q845361	Q2095
Q845367	Q2095
Q84561722	Q2095
Q84561780	Q2095
Q84561781	Q2095
Q84561796	Q2095
Q84562176	Q2095
Q84570068	Q2095
Q84573706	Q2095
Q84573712	Q2095
Q84573718	Q2095
Q84573720	Q2095
Q84573722	Q2095
Q84574093	Q2095
Q8459791	Q2095
Q84598202	Q2095
Q84598217	Q2095
Q84602282	Q2095
Q846310	Q2095
Q846332	Q2095
Q846376	Q2095
Q846581	Q2095
Q846849	Q2095
Q84699861	Q2095
Q847245	Q2095
Q84726464	Q2095
Q84726471	Q2095
Q84726478	Q2095
Q84726495	Q2095
Q84727568	Q2095
Q84727606	Q2095
Q847441	Q2095
Q84751474	Q2095
Q84751790	Q2095
Q84751894	Q2095
Q84751932	Q2095
Q84759802	Q2095
Q848104	Q2095
Q848104	Q40050
Q848331	Q2095
Q848380	Q2095
Q8484030	Q2095
Q848518	Q2095
Q848518	Q40050
Q84852864	Q2095
Q84852864	Q40050
Q84852867	Q2095
Q8486	Q2095
Q8486	Q40050
Q84871014	Q2095
Q848779	Q2095
Q848779	Q40050
Q848957	Q2095
Q849058	Q2095
Q8492	Q2095
Q8492	Q40050
Q849290	Q2095
Q849290	Q40050
Q84937963	Q2095
Q8495	Q2095
Q8495	Q40050
Q84951135	Q2095
Q84951135	Q40050
Q84955182	Q2095
Q849816	Q2095
Q849852	Q2095
Q849852	Q40050
Q85065199	Q2095
Q851195	Q2095
Q851243	Q2095
Q851245	Q2095
Q851384	Q2095
Q851408	Q2095
Q851428	Q2095
Q85158360	Q2095
Q85158360	Q40050
Q851714	Q2095
Q851734	Q2095
Q851746	Q2095
Q85209885	Q2095
Q85209885	Q40050
Q852261	Q2095
Q85234272	Q2095
Q852576	Q2095
Q85291571	Q2095
Q85291571	Q40050
Q8529545	Q2095
Q85313596	Q2095
Q85313596	Q40050
Q85428376	Q2095
Q854342	Q2095
Q854629	Q2095
Q854629	Q40050
Q854904	Q2095
Q855130	Q2095
Q855131	Q2095
Q855168	Q2095
Q855373	Q2095
Q855481	Q2095
Q855494	Q2095
Q855535	Q2095
Q855535	Q40050
Q855891	Q2095
Q855891	Q40050
Q85592387	Q2095
Q855956	Q2095
Q85630768	Q2095
Q856330	Q2095
Q8563413	Q2095
Q8564073	Q2095
Q856453	Q2095
Q856669	Q2095
Q856712	Q2095
Q856712	Q40050
Q856717	Q2095
Q8567266	Q2095
Q856775	Q2095
Q856883	Q2095
Q856899	Q2095
Q857162	Q2095
Q85735249	Q2095
Q85740125	Q2095
Q85745394	Q2095
Q85745517	Q2095
Q85745517	Q40050
Q85745597	Q2095
Q85747085	Q2095
Q85747391	Q2095
Q85747395	Q2095
Q85748179	Q2095
Q85748333	Q2095
Q85748980	Q2095
Q85749389	Q2095
Q85749389	Q40050
Q85751421	Q2095
Q85753266	Q2095
Q85753266	Q40050
Q85757492	Q2095
Q85758017	Q2095
Q85764353	Q2095
Q85764353	Q40050
Q85765579	Q2095
Q85769502	Q2095
Q85769502	Q40050
Q857701	Q2095
Q857701	Q40050
Q85771170	Q2095
Q85772622	Q2095
Q85774543	Q2095
Q85775061	Q2095
Q85775540	Q2095
Q857770	Q2095
Q857770	Q40050
Q857796	Q2095
Q857796	Q40050
Q85782503	Q2095
Q85784501	Q2095
Q85784549	Q2095
Q85784604	Q2095
Q85785118	Q2095
Q85785118	Q40050
Q85788281	Q2095
Q85789410	Q2095
Q85789437	Q2095
Q85790786	Q2095
Q85791787	Q2095
Q85792219	Q2095
Q85792397	Q2095
Q85793479	Q2095
Q85795693	Q2095
Q857992	Q2095
Q85799513	Q2095
Q85801592	Q2095
Q85801592	Q40050
Q85802587	Q2095
Q858029	Q2095
Q858029	Q40050
Q85803497	Q2095
Q858049	Q2095
Q858049	Q40050
Q85811088	Q2095
Q85815179	Q2095
Q858175	Q2095
Q85818437	Q2095
Q858339	Q2095
Q858345	Q2095
Q85847312	Q2095
Q85854505	Q2095
Q85854505	Q40050
Q858627	Q2095
Q85864444	Q2095
Q85864444	Q40050
Q85868902	Q2095
Q85869105	Q2095
Q85869110	Q2095
Q85869180	Q2095
Q85870327	Q2095
Q85870327	Q40050
Q85870410	Q2095
Q85877744	Q2095
Q85877744	Q40050
Q85879263	Q2095
Q85879370	Q2095
Q85881644	Q2095
Q85881644	Q40050
Q85881727	Q2095
Q85882152	Q2095
Q85882742	Q2095
Q85884749	Q2095
Q85884814	Q2095
Q859553	Q2095
Q85970658	Q2095
Q85971666	Q2095
Q85972545	Q2095
Q85973066	Q2095
Q85975642	Q2095
Q85978196	Q2095
Q85979768	Q2095
Q85981048	Q2095
Q85981048	Q40050
Q85983197	Q2095
Q85988953	Q2095
Q85991120	Q2095
Q85996689	Q2095
Q859981	Q2095
Q86004645	Q2095
Q86005436	Q2095
Q86005436	Q40050
Q860465	Q2095
Q86058013	Q2095
Q860808	Q2095
Q86082469	Q2095
Q860985	Q2095
Q861189	Q2095
Q861293	Q2095
Q861304	Q2095
Q861974	Q2095
Q86240778	Q2095
Q862569	Q2095
Q862595	Q2095
Q862974	Q2095
Q863266	Q2095
Q863332	Q2095
Q863394	Q2095
Q863626	Q2095
Q863794	Q2095
Q863966	Q2095
Q864154	Q2095
Q864682	Q2095
Q864693	Q2095
Q865004	Q2095
Q865258	Q2095
Q865448	Q2095
Q865448	Q40050
Q865501	Q2095
Q865598	Q2095
Q865598	Q40050
Q865744	Q2095
Q865751	Q2095
Q865751	Q40050
Q865773	Q2095
Q865777	Q2095
Q865790	Q2095
Q86605265	Q2095
Q866153	Q2095
Q866432	Q2095
Q86658984	Q2095
Q86658984	Q40050
Q86659665	Q2095
Q86659931	Q2095
Q86660144	Q2095
Q86660958	Q2095
Q86660958	Q40050
Q866640	Q2095
Q86664445	Q2095
Q86665833	Q2095
Q866714	Q2095
Q86674159	Q2095
Q86674950	Q2095
Q86675276	Q2095
Q86681753	Q2095
Q86687104	Q2095
Q867060	Q2095
Q86724171	Q2095
Q86726090	Q2095
Q86726873	Q2095
Q86727050	Q2095
Q86727506	Q2095
Q86727506	Q40050
Q86728728	Q2095
Q86729099	Q2095
Q86730253	Q2095
Q86730942	Q2095
Q86730965	Q2095
Q86732278	Q2095
Q86732278	Q40050
Q86732805	Q2095
Q86733220	Q2095
Q86733449	Q2095
Q86734249	Q2095
Q86734341	Q2095
Q86734442	Q2095
Q86734442	Q40050
Q86735209	Q2095
Q86735784	Q2095
Q86735810	Q2095
Q86736710	Q2095
Q86736873	Q2095
Q86738279	Q2095
Q86740258	Q2095
Q86740452	Q2095
Q867426	Q2095
Q867426	Q40050
Q86744144	Q2095
Q86744358	Q2095
Q86744358	Q40050
Q86744723	Q2095
Q867610	Q2095
Q868130	Q2095
Q868130	Q40050
Q868158	Q2095
Q868184	Q2095
Q868612	Q2095
Q869080	Q2095
Q869086	Q2095
Q869100	Q2095
Q869167	Q2095
Q869366	Q2095
Q869617	Q2095
Q869660	Q2095
Q869700	Q2095
Q869714	Q2095
Q869722	Q2095
Q869733	Q2095
Q870187	Q2095
Q870362	Q2095
Q8705390	Q2095
Q87070201	Q2095
Q87070201	Q40050
Q871272	Q2095
Q87131222	Q2095
Q871619	Q2095
Q87175898	Q2095
Q871924	Q2095
Q871937	Q2095
Q871989	Q2095
Q871989	Q40050
Q872114	Q2095
Q872611	Q2095
Q872625	Q2095
Q8727818	Q2095
Q872828	Q2095
Q872869	Q2095
Q872939	Q2095
Q8729741	Q2095
Q873032	Q2095
Q87316441	Q2095
Q873336	Q2095
Q87354676	Q2095
Q87354676	Q40050
Q873699	Q2095
Q873761	Q2095
Q874031	Q2095
Q87408425	Q2095
Q87409576	Q2095
Q874203	Q2095
Q874203	Q40050
Q874390	Q2095
Q874397	Q2095
Q87451575	Q2095
Q87451575	Q40050
Q87482943	Q2095
Q875287	Q2095
Q875363	Q2095
Q87586487	Q2095
Q87586487	Q40050
Q87586496	Q2095
Q87586496	Q40050
Q87587369	Q2095
Q87587369	Q40050
Q87587755	Q2095
Q87587755	Q40050
Q87587764	Q2095
Q87587764	Q40050
Q87588378	Q2095
Q87588378	Q40050
Q87589378	Q2095
Q87589378	Q40050
Q87589380	Q2095
Q87589380	Q40050
Q87589389	Q2095
Q87589389	Q40050
Q87589396	Q2095
Q87589761	Q2095
Q87589761	Q40050
Q87590	Q2095
Q87590999	Q2095
Q87590999	Q40050
Q87591015	Q2095
Q87591025	Q2095
Q876150	Q2095
Q876624	Q2095
Q876740	Q2095
Q876781	Q2095
Q876892	Q2095
Q877072	Q2095
Q87720601	Q2095
Q87746352	Q2095
Q87746352	Q40050
Q87746385	Q2095
Q87746385	Q40050
Q87746423	Q2095
Q87746423	Q40050
Q87747243	Q2095
Q87747243	Q40050
Q87747252	Q2095
Q87747252	Q40050
Q877538	Q2095
Q877615	Q2095
Q877615	Q40050
Q8776319	Q2095
Q877661	Q2095
Q877661	Q40050
Q87768625	Q2095
Q87769626	Q2095
Q87777671	Q2095
Q877902	Q2095
Q877910	Q2095
Q877913	Q2095
Q877934	Q2095
Q877957	Q2095
Q878189	Q2095
Q878318	Q2095
Q87834609	Q2095
Q878624	Q2095
Q8786613	Q2095
Q8786613	Q40050
Q878765	Q2095
Q878961	Q2095
Q879005	Q2095
Q879074	Q2095
Q879085	Q2095
Q879085	Q40050
Q879133	Q2095
Q87919415	Q2095
Q87928460	Q2095
Q87987417	Q2095
Q88006009	Q2095
Q880562	Q2095
Q88079420	Q2095
Q881582	Q2095
Q881685	Q2095
Q881685	Q40050
Q881929	Q2095
Q88234918	Q2095
Q882576	Q2095
Q882723	Q2095
Q88293194	Q2095
Q88293194	Q40050
Q88293474	Q2095
Q88293474	Q40050
Q88293993	Q2095
Q88293993	Q40050
Q88295390	Q2095
Q88295390	Q40050
Q88296442	Q2095
Q88296442	Q40050
Q88297469	Q2095
Q88297469	Q40050
Q88298193	Q2095
Q88298193	Q40050
Q88298841	Q2095
Q88298841	Q40050
Q88299351	Q2095
Q88299351	Q40050
Q88300016	Q2095
Q88300016	Q40050
Q88300029	Q2095
Q88300029	Q40050
Q88300037	Q2095
Q88300037	Q40050
Q883002	Q2095
Q883031	Q2095
Q883138	Q2095
Q883138	Q40050
Q88359674	Q2095
Q883744	Q2095
Q883744	Q40050
Q883926	Q2095
Q883933	Q2095
Q883938	Q2095
Q883954	Q2095
Q884055	Q2095
Q884055	Q40050
Q88462839	Q2095
Q8847018	Q2095
Q884785	Q2095
Q884787	Q2095
Q885166	Q2095
Q885166	Q40050
Q885593	Q2095
Q885800	Q2095
Q885800	Q40050
Q886378	Q2095
Q886401	Q2095
Q886464	Q2095
Q886748	Q2095
Q886748	Q40050
Q886824	Q2095
Q886852	Q2095
Q887236	Q2095
Q887700	Q2095
Q888403	Q2095
Q88851632	Q2095
Q888720	Q2095
Q88979269	Q2095
Q89	Q2095
Q8901678	Q2095
Q890193	Q2095
Q890197	Q2095
Q890278	Q2095
Q890360	Q2095
Q890385	Q2095
Q890385	Q40050
Q89042729	Q2095
Q890833	Q2095
Q89096394	Q2095
Q891016	Q2095
Q89133629	Q2095
Q891437	Q2095
Q891825	Q2095
Q891825	Q40050
Q891834	Q2095
Q891834	Q40050
Q89189433	Q2095
Q891922	Q2095
Q89194144	Q2095
Q892249	Q2095
Q89267810	Q2095
Q89267810	Q40050
Q892700	Q2095
Q892772	Q2095
Q892772	Q40050
Q892806	Q2095
Q892806	Q40050
Q892899	Q2095
Q893	Q2095
Q893	Q40050
Q893306	Q2095
Q893318	Q2095
Q89370832	Q2095
Q89392143	Q2095
Q89392143	Q40050
Q89402220	Q2095
Q894045	Q2095
Q89406934	Q2095
Q894347	Q2095
Q894562	Q2095
Q89478577	Q2095
Q895009	Q2095
Q89505203	Q2095
Q89505203	Q40050
Q895066	Q2095
Q895167	Q2095
Q895177	Q2095
Q895255	Q2095
Q895261	Q2095
Q895283	Q2095
Q895629	Q2095
Q895678	Q2095
Q895789	Q2095
Q89588553	Q2095
Q89590905	Q2095
Q89590905	Q40050
Q896	Q2095
Q896	Q40050
Q896074	Q2095
Q8961074	Q2095
Q8961582	Q2095
Q8961585	Q2095
Q8961756	Q2095
Q8961917	Q2095
Q8962920	Q2095
Q8963371	Q2095
Q896362	Q2095
Q8963686	Q2095
Q89638559	Q2095
Q896436	Q2095
Q896508	Q2095
Q89656762	Q2095
Q89656762	Q40050
Q89670087	Q2095
Q89670087	Q40050
Q89670363	Q2095
Q89670363	Q40050
Q89677726	Q2095
Q896947	Q2095
Q897096	Q2095
Q897343	Q2095
Q897733	Q2095
Q897746	Q2095
Q897783	Q2095
Q89809821	Q2095
Q898344	Q2095
Q898745	Q2095
Q898753	Q2095
Q898765	Q2095
Q898835	Q2095
Q898982	Q2095
Q899150	Q2095
Q899150	Q40050
Q899218	Q2095
Q899392	Q2095
Q899519	Q2095
Q899561	Q2095
Q899640	Q2095
Q899688	Q2095
Q899696	Q2095
Q8998667	Q2095
Q899882	Q2095
Q899976	Q2095
Q89998432	Q2095
Q89999446	Q2095
Q89999451	Q2095
Q89999455	Q2095
Q89999458	Q2095
Q89999656	Q2095
Q89999678	Q2095
Q89999771	Q2095
Q89999776	Q2095
Q89999795	Q2095
Q89999799	Q2095
Q89999884	Q2095
Q89999895	Q2095
Q90000103	Q2095
Q90000772	Q2095
Q90000932	Q2095
Q90001011	Q2095
Q9002202	Q2095
Q90038960	Q2095
Q900440	Q2095
Q9004417	Q2095
Q9004419	Q2095
Q900450	Q2095
Q900450	Q40050
Q9004755	Q2095
Q9004755	Q40050
Q900534	Q2095
Q900660	Q2095
Q900660	Q40050
Q9008812	Q2095
Q901121	Q2095
Q9012336	Q2095
Q9012336	Q40050
Q901367	Q2095
Q901367	Q40050
Q9017170	Q2095
Q9017517	Q2095
Q9017755	Q2095
Q9018082	Q2095
Q9019810	Q2095
Q9021066	Q2095
Q9021066	Q40050
Q90224622	Q2095
Q902318	Q2095
Q902324	Q2095
Q902324	Q40050
Q9023478	Q2095
Q902582	Q2095
Q902582	Q40050
Q9026659	Q2095
Q902704	Q2095
Q9027344	Q2095
Q9027405	Q2095
Q9028324	Q2095
Q9028419	Q2095
Q9028481	Q2095
Q902887	Q2095
Q902887	Q40050
Q90331615	Q2095
Q9033787	Q2095
Q9033890	Q2095
Q9034677	Q2095
Q9035315	Q2095
Q903997	Q2095
Q904018	Q2095
Q904035	Q2095
Q90409158	Q2095
Q90409424	Q2095
Q90409424	Q40050
Q90409425	Q2095
Q90409425	Q40050
Q90410085	Q2095
Q90410092	Q2095
Q90410134	Q2095
Q904155	Q2095
Q90416374	Q2095
Q904185	Q2095
Q904625	Q2095
Q9046749	Q2095
Q904889	Q2095
Q90490178	Q2095
Q90490178	Q40050
Q905135	Q2095
Q905204	Q2095
Q9052149	Q2095
Q9053	Q2095
Q9054806	Q2095
Q9054907	Q2095
Q9054939	Q2095
Q9055021	Q2095
Q9055173	Q2095
Q9055174	Q2095
Q905527	Q2095
Q905532	Q2095
Q905532	Q40050
Q9056687	Q2095
Q9056689	Q2095
Q9056693	Q2095
Q9056699	Q2095
Q9056706	Q2095
Q9058863	Q2095
Q9059131	Q2095
Q9059385	Q2095
Q9060549	Q2095
Q9061039	Q2095
Q9061127	Q2095
Q9061127	Q40050
Q906141	Q2095
Q9061509	Q2095
Q906404	Q2095
Q9064694	Q2095
Q9064694	Q40050
Q906494	Q2095
Q906494	Q40050
Q9065151	Q2095
Q9065196	Q2095
Q9065206	Q2095
Q9065214	Q2095
Q9065215	Q2095
Q9065218	Q2095
Q9065225	Q2095
Q9065228	Q2095
Q9065235	Q2095
Q9065238	Q2095
Q9065242	Q2095
Q9065244	Q2095
Q906645	Q2095
Q906645	Q40050
Q906754	Q2095
Q9070819	Q2095
Q907289	Q2095
Q907289	Q40050
Q9075389	Q2095
Q907560	Q2095
Q907723	Q2095
Q9077681	Q2095
Q9078988	Q2095
Q9078990	Q2095
Q9079780	Q2095
Q908041	Q2095
Q908041	Q40050
Q9081965	Q2095
Q90822202	Q2095
Q9082318	Q2095
Q908304	Q2095
Q908311	Q2095
Q908560	Q2095
Q908679	Q2095
Q908679	Q40050
Q9087832	Q2095
Q908809	Q2095
Q908833	Q2095
Q9089148	Q2095
Q9089155	Q2095
Q9089179	Q2095
Q908963	Q2095
Q909013	Q2095
Q9090624	Q2095
Q9090648	Q2095
Q9090689	Q2095
Q9090689	Q40050
Q909377	Q2095
Q909385	Q2095
Q909415	Q2095
Q909415	Q40050
Q9094258	Q2095
Q9094258	Q40050
Q9094265	Q2095
Q9094265	Q40050
Q909432	Q2095
Q909438	Q2095
Q909463	Q2095
Q909643	Q2095
Q909649	Q2095
Q90965089	Q2095
Q909700	Q2095
Q909729	Q2095
Q909747	Q2095
Q909747	Q40050
Q909834	Q2095
Q90994555	Q2095
Q910095	Q2095
Q910515	Q2095
Q910645	Q2095
Q910645	Q40050
Q910656	Q2095
Q910958	Q2095
Q911117	Q2095
Q911332	Q2095
Q91159287	Q2095
Q911687	Q2095
Q911687	Q40050
Q911712	Q2095
Q911777	Q2095
Q911777	Q40050
Q911854	Q2095
Q912226	Q2095
Q91227121	Q2095
Q912472	Q2095
Q912502	Q2095
Q912502	Q40050
Q912522	Q2095
Q912613	Q2095
Q912666	Q2095
Q91294657	Q2095
Q91301321	Q2095
Q91301321	Q40050
Q91304643	Q2095
Q91304643	Q40050
Q91308789	Q2095
Q91308789	Q40050
Q91309693	Q2095
Q91309693	Q40050
Q91340011	Q2095
Q913548	Q2095
Q913986	Q2095
Q914538	Q2095
Q91466557	Q2095
Q91466557	Q40050
Q9151394	Q2095
Q91545570	Q2095
Q915783	Q2095
Q91642580	Q2095
Q91642580	Q40050
Q9166037	Q2095
Q9166039	Q2095
Q9167992	Q2095
Q916971	Q2095
Q917043	Q2095
Q917046	Q2095
Q917046	Q40050
Q917325	Q2095
Q917361	Q2095
Q917361	Q40050
Q9174337	Q2095
Q9174569	Q2095
Q9174569	Q40050
Q917574	Q2095
Q917646	Q2095
Q917761	Q2095
Q9178190	Q2095
Q9178579	Q2095
Q9178579	Q40050
Q9180753	Q2095
Q918148	Q2095
Q918216	Q2095
Q918446	Q2095
Q918446	Q40050
Q918483	Q2095
Q9185291	Q2095
Q91870835	Q2095
Q91892317	Q2095
Q9189800	Q2095
Q91903691	Q2095
Q91908928	Q2095
Q919101	Q2095
Q9191304	Q2095
Q9192209	Q2095
Q9192916	Q2095
Q919627	Q2095
Q9196977	Q2095
Q9196977	Q40050
Q9197055	Q2095
Q9197064	Q2095
Q919711	Q2095
Q919711	Q40050
Q9206290	Q2095
Q920658	Q2095
Q9207073	Q2095
Q9207544	Q2095
Q9207544	Q40050
Q920940	Q2095
Q92135274	Q2095
Q921560	Q2095
Q921560	Q40050
Q921623	Q2095
Q921623	Q40050
Q921630	Q2095
Q921706	Q2095
Q92180702	Q2095
Q92205302	Q2095
Q922429	Q2095
Q922721	Q2095
Q922874	Q2095
Q922874	Q40050
Q92298243	Q2095
Q923490	Q2095
Q923642	Q2095
Q923642	Q40050
Q92379373	Q2095
Q924164	Q2095
Q924164	Q40050
Q924403	Q2095
Q924689	Q2095
Q9249339	Q2095
Q9250284	Q2095
Q925031	Q2095
Q925031	Q40050
Q925359	Q2095
Q92541155	Q2095
Q92541155	Q40050
Q925437	Q2095
Q92570320	Q2095
Q92581152	Q2095
Q9258839	Q2095
Q9258839	Q40050
Q9260110	Q2095
Q9263566	Q2095
Q9263566	Q40050
Q9264214	Q2095
Q926500	Q2095
Q926532	Q2095
Q9266	Q2095
Q926892	Q2095
Q927281	Q2095
Q92743758	Q2095
Q92770363	Q2095
Q92770363	Q40050
Q927904	Q2095
Q927982	Q2095
Q928026	Q2095
Q928026	Q40050
Q9280616	Q2095
Q9282304	Q2095
Q928338	Q2095
Q9284035	Q2095
Q9285712	Q2095
Q9285712	Q40050
Q9287233	Q2095
Q92920482	Q2095
Q929276	Q2095
Q929276	Q40050
Q9293083	Q2095
Q929364	Q2095
Q9294302	Q2095
Q9298961	Q2095
Q9298961	Q40050
Q9300353	Q2095
Q9300353	Q40050
Q9301083	Q2095
Q9302048	Q2095
Q9302052	Q2095
Q930514	Q2095
Q930630	Q2095
Q931087	Q2095
Q931087	Q40050
Q931226	Q2095
Q931226	Q40050
Q93126485	Q2095
Q931367	Q2095
Q93145436	Q2095
Q93149118	Q2095
Q93165	Q2095
Q93167166	Q2095
Q93189	Q2095
Q931946	Q2095
Q931946	Q40050
Q932080	Q2095
Q93218170	Q2095
Q932214	Q2095
Q932231	Q2095
Q932314	Q2095
Q9323315	Q2095
Q9323477	Q2095
Q9323487	Q2095
Q9324242	Q2095
Q93258309	Q2095
Q932877	Q2095
Q932877	Q40050
Q93308096	Q2095
Q933433	Q2095
Q9335350	Q2095
Q9335353	Q2095
Q9335355	Q2095
Q9335367	Q2095
Q93355706	Q2095
Q9335663	Q2095
Q933644	Q2095
Q933644	Q40050
Q9338177	Q2095
Q9338752	Q2095
Q933898	Q2095
Q9339115	Q2095
Q9339642	Q2095
Q9339642	Q40050
Q9339746	Q2095
Q9339787	Q2095
Q9339787	Q40050
Q9340263	Q2095
Q934095	Q2095
Q934171	Q2095
Q934273	Q2095
Q934273	Q40050
Q934376	Q2095
Q93454336	Q2095
Q9346736	Q2095
Q9346736	Q40050
Q93470931	Q2095
Q9347928	Q2095
Q9348026	Q2095
Q9348026	Q40050
Q934874	Q2095
Q9350843	Q2095
Q9352835	Q2095
Q9354429	Q2095
Q9355861	Q2095
Q9355861	Q40050
Q93561941	Q2095
Q93561941	Q40050
Q9356605	Q2095
Q935807	Q2095
Q935937	Q2095
Q936040	Q2095
Q936040	Q40050
Q9361444	Q2095
Q9361444	Q40050
Q9361623	Q2095
Q9361923	Q2095
Q936218	Q2095
Q9362605	Q2095
Q936560	Q2095
Q936620	Q2095
Q9366979	Q2095
Q9368267	Q2095
Q937013	Q2095
Q937101	Q2095
Q937101	Q40050
Q93725616	Q2095
Q93731898	Q2095
Q9373906	Q2095
Q9376115	Q2095
Q9376115	Q40050
Q937783	Q2095
Q937783	Q40050
Q93778799	Q2095
Q93780992	Q2095
Q9378297	Q2095
Q937960	Q2095
Q938300	Q2095
Q938386	Q2095
Q9384666	Q2095
Q9384742	Q2095
Q9386405	Q2095
Q938682	Q2095
Q93878948	Q2095
Q93878948	Q40050
Q93879632	Q2095
Q93879642	Q2095
Q938806	Q2095
Q938806	Q40050
Q9391156	Q2095
Q9392039	Q2095
Q9392144	Q2095
Q9392148	Q2095
Q9392719	Q2095
Q9394546	Q2095
Q9394846	Q2095
Q9396921	Q2095
Q93980569	Q2095
Q940047	Q2095
Q940047	Q40050
Q94011	Q2095
Q94017	Q2095
Q94021	Q2095
Q940319	Q2095
Q940757	Q2095
Q940999	Q2095
Q941068	Q2095
Q941101	Q2095
Q941166	Q2095
Q941230	Q2095
Q94148482	Q2095
Q94148482	Q40050
Q941518	Q2095
Q94200211	Q2095
Q94200404	Q2095
Q94202532	Q2095
Q94203673	Q2095
Q94205988	Q2095
Q94208532	Q2095
Q94218682	Q2095
Q942335	Q2095
Q94263420	Q2095
Q94328264	Q2095
Q94328264	Q40050
Q94347107	Q2095
Q943696	Q2095
Q943935	Q2095
Q944170	Q2095
Q944170	Q40050
Q944240	Q2095
Q94449001	Q2095
Q944887	Q2095
Q944887	Q40050
Q945096	Q2095
Q94521665	Q2095
Q94521665	Q40050
Q94527984	Q2095
Q94531971	Q2095
Q945475	Q2095
Q945669	Q2095
Q94567	Q2095
Q94567	Q40050
Q945934	Q2095
Q94602184	Q2095
Q94606	Q2095
Q94642789	Q2095
Q94653181	Q2095
Q94653181	Q40050
Q94653828	Q2095
Q94653828	Q40050
Q94654588	Q2095
Q94787	Q2095
Q947971	Q2095
Q948039	Q2095
Q948084	Q2095
Q948084	Q40050
Q948244	Q2095
Q94835	Q2095
Q948429	Q2095
Q948460	Q2095
Q948994	Q2095
Q949619	Q2095
Q949619	Q40050
Q94962746	Q2095
Q94962774	Q2095
Q94962789	Q2095
Q94968509	Q2095
Q949948	Q2095
Q949948	Q40050
Q95000248	Q2095
Q950470	Q2095
Q950733	Q2095
Q950733	Q40050
Q951187	Q2095
Q951361	Q2095
Q951669	Q2095
Q951917	Q2095
Q951964	Q2095
Q952111	Q2095
Q952366	Q2095
Q952979	Q2095
Q953065	Q2095
Q953395	Q2095
Q9534887	Q2095
Q95370124	Q2095
Q95388739	Q2095
Q954122	Q2095
Q954166	Q2095
Q954166	Q40050
Q954266	Q2095
Q95433527	Q2095
Q954627	Q2095
Q95483920	Q2095
Q95483920	Q40050
Q95485555	Q2095
Q95485555	Q40050
Q95485593	Q2095
Q95485593	Q40050
Q9550356	Q2095
Q955309	Q2095
Q955779	Q2095
Q95582745	Q2095
Q95582745	Q40050
Q955945	Q2095
Q956024	Q2095
Q9560748	Q2095
Q95609376	Q2095
Q956137	Q2095
Q956379	Q2095
Q95639929	Q2095
Q956595	Q2095
Q95675193	Q2095
Q95682948	Q2095
Q957181	Q2095
Q957181	Q40050
Q95731490	Q2095
Q95733958	Q2095
Q957434	Q2095
Q9576217	Q2095
Q957696	Q2095
Q957776	Q2095
Q9580084	Q2095
Q9580107	Q2095
Q9580107	Q40050
Q958011	Q2095
Q958011	Q40050
Q95816459	Q2095
Q958214	Q2095
Q958233	Q2095
Q958759	Q2095
Q958760	Q2095
Q959359	Q2095
Q959359	Q40050
Q959362	Q2095
Q959362	Q40050
Q959390	Q2095
Q95950155	Q2095
Q959599	Q2095
Q95972493	Q2095
Q95974446	Q2095
Q95974685	Q2095
Q95974747	Q2095
Q95980535	Q2095
Q95985516	Q2095
Q95990169	Q2095
Q95994107	Q2095
Q95999057	Q2095
Q96000144	Q2095
Q96000155	Q2095
Q96000193	Q2095
Q96000290	Q2095
Q960047	Q2095
Q960047	Q40050
Q96006110	Q2095
Q960197	Q2095
Q960197	Q40050
Q96022079	Q2095
Q96031363	Q2095
Q96039977	Q2095
Q9604183	Q2095
Q96045946	Q2095
Q96050496	Q2095
Q96059139	Q2095
Q96063444	Q2095
Q960635	Q2095
Q96064581	Q2095
Q96067581	Q2095
Q9608833	Q2095
Q9608833	Q40050
Q96095589	Q2095
Q96096909	Q2095
Q96097894	Q2095
Q961051	Q2095
Q96110429	Q2095
Q96128235	Q2095
Q96131450	Q2095
Q96140286	Q2095
Q96145842	Q2095
Q96146836	Q2095
Q961769	Q2095
Q96177292	Q2095
Q96187267	Q2095
Q962033	Q2095
Q96207588	Q2095
Q962077	Q2095
Q962233	Q2095
Q96247306	Q2095
Q962611	Q2095
Q96262437	Q2095
Q96279728	Q2095
Q96279728	Q40050
Q96279745	Q2095
Q9628921	Q2095
Q962957	Q2095
Q9630815	Q2095
Q96312550	Q2095
Q96314848	Q2095
Q96318632	Q2095
Q96325269	Q2095
Q96332958	Q2095
Q963387	Q2095
Q963387	Q40050
Q96347634	Q2095
Q96361791	Q2095
Q96362076	Q2095
Q96362190	Q2095
Q96372042	Q2095
Q96372042	Q40050
Q96373297	Q2095
Q96373860	Q2095
Q96374929	Q2095
Q96380287	Q2095
Q96381959	Q2095
Q96381959	Q40050
Q96385320	Q2095
Q96386866	Q2095
Q96397067	Q2095
Q96398368	Q2095
Q96398368	Q40050
Q96398751	Q2095
Q96398751	Q40050
Q96398796	Q2095
Q96399316	Q2095
Q96402831	Q2095
Q96404818	Q2095
Q96406183	Q2095
Q96406183	Q40050
Q96409925	Q2095
Q96409925	Q40050
Q964107	Q2095
Q96410843	Q2095
Q96410843	Q40050
Q96413607	Q2095
Q96413607	Q40050
Q96418530	Q2095
Q964296	Q2095
Q9643274	Q2095
Q96440087	Q2095
Q964469	Q2095
Q964470	Q2095
Q964470	Q40050
Q96471573	Q2095
Q96472986	Q2095
Q96473865	Q2095
Q96475732	Q2095
Q9651365	Q2095
Q9653835	Q2095
Q965589	Q2095
Q9657134	Q2095
Q9657329	Q2095
Q96574764	Q2095
Q96577178	Q2095
Q9658011	Q2095
Q965981	Q2095
Q9660281	Q2095
Q96603132	Q2095
Q96603169	Q2095
Q96603248	Q2095
Q9660609	Q2095
Q9660636	Q2095
Q966178	Q2095
Q96626596	Q2095
Q96626640	Q2095
Q96626652	Q2095
Q96626660	Q2095
Q96626696	Q2095
Q96626696	Q40050
Q96626805	Q2095
Q96626810	Q2095
Q96626819	Q2095
Q96627014	Q2095
Q96627045	Q2095
Q96627047	Q2095
Q96627052	Q2095
Q96627057	Q2095
Q96627065	Q2095
Q96627066	Q2095
Q96627067	Q2095
Q96627072	Q2095
Q96627074	Q2095
Q96627075	Q2095
Q96627076	Q2095
Q96627078	Q2095
Q96627079	Q2095
Q96627080	Q2095
Q96627081	Q2095
Q96627082	Q2095
Q96627083	Q2095
Q96627084	Q2095
Q96627085	Q2095
Q96627086	Q2095
Q96627087	Q2095
Q96627088	Q2095
Q96627089	Q2095
Q96627090	Q2095
Q96627091	Q2095
Q96627092	Q2095
Q96627093	Q2095
Q96627094	Q2095
Q96627095	Q2095
Q96627096	Q2095
Q96627097	Q2095
Q96627099	Q2095
Q96627100	Q2095
Q96627101	Q2095
Q96627102	Q2095
Q96627104	Q2095
Q96627105	Q2095
Q96627106	Q2095
Q96627108	Q2095
Q96627109	Q2095
Q96627110	Q2095
Q96627111	Q2095
Q96627112	Q2095
Q96627113	Q2095
Q96627114	Q2095
Q96627116	Q2095
Q96627117	Q2095
Q96627118	Q2095
Q96627119	Q2095
Q96627120	Q2095
Q96627122	Q2095
Q96627123	Q2095
Q96627124	Q2095
Q96627126	Q2095
Q96627127	Q2095
Q96627128	Q2095
Q96627129	Q2095
Q96627130	Q2095
Q96627131	Q2095
Q96627132	Q2095
Q96627133	Q2095
Q96627134	Q2095
Q96627135	Q2095
Q96627137	Q2095
Q96627138	Q2095
Q96627139	Q2095
Q96627141	Q2095
Q96627142	Q2095
Q96627143	Q2095
Q96627144	Q2095
Q96627145	Q2095
Q96627146	Q2095
Q96627147	Q2095
Q96627148	Q2095
Q96627150	Q2095
Q96627151	Q2095
Q96627152	Q2095
Q96627153	Q2095
Q96627154	Q2095
Q96627155	Q2095
Q96627157	Q2095
Q96627158	Q2095
Q96627159	Q2095
Q96627160	Q2095
Q96627161	Q2095
Q96627163	Q2095
Q96627165	Q2095
Q96627166	Q2095
Q96627167	Q2095
Q96627168	Q2095
Q96627170	Q2095
Q96627171	Q2095
Q96627172	Q2095
Q96627173	Q2095
Q96627175	Q2095
Q96627177	Q2095
Q96627178	Q2095
Q96627179	Q2095
Q96627180	Q2095
Q96627181	Q2095
Q96627182	Q2095
Q96627183	Q2095
Q96627184	Q2095
Q96627185	Q2095
Q96627186	Q2095
Q96627187	Q2095
Q96627188	Q2095
Q96627189	Q2095
Q96627190	Q2095
Q96627191	Q2095
Q96627192	Q2095
Q96627193	Q2095
Q96627194	Q2095
Q96627195	Q2095
Q96627196	Q2095
Q96627197	Q2095
Q96627198	Q2095
Q96627199	Q2095
Q96627200	Q2095
Q96627202	Q2095
Q96627203	Q2095
Q96627204	Q2095
Q96627205	Q2095
Q96627206	Q2095
Q96627207	Q2095
Q96627208	Q2095
Q96627209	Q2095
Q96627210	Q2095
Q96627211	Q2095
Q96627212	Q2095
Q96627213	Q2095
Q96627214	Q2095
Q96627215	Q2095
Q96627216	Q2095
Q96627217	Q2095
Q96627218	Q2095
Q96627219	Q2095
Q96627220	Q2095
Q96627221	Q2095
Q96627222	Q2095
Q96627223	Q2095
Q96627224	Q2095
Q96627225	Q2095
Q96627226	Q2095
Q96627227	Q2095
Q96627228	Q2095
Q96627229	Q2095
Q96627230	Q2095
Q96627231	Q2095
Q96627232	Q2095
Q96627233	Q2095
Q96627234	Q2095
Q96627235	Q2095
Q96627236	Q2095
Q96627237	Q2095
Q96627238	Q2095
Q96627239	Q2095
Q96627240	Q2095
Q96627241	Q2095
Q96627242	Q2095
Q96627243	Q2095
Q96627244	Q2095
Q96627245	Q2095
Q96627246	Q2095
Q96627247	Q2095
Q96627248	Q2095
Q96627250	Q2095
Q96627251	Q2095
Q96627252	Q2095
Q96627253	Q2095
Q96627255	Q2095
Q96627256	Q2095
Q96627257	Q2095
Q96627258	Q2095
Q96627260	Q2095
Q96627262	Q2095
Q96627263	Q2095
Q96627265	Q2095
Q96627266	Q2095
Q96627267	Q2095
Q96627268	Q2095
Q96627270	Q2095
Q96627271	Q2095
Q96627272	Q2095
Q96627273	Q2095
Q96627274	Q2095
Q96627275	Q2095
Q96627276	Q2095
Q96627277	Q2095
Q96627278	Q2095
Q96627279	Q2095
Q96627281	Q2095
Q96627284	Q2095
Q96627285	Q2095
Q96627286	Q2095
Q96627287	Q2095
Q96627288	Q2095
Q96627289	Q2095
Q96627290	Q2095
Q96631144	Q2095
Q966327	Q2095
Q96638936	Q2095
Q966666	Q2095
Q9667304	Q2095
Q96694045	Q2095
Q96728754	Q2095
Q96741549	Q2095
Q96741829	Q2095
Q96742694	Q2095
Q96742723	Q2095
Q96742780	Q2095
Q96742792	Q2095
Q96742825	Q2095
Q96749082	Q2095
Q96749082	Q40050
Q96749544	Q2095
Q9675082	Q2095
Q96754870	Q2095
Q96754870	Q40050
Q96755250	Q2095
Q96755250	Q40050
Q96755419	Q2095
Q96755549	Q2095
Q96756023	Q2095
Q96756274	Q2095
Q96756338	Q2095
Q96756392	Q2095
Q96756519	Q2095
Q96756805	Q2095
Q96761401	Q2095
Q96778887	Q2095
Q96793311	Q2095
Q968019	Q2095
Q968019	Q40050
Q968554	Q2095
Q968554	Q40050
Q96898884	Q2095
Q96898943	Q2095
Q96898947	Q2095
Q969280	Q2095
Q969280	Q40050
Q969365	Q2095
Q9694384	Q2095
Q96952363	Q2095
Q96952363	Q40050
Q9696642	Q2095
Q9697590	Q2095
Q9697606	Q2095
Q9697608	Q2095
Q969761	Q2095
Q969761	Q40050
Q9697885	Q2095
Q9697981	Q2095
Q969864	Q2095
Q969864	Q40050
Q969947	Q2095
Q969947	Q40050
Q970055	Q2095
Q97016668	Q2095
Q97045137	Q2095
Q970926	Q2095
Q970926	Q40050
Q971054	Q2095
Q97162335	Q2095
Q97162372	Q2095
Q97162455	Q2095
Q97164284	Q2095
Q97164611	Q2095
Q97168627	Q2095
Q97169061	Q2095
Q97170764	Q2095
Q97171002	Q2095
Q97171917	Q2095
Q97171945	Q2095
Q97174717	Q2095
Q97174717	Q40050
Q97176218	Q2095
Q97176218	Q40050
Q97176749	Q2095
Q97176861	Q2095
Q97177611	Q2095
Q97178289	Q2095
Q97179225	Q2095
Q97179718	Q2095
Q97181661	Q2095
Q971820	Q2095
Q97184406	Q2095
Q97184565	Q2095
Q97187662	Q2095
Q97189031	Q2095
Q97189553	Q2095
Q97191569	Q2095
Q97191569	Q40050
Q971928	Q2095
Q97196240	Q2095
Q97202081	Q2095
Q97202137	Q2095
Q97202291	Q2095
Q97202430	Q2095
Q97202430	Q40050
Q97203028	Q2095
Q97203400	Q2095
Q97204279	Q2095
Q97204279	Q40050
Q97204574	Q2095
Q97204632	Q2095
Q97205859	Q2095
Q97205954	Q2095
Q97206077	Q2095
Q97207900	Q2095
Q97208796	Q2095
Q97208861	Q2095
Q97211863	Q2095
Q97213015	Q2095
Q97213219	Q2095
Q97213627	Q2095
Q97213639	Q2095
Q97214217	Q2095
Q97216847	Q2095
Q97223031	Q2095
Q97223778	Q2095
Q972267	Q2095
Q97227974	Q2095
Q97233436	Q2095
Q97233436	Q40050
Q97236883	Q2095
Q97237299	Q2095
Q97237299	Q40050
Q97238325	Q2095
Q972403	Q2095
Q972403	Q40050
Q97241030	Q2095
Q97250077	Q2095
Q97258831	Q2095
Q97259879	Q2095
Q97259879	Q40050
Q97265687	Q2095
Q97265894	Q2095
Q972682	Q2095
Q97270696	Q2095
Q97270821	Q2095
Q97271547	Q2095
Q97271670	Q2095
Q97271676	Q2095
Q97274349	Q2095
Q97278843	Q2095
Q97280802	Q2095
Q97280802	Q40050
Q97293200	Q2095
Q97293200	Q40050
Q97307754	Q2095
Q97307766	Q2095
Q97307775	Q2095
Q97307776	Q2095
Q97307872	Q2095
Q97308080	Q2095
Q97308081	Q2095
Q97311114	Q2095
Q97311114	Q40050
Q97311294	Q2095
Q97311516	Q2095
Q97312126	Q2095
Q97312305	Q2095
Q97312329	Q2095
Q973125	Q2095
Q97312631	Q2095
Q97312631	Q40050
Q97315123	Q2095
Q97320386	Q2095
Q97322777	Q2095
Q97322777	Q40050
Q97340896	Q2095
Q97341024	Q2095
Q97341031	Q2095
Q97341479	Q2095
Q97341957	Q2095
Q97342290	Q2095
Q97343056	Q2095
Q97343057	Q2095
Q973455	Q2095
Q97360429	Q2095
Q97365439	Q2095
Q97367522	Q2095
Q97367913	Q2095
Q973682	Q2095
Q973682	Q40050
Q97368514	Q2095
Q97369503	Q2095
Q973698	Q2095
Q97371416	Q2095
Q97372577	Q2095
Q97373557	Q2095
Q97373557	Q40050
Q97373571	Q2095
Q97373571	Q40050
Q97374636	Q2095
Q97375296	Q2095
Q97376215	Q2095
Q97380255	Q2095
Q97380503	Q2095
Q97382673	Q2095
Q9744810	Q2095
Q97455424	Q2095
Q97455427	Q2095
Q97457918	Q2095
Q97483764	Q2095
Q97484218	Q2095
Q9748820	Q2095
Q9750565	Q2095
Q97506118	Q2095
Q9751480	Q2095
Q97516115	Q2095
Q97516267	Q2095
Q97516268	Q2095
Q9753871	Q2095
Q9753871	Q40050
Q97539172	Q2095
Q97574341	Q2095
Q97576867	Q2095
Q97578484	Q2095
Q97578990	Q2095
Q97589266	Q2095
Q97591276	Q2095
Q975953	Q2095
Q975953	Q40050
Q97596282	Q2095
Q97599035	Q2095
Q97610633	Q2095
Q97613705	Q2095
Q97613705	Q40050
Q97625311	Q2095
Q97627973	Q2095
Q976284	Q2095
Q97649599	Q2095
Q97656573	Q2095
Q97656653	Q2095
Q97656654	Q2095
Q97657701	Q2095
Q97658126	Q2095
Q976624	Q2095
Q976624	Q40050
Q97663518	Q2095
Q97663788	Q2095
Q97670959	Q2095
Q97672867	Q2095
Q97695730	Q2095
Q97695730	Q40050
Q976961	Q2095
Q97703763	Q2095
Q97704154	Q2095
Q97706242	Q2095
Q977539	Q2095
Q977593	Q2095
Q97796066	Q2095
Q978133	Q2095
Q978363	Q2095
Q978397	Q2095
Q978399	Q2095
Q978405	Q2095
Q97850369	Q2095
Q97850369	Q40050
Q97860445	Q2095
Q978758	Q2095
Q9788727	Q2095
Q97919529	Q2095
Q980035	Q2095
Q980096	Q2095
Q980288	Q2095
Q980300	Q2095
Q98033964	Q2095
Q980388	Q2095
Q98072947	Q2095
Q98077124	Q2095
Q98078539	Q2095
Q980813	Q2095
Q98081617	Q2095
Q980840	Q2095
Q98098680	Q2095
Q98103940	Q2095
Q98110000	Q2095
Q98138559	Q2095
Q98141422	Q2095
Q98141495	Q2095
Q98163379	Q2095
Q98164561	Q2095
Q98205876	Q2095
Q98210440	Q2095
Q98215018	Q2095
Q98226728	Q2095
Q98269620	Q2095
Q98271319	Q2095
Q98275799	Q2095
Q982758	Q2095
Q98279051	Q2095
Q98280580	Q2095
Q983160	Q2095
Q98320311	Q2095
Q98400272	Q2095
Q98458314	Q2095
Q984994	Q2095
Q984994	Q40050
Q985580	Q2095
Q985814	Q2095
Q98593562	Q2095
Q98598236	Q2095
Q98637450	Q2095
Q98662788	Q2095
Q986726	Q2095
Q98680339	Q2095
Q98680339	Q40050
Q98703696	Q2095
Q987117	Q2095
Q987157	Q2095
Q98716450	Q2095
Q987291	Q2095
Q98756165	Q2095
Q98767239	Q2095
Q98768411	Q2095
Q987686	Q2095
Q98775828	Q2095
Q98815027	Q2095
Q98825612	Q2095
Q98826752	Q2095
Q98831279	Q2095
Q98841400	Q2095
Q98915158	Q2095
Q98915163	Q2095
Q98915545	Q2095
Q98915546	Q2095
Q98915547	Q2095
Q98915549	Q2095
Q98915554	Q2095
Q98915561	Q2095
Q98915576	Q2095
Q98915607	Q2095
Q98915632	Q2095
Q98915653	Q2095
Q98915664	Q2095
Q98915667	Q2095
Q98915671	Q2095
Q98915675	Q2095
Q98915693	Q2095
Q98915728	Q2095
Q9896	Q2095
Q98966083	Q2095
Q989780	Q2095
Q989930	Q2095
Q989930	Q40050
Q990187	Q2095
Q990859	Q2095
Q990894	Q2095
Q990897	Q2095
Q990897	Q40050
Q990900	Q2095
Q99198023	Q2095
Q99201392	Q2095
Q992098	Q2095
Q992241	Q2095
Q992241	Q40050
Q9929	Q2095
Q9929	Q40050
Q99337777	Q2095
Q9935	Q2095
Q9935	Q40050
Q99395371	Q2095
Q994169	Q2095
Q9943	Q2095
Q9943	Q40050
Q99434048	Q2095
Q9944730	Q2095
Q99470368	Q2095
Q994945	Q2095
Q99509957	Q2095
Q99532347	Q2095
Q99532546	Q2095
Q995376	Q2095
Q99539198	Q2095
Q99543006	Q2095
Q99548274	Q2095
Q99554129	Q2095
Q995566	Q2095
Q995567	Q2095
Q995571	Q2095
Q995997	Q2095
Q99642734	Q2095
Q99642734	Q40050
Q99646388	Q2095
Q99658926	Q2095
Q99693722	Q2095
Q9969675	Q2095
Q997002	Q2095
Q99744576	Q2095
Q99744576	Q40050
Q99761723	Q2095
Q997633	Q2095
Q997642	Q2095
Q99870724	Q2095
Q999186	Q2095
Q99951345	Q2095
Q99977583	Q2095
Q99977585	Q2095
Q99977587	Q2095
