id,name_en,name_it,in_notebook,ahn2011_name,issue,wikidata_chosen,wikidata_candidates,foodon_chosen,foodon_label
abies-alba-pine-needle,abies alba pine needle,aghi di abete bianco,0,abies_alba_pine_needle,no Wikidata food/taxon item with this name,,,,
abies-balsamea-oil,abies balsamea oil,olio essenziale di abete balsamico,0,abies_balsamea_oil,no Wikidata food/taxon item with this name,,,,
acacia-farnesiana-oil,acacia farnesiana oil,olio essenziale di gaggia,0,acacia_farnesiana_oil,no Wikidata food/taxon item with this name,,,,
acacia-flower-oil,acacia flower oil,olio essenziale di fiori di acacia,0,acacia_flower_oil,no Wikidata food/taxon item with this name,,,,
acetosella,Sorrel,Acetosella,1,,matched only through an alias; EN and IT names point to different items,Q940047,"Q940047 Hibiscus tea (food, alias, 30 sitelinks); Q32252794 Acetosella (taxon, 0 sitelinks); Q26297 Rumex acetosa (taxon, alias, 85 sitelinks); Q158576 Oxalis acetosella (taxon, alias, 59 sitelinks)",,
achasma-walang,achasma walang,Achasma walang,0,achasma_walang,no Wikidata food/taxon item with this name,,,,
achillea-micrantha-oil,achillea micrantha oil,olio essenziale di Achillea micrantha,0,achillea_micrantha_oil,no Wikidata food/taxon item with this name,,,,
agathosma-gnidioides-leaf-oil,agathosma gnidioides leaf oil,olio essenziale di foglie di Agathosma gnidioides,0,agathosma_gnidioides_leaf_oil,no Wikidata food/taxon item with this name,,,,
alloro,Bay,Alloro,1,laurel,matched only through an alias; same Wikidata item as bay-laurel,Q26006,"Q26006 Laurus nobilis (taxon, alias, EN+IT, 86 sitelinks); Q2370943 bay leaf (food, 40 sitelinks)",,
almond-flower,almond flower,fiori di mandorlo,0,almond_flower,no Wikidata food/taxon item with this name,,,,
alpinia-malaccensis-oil,alpinia malaccensis oil,olio essenziale di Alpinia malaccensis,0,alpinia_malaccensis_oil,no Wikidata food/taxon item with this name,,,,
alpinia-sessilis,alpinia sessilis,Alpinia sessilis,0,alpinia_sessilis,no Wikidata food/taxon item with this name,,,,
amarone,Amarone,Amarone,1,red_wine,matched only through an alias,Q455219,"Q455219 Amarone della Valpolicella DOCG (food, alias, EN+IT, 18 sitelinks)",FOODON_03310272,red wine
ambergris-oil,ambergris oil,essenza d'ambra grigia,0,ambergris_oil,no Wikidata food/taxon item with this name,,,,
ambrette,ambrette,ambretta,0,ambrette,matched only through an alias,Q2086536,"Q2086536 Abelmoschus moschatus (taxon, alias, 34 sitelinks)",,
american-cranberry,american cranberry,mirtillo rosso americano,0,american_cranberry,matched only through an alias,Q149397,"Q149397 Vaccinium macrocarpon (taxon, alias, 36 sitelinks)",,
american-pennyroyal,american pennyroyal,puleggio americano,0,american_pennyroyal,no Wikidata food/taxon item with this name,,,,
american-peppermint,american peppermint,menta piperita americana,0,american_peppermint,no Wikidata food/taxon item with this name,,,,
american-peppermint-oil,american peppermint oil,olio essenziale di menta piperita americana,0,american_peppermint_oil,no Wikidata food/taxon item with this name,,,,
american-potato-chip,american potato chip,patatine americane,0,american_potato_chip,no Wikidata food/taxon item with this name,,,,
american-sassafras-oil,american sassafras oil,olio essenziale di sassofrasso americano,0,american_sassafras_oil,no Wikidata food/taxon item with this name,,,,
american-storax,american storax,storace americano,0,american_storax,matched only through an alias,Q469652,"Q469652 Liquidambar styraciflua (taxon, alias, 35 sitelinks)",,
ananas-sativus-oil,ananas sativus oil,olio essenziale di ananas (Ananas sativus),0,ananas_sativus_oil,no Wikidata food/taxon item with this name,,,,
andropogon-gragrans,andropogon gragrans,Andropogon gragrans,0,andropogon_gragrans,no Wikidata food/taxon item with this name,,,,
angelica-root,angelica root,radice di angelica,0,angelica_root,no Wikidata food/taxon item with this name,,,,
angelica-root-oil,angelica root oil,olio essenziale di radice di angelica,0,angelica_root_oil,no Wikidata food/taxon item with this name,,,,
anise,anise,anice,0,anise,matched only through an alias,Q28692,"Q28692 Pimpinella anisum (taxon, alias, 107 sitelinks)",FOODON_03411296,anise plant
anise-brandy,anise brandy,acquavite di anice,0,anise_brandy,no Wikidata food/taxon item with this name,,,,
anise-hyssop,anise hyssop,agastache anisata,0,anise_hyssop,matched only through an alias,Q1264088,"Q1264088 Agastache foeniculum (taxon, alias, 24 sitelinks)",,
anise-seed-oil,anise seed oil,olio essenziale di semi di anice,0,anise_seed_oil,no Wikidata food/taxon item with this name,,,,
armenian-muscat-grape-oil,armenian muscat grape oil,olio essenziale di uva moscato armena,0,armenian_muscat_grape_oil,no Wikidata food/taxon item with this name,,,,
artemisae-oil,artemisae oil,olio essenziale di artemisia,0,artemisae_oil,no Wikidata food/taxon item with this name,,,,
artemisia-camphorata,artemisia camphorata,Artemisia camphorata,0,artemisia_camphorata,no Wikidata food/taxon item with this name,,,,
artemisia-dracunculus-oil,artemisia dracunculus oil,olio essenziale di dragoncello,0,artemisia_dracunculus_oil,no Wikidata food/taxon item with this name,,,,
artemisia-frigida-oil,artemisia frigida oil,olio essenziale di Artemisia frigida,0,artemisia_frigida_oil,no Wikidata food/taxon item with this name,,,,
artemisia-hausiliensis,artemisia hausiliensis,Artemisia hausiliensis,0,artemisia_hausiliensis,no Wikidata food/taxon item with this name,,,,
artemisia-herba-alba,artemisia herba alba,Artemisia herba alba,0,artemisia_herba_alba,no Wikidata food/taxon item with this name,,,,
artemisia-maritime-oil,artemisia maritime oil,olio essenziale di assenzio marino,0,artemisia_maritime_oil,no Wikidata food/taxon item with this name,,,,
artemisia-porrecta-oil,artemisia porrecta oil,olio essenziale di Artemisia porrecta,0,artemisia_porrecta_oil,no Wikidata food/taxon item with this name,,,,
artemisia-santolinifolia-oil,artemisia santolinifolia oil,olio essenziale di Artemisia santolinifolia,0,artemisia_santolinifolia_oil,no Wikidata food/taxon item with this name,,,,
artemisia-verlo,artemisia verlo,Artemisia verlo,0,artemisia_verlo,no Wikidata food/taxon item with this name,,,,
asarum-arifolium-root-oil,asarum arifolium root oil,olio essenziale di radice di Asarum arifolium,0,asarum_arifolium_root_oil,no Wikidata food/taxon item with this name,,,,
asarum-canadense-root-oil,asarum canadense root oil,olio essenziale di radice di Asarum canadense,0,asarum_canadense_root_oil,no Wikidata food/taxon item with this name,,,,
asarum-europaeum-root-oil,asarum europaeum root oil,olio essenziale di radice di Asarum europaeum,0,asarum_europaeum_root_oil,no Wikidata food/taxon item with this name,,,,
ashanti-pepper,ashanti pepper,pepe di Ashanti,0,ashanti_pepper,no Wikidata food/taxon item with this name,,,,
asian-storax,asian storax,storace asiatico,0,asian_storax,no Wikidata food/taxon item with this name,,,,
asperula-odorosa,asperula odorosa,asperula odorosa,0,asperula_odorosa,no Wikidata food/taxon item with this name,,,,
atropa-belladonna-leaf,atropa belladonna leaf,foglie di belladonna,0,atropa_belladonna_leaf,no Wikidata food/taxon item with this name,,,,
atropa-belladonna-root,atropa belladonna root,radice di belladonna,0,atropa_belladonna_root,no Wikidata food/taxon item with this name,,,,
auricula-oil,auricula oil,olio essenziale di auricola,0,auricula_oil,no Wikidata food/taxon item with this name,,,,
auto-oxidized-salmon-oil,auto oxidized salmon oil,olio di salmone autossidato,0,auto_oxidized_salmon_oil,no Wikidata food/taxon item with this name,,,,
babaco,babaco,babaco,0,babaco,matched only through an alias,Q797560,"Q797560 Vasconcellea ×heilbornii (taxon, alias, 22 sitelinks)",,
bachang,bachang,bachang,0,bachang,no Wikidata food/taxon item with this name,,,,
backhousia-citriodora-oil,backhousia citriodora oil,olio essenziale di mirto limone,0,backhousia_citriodora_oil,no Wikidata food/taxon item with this name,,,,
baeckea-citriodora-oil,baeckea citriodora oil,olio essenziale di Baeckea citriodora,0,baeckea_citriodora_oil,no Wikidata food/taxon item with this name,,,,
bael,bael,bael,0,bael,no Wikidata food/taxon item with this name,,,,
balm,balm,melissa,0,balm,matched only through an alias; same Wikidata item as lemon-balm,Q148396,"Q148396 Melissa officinalis (taxon, alias, 80 sitelinks)",FOODON_00003726,lemon balm leaf
banana-passion-fruit,banana passion fruit,curuba,0,banana_passion_fruit,no Wikidata food/taxon item with this name,,,,
bantu-beer,bantu beer,birra bantu,0,bantu_beer,matched only through an alias,Q2905047,"Q2905047 sorghum beer (food, alias, 17 sitelinks)",,
barosma-pulchella-leaf-oil,barosma pulchella leaf oil,olio essenziale di foglie di Barosma pulchella,0,barosma_pulchella_leaf_oil,no Wikidata food/taxon item with this name,,,,
barosma-pulchella-oil,barosma pulchella oil,olio essenziale di Barosma pulchella,0,barosma_pulchella_oil,no Wikidata food/taxon item with this name,,,,
barosma-venustum,barosma venustum,Barosma venustum,0,barosma_venustum,no Wikidata food/taxon item with this name,,,,
bartlett-pear,bartlett pear,pera Williams,0,bartlett_pear,matched only through an alias,Q498862,"Q498862 Williams' bon chrétien (food, alias, 21 sitelinks)",,
bay,bay,alloro,0,bay,no Wikidata food/taxon item with this name,,,,
bay-laurel,bay laurel,lauro,0,bay_laurel,matched only through an alias; same Wikidata item as alloro,Q26006,"Q26006 Laurus nobilis (taxon, alias, 86 sitelinks)",FOODON_00003804,bay laurel
bay-laurel-oil,bay laurel oil,olio essenziale di lauro,0,bay_laurel_oil,no Wikidata food/taxon item with this name,,,,
beech,beech,faggio,0,beech,matched only through an alias,Q15362837,"Q15362837 Miliusa horsfieldii (taxon, alias, 9 sitelinks)",,
beech-tar-creosote,beech tar creosote,creosoto di catrame di faggio,0,beech_tar_creosote,no Wikidata food/taxon item with this name,,,,
beechwood-tar,beechwood tar,catrame di faggio,0,beechwood_tar,no Wikidata food/taxon item with this name,,,,
beef-broth,beef broth,brodo di manzo,0,beef_broth,matched only through an alias,Q96362190,"Q96362190 beef stock (food, alias, 1 sitelinks)",FOODON_03302091,beef broth
beet-root,beet root,barbabietola,0,beet_root,matched only through an alias,Q99548274,"Q99548274 beet (food, alias, 20 sitelinks)",,
benzoin-resin,benzoin resin,resina di benzoino,0,benzoin_resin,no Wikidata food/taxon item with this name,,,,
bergamot,bergamot,bergamotto,0,bergamot,no Wikidata food/taxon item with this name,,,,
bergamot-oil,bergamot oil,olio essenziale di bergamotto,0,bergamot_oil,matched only through an alias; same Wikidata item as bergamot-peel-oil,Q488431,"Q488431 Bergamot essential oil (food, alias, 16 sitelinks)",,
bergamot-peel-oil,bergamot peel oil,olio essenziale di scorza di bergamotto,0,bergamot_peel_oil,matched only through an alias; same Wikidata item as bergamot-oil,Q488431,"Q488431 Bergamot essential oil (food, alias, 16 sitelinks)",,
berry-bud,berry bud,gemme di arbusti da bacca,0,berry_bud,no Wikidata food/taxon item with this name,,,,
bilberry-wine,bilberry wine,vino di mirtilli,0,bilberry_wine,no Wikidata food/taxon item with this name,,,,
birch,birch,betulla,0,birch,matched only through an alias,Q25243,"Q25243  (taxon, alias, 132 sitelinks)",,
bisabol-myrrh,bisabol myrrh,opoponax (mirra bisabol),0,bisabol_myrrh,no Wikidata food/taxon item with this name,,,,
bitter-fennel,bitter fennel,finocchio amaro,0,bitter_fennel,no Wikidata food/taxon item with this name,,,,
bitter-orange,bitter orange,arancia amara,0,bitter_orange,matched only through an alias,Q61671872,"Q61671872 Seville orange (food, alias, 1 sitelinks); Q147096 Citrus × aurantium (taxon, alias, 86 sitelinks)",FOODON_00003747,seville orange
bitter-orange-flower-oil,bitter orange flower oil,olio essenziale di fiori d'arancio amaro,0,bitter_orange_flower_oil,no Wikidata food/taxon item with this name,,,,
bitter-orange-peel-oil,bitter orange peel oil,olio essenziale di scorza d'arancia amara,0,bitter_orange_peel_oil,no Wikidata food/taxon item with this name,,,,
black-bean,black bean,fagiolo nero,0,black_bean,matched only through an alias,Q15062992,"Q15062992 black turtle bean (food, alias, 12 sitelinks)",FOODON_00002889,black turtle bean
black-chokeberry,black chokeberry,aronia nera,0,black_chokeberry,matched only through an alias,Q162774,"Q162774 Aronia melanocarpa (taxon, alias, 41 sitelinks)",FOODON_00004585,black chokeberry
black-chokecherry,black chokecherry,ciliegia di Virginia nera,0,black_chokecherry,matched only through an alias,Q162829,"Q162829 Prunus virginiana (taxon, alias, 35 sitelinks)",,
black-currant,black currant,ribes nero,0,black_currant,matched only through an alias,Q2941309,"Q2941309 blackcurrant (food, alias, 4 sitelinks); Q146604 Ribes nigrum (taxon, alias, 91 sitelinks)",FOODON_00003606,black currant
black-currant-bud,black currant bud,gemme di ribes nero,0,black_currant_bud,no Wikidata food/taxon item with this name,,,,
black-currant-juice,black currant juice,succo di ribes nero,0,black_currant_juice,matched only through an alias,Q57328933,"Q57328933 blackcurrant juice (food, alias, 1 sitelinks)",FOODON_03306148,black currant juice
black-mustard-seed-oil,black mustard seed oil,olio di senape nera,0,black_mustard_seed_oil,no Wikidata food/taxon item with this name,,,,
black-sesame-seed,black sesame seed,semi di sesamo nero,0,black_sesame_seed,no Wikidata food/taxon item with this name,,,FOODON_00004782,black sesame seed
black-tea-oil,black tea oil,olio essenziale di tè nero,0,black_tea_oil,no Wikidata food/taxon item with this name,,,,
blenheim-apricot,blenheim apricot,albicocca Blenheim,0,blenheim_apricot,no Wikidata food/taxon item with this name,,,,
blumea-eriantha-oil,blumea eriantha oil,olio essenziale di Blumea eriantha,0,blumea_eriantha_oil,no Wikidata food/taxon item with this name,,,,
blumea-malcomii-oil,blumea malcomii oil,olio essenziale di Blumea malcomii,0,blumea_malcomii_oil,no Wikidata food/taxon item with this name,,,,
bog-blueberry,bog blueberry,mirtillo di palude,0,bog_blueberry,matched only through an alias,Q146967,"Q146967 bog bilberry (taxon, alias, 76 sitelinks)",,
boiled-chicken,boiled chicken,pollo bollito,0,boiled_chicken,no Wikidata food/taxon item with this name,,,,
boiled-crab,boiled crab,granchio bollito,0,boiled_crab,no Wikidata food/taxon item with this name,,,,
boiled-meat,boiled meat,carne bollita,0,boiled_meat,no Wikidata food/taxon item with this name,,,,
boiled-mutton,boiled mutton,montone bollito,0,boiled_mutton,no Wikidata food/taxon item with this name,,,,
boiled-pork,boiled pork,maiale bollito,0,boiled_pork,no Wikidata food/taxon item with this name,,,,
boldo,boldo,boldo,0,boldo,no Wikidata food/taxon item with this name,,,,
boldo-leaf,boldo leaf,foglie di boldo,0,boldo_leaf,no Wikidata food/taxon item with this name,,,,
boronia-dentigeroides-oil,boronia dentigeroides oil,olio essenziale di Boronia dentigeroides,0,boronia_dentigeroides_oil,no Wikidata food/taxon item with this name,,,,
boronia-ledifolia-leaf,boronia ledifolia leaf,foglie di Boronia ledifolia,0,boronia_ledifolia_leaf,no Wikidata food/taxon item with this name,,,,
boronia-ledifolia-oil,boronia ledifolia oil,olio essenziale di Boronia ledifolia,0,boronia_ledifolia_oil,no Wikidata food/taxon item with this name,,,,
borosma-pulchellum,borosma pulchellum,Borosma pulchellum,0,borosma_pulchellum,no Wikidata food/taxon item with this name,,,,
boswellia-serrata-oil,boswellia serrata oil,olio essenziale di Boswellia serrata,0,boswellia_serrata_oil,no Wikidata food/taxon item with this name,,,,
botrytized-wine,botrytized wine,vino botritizzato,0,botrytized_wine,no Wikidata food/taxon item with this name,,,,
brazil-peppermint-oil,brazil peppermint oil,olio essenziale di menta piperita brasiliana,0,brazil_peppermint_oil,no Wikidata food/taxon item with this name,,,,
brazil-rosewood,brazil rosewood,legno di rosa brasiliano,0,brazil_rosewood,no Wikidata food/taxon item with this name,,,,
brazilian-sassafras-oil,brazilian sassafras oil,olio essenziale di sassofrasso brasiliano,0,brazilian_sassafras_oil,no Wikidata food/taxon item with this name,,,,
brewed-tea,brewed tea,tè in infusione,0,brewed_tea,no Wikidata food/taxon item with this name,,,,
brussels-sprout,brussels sprout,cavolini di Bruxelles,0,brussels_sprout,no Wikidata food/taxon item with this name,,,FOODON_03311885,brussels sprout
buchu,buchu,buchu,0,buchu,matched only through an alias,Q2619350,"Q2619350 Agathosma (taxon, alias, 19 sitelinks)",,
buchu-leaf-oil,buchu leaf oil,olio essenziale di foglie di buchu,0,buchu_leaf_oil,no Wikidata food/taxon item with this name,,,,
buckwheat,buckwheat,grano saraceno,0,buckwheat,no Wikidata food/taxon item with this name,,,,
bulgarian-clary-sage,bulgarian clary sage,salvia sclarea bulgara,0,bulgarian_clary_sage,no Wikidata food/taxon item with this name,,,,
bulgarian-clary-sage-oil,bulgarian clary sage oil,olio essenziale di salvia sclarea bulgara,0,bulgarian_clary_sage_oil,no Wikidata food/taxon item with this name,,,,
bulgarian-peppermint,bulgarian peppermint,menta piperita bulgara,0,bulgarian_peppermint,no Wikidata food/taxon item with this name,,,,
bulgarian-rose,bulgarian rose,rosa bulgara,0,bulgarian_rose,matched only through an alias,Q578904,"Q578904 Rosa × damascena (taxon, alias, 38 sitelinks)",,
bulgarian-tobacco,bulgarian tobacco,tabacco bulgaro,0,bulgarian_tobacco,no Wikidata food/taxon item with this name,,,,
burley-tobacco,burley tobacco,tabacco Burley,0,burley_tobacco,no Wikidata food/taxon item with this name,,,,
burley-tobacco-oil,burley tobacco oil,essenza di tabacco Burley,0,burley_tobacco_oil,no Wikidata food/taxon item with this name,,,,
butter-oil,butter oil,burro chiarificato,0,butter_oil,no Wikidata food/taxon item with this name,,,FOODON_03302508,butter oil
butterfat,butterfat,grasso del latte,0,butterfat,same Wikidata item as milk-fat,Q909729,"Q909729 butterfat (food, 21 sitelinks)",FOODON_03303837,cow butterfat food product
bystropogon-mollis-leaf-oil,bystropogon mollis leaf oil,olio essenziale di foglie di Bystropogon mollis,0,bystropogon_mollis_leaf_oil,no Wikidata food/taxon item with this name,,,,
cabbage-juice,cabbage juice,succo di cavolo,0,cabbage_juice,no Wikidata food/taxon item with this name,,,FOODON_03302943,cabbage juice
cabernet-sauvignon-grape,cabernet sauvignon grape,uva Cabernet Sauvignon,0,cabernet_sauvignon_grape,no Wikidata food/taxon item with this name,,,,
cabernet-sauvignon-wine,cabernet sauvignon wine,vino Cabernet Sauvignon,0,cabernet_sauvignon_wine,no Wikidata food/taxon item with this name,,,FOODON_00002585,Cabernet Sauvignon wine
cacao,Cocoa,Cacao,1,cocoa,matched only through an alias,Q1062396,"Q1062396 cocoa powder (food, alias, EN+IT, 43 sitelinks); Q10922464 cocoa (food, 5 sitelinks); Q45912917 cocoa (food, 1 sitelinks); Q87175898 Cacao (food, 0 sitelinks)",FOODON_03301072,cocoa
caja-fruit,caja fruit,cajá,0,caja_fruit,no Wikidata food/taxon item with this name,,,,
cajeput,cajeput,cajeput,0,cajeput,matched only through an alias,Q2933398,"Q2933398 Melaleuca cajuputi (taxon, alias, 15 sitelinks)",,
calabash-nutmeg,calabash nutmeg,noce moscata africana,0,calabash_nutmeg,matched only through an alias,Q6901558,"Q6901558 Monodora myristica (taxon, alias, 22 sitelinks)",,
calamus,calamus,calamo aromatico,0,calamus,several Wikidata items fit equally well,Q165260,"Q165260 Calamus (taxon, 31 sitelinks); Q2729463 Calamus (taxon, 17 sitelinks); Q158008 Acorus calamus (taxon, alias, 95 sitelinks)",,
california-laurel-oil,california laurel oil,olio essenziale di alloro della California,0,california_laurel_oil,no Wikidata food/taxon item with this name,,,,
california-lemon-oil,california lemon oil,olio essenziale di limone californiano,0,california_lemon_oil,no Wikidata food/taxon item with this name,,,,
california-orange,california orange,arancia californiana,0,california_orange,no Wikidata food/taxon item with this name,,,,
california-orange-peel,california orange peel,scorza di arancia californiana,0,california_orange_peel,no Wikidata food/taxon item with this name,,,,
california-pepper,california pepper,pepe della California,0,california_pepper,no Wikidata food/taxon item with this name,,,,
callitris-rubusta,callitris rubusta,Callitris rubusta,0,callitris_rubusta,no Wikidata food/taxon item with this name,,,,
calyptranthes-parriculata,calyptranthes parriculata,Calyptranthes parriculata,0,calyptranthes_parriculata,no Wikidata food/taxon item with this name,,,,
calytrix-tetragona-oil,calytrix tetragona oil,olio essenziale di Calytrix tetragona,0,calytrix_tetragona_oil,no Wikidata food/taxon item with this name,,,,
camembert-cheese,camembert cheese,camembert,0,camembert_cheese,no Wikidata food/taxon item with this name,,,FOODON_03302995,camembert cheese
camphor,camphor,canfora,0,camphor,no Wikidata food/taxon item with this name,,,,
camphor-oil,camphor oil,olio essenziale di canfora,0,camphor_oil,no Wikidata food/taxon item with this name,,,,
cane-molasses,cane molasses,melassa di canna,0,cane_molasses,no Wikidata food/taxon item with this name,,,,
cape-gooseberry,cape gooseberry,alchechengi,0,cape_gooseberry,matched only through an alias,Q165227,"Q165227 Physalis peruviana (taxon, alias, 59 sitelinks)",,
caprino,Goat cheese,Caprino,1,goat_cheese,EN and IT names point to different items,Q198815,"Q198815 goat cheese (food, 37 sitelinks); Q3183966 Caprino cheese (food, 4 sitelinks)",,
caraway,caraway,carvi,0,caraway,matched only through an alias,Q26811,"Q26811 Carum carvi (taxon, alias, 107 sitelinks)",FOODON_00003022,caraway food product
caraway-seed,caraway seed,semi di carvi,0,caraway_seed,matched only through an alias,Q21155816,"Q21155816 caraway seeds (food, alias, 4 sitelinks)",,
carciofi,Artichokes,Carciofi,1,artichoke,matched only through an alias,Q23041430,"Q23041430 globe artichoke (food, alias, 84 sitelinks)",,
cardamom-oil,cardamom oil,olio essenziale di cardamomo,0,cardamom_oil,no Wikidata food/taxon item with this name,,,,
carnation,carnation,garofano,0,carnation,several Wikidata items fit equally well; matched only through an alias,Q156099,"Q156099 Dianthus (taxon, alias, 93 sitelinks); Q158984 Dianthus caryophyllus (taxon, alias, 79 sitelinks); Q83673081 Rosa 'Carnation' (taxon, alias, 1 sitelinks)",,
carnation-oil,carnation oil,olio essenziale di garofano,0,carnation_oil,no Wikidata food/taxon item with this name,,,,
carob,carob,carruba,0,carob,no Wikidata food/taxon item with this name,,,,
carob-fruit,carob fruit,frutto del carrubo,0,carob_fruit,no Wikidata food/taxon item with this name,,,,
carphephorus-corymbosus-leaf,carphephorus corymbosus leaf,foglie di Carphephorus corymbosus,0,carphephorus_corymbosus_leaf,no Wikidata food/taxon item with this name,,,,
carphephorus-paniculatus-leaf,carphephorus paniculatus leaf,foglie di Carphephorus paniculatus,0,carphephorus_paniculatus_leaf,no Wikidata food/taxon item with this name,,,,
cascarilla,cascarilla,cascarilla,0,cascarilla,no Wikidata food/taxon item with this name,,,,
cashew,cashew,anacardo,0,cashew,matched only through an alias,Q7885904,"Q7885904 cashew nut (food, alias, 15 sitelinks); Q34007 Cashew (taxon, 116 sitelinks)",FOODON_03301357,cashew nut (raw)
cassia,cassia,cassia,0,cassia,matched only through an alias; same Wikidata item as chinese-cinnamon,Q7370926,"Q7370926 Rougui tea (food, alias, 5 sitelinks); Q162882 Cassia (taxon, 35 sitelinks); Q21156956 Cinnamomum aromaticum (taxon, alias, 3 sitelinks)",,
cassis-juice,cassis juice,succo di ribes nero,0,cassis_juice,no Wikidata food/taxon item with this name,,,,
castoreum-oil,castoreum oil,olio di castoreo,0,castoreum_oil,no Wikidata food/taxon item with this name,,,,
catfish,catfish,pesce gatto,0,catfish,matched only through an alias,Q59576,"Q59576 Siluriformes (taxon, alias, 77 sitelinks); Q934761 Atlantic wolffish (taxon, alias, 34 sitelinks); Q5467596 Zaireichthys wamiensis (taxon, alias, 12 sitelinks)",FOODON_02021822,catfish
caucas,caucas,caucas,0,caucas,no Wikidata food/taxon item with this name,,,,
caucus,caucus,caucus,0,caucus,no Wikidata food/taxon item with this name,,,,
cayenne-bois-de-rose,cayenne bois de rose,legno di rosa della Caienna,0,cayenne_bois_de_rose,no Wikidata food/taxon item with this name,,,,
cayenne-linaloe,cayenne linaloe,linaloe della Caienna,0,cayenne_linaloe,no Wikidata food/taxon item with this name,,,,
cayenne-rosewood,cayenne rosewood,legno di rosa della Caienna,0,cayenne_rosewood,no Wikidata food/taxon item with this name,,,,
ceanothus-velutinus-leaf,ceanothus velutinus leaf,foglie di Ceanothus velutinus,0,ceanothus_velutinus_leaf,no Wikidata food/taxon item with this name,,,,
celery-oil,celery oil,olio essenziale di sedano,0,celery_oil,no Wikidata food/taxon item with this name,,,,
ceriman,ceriman,frutto di monstera,0,ceriman,no Wikidata food/taxon item with this name,,,,
ceylon-cinnamon,ceylon cinnamon,cannella di Ceylon,0,ceylon_cinnamon,matched only through an alias,Q370239,"Q370239 Cinnamomum verum (taxon, alias, 63 sitelinks)",,
ceylon-citronella,ceylon citronella,citronella di Ceylon,0,ceylon_citronella,no Wikidata food/taxon item with this name,,,,
ceylon-citronella-oil,ceylon citronella oil,olio essenziale di citronella di Ceylon,0,ceylon_citronella_oil,no Wikidata food/taxon item with this name,,,,
ceylon-tea-cinnamon-leaf,ceylon tea cinnamon leaf,foglie di cannella di Ceylon,0,ceylon_tea_cinnamon_leaf,no Wikidata food/taxon item with this name,,,,
ceylon-tea-citronella-oil,ceylon tea citronella oil,olio essenziale di citronella di Ceylon,0,ceylon_tea_citronella_oil,no Wikidata food/taxon item with this name,,,,
ceylon-tea-oil,ceylon tea oil,olio essenziale di tè di Ceylon,0,ceylon_tea_oil,no Wikidata food/taxon item with this name,,,,
chamaecyparis-formosensis-oil,chamaecyparis formosensis oil,olio essenziale di Chamaecyparis formosensis,0,chamaecyparis_formosensis_oil,no Wikidata food/taxon item with this name,,,,
chamaecyparis-formosensis-root-oil,chamaecyparis formosensis root oil,olio essenziale di radice di Chamaecyparis formosensis,0,chamaecyparis_formosensis_root_oil,no Wikidata food/taxon item with this name,,,,
chamaecyparis-pisifera-oil,chamaecyparis pisifera oil,olio essenziale di Chamaecyparis pisifera,0,chamaecyparis_pisifera_oil,no Wikidata food/taxon item with this name,,,,
chamomile-oil,chamomile oil,olio essenziale di camomilla,0,chamomile_oil,matched only through an alias,Q1103862,"Q1103862 camomile oil (food, alias, 5 sitelinks)",,
champaca,champaca,champaca,0,champaca,no Wikidata food/taxon item with this name,,,,
champagne-wine,champagne wine,champagne,0,champagne_wine,no Wikidata food/taxon item with this name,,,,
chempedak,chempedak,cempedak,0,chempedak,no Wikidata food/taxon item with this name,,,,
cherimoya,cherimoya,cherimoya,0,cherimoya,matched only through an alias,Q3205924,"Q3205924 cherimoyer (food, alias, 7 sitelinks); Q158986 Annona cherimola (taxon, alias, 58 sitelinks)",FOODON_00003616,cherimoya fruit
cherry,cherry,ciliegia,0,cherry,no Wikidata food/taxon item with this name,,,FOODON_00003478,cherry
chervil,chervil,cerfoglio,0,chervil,matched only through an alias,Q218462,"Q218462 garden chervil (taxon, alias, 69 sitelinks)",,
chestnut-flower,chestnut flower,fiori di castagno,0,chestnut_flower,no Wikidata food/taxon item with this name,,,,
chestnut-honey,chestnut honey,miele di castagno,0,chestnut_honey,no Wikidata food/taxon item with this name,,,,
chicken,chicken,pollo,0,chicken,matched only through an alias,Q864693,"Q864693 chicken as food (food, alias, 74 sitelinks); Q780 chicken (taxon, 245 sitelinks)",FOODON_03411457,chicken
chicory-root,chicory root,radice di cicoria,0,chicory_root,no Wikidata food/taxon item with this name,,,,
chinese-cinnamon,chinese cinnamon,cannella cinese,0,chinese_cinnamon,matched only through an alias; same Wikidata item as cassia,Q7370926,"Q7370926 Rougui tea (food, alias, 5 sitelinks); Q204148 Cinnamomum cassia (taxon, alias, 47 sitelinks)",,
chinese-quince,chinese quince,cotogno cinese,0,chinese_quince,matched only through an alias,Q1334892,"Q1334892 Pseudocydonia sinensis (taxon, alias, 26 sitelinks)",,
chinese-quince-peel,chinese quince peel,scorza di cotogno cinese,0,chinese_quince_peel,no Wikidata food/taxon item with this name,,,,
chinese-star-anise,chinese star anise,anice stellato cinese,0,chinese_star_anise,matched only through an alias,Q2878644,"Q2878644 Illicium verum (taxon, alias, 76 sitelinks)",,
chinese-star-anise-oil,chinese star anise oil,olio essenziale di anice stellato cinese,0,chinese_star_anise_oil,no Wikidata food/taxon item with this name,,,,
choke-cherry,choke cherry,ciliegia di Virginia,0,choke_cherry,no Wikidata food/taxon item with this name,,,,
chrysanthemum-sincuse-flower,chrysanthemum sincuse flower,fiori di crisantemo,0,chrysanthemum_sincuse_flower,no Wikidata food/taxon item with this name,,,,
chrysocoris-stolli,chrysocoris stolli,Chrysocoris stolli (cimice),0,chrysocoris_stolli,no Wikidata food/taxon item with this name,,,,
cicuta-virosa-oil,cicuta virosa oil,olio essenziale di Cicuta virosa,0,cicuta_virosa_oil,no Wikidata food/taxon item with this name,,,,
cigarette,cigarette,sigaretta,0,cigarette,matched only through an alias,Q125863016,"Q125863016 cigarette russe (food, alias, 1 sitelinks)",,
cinnamomum-kanahirain,cinnamomum kanahirain,Cinnamomum kanahirain,0,cinnamomum_kanahirain,no Wikidata food/taxon item with this name,,,,
cinnamomum-oil,cinnamomum oil,olio essenziale di Cinnamomum,0,cinnamomum_oil,no Wikidata food/taxon item with this name,,,,
cinnamomum-oliveri-leaf,cinnamomum oliveri leaf,foglie di Cinnamomum oliveri,0,cinnamomum_oliveri_leaf,no Wikidata food/taxon item with this name,,,,
cinnamon-leaf,cinnamon leaf,foglie di cannella,0,cinnamon_leaf,no Wikidata food/taxon item with this name,,,,
cistus-labdanum,cistus labdanum,Cistus labdanum,0,cistus_labdanum,no Wikidata food/taxon item with this name,,,,
citronella-grass,citronella grass,erba citronella,0,citronella_grass,no Wikidata food/taxon item with this name,,,,
citrus-flower-oil,citrus flower oil,olio essenziale di fiori di agrumi,0,citrus_flower_oil,no Wikidata food/taxon item with this name,,,,
citrus-fruit-blossom,citrus fruit blossom,zagara (fiori di agrumi),0,citrus_fruit_blossom,no Wikidata food/taxon item with this name,,,,
citrus-leaf-oil,citrus leaf oil,olio essenziale di foglie di agrumi,0,citrus_leaf_oil,no Wikidata food/taxon item with this name,,,,
citrus-limetta-oil,citrus limetta oil,olio essenziale di limetta,0,citrus_limetta_oil,no Wikidata food/taxon item with this name,,,,
citrus-peel,citrus peel,scorza di agrumi,0,citrus_peel,no Wikidata food/taxon item with this name,,,FOODON_03303068,citrus peel
citrus-peel-oil,citrus peel oil,olio essenziale di scorza di agrumi,0,citrus_peel_oil,no Wikidata food/taxon item with this name,,,,
clary-sage,clary sage,salvia sclarea,0,clary_sage,matched only through an alias,Q157872,"Q157872 Salvia sclarea (taxon, alias, 45 sitelinks)",,
clary-sage-bush,clary sage bush,pianta di salvia sclarea,0,clary_sage_bush,no Wikidata food/taxon item with this name,,,,
cloudberry-oil,cloudberry oil,essenza di camemoro,0,cloudberry_oil,no Wikidata food/taxon item with this name,,,,
clove-pink,clove pink,garofano comune,0,clove_pink,matched only through an alias,Q158984,"Q158984 Dianthus caryophyllus (taxon, alias, 79 sitelinks)",,
coal-tar,coal tar,catrame di carbon fossile,0,coal_tar,no Wikidata food/taxon item with this name,,,,
cockroach,cockroach,scarafaggio,0,cockroach,no Wikidata food/taxon item with this name,,,,
cocoa-leaf,cocoa leaf,foglie di cacao,0,cocoa_leaf,no Wikidata food/taxon item with this name,,,,
cocoa-liquor,cocoa liquor,massa di cacao,0,cocoa_liquor,matched only through an alias,Q1721876,"Q1721876 chocolate liquor (food, alias, 20 sitelinks)",FOODON_03301070,chocolate liquor
coffee-flower,coffee flower,fiori di caffè,0,coffee_flower,no Wikidata food/taxon item with this name,,,,
cognac-oil,cognac oil,essenza di cognac,0,cognac_oil,no Wikidata food/taxon item with this name,,,,
comte-cheese,comte cheese,Comté,0,comte_cheese,matched only through an alias,Q249310,"Q249310 Comté cheese (food, alias, 29 sitelinks)",,
concord-grape,concord grape,uva Concord,0,concord_grape,no Wikidata food/taxon item with this name,,,,
congo-geranium,congo geranium,geranio del Congo,0,congo_geranium,no Wikidata food/taxon item with this name,,,,
copaiba-balsam,copaiba balsam,balsamo di copaiba,0,copaiba_balsam,no Wikidata food/taxon item with this name,,,,
coprosma-foetidissima-leaf,coprosma foetidissima leaf,foglie di Coprosma foetidissima,0,coprosma_foetidissima_leaf,no Wikidata food/taxon item with this name,,,,
coriander,coriander,coriandolo,0,coriander,matched only through an alias,Q41611,"Q41611 Coriandrum sativum (food, alias, 130 sitelinks); Q20856764 coriander seed (food, alias, 7 sitelinks); Q65523167 cilantro (food, alias, 1 sitelinks)",FOODON_03310370,coriander
coriander-oil,coriander oil,olio essenziale di coriandolo,0,coriander_oil,matched only through an alias,Q1118978,"Q1118978 coriander seed oil (food, alias, 3 sitelinks)",,
corn,corn,mais,0,corn,matched only through an alias; same Wikidata item as maize,Q11575,"Q11575 maize (food, alias, 247 sitelinks); Q25618328 maize (food, alias, 3 sitelinks); Q61665121 barley (food, alias, 1 sitelinks)",,
corn-flake,corn flake,fiocchi di mais,0,corn_flake,no Wikidata food/taxon item with this name,,,,
corn-mint-oil,corn mint oil,olio essenziale di menta campestre,0,corn_mint_oil,matched only through an alias; same Wikidata item as mint-oil,Q353087,"Q353087 mint oil (food, alias, 3 sitelinks)",,
cowberry,cowberry,mirtillo rosso,0,cowberry,matched only through an alias,Q93235,"Q93235 Vaccinium vitis-idaea (taxon, alias, 98 sitelinks); Q3553094 Vaccinium vitis-idaea subsp. vitis-idaea (taxon, alias, 2 sitelinks)",,
crab,crab,granchio,0,crab,no Wikidata food/taxon item with this name,,,FOODON_02021446,crab
cranberry,cranberry,mirtillo rosso americano,0,cranberry,several Wikidata items fit equally well,Q21546387,"Q21546387 cranberry (food, 2 sitelinks); Q13181 cranberry (food, 81 sitelinks); Q5461932 Cranberry (taxon, 1 sitelinks); Q374399 Vaccinium oxycoccos (taxon, alias, 43 sitelinks)",FOODON_00003657,cranberry
creosote,creosote,creosoto,0,creosote,no Wikidata food/taxon item with this name,,,,
crepis-foetida-root,crepis foetida root,radice di Crepis foetida,0,crepis_foetida_root,no Wikidata food/taxon item with this name,,,,
crimean-white-grape-oil,crimean white grape oil,olio essenziale di uva bianca di Crimea,0,crimean_white_grape_oil,no Wikidata food/taxon item with this name,,,,
crisp-bread,crisp bread,pane croccante (knäckebröd),0,crisp_bread,matched only through an alias,Q251981,"Q251981 crispbread (food, alias, 31 sitelinks)",FOODON_00003185,crispbread
crowberry,crowberry,empetro nero,0,crowberry,several Wikidata items fit equally well; matched only through an alias,Q202305,"Q202305 Empetrum nigrum (taxon, alias, 47 sitelinks); Q218371 Empetrum (taxon, alias, 44 sitelinks)",,
crownberry,crownberry,empetro nero,0,crownberry,no Wikidata food/taxon item with this name,,,,
cruciferae-seed,cruciferae seed,semi di crucifere,0,cruciferae_seed,no Wikidata food/taxon item with this name,,,,
cumin,cumin,cumino,0,cumin,matched only through an alias,Q132624,"Q132624 Cuminum cyminum (taxon, alias, 105 sitelinks)",,
cumin-fruit-oil,cumin fruit oil,olio essenziale di frutti di cumino,0,cumin_fruit_oil,no Wikidata food/taxon item with this name,,,,
cupressaceae-oil,cupressaceae oil,olio essenziale di cupressacee,0,cupressaceae_oil,no Wikidata food/taxon item with this name,,,,
cupressus-macrocarpa-oil,cupressus macrocarpa oil,olio essenziale di Cupressus macrocarpa,0,cupressus_macrocarpa_oil,no Wikidata food/taxon item with this name,,,,
cured-ham,cured ham,prosciutto stagionato,0,cured_ham,matched only through an alias,Q1230067,"Q1230067 Bayonne ham (food, alias, 12 sitelinks); Q5309466 raw ham (food, alias, 3 sitelinks)",,
currant-leaf,currant leaf,foglie di ribes,0,currant_leaf,no Wikidata food/taxon item with this name,,,,
custard-apple,custard apple,annona,0,custard_apple,several Wikidata items fit equally well; matched only through an alias,Q6648683,"Q6648683 sugar-apple (food, alias, 13 sitelinks); Q3205924 cherimoyer (food, alias, 7 sitelinks); Q104126397 pawpaw (food, alias, 0 sitelinks); Q472653 Annona reticulata (taxon, alias, 55 sitelinks)",,
cuttlefish,cuttlefish,seppia,0,cuttlefish,matched only through an alias,Q184479,"Q184479 Sepiida (taxon, alias, 74 sitelinks); Q135119 Sepiidae (taxon, alias, 29 sitelinks)",FOODON_03411644,cuttlefish
cymbopogon-citralis-oil,cymbopogon citralis oil,olio essenziale di Cymbopogon citralis,0,cymbopogon_citralis_oil,no Wikidata food/taxon item with this name,,,,
cymbopogon-javanensis,cymbopogon javanensis,Cymbopogon javanensis,0,cymbopogon_javanensis,no Wikidata food/taxon item with this name,,,,
cymbopogon-sennaarensis,cymbopogon sennaarensis,Cymbopogon sennaarensis,0,cymbopogon_sennaarensis,no Wikidata food/taxon item with this name,,,,
cypress,cypress,cipresso,0,cypress,matched only through an alias,Q146911,"Q146911 Cupressus (taxon, alias, 93 sitelinks); Q1472074 Actinostrobus (taxon, alias, 23 sitelinks); Q138044 Cupressus chengiana (taxon, alias, 21 sitelinks); Q1552597 Cupressus guadalupensis (taxon, alias, 20 sitelinks)",,
dacrydium-franklinii-oil,dacrydium franklinii oil,olio essenziale di Dacrydium franklinii,0,dacrydium_franklinii_oil,no Wikidata food/taxon item with this name,,,,
daffodil,daffodil,narciso giallo,0,daffodil,matched only through an alias; same Wikidata item as narcissus,Q29465,"Q29465 Narcissus (taxon, alias, 103 sitelinks); Q27983 Narcissus poeticus (taxon, alias, 43 sitelinks)",,
daffodil-flower,daffodil flower,fiori di narciso giallo,0,daffodil_flower,no Wikidata food/taxon item with this name,,,,
dairy,dairy,latticini,0,dairy,matched only through an alias,Q185217,"Q185217 dairy product (food, alias, 83 sitelinks)",FOODON_00001256,dairy food product
darwinia-grandiflora-oil,darwinia grandiflora oil,olio essenziale di Darwinia grandiflora,0,darwinia_grandiflora_oil,no Wikidata food/taxon item with this name,,,,
demon-red,demon red,peperoncino Demon Red,0,demon_red,no Wikidata food/taxon item with this name,,,,
dill,dill,aneto,0,dill,matched only through an alias,Q26686,"Q26686 Anethum graveolens (taxon, alias, 113 sitelinks)",FOODON_00001811,dill food product
dill-blossom,dill blossom,fiori di aneto,0,dill_blossom,no Wikidata food/taxon item with this name,,,,
dolphin,dolphin,delfino,0,dolphin,matched only through an alias,Q215760,"Q215760 Delphinidae (taxon, alias, 81 sitelinks)",FOODON_02022062,dolphin
domiati-cheese,domiati cheese,formaggio domiati,0,domiati_cheese,no Wikidata food/taxon item with this name,,,FOODON_03311867,domiati cheese
doryphora-sassafras-leaf-oil,doryphora sassafras leaf oil,olio essenziale di foglie di Doryphora sassafras,0,doryphora_sassafras_leaf_oil,no Wikidata food/taxon item with this name,,,,
dried-black-tea,dried black tea,tè nero essiccato,0,dried_black_tea,no Wikidata food/taxon item with this name,,,,
dried-green-tea,dried green tea,tè verde essiccato,0,dried_green_tea,no Wikidata food/taxon item with this name,,,,
dried-kidney-bean,dried kidney bean,fagioli rossi secchi,0,dried_kidney_bean,no Wikidata food/taxon item with this name,,,,
dried-parsley,dried parsley,prezzemolo essiccato,0,dried_parsley,no Wikidata food/taxon item with this name,,,,
dried-spinach,dried spinach,spinaci essiccati,0,dried_spinach,no Wikidata food/taxon item with this name,,,,
dwarf-pine,dwarf pine,pino mugo,0,dwarf_pine,no Wikidata food/taxon item with this name,,,,
dwarf-quince,dwarf quince,cotogno del Giappone,0,dwarf_quince,no Wikidata food/taxon item with this name,,,,
east-african-geranium,east african geranium,geranio dell'Africa orientale,0,east_african_geranium,no Wikidata food/taxon item with this name,,,,
east-indian-geranium,east indian geranium,geranio delle Indie orientali,0,east_indian_geranium,no Wikidata food/taxon item with this name,,,,
eel,eel,anguilla,0,eel,matched only through an alias,Q128685,"Q128685 Anguilliformes (taxon, alias, 97 sitelinks)",FOODON_03411278,eel
elder-flower,elder flower,fiori di sambuco,0,elder_flower,matched only through an alias,Q67778134,"Q67778134 elderflower (food, alias, 0 sitelinks)",,
elderberry-fruit,elderberry fruit,bacche di sambuco,0,elderberry_fruit,no Wikidata food/taxon item with this name,,,,
elderberry-juice,elderberry juice,succo di sambuco,0,elderberry_juice,no Wikidata food/taxon item with this name,,,FOODON_03306177,elderberry juice
elettaria-caradmomum-oil,elettaria caradmomum oil,olio essenziale di cardamomo,0,elettaria_caradmomum_oil,no Wikidata food/taxon item with this name,,,,
elisir,Rose & elderflower elixir,Elisir di rose e sambuco,1,,no Wikidata food/taxon item with this name,,,,
elsholtzia-ciliata-oil,elsholtzia ciliata oil,olio essenziale di Elsholtzia ciliata,0,elsholtzia_ciliata_oil,no Wikidata food/taxon item with this name,,,,
emmental-cheese,emmental cheese,emmental,0,emmental_cheese,matched only through an alias,Q932214,"Q932214 Emmental (food, alias, 60 sitelinks)",FOODON_00001033,emmenthal cheese
english-peppermint-oil,english peppermint oil,olio essenziale di menta piperita inglese,0,english_peppermint_oil,no Wikidata food/taxon item with this name,,,,
enokidake,enokidake,enoki,0,enokidake,no Wikidata food/taxon item with this name,,,,
erba-cipollina,Chives,Erba cipollina,1,chive,matched only through an alias,Q51148,"Q51148 Allium schoenoprasum (taxon, alias, EN+IT, 90 sitelinks); Q61046162 chives (food, 0 sitelinks)",FOODON_03311167,chive leaf (raw)
erica-arborea-oil,erica arborea oil,olio essenziale di erica arborea,0,erica_arborea_oil,no Wikidata food/taxon item with this name,,,,
eriostemon-coxii-leaf-oil,eriostemon coxii leaf oil,olio essenziale di foglie di Eriostemon coxii,0,eriostemon_coxii_leaf_oil,no Wikidata food/taxon item with this name,,,,
eryngium-facidum,eryngium facidum,Eryngium facidum,0,eryngium_facidum,no Wikidata food/taxon item with this name,,,,
eryngium-poterium-oil,eryngium poterium oil,olio essenziale di Eryngium poterium,0,eryngium_poterium_oil,no Wikidata food/taxon item with this name,,,,
estragon,estragon,estragone,0,estragon,no Wikidata food/taxon item with this name,,,,
estragon-oil,estragon oil,olio essenziale di estragone,0,estragon_oil,no Wikidata food/taxon item with this name,,,,
ethiopian-pepper,ethiopian pepper,pepe d'Etiopia,0,ethiopian_pepper,no Wikidata food/taxon item with this name,,,,
eucalyptus-australianavar-oil,eucalyptus australianavar oil,olio essenziale di Eucalyptus australianavar,0,eucalyptus_australianavar_oil,no Wikidata food/taxon item with this name,,,,
eucalyptus-bakeries-oil,eucalyptus bakeries oil,olio essenziale di Eucalyptus bakeries,0,eucalyptus_bakeries_oil,no Wikidata food/taxon item with this name,,,,
eucalyptus-cinereea,eucalyptus cinereea,Eucalyptus cinereea,0,eucalyptus_cinereea,no Wikidata food/taxon item with this name,,,,
eucalyptus-citridora,eucalyptus citridora,eucalipto limone,0,eucalyptus_citridora,no Wikidata food/taxon item with this name,,,,
eucalyptus-citriodora-oil,eucalyptus citriodora oil,olio essenziale di eucalipto limone,0,eucalyptus_citriodora_oil,no Wikidata food/taxon item with this name,,,,
eucalyptus-diversicolor-oil,eucalyptus diversicolor oil,olio essenziale di Eucalyptus diversicolor,0,eucalyptus_diversicolor_oil,no Wikidata food/taxon item with this name,,,,
eucalyptus-dives-oil,eucalyptus dives oil,olio essenziale di Eucalyptus dives,0,eucalyptus_dives_oil,no Wikidata food/taxon item with this name,,,,
eucalyptus-globulus-oil,eucalyptus globulus oil,olio essenziale di eucalipto globulo,0,eucalyptus_globulus_oil,no Wikidata food/taxon item with this name,,,,
eucalyptus-macarthuri-oil,eucalyptus macarthuri oil,olio essenziale di Eucalyptus macarthuri,0,eucalyptus_macarthuri_oil,no Wikidata food/taxon item with this name,,,,
eucalyptus-maideni,eucalyptus maideni,Eucalyptus maideni,0,eucalyptus_maideni,no Wikidata food/taxon item with this name,,,,
eucalyptus-microcorys-leaf-oil,eucalyptus microcorys leaf oil,olio essenziale di foglie di Eucalyptus microcorys,0,eucalyptus_microcorys_leaf_oil,no Wikidata food/taxon item with this name,,,,
eucalyptus-polibrac-tea-oil,eucalyptus polibrac tea oil,olio essenziale di Eucalyptus polibrac tea,0,eucalyptus_polibrac_tea_oil,no Wikidata food/taxon item with this name,,,,
eucalyptus-radiata-oil,eucalyptus radiata oil,olio essenziale di Eucalyptus radiata,0,eucalyptus_radiata_oil,no Wikidata food/taxon item with this name,,,,
european-cranberry,european cranberry,ossicocco,0,european_cranberry,no Wikidata food/taxon item with this name,,,,
ewe,ewe,pecora,0,ewe,matched only through an alias,Q2841118,"Q2841118 Sarcostigma (taxon, alias, 8 sitelinks)",FOODON_03412610,ewe
fagara-zanthoxyloides-oil,fagara zanthoxyloides oil,olio essenziale di Fagara zanthoxyloides,0,fagara_zanthoxyloides_oil,no Wikidata food/taxon item with this name,,,,
fagroea-racemosa-flower,fagroea racemosa flower,fiori di Fagraea racemosa,0,fagroea_racemosa_flower,no Wikidata food/taxon item with this name,,,,
farnesol,farnesol,farnesolo,0,farnesol,no Wikidata food/taxon item with this name,,,,
fatty-fish,fatty fish,pesce grasso,0,fatty_fish,no Wikidata food/taxon item with this name,,,,
feces,feces,feci,0,feces,no Wikidata food/taxon item with this name,,,,
fennel,fennel,finocchio,0,fennel,matched only through an alias,Q43511,"Q43511 Foeniculum vulgare (food, alias, 124 sitelinks); Q27658833 fennel fruit (food, alias, 2 sitelinks)",FOODON_03000244,fennel (whole or pieces)
fenugreek,fenugreek,fieno greco,0,fenugreek,matched only through an alias,Q133205,"Q133205 Trigonella foenum-graecum (taxon, alias, 94 sitelinks); Q132655 Trigonella (taxon, alias, 42 sitelinks)",,
fermented-radish,fermented radish,ravanello fermentato,0,fermented_radish,no Wikidata food/taxon item with this name,,,,
fermented-russian-black-tea,fermented russian black tea,tè nero russo fermentato,0,fermented_russian_black_tea,no Wikidata food/taxon item with this name,,,,
fermented-shrimp,fermented shrimp,gamberi fermentati,0,fermented_shrimp,no Wikidata food/taxon item with this name,,,,
fermented-tea-leaf-oil,fermented tea leaf oil,olio essenziale di foglie di tè fermentate,0,fermented_tea_leaf_oil,no Wikidata food/taxon item with this name,,,,
feta-cheese,feta cheese,feta,0,feta_cheese,matched only through an alias,Q182760,"Q182760 feta (food, alias, 62 sitelinks)",FOODON_03307280,feta cheese
field-mint-oil,field mint oil,olio essenziale di menta campestre,0,field_mint_oil,no Wikidata food/taxon item with this name,,,,
filbert,filbert,nocciola,0,filbert,matched only through an alias; same Wikidata item as hazelnut,Q578307,"Q578307 hazelnut (food, alias, 63 sitelinks); Q1801446 Corylus maxima (taxon, alias, 38 sitelinks)",FOODON_00003669,filbert nut
filipendula-ulmaria-flower,filipendula ulmaria flower,fiori di olmaria,0,filipendula_ulmaria_flower,no Wikidata food/taxon item with this name,,,,
finnish-pine-oil,finnish pine oil,olio essenziale di pino finlandese,0,finnish_pine_oil,no Wikidata food/taxon item with this name,,,,
finnish-whiskey,finnish whiskey,whisky finlandese,0,finnish_whiskey,no Wikidata food/taxon item with this name,,,,
finocchoi-fennel-oil,finocchoi fennel oil,olio essenziale di finocchio,0,finocchoi_fennel_oil,no Wikidata food/taxon item with this name,,,,
fiori-zucca,Squash blossoms,Fiori di zucca,1,,no Wikidata food/taxon item with this name,,,,
florida-orange-juice,florida orange juice,succo d'arancia della Florida,0,florida_orange_juice,no Wikidata food/taxon item with this name,,,,
flower,flower,fiori,0,flower,matched only through an alias,Q2845,"Q2845 cannabis (food, alias, 113 sitelinks)",,
fortunella-margarita,fortunella margarita,kumquat ovale,0,fortunella_margarita,matched only through an alias,Q486951,"Q486951 Citrus margarita (taxon, alias, 11 sitelinks)",,
frankfurter,frankfurter,würstel,0,frankfurter,matched only through an alias,Q181055,"Q181055 hot dog (food, alias, 90 sitelinks); Q681770 Frankfurter Würstchen (food, alias, 24 sitelinks)",FOODON_03302012,frankfurter
french-bean,french bean,fagiolini,0,french_bean,matched only through an alias; same FoodOn class as snap-bean,Q123576144,"Q123576144 green bean fillet (food, alias, 2 sitelinks)",FOODON_03305806,green bean pod
french-fried-potato,french fried potato,patatine fritte,0,french_fried_potato,no Wikidata food/taxon item with this name,,,,
french-lavender,french lavender,lavanda francese,0,french_lavender,matched only through an alias,Q1342976,"Q1342976 Lavandula stoechas (taxon, alias, 37 sitelinks)",,
french-marigold-oil,french marigold oil,olio essenziale di tagete,0,french_marigold_oil,no Wikidata food/taxon item with this name,,,,
french-peppermint,french peppermint,menta piperita francese,0,french_peppermint,no Wikidata food/taxon item with this name,,,,
french-peppermint-oil,french peppermint oil,olio essenziale di menta piperita francese,0,french_peppermint_oil,no Wikidata food/taxon item with this name,,,,
fried-beef,fried beef,manzo fritto,0,fried_beef,no Wikidata food/taxon item with this name,,,,
fried-cured-pork,fried cured pork,maiale stagionato fritto,0,fried_cured_pork,no Wikidata food/taxon item with this name,,,,
funghi,Mushrooms,Funghi,1,mushroom,matched only through an alias,Q654236,"Q654236 edible mushroom (food, alias, 53 sitelinks); Q140654738 Patate e funghi PAT (food, alias, 0 sitelinks); Q764 fungi (taxon, alias, 209 sitelinks)",,
furcraea-gigantean-flower-oil,furcraea gigantean flower oil,olio essenziale di fiori di Furcraea gigantean,0,furcraea_gigantean_flower_oil,no Wikidata food/taxon item with this name,,,,
garcia-mangostana,garcia mangostana,mangostano,0,garcia_mangostana,no Wikidata food/taxon item with this name,,,,
gardenia-flower-oil,gardenia flower oil,olio essenziale di fiori di gardenia,0,gardenia_flower_oil,no Wikidata food/taxon item with this name,,,,
garlic-mustard,garlic mustard,alliaria,0,garlic_mustard,matched only through an alias,Q160097,"Q160097 Alliaria petiolata (taxon, alias, 48 sitelinks); Q50826504 Alliaria officinalis (taxon, alias, 0 sitelinks)",,
gastrochilus-pandurata-oil,gastrochilus pandurata oil,olio essenziale di Gastrochilus pandurata,0,gastrochilus_pandurata_oil,no Wikidata food/taxon item with this name,,,,
gelatin,gelatin,gelatina,0,gelatin,no Wikidata food/taxon item with this name,,,,
german-chamomile-oil,german chamomile oil,olio essenziale di camomilla comune,0,german_chamomile_oil,no Wikidata food/taxon item with this name,,,,
ginger-grass,ginger grass,erba zenzero,0,ginger_grass,several Wikidata items fit equally well; matched only through an alias,Q2671107,"Q2671107 Cymbopogon martini (taxon, alias, 22 sitelinks); Q276897 Paspalum distichum (taxon, alias, 20 sitelinks)",,
ginger-oil,ginger oil,olio essenziale di zenzero,0,ginger_oil,no Wikidata food/taxon item with this name,,,,
globefish,globefish,pesce palla,0,globefish,matched only through an alias,Q2529941,"Q2529941 Diodon nichthemerus (taxon, alias, 14 sitelinks)",,
graminaceae,graminaceae,graminacee,0,graminaceae,no Wikidata food/taxon item with this name,,,,
grape-must,grape must,mosto d'uva,0,grape_must,matched only through an alias; same Wikidata item as grape-syrup,Q2864215,"Q2864215 grape syrup (food, alias, 13 sitelinks); Q140389101 must from grape juice (food, alias, 0 sitelinks)",FOODON_00001071,grape must
grape-syrup,grape syrup,sciroppo d'uva,0,grape_syrup,same Wikidata item as grape-must,Q2864215,"Q2864215 grape syrup (food, 13 sitelinks)",,
grape-vine,grape vine,vite,0,grape_vine,no Wikidata food/taxon item with this name,,,,
grapefruit-blossom,grapefruit blossom,fiori di pompelmo,0,grapefruit_blossom,no Wikidata food/taxon item with this name,,,,
grapefruit-peel,grapefruit peel,scorza di pompelmo,0,grapefruit_peel,no Wikidata food/taxon item with this name,,,FOODON_03305560,grapefruit peel
grapefruit-peel-oil,grapefruit peel oil,olio essenziale di scorza di pompelmo,0,grapefruit_peel_oil,no Wikidata food/taxon item with this name,,,,
green-mate,green mate,mate verde,0,green_mate,no Wikidata food/taxon item with this name,,,,
green-tea-oil,green tea oil,olio essenziale di tè verde,0,green_tea_oil,no Wikidata food/taxon item with this name,,,,
grilled-beef,grilled beef,manzo alla griglia,0,grilled_beef,no Wikidata food/taxon item with this name,,,,
grilled-pork,grilled pork,maiale alla griglia,0,grilled_pork,no Wikidata food/taxon item with this name,,,,
gruyere-cheese,gruyere cheese,groviera,0,gruyere_cheese,no Wikidata food/taxon item with this name,,,FOODON_03303686,gruyere cheese
guava-peel,guava peel,buccia di guaiava,0,guava_peel,no Wikidata food/taxon item with this name,,,,
guinea-orange-oil,guinea orange oil,olio essenziale di arancia di Guinea,0,guinea_orange_oil,no Wikidata food/taxon item with this name,,,,
guinea-pepper,guinea pepper,pepe di Guinea,0,guinea_pepper,no Wikidata food/taxon item with this name,,,FOODON_03305445,grains of paradise
guineafowl,guineafowl,faraona,0,guineafowl,matched only through an alias,Q1304542,"Q1304542 Hamanumida daedalus (taxon, alias, 15 sitelinks)",,
hatsutake,hatsutake,hatsutake,0,hatsutake,no Wikidata food/taxon item with this name,,,,
hazelnut,hazelnut,nocciola,0,hazelnut,same Wikidata item as filbert,Q578307,"Q578307 hazelnut (food, 63 sitelinks); Q104738415 hazelnut (food, 0 sitelinks)",FOODON_00002933,hazelnut
heracleum-candicans-oil,heracleum candicans oil,olio essenziale di Heracleum candicans,0,heracleum_candicans_oil,no Wikidata food/taxon item with this name,,,,
heracleum-villosum-oil,heracleum villosum oil,olio essenziale di Heracleum villosum,0,heracleum_villosum_oil,no Wikidata food/taxon item with this name,,,,
hernandia-peltata-oil,hernandia peltata oil,olio essenziale di Hernandia peltata,0,hernandia_peltata_oil,no Wikidata food/taxon item with this name,,,,
hevea-brasiliensis-flower,hevea brasiliensis flower,fiori di Hevea brasiliensis,0,hevea_brasiliensis_flower,no Wikidata food/taxon item with this name,,,,
hinoki,hinoki,hinoki (cipresso giapponese),0,hinoki,no Wikidata food/taxon item with this name,,,,
hinoki-oil,hinoki oil,olio essenziale di hinoki (cipresso giapponese),0,hinoki_oil,no Wikidata food/taxon item with this name,,,,
hoary-basil,hoary basil,basilico americano,0,hoary_basil,matched only through an alias,Q3240154,"Q3240154 Ocimum americanum (taxon, alias, 27 sitelinks)",,
hoary-basil-leaf-oil,hoary basil leaf oil,olio essenziale di foglie di basilico americano,0,hoary_basil_leaf_oil,no Wikidata food/taxon item with this name,,,,
hog-plum,hog plum,mombin,0,hog_plum,no Wikidata food/taxon item with this name,,,,
hogweed,hogweed,panace,0,hogweed,several Wikidata items fit equally well; matched only through an alias,Q327106,"Q327106 Heracleum (taxon, alias, 61 sitelinks); Q752675 Heracleum sphondylium (taxon, alias, 51 sitelinks); Q1418112 Heracleum persicum (taxon, alias, 27 sitelinks); Q19709379 Heracleum sphondylium subsp. sphondylium (taxon, alias, 2 sitelinks)",,
hogweed-oil,hogweed oil,olio essenziale di panace,0,hogweed_oil,no Wikidata food/taxon item with this name,,,,
honduras-balsam,honduras balsam,balsamo dell'Honduras,0,honduras_balsam,no Wikidata food/taxon item with this name,,,,
honduras-peru-balsam,honduras peru balsam,balsamo del Perù dell'Honduras,0,honduras_peru_balsam,no Wikidata food/taxon item with this name,,,,
honey-fungus,honey fungus,chiodini,0,honey_fungus,matched only through an alias,Q473745,"Q473745 Armillaria mellea (taxon, alias, 51 sitelinks)",FOODON_03412758,honey fungus
hop,hop,luppolo,0,hop,matched only through an alias,Q104212,"Q104212 Humulus lupulus (food, alias, 89 sitelinks)",,
hop-oil,hop oil,olio essenziale di luppolo,0,hop_oil,no Wikidata food/taxon item with this name,,,,
horse-mackerel,horse mackerel,sugarello,0,horse_mackerel,matched only through an alias,Q214415,"Q214415 Atlantic bluefin tuna (taxon, alias, 53 sitelinks)",,
horseradish-oil,horseradish oil,olio essenziale di rafano,0,horseradish_oil,no Wikidata food/taxon item with this name,,,,
houttuynia-cordata-oil,houttuynia cordata oil,olio essenziale di Houttuynia cordata,0,houttuynia_cordata_oil,no Wikidata food/taxon item with this name,,,,
hyacinth-oil,hyacinth oil,olio essenziale di giacinto,0,hyacinth_oil,no Wikidata food/taxon item with this name,,,,
hybrid-passion-fruit-juice,hybrid passion fruit juice,succo di frutto della passione ibrido,0,hybrid_passion_fruit_juice,no Wikidata food/taxon item with this name,,,,
hyssop,hyssop,issopo,0,hyssop,several Wikidata items fit equally well; matched only through an alias,Q137931,"Q137931 Hyssopus officinalis (taxon, alias, 51 sitelinks); Q720501 Hyssopus (taxon, alias, 45 sitelinks)",FOODON_00003109,hyssop food product
iberis-sempervirens-seed,iberis sempervirens seed,semi di iberide sempreverde,0,iberis_sempervirens_seed,no Wikidata food/taxon item with this name,,,,
indian-hemp,indian hemp,canapa indiana,0,indian_hemp,several Wikidata items fit equally well; matched only through an alias,Q2598218,"Q2598218 Apocynum cannabinum (taxon, alias, 22 sitelinks); Q2855436 Crotalaria juncea (taxon, alias, 19 sitelinks)",,
israeli-orange,israeli orange,arancia israeliana,0,israeli_orange,no Wikidata food/taxon item with this name,,,,
israeli-orange-oil,israeli orange oil,olio essenziale di arancia israeliana,0,israeli_orange_oil,no Wikidata food/taxon item with this name,,,,
italian-lime,italian lime,limetta,0,italian_lime,no Wikidata food/taxon item with this name,,,,
italian-orange-oil,italian orange oil,olio essenziale di arancia italiana,0,italian_orange_oil,no Wikidata food/taxon item with this name,,,,
jaborandi-leaf-oil,jaborandi leaf oil,olio essenziale di foglie di jaborandi,0,jaborandi_leaf_oil,no Wikidata food/taxon item with this name,,,,
jamaican-rum,jamaican rum,rum giamaicano,0,jamaican_rum,no Wikidata food/taxon item with this name,,,,
jammus-citronella-oil,jammus citronella oil,olio essenziale di Jammus citronella,0,jammus_citronella_oil,no Wikidata food/taxon item with this name,,,,
japanese-calamus,japanese calamus,calamo giapponese,0,japanese_calamus,no Wikidata food/taxon item with this name,,,,
japanese-ho-leaf-oil,japanese ho leaf oil,olio essenziale di foglie di ho giapponese,0,japanese_ho_leaf_oil,no Wikidata food/taxon item with this name,,,,
japanese-hop,japanese hop,luppolo giapponese,0,japanese_hop,matched only through an alias,Q162736,"Q162736 Humulus japonicus (taxon, alias, 21 sitelinks)",,
japanese-hop-oil,japanese hop oil,olio essenziale di luppolo giapponese,0,japanese_hop_oil,no Wikidata food/taxon item with this name,,,,
japanese-mint,japanese mint,menta giapponese,0,japanese_mint,no Wikidata food/taxon item with this name,,,,
japanese-peppermint,japanese peppermint,menta piperita giapponese,0,japanese_peppermint,no Wikidata food/taxon item with this name,,,,
japanese-peppermint-oil,japanese peppermint oil,olio essenziale di menta piperita giapponese,0,japanese_peppermint_oil,no Wikidata food/taxon item with this name,,,,
japanese-seafood,japanese seafood,frutti di mare giapponesi,0,japanese_seafood,no Wikidata food/taxon item with this name,,,,
japanese-star-anise,japanese star anise,anice stellato giapponese,0,japanese_star_anise,matched only through an alias,Q27019,"Q27019 Illicium anisatum (taxon, alias, 32 sitelinks)",,
japanese-star-anise-oil,japanese star anise oil,olio essenziale di anice stellato giapponese,0,japanese_star_anise_oil,no Wikidata food/taxon item with this name,,,,
japanese-whiskey,japanese whiskey,whisky giapponese,0,japanese_whiskey,matched only through an alias,Q901367,"Q901367 Japanese whisky (food, alias, 19 sitelinks)",,
jasmine,jasmine,gelsomino,0,jasmine,matched only through an alias,Q82014,"Q82014  (taxon, alias, 115 sitelinks)",,
jasminum-grandiflorum-oil,jasminum grandiflorum oil,olio essenziale di gelsomino di Spagna,0,jasminum_grandiflorum_oil,no Wikidata food/taxon item with this name,,,,
jasminum-odoratissimum-oil,jasminum odoratissimum oil,olio essenziale di Jasminum odoratissimum,0,jasminum_odoratissimum_oil,no Wikidata food/taxon item with this name,,,,
java-citronella,java citronella,citronella di Giava,0,java_citronella,matched only through an alias,Q11107842,"Q11107842 Cymbopogon winterianus (taxon, alias, 10 sitelinks)",,
java-citronella-oil,java citronella oil,olio essenziale di citronella di Giava,0,java_citronella_oil,no Wikidata food/taxon item with this name,,,,
jonquil,jonquil,giunchiglia,0,jonquil,matched only through an alias,Q1703489,"Q1703489 Narcissus jonquilla (taxon, alias, 27 sitelinks)",,
jonquil-oil,jonquil oil,olio essenziale di giunchiglia,0,jonquil_oil,no Wikidata food/taxon item with this name,,,,
juniper-leaf-oil,juniper leaf oil,olio essenziale di foglie di ginepro,0,juniper_leaf_oil,no Wikidata food/taxon item with this name,,,,
juniperus-chinensis-oil,juniperus chinensis oil,olio essenziale di Juniperus chinensis,0,juniperus_chinensis_oil,no Wikidata food/taxon item with this name,,,,
juniperus-phoenicea-oil,juniperus phoenicea oil,olio essenziale di Juniperus phoenicea,0,juniperus_phoenicea_oil,no Wikidata food/taxon item with this name,,,,
kabosu-peel-oil,kabosu peel oil,olio essenziale di scorza di kabosu,0,kabosu_peel_oil,no Wikidata food/taxon item with this name,,,,
kaempferia-ethel-bulb-oil,kaempferia ethel bulb oil,olio essenziale di bulbo di Kaempferia ethel,0,kaempferia_ethel_bulb_oil,no Wikidata food/taxon item with this name,,,,
kaschmis-citronella-oil,kaschmis citronella oil,olio essenziale di Kaschmis citronella,0,kaschmis_citronella_oil,no Wikidata food/taxon item with this name,,,,
kencur-oil,kencur oil,olio essenziale di kencur (Kaempferia galanga),0,kencur_oil,no Wikidata food/taxon item with this name,,,,
keta-salmon,keta salmon,salmone keta,0,keta_salmon,matched only through an alias,Q475211,"Q475211 chum salmon (food, alias, 45 sitelinks)",,
key-lime-leaf,key lime leaf,foglie di lime messicano,0,key_lime_leaf,no Wikidata food/taxon item with this name,,,,
kiwi,kiwi,kiwi,0,kiwi,matched only through an alias,Q13194,"Q13194 kiwifruit (food, alias, 98 sitelinks); Q112312274 Kiwi (taxon, 1 sitelinks); Q43642 Apteryx (taxon, alias, 96 sitelinks); Q163522 Actinidia chinensis (taxon, alias, 33 sitelinks)",FOODON_03414363,kiwi
kola-tea,kola tea,tè di cola,0,kola_tea,no Wikidata food/taxon item with this name,,,,
krill,krill,krill,0,krill,matched only through an alias,Q29498,"Q29498 Euphausiacea (taxon, alias, 74 sitelinks)",FOODON_03412844,krill
kumazasa,kumazasa,kumazasa (bambù nano),0,kumazasa,no Wikidata food/taxon item with this name,,,,
kumquat,kumquat,kumquat,0,kumquat,matched only through an alias,Q5122903,"Q5122903 cumquat (food, alias, 67 sitelinks); Q104005575 cumquat (food, alias, 2 sitelinks)",FOODON_00003686,kumquat
kumquat-peel-oil,kumquat peel oil,olio essenziale di scorza di kumquat,0,kumquat_peel_oil,no Wikidata food/taxon item with this name,,,,
labdanum,labdanum,labdano,0,labdanum,matched only through an alias,Q789800,"Q789800 Cistus ladanifer (taxon, alias, 27 sitelinks)",,
lamb,lamb,agnello,0,lamb,several Wikidata items fit equally well; matched only through an alias,Q123122627,"Q123122627 sheep meat (food, alias, 42 sitelinks); Q643419 lamb meat (food, alias, 24 sitelinks)",FOODON_03411669,lamb
lantana-camara-oil,lantana camara oil,olio essenziale di Lantana camara,0,lantana_camara_oil,no Wikidata food/taxon item with this name,,,,
larch-tree,larch tree,larice,0,larch_tree,no Wikidata food/taxon item with this name,,,,
lard,lard,strutto,0,lard,same Wikidata item as lardo; same FoodOn class as lardo,Q72827,"Q72827 lard (food, 64 sitelinks)",FOODON_03302051,lard
lardo,Lard,Lardo,1,,EN and IT names point to different items; same Wikidata item as lard; same FoodOn class as lard,Q72827,"Q72827 lard (food, 64 sitelinks); Q694642 lardo (food, 23 sitelinks); Q5437342 fatback (food, alias, 19 sitelinks); Q140651430 Pancetta stesa PAT (food, alias, 0 sitelinks)",FOODON_03302051,lard
larix-deciduas,larix deciduas,larice europeo,0,larix_deciduas,no Wikidata food/taxon item with this name,,,,
laurel-leaf,laurel leaf,foglie di lauro,0,laurel_leaf,no Wikidata food/taxon item with this name,,,,
laurel-leaf-oil,laurel leaf oil,olio essenziale di foglie di lauro,0,laurel_leaf_oil,no Wikidata food/taxon item with this name,,,,
lavandin,lavandin,lavandino (lavanda ibrida),0,lavandin,no Wikidata food/taxon item with this name,,,,
lavandin-oil,lavandin oil,olio essenziale di lavandino (lavanda ibrida),0,lavandin_oil,no Wikidata food/taxon item with this name,,,,
lavender,lavender,lavanda,0,lavender,matched only through an alias,Q171892,"Q171892 Lavandula (taxon, alias, 95 sitelinks); Q83672342 Rosa 'Lavender' (taxon, alias, 1 sitelinks); Q50844456 Lavandula vera (taxon, alias, 0 sitelinks)",,
lavender-delphinensis,lavender delphinensis,lavanda delfinese,0,lavender_delphinensis,no Wikidata food/taxon item with this name,,,,
lavender-vera-oil,lavender vera oil,olio essenziale di lavanda vera,0,lavender_vera_oil,no Wikidata food/taxon item with this name,,,,
leaf,leaf,foglie,0,leaf,no Wikidata food/taxon item with this name,,,,
lean-fish,lean fish,pesce magro,0,lean_fish,no Wikidata food/taxon item with this name,,,,
ledum-palustre-oil,ledum palustre oil,olio essenziale di ledo palustre,0,ledum_palustre_oil,no Wikidata food/taxon item with this name,,,,
lemon-balm,lemon balm,melissa,0,lemon_balm,matched only through an alias; same Wikidata item as balm,Q148396,"Q148396 Melissa officinalis (taxon, alias, 80 sitelinks)",,
lemon-eucalyptus,lemon eucalyptus,eucalipto limone,0,lemon_eucalyptus,matched only through an alias,Q2549523,"Q2549523 Corymbia citriodora (taxon, alias, 24 sitelinks)",,
lemon-flower,lemon flower,fiori di limone,0,lemon_flower,no Wikidata food/taxon item with this name,,,,
lemon-peel-oil,lemon peel oil,olio essenziale di scorza di limone,0,lemon_peel_oil,no Wikidata food/taxon item with this name,,,,
lemon-tree,lemon tree,albero di limone,0,lemon_tree,matched only through an alias,Q500,"Q500 Citrus × limon (taxon, alias, 186 sitelinks)",,
lemongrass,Lemongrass,Lemongrass,1,lemongrass,matched only through an alias,Q5727732,"Q5727732 Cymbopogon (food, alias, 70 sitelinks); Q33913 Cymbopogon citratus (taxon, alias, 56 sitelinks)",FOODON_03412273,lemon grass plant
lesquerella-seed,lesquerella seed,semi di Lesquerella,0,lesquerella_seed,no Wikidata food/taxon item with this name,,,,
levisticum-acutilobum,levisticum acutilobum,Levisticum acutilobum,0,levisticum_acutilobum,no Wikidata food/taxon item with this name,,,,
liatris-odoratissima,liatris odoratissima,Liatris odoratissima,0,liatris_odoratissima,no Wikidata food/taxon item with this name,,,,
licorice,licorice,liquirizia,0,licorice,no Wikidata food/taxon item with this name,,,,
ligusticum-acutilobum-oil,ligusticum acutilobum oil,olio essenziale di Ligusticum acutilobum,0,ligusticum_acutilobum_oil,no Wikidata food/taxon item with this name,,,,
lilac-flower-oil,lilac flower oil,olio essenziale di fiori di lillà,0,lilac_flower_oil,no Wikidata food/taxon item with this name,,,,
lilium-candidum-flower,lilium candidum flower,fiori di giglio bianco,0,lilium_candidum_flower,no Wikidata food/taxon item with this name,,,,
lily-oil,lily oil,olio essenziale di giglio,0,lily_oil,no Wikidata food/taxon item with this name,,,,
limburger-cheese,limburger cheese,limburger,0,limburger_cheese,no Wikidata food/taxon item with this name,,,FOODON_03303664,Limburger cheese
lime-peel-oil,lime peel oil,olio essenziale di scorza di lime,0,lime_peel_oil,no Wikidata food/taxon item with this name,,,,
liquidambar-orientalis-storax,liquidambar orientalis storax,storace di Liquidambar orientalis,0,liquidambar_orientalis_storax,no Wikidata food/taxon item with this name,,,,
litchi,litchi,litchi,0,litchi,several Wikidata items fit equally well,Q655597,"Q655597 Litchi (food, 6 sitelinks); Q105428070 litchi (food, 5 sitelinks); Q13182 Litchi chinensis (taxon, alias, 105 sitelinks)",FOODON_00003099,lychee
litsea-cubeba-fruit,litsea cubeba fruit,bacche di Litsea cubeba,0,litsea_cubeba_fruit,no Wikidata food/taxon item with this name,,,,
litsea-cubeba-oil,litsea cubeba oil,olio essenziale di Litsea cubeba,0,litsea_cubeba_oil,no Wikidata food/taxon item with this name,,,,
litsea-guatemalensis-oil,litsea guatemalensis oil,olio essenziale di Litsea guatemalensis,0,litsea_guatemalensis_oil,no Wikidata food/taxon item with this name,,,,
litsea-odorifera-leaf-oil,litsea odorifera leaf oil,olio essenziale di foglie di Litsea odorifera,0,litsea_odorifera_leaf_oil,no Wikidata food/taxon item with this name,,,,
litsea-odorifera-oil,litsea odorifera oil,olio essenziale di Litsea odorifera,0,litsea_odorifera_oil,no Wikidata food/taxon item with this name,,,,
litsea-zeylanica-oil,litsea zeylanica oil,olio essenziale di Litsea zeylanica,0,litsea_zeylanica_oil,no Wikidata food/taxon item with this name,,,,
liver,liver,fegato,0,liver,no Wikidata food/taxon item with this name,,,FOODON_03309772,liver (raw)
loiseleuria-procumbens,loiseleuria procumbens,azalea nana,0,loiseleuria_procumbens,matched only through an alias,Q1193268,"Q1193268 Kalmia procumbens (taxon, alias, 24 sitelinks)",,
lovage,lovage,levistico,0,lovage,matched only through an alias,Q27615,"Q27615 Levisticum officinale (taxon, alias, 56 sitelinks)",FOODON_00003095,lovage food product
lovage-leaf,lovage leaf,foglie di levistico,0,lovage_leaf,no Wikidata food/taxon item with this name,,,FOODON_00003098,lovage leaf
lovage-root,lovage root,radice di levistico,0,lovage_root,no Wikidata food/taxon item with this name,,,FOODON_00003097,lovage root
lumache,Snails,Lumache,1,,matched only through an alias,Q19385369,"Q19385369 pipe rigate (food, alias, 8 sitelinks); Q140653203 Vaccareddi PAT (food, alias, 0 sitelinks); Q1757029 Limacidae (taxon, alias, 22 sitelinks); Q775027 Carychium (taxon, alias, 10 sitelinks)",,
luraceae-oil,luraceae oil,olio essenziale di lauracee,0,luraceae_oil,no Wikidata food/taxon item with this name,,,,
luvunga-scadens-oil,luvunga scadens oil,olio essenziale di Luvunga scadens,0,luvunga_scadens_oil,no Wikidata food/taxon item with this name,,,,
madagascar-cinnamon-leaf-oil,madagascar cinnamon leaf oil,olio essenziale di foglie di cannella del Madagascar,0,madagascar_cinnamon_leaf_oil,no Wikidata food/taxon item with this name,,,,
magnolia-oil,magnolia oil,olio essenziale di magnolia,0,magnolia_oil,no Wikidata food/taxon item with this name,,,,
magnolia-salicifolia-oil,magnolia salicifolia oil,olio essenziale di Magnolia salicifolia,0,magnolia_salicifolia_oil,no Wikidata food/taxon item with this name,,,,
maize,maize,mais,0,maize,same Wikidata item as corn,Q11575,"Q11575 maize (food, 247 sitelinks); Q25618328 maize (food, 3 sitelinks)",,
malabar-cardamom-oil,malabar cardamom oil,olio essenziale di cardamomo del Malabar,0,malabar_cardamom_oil,no Wikidata food/taxon item with this name,,,,
malabar-lemongrass-oil,malabar lemongrass oil,olio essenziale di lemongrass del Malabar,0,malabar_lemongrass_oil,no Wikidata food/taxon item with this name,,,,
malagueta-pepper,malagueta pepper,pepe malagueta,0,malagueta_pepper,no Wikidata food/taxon item with this name,,,,
malay-apple,malay apple,mela malese,0,malay_apple,matched only through an alias,Q31936,"Q31936 Syzygium malaccense (taxon, alias, 46 sitelinks)",,
malt-whiskey,malt whiskey,whisky di malto,0,malt_whiskey,no Wikidata food/taxon item with this name,,,,
mammee,mammee,mammea,0,mammee,no Wikidata food/taxon item with this name,,,FOODON_00003112,mamey apple
mandarin,mandarin,mandarino,0,mandarin,matched only through an alias,Q125337,"Q125337 Citrus reticulata (taxon, alias, 112 sitelinks); Q83668994 Rosa 'Mandarin' (taxon, alias, 1 sitelinks); Q83690793 Rosa 'Mandarin' (taxon, alias, 1 sitelinks); Q83690905 Rosa 'Mandarin' (taxon, alias, 1 sitelinks)",FOODON_00003555,mandarin orange
mandarin-leaf-oil,mandarin leaf oil,olio essenziale di foglie di mandarino,0,mandarin_leaf_oil,no Wikidata food/taxon item with this name,,,,
mandarin-oil,mandarin oil,olio essenziale di mandarino,0,mandarin_oil,matched only through an alias; same Wikidata item as tangerine-oil,Q72509416,"Q72509416 tangerine oil (food, alias, 1 sitelinks)",,
mandarin-peel,mandarin peel,scorza di mandarino,0,mandarin_peel,no Wikidata food/taxon item with this name,,,,
mandarin-peel-oil,mandarin peel oil,olio essenziale di scorza di mandarino,0,mandarin_peel_oil,no Wikidata food/taxon item with this name,,,,
mangosteen,mangosteen,mangostano,0,mangosteen,matched only through an alias,Q104030000,"Q104030000 mangostan (food, alias, 2 sitelinks); Q170662 Garcinia mangostana (taxon, alias, 85 sitelinks)",FOODON_00003568,mangosteen
manila-copal,manila copal,copale di Manila,0,manila_copal,matched only through an alias,Q216113,"Q216113 Agathis (taxon, alias, 45 sitelinks)",,
mantis-shrimp,mantis shrimp,canocchia,0,mantis_shrimp,matched only through an alias,Q334855,"Q334855 Stomatopoda (taxon, alias, 51 sitelinks)",FOODON_03414896,mantis shrimp family
marula,marula,marula,0,marula,no Wikidata food/taxon item with this name,,,,
mastic-gum,mastic gum,mastice (resina di lentisco),0,mastic_gum,no Wikidata food/taxon item with this name,,,,
mastic-gum-fruit-oil,mastic gum fruit oil,olio essenziale di frutti di lentisco,0,mastic_gum_fruit_oil,no Wikidata food/taxon item with this name,,,,
mastic-gum-leaf-oil,mastic gum leaf oil,olio essenziale di foglie di lentisco,0,mastic_gum_leaf_oil,no Wikidata food/taxon item with this name,,,,
mastic-gum-oil,mastic gum oil,olio essenziale di mastice,0,mastic_gum_oil,no Wikidata food/taxon item with this name,,,,
mate-leaf,mate leaf,foglie di mate,0,mate_leaf,no Wikidata food/taxon item with this name,,,,
matricaria-parthenium-oil,matricaria parthenium oil,olio essenziale di Matricaria parthenium,0,matricaria_parthenium_oil,no Wikidata food/taxon item with this name,,,,
melaleuca-bracteata-leaf,melaleuca bracteata leaf,foglie di Melaleuca bracteata,0,melaleuca_bracteata_leaf,no Wikidata food/taxon item with this name,,,,
melaleuca-oil,melaleuca oil,olio essenziale di melaleuca,0,melaleuca_oil,matched only through an alias; same Wikidata item as tea-tree-oil,Q48832,"Q48832 tea tree oil (food, alias, 24 sitelinks)",,
melaleuca-paucifiora-oil,melaleuca paucifiora oil,olio essenziale di Melaleuca paucifiora,0,melaleuca_paucifiora_oil,no Wikidata food/taxon item with this name,,,,
melaleuca-trichostachya-oil,melaleuca trichostachya oil,olio essenziale di Melaleuca trichostachya,0,melaleuca_trichostachya_oil,no Wikidata food/taxon item with this name,,,,
melilotus-albus-leaf,melilotus albus leaf,foglie di meliloto bianco,0,melilotus_albus_leaf,no Wikidata food/taxon item with this name,,,,
melilotus-officinalis-flower,melilotus officinalis flower,fiori di meliloto,0,melilotus_officinalis_flower,no Wikidata food/taxon item with this name,,,,
melissa-oil,melissa oil,olio essenziale di melissa,0,melissa_oil,no Wikidata food/taxon item with this name,,,,
menta,Mint,Menta,1,mint,EN and IT names point to different items,Q5254978,"Q5254978 mint (food, 12 sitelinks); Q6817375 Menta (food, 1 sitelinks); Q140655190 Marmellata di mirtilli PAT (food, alias, 0 sitelinks); Q47859  (taxon, alias, 123 sitelinks)",,
mentha,mentha,menta (Mentha),0,mentha,no Wikidata food/taxon item with this name,,,,
mentha-longifolia-oil,mentha longifolia oil,olio essenziale di Mentha longifolia,0,mentha_longifolia_oil,no Wikidata food/taxon item with this name,,,,
mentha-silvestris-oil,mentha silvestris oil,olio essenziale di Mentha silvestris,0,mentha_silvestris_oil,no Wikidata food/taxon item with this name,,,,
mentha-verticillata,mentha verticillata,Mentha verticillata,0,mentha_verticillata,matched only through an alias,Q15341809,"Q15341809 Mentha ×verticillata (taxon, alias, 12 sitelinks)",,
mexican-goosefoot,mexican goosefoot,tè del Messico,0,mexican_goosefoot,no Wikidata food/taxon item with this name,,,,
mexican-lime,mexican lime,lime messicano,0,mexican_lime,no Wikidata food/taxon item with this name,,,,
mexican-linaloe,mexican linaloe,linaloe messicano,0,mexican_linaloe,no Wikidata food/taxon item with this name,,,,
michelia-champaca-oil,michelia champaca oil,olio essenziale di Michelia champaca,0,michelia_champaca_oil,no Wikidata food/taxon item with this name,,,,
milk-fat,milk fat,grasso del latte,0,milk_fat,matched only through an alias; same Wikidata item as butterfat,Q909729,"Q909729 butterfat (food, alias, 21 sitelinks)",FOODON_00002681,milk fat
mimosa-oil,mimosa oil,olio essenziale di mimosa,0,mimosa_oil,no Wikidata food/taxon item with this name,,,,
mimusops-elengi-flower,mimusops elengi flower,fiori di Mimusops elengi,0,mimusops_elengi_flower,no Wikidata food/taxon item with this name,,,,
mindanaese-cinnamomum-oil,mindanaese cinnamomum oil,olio essenziale di Cinnamomum di Mindanao,0,mindanaese_cinnamomum_oil,no Wikidata food/taxon item with this name,,,,
mint-oil,mint oil,olio essenziale di menta,0,mint_oil,same Wikidata item as corn-mint-oil,Q353087,"Q353087 mint oil (food, 3 sitelinks)",,
monarda-citriodora-oil,monarda citriodora oil,olio essenziale di Monarda citriodora,0,monarda_citriodora_oil,no Wikidata food/taxon item with this name,,,,
monarda-fisulosa,monarda fisulosa,Monarda fisulosa,0,monarda_fisulosa,no Wikidata food/taxon item with this name,,,,
monarda-punctata-oil,monarda punctata oil,olio essenziale di Monarda punctata,0,monarda_punctata_oil,no Wikidata food/taxon item with this name,,,,
monkey-orange,monkey orange,Strychnos spinosa,0,monkey_orange,no Wikidata food/taxon item with this name,,,,
morus-bombycis-oil,morus bombycis oil,olio essenziale di Morus bombycis,0,morus_bombycis_oil,no Wikidata food/taxon item with this name,,,,
mozzarella,Buffalo mozzarella,Mozzarella di bufala,1,mozzarella_cheese,matched only through an alias,Q14088,"Q14088 mozzarella (food, alias, 76 sitelinks)",FOODON_03303578,mozzarella cheese
mulberry-leaf,mulberry leaf,foglie di gelso,0,mulberry_leaf,no Wikidata food/taxon item with this name,,,,
munster-cheese,munster cheese,munster,0,munster_cheese,no Wikidata food/taxon item with this name,,,,
muscat-grape,muscat grape,uva moscato,0,muscat_grape,no Wikidata food/taxon item with this name,,,,
muscat-grape-juice,muscat grape juice,succo d'uva moscato,0,muscat_grape_juice,no Wikidata food/taxon item with this name,,,,
musk,musk,muschio animale,0,musk,no Wikidata food/taxon item with this name,,,,
mustard-greens-oil,mustard greens oil,olio essenziale di foglie di senape,0,mustard_greens_oil,no Wikidata food/taxon item with this name,,,,
mutton-liver,mutton liver,fegato di montone,0,mutton_liver,no Wikidata food/taxon item with this name,,,,
myrrh,myrrh,mirra,0,myrrh,no Wikidata food/taxon item with this name,,,,
myrtaceae-oil,myrtaceae oil,olio essenziale di mirtacee,0,myrtaceae_oil,no Wikidata food/taxon item with this name,,,,
myrtle,myrtle,mirto,0,myrtle,no Wikidata food/taxon item with this name,,,,
myrtleberry,myrtleberry,mirtillo nero,0,myrtleberry,no Wikidata food/taxon item with this name,,,,
myrtus-communis,myrtus communis,mirto comune,0,myrtus_communis,matched only through an alias,Q6122027,"Q6122027 common myrtle (taxon, alias, 54 sitelinks)",,
nance,nance,nance,0,nance,matched only through an alias,Q2046782,"Q2046782 Byrsonima crassifolia (taxon, alias, 29 sitelinks)",,
naranjilla,naranjilla,naranjilla,0,naranjilla,matched only through an alias,Q795069,"Q795069 Solanum quitoense (taxon, alias, 35 sitelinks)",FOODON_00003688,naranjilla
narcissus,narcissus,narciso,0,narcissus,same Wikidata item as daffodil,Q29465,"Q29465 Narcissus (taxon, 103 sitelinks)",,
narcissus-oil,narcissus oil,olio essenziale di narciso,0,narcissus_oil,no Wikidata food/taxon item with this name,,,,
nemuaron-humboldtii-oil,nemuaron humboldtii oil,olio essenziale di Nemuaron humboldtii,0,nemuaron_humboldtii_oil,no Wikidata food/taxon item with this name,,,,
nepeta-japonica,nepeta japonica,Nepeta japonica,0,nepeta_japonica,no Wikidata food/taxon item with this name,,,,
neroli,neroli,neroli,0,neroli,same Wikidata item as neroli-oil,Q900616,"Q900616 neroli (food, 19 sitelinks)",,
neroli-bigarade,neroli bigarade,neroli bigarade,0,neroli_bigarade,no Wikidata food/taxon item with this name,,,,
neroli-oil,neroli oil,olio essenziale di neroli,0,neroli_oil,matched only through an alias; same Wikidata item as neroli,Q900616,"Q900616 neroli (food, alias, 19 sitelinks)",,
nettle,nettle,ortica,0,nettle,matched only through an alias,Q121671,"Q121671 Urtica (taxon, alias, 105 sitelinks)",,
nigra-oil,nigra oil,olio essenziale di nigra,0,nigra_oil,no Wikidata food/taxon item with this name,,,,
nira,nira,erba cipollina cinese,0,nira,no Wikidata food/taxon item with this name,,,,
nobiru,nobiru,nobiru,0,nobiru,no Wikidata food/taxon item with this name,,,,
oak-leaf,oak leaf,foglie di quercia,0,oak_leaf,no Wikidata food/taxon item with this name,,,,
oak-musk,oak musk,muschio di quercia,0,oak_musk,no Wikidata food/taxon item with this name,,,,
oak-tar-oil,oak tar oil,olio di catrame di quercia,0,oak_tar_oil,no Wikidata food/taxon item with this name,,,,
oat-groat,oat groat,avena decorticata,0,oat_groat,no Wikidata food/taxon item with this name,,,,
ocotea-usambarensis-oil,ocotea usambarensis oil,olio essenziale di Ocotea usambarensis,0,ocotea_usambarensis_oil,no Wikidata food/taxon item with this name,,,,
orange-flower,orange flower,fiori d'arancio,0,orange_flower,no Wikidata food/taxon item with this name,,,,
orange-flower-oil,orange flower oil,olio essenziale di fiori d'arancio,0,orange_flower_oil,no Wikidata food/taxon item with this name,,,,
orange-leaf,orange leaf,foglie di arancio,0,orange_leaf,no Wikidata food/taxon item with this name,,,,
orange-leaf-oil,orange leaf oil,olio essenziale di foglie di arancio,0,orange_leaf_oil,no Wikidata food/taxon item with this name,,,,
orange-peel-oil,orange peel oil,olio essenziale di scorza d'arancia,0,orange_peel_oil,no Wikidata food/taxon item with this name,,,,
orange-tree,orange tree,arancio,0,orange_tree,matched only through an alias,Q3355098,"Q3355098 Citrus sinensis (taxon, alias, 97 sitelinks)",,
oriental-storax,oriental storax,storace orientale,0,oriental_storax,no Wikidata food/taxon item with this name,,,,
ormenis-mixta-oil,ormenis mixta oil,olio essenziale di Ormenis mixta,0,ormenis_mixta_oil,no Wikidata food/taxon item with this name,,,,
orris,orris,giaggiolo,0,orris,no Wikidata food/taxon item with this name,,,,
orris-root,orris root,radice di giaggiolo,0,orris_root,no Wikidata food/taxon item with this name,,,,
orthodon-asaroniferum-oil,orthodon asaroniferum oil,olio essenziale di Orthodon asaroniferum,0,orthodon_asaroniferum_oil,no Wikidata food/taxon item with this name,,,,
orthodon-citraliferum,orthodon citraliferum,Orthodon citraliferum,0,orthodon_citraliferum,no Wikidata food/taxon item with this name,,,,
orthodon-linalooliferum,orthodon linalooliferum,Orthodon linalooliferum,0,orthodon_linalooliferum,no Wikidata food/taxon item with this name,,,,
orthodon-methylisoeugenoliferum,orthodon methylisoeugenoliferum,Orthodon methylisoeugenoliferum,0,orthodon_methylisoeugenoliferum,no Wikidata food/taxon item with this name,,,,
orthodon-methylisoeugenoliferum-oil,orthodon methylisoeugenoliferum oil,olio essenziale di Orthodon methylisoeugenoliferum,0,orthodon_methylisoeugenoliferum_oil,no Wikidata food/taxon item with this name,,,,
orthodon-tenuicaule-oil,orthodon tenuicaule oil,olio essenziale di Orthodon tenuicaule,0,orthodon_tenuicaule_oil,no Wikidata food/taxon item with this name,,,,
oxidized-lard,oxidized lard,strutto ossidato,0,oxidized_lard,no Wikidata food/taxon item with this name,,,,
oxidized-milk,oxidized milk,latte ossidato,0,oxidized_milk,no Wikidata food/taxon item with this name,,,,
oxidized-skim-milk,oxidized skim milk,latte scremato ossidato,0,oxidized_skim_milk,no Wikidata food/taxon item with this name,,,,
oxystigma-buccholtzii-flower,oxystigma buccholtzii flower,fiori di Oxystigma buchholzii,0,oxystigma_buccholtzii_flower,no Wikidata food/taxon item with this name,,,,
palm,palm,palma,0,palm,matched only through an alias,Q2709536,"Q2709536 Oenocarpus bataua (taxon, alias, 12 sitelinks)",,
palm-fruit,palm fruit,frutto della palma,0,palm_fruit,no Wikidata food/taxon item with this name,,,,
palmarosa,palmarosa,palmarosa,0,palmarosa,no Wikidata food/taxon item with this name,,,,
pandanus-odoratissimus-oil,pandanus odoratissimus oil,olio essenziale di pandano odoroso,0,pandanus_odoratissimus_oil,no Wikidata food/taxon item with this name,,,,
paraguay-petitgrain,paraguay petitgrain,petitgrain del Paraguay,0,paraguay_petitgrain,no Wikidata food/taxon item with this name,,,,
parmesan,parmesan,parmigiano,0,parmesan,same Wikidata item as parmesan-cheese,Q155922,"Q155922 Parmesan (food, 71 sitelinks)",,
parmesan-cheese,parmesan cheese,parmigiano,0,parmesan_cheese,matched only through an alias; same Wikidata item as parmesan,Q155922,"Q155922 Parmesan (food, alias, 71 sitelinks)",,
parsnip-fruit,parsnip fruit,frutti di pastinaca,0,parsnip_fruit,no Wikidata food/taxon item with this name,,,,
parsnip-root,parsnip root,radice di pastinaca,0,parsnip_root,no Wikidata food/taxon item with this name,,,,
passiflora-edulis-juice,passiflora edulis juice,succo di maracuja,0,passiflora_edulis_juice,no Wikidata food/taxon item with this name,,,,
passion-fruit,passion fruit,frutto della passione,0,passion_fruit,matched only through an alias,Q2224510,"Q2224510 passionfruit (food, alias, 27 sitelinks); Q156790 Passiflora edulis (taxon, alias, 81 sitelinks)",FOODON_00003675,passion fruit
passion-fruit-wine,passion fruit wine,vino di frutto della passione,0,passion_fruit_wine,no Wikidata food/taxon item with this name,,,,
peated-malt,peated malt,malto torbato,0,peated_malt,no Wikidata food/taxon item with this name,,,,
pecan,pecan,noce pecan,0,pecan,matched only through an alias,Q1119911,"Q1119911 pecan nut (food, alias, 5 sitelinks); Q333877 Carya illinoinensis (taxon, alias, 54 sitelinks)",FOODON_00003699,pecan
pectina,Pectin,Pectina,1,,no Wikidata food/taxon item with this name,,,,
pelargonium-capitaux,pelargonium capitaux,pelargonio capitato,0,pelargonium_capitaux,no Wikidata food/taxon item with this name,,,,
penang-benzoin,penang benzoin,benzoino di Penang,0,penang_benzoin,no Wikidata food/taxon item with this name,,,,
pennyroyal,pennyroyal,puleggio,0,pennyroyal,matched only through an alias,Q161235,"Q161235 Mentha pulegium (taxon, alias, 59 sitelinks)",,
pepe,Pepper,Pepe,1,black_pepper,"same FoodOn class as peperoni, pepper",Q3143131,"Q3143131 peppercorn (food, 39 sitelinks); Q22915010 black pepper (food, 4 sitelinks); Q1548030 bell pepper (food, alias, 68 sitelinks); Q43084 black pepper (taxon, 136 sitelinks)",FOODON_00003520,pepper
peperoni,Peppers,Peperoni,1,bell_pepper,"same Wikidata item as pepper; same FoodOn class as pepe, pepper",Q1548030,"Q1548030 bell pepper (food, 68 sitelinks); Q201959 Capsicum (taxon, alias, 103 sitelinks); Q156522 Piperaceae (taxon, alias, 63 sitelinks)",FOODON_00003520,pepper
pepino-melon,pepino melon,pepino,0,pepino_melon,matched only through an alias,Q104032416,"Q104032416 sweet cucumber (food, alias, 0 sitelinks)",,
pepper,pepper,pepe,0,pepper,"matched only through an alias; same Wikidata item as peperoni; same FoodOn class as pepe, peperoni",Q1548030,"Q1548030 bell pepper (food, alias, 68 sitelinks); Q201959 Capsicum (taxon, alias, 103 sitelinks); Q1380 Capsicum annuum (taxon, alias, 93 sitelinks)",FOODON_00003520,pepper
peppermint,peppermint,menta piperita,0,peppermint,matched only through an alias,Q156037,"Q156037 Mentha × piperita (taxon, alias, 76 sitelinks)",FOODON_03303920,peppermint
perovski-abrotanoides-oil,perovski abrotanoides oil,olio essenziale di Perovski abrotanoides,0,perovski_abrotanoides_oil,no Wikidata food/taxon item with this name,,,,
persea-gratissima-peel,persea gratissima peel,buccia di avocado,0,persea_gratissima_peel,no Wikidata food/taxon item with this name,,,,
peru-balsam,peru balsam,balsamo del Perù,0,peru_balsam,no Wikidata food/taxon item with this name,,,,
petitgrain,petitgrain,petitgrain,0,petitgrain,same Wikidata item as petitgrain-bigarade,Q906404,"Q906404 petitgrain (food, 8 sitelinks)",,
petitgrain-bergamot,petitgrain bergamot,petitgrain di bergamotto,0,petitgrain_bergamot,no Wikidata food/taxon item with this name,,,,
petitgrain-bigarade,petitgrain bigarade,petitgrain bigarade,0,petitgrain_bigarade,matched only through an alias; same Wikidata item as petitgrain,Q906404,"Q906404 petitgrain (food, alias, 8 sitelinks)",,
petitgrain-lemon,petitgrain lemon,petitgrain di limone,0,petitgrain_lemon,no Wikidata food/taxon item with this name,,,,
petitgrain-lemon-oil,petitgrain lemon oil,olio essenziale di petitgrain di limone,0,petitgrain_lemon_oil,no Wikidata food/taxon item with this name,,,,
petitgrain-lime,petitgrain lime,petitgrain di lime,0,petitgrain_lime,no Wikidata food/taxon item with this name,,,,
petitgrain-lime-oil,petitgrain lime oil,olio essenziale di petitgrain di lime,0,petitgrain_lime_oil,no Wikidata food/taxon item with this name,,,,
phebalium-dentatum-leaf,phebalium dentatum leaf,foglie di Phebalium dentatum,0,phebalium_dentatum_leaf,no Wikidata food/taxon item with this name,,,,
phebalium-nudum-root-oil,phebalium nudum root oil,olio essenziale di radice di Phebalium nudum,0,phebalium_nudum_root_oil,no Wikidata food/taxon item with this name,,,,
phellodendron-amurense,phellodendron amurense,sughero dell'Amur,0,phellodendron_amurense,no Wikidata food/taxon item with this name,,,,
phellodendron-amurense-fruit,phellodendron amurense fruit,bacche di Phellodendron amurense,0,phellodendron_amurense_fruit,no Wikidata food/taxon item with this name,,,,
picea-alba-oil,picea alba oil,olio essenziale di Picea alba,0,picea_alba_oil,no Wikidata food/taxon item with this name,,,,
picea-balsamea-oil,picea balsamea oil,olio essenziale di Picea balsamea,0,picea_balsamea_oil,no Wikidata food/taxon item with this name,,,,
picea-canadensis,picea canadensis,Picea canadensis,0,picea_canadensis,matched only through an alias,Q128116,"Q128116 Picea glauca (taxon, alias, 41 sitelinks)",,
pickled-ham,pickled ham,prosciutto in salamoia,0,pickled_ham,no Wikidata food/taxon item with this name,,,,
pickled-plum,pickled plum,prugne in salamoia (umeboshi),0,pickled_plum,no Wikidata food/taxon item with this name,,,,
pilchard,pilchard,sardina,0,pilchard,matched only through an alias,Q5141254,"Q5141254 sardine (food, alias, 45 sitelinks); Q208600 sardina (taxon, alias, 69 sitelinks); Q2147802 scaled sardine (taxon, alias, 10 sitelinks)",FOODON_03413853,pilchard
pimenta,pimenta,pepe della Giamaica,0,pimenta,matched only through an alias; same Wikidata item as pimento,Q158468,"Q158468 allspice (food, alias, 56 sitelinks); Q133541 Pimenta (taxon, 26 sitelinks)",,
pimento,pimento,pimento,0,pimento,matched only through an alias; same Wikidata item as pimenta,Q158468,"Q158468 allspice (food, alias, 56 sitelinks)",,
pinanona,pinanona,pinanona (frutto di monstera),0,pinanona,no Wikidata food/taxon item with this name,,,,
pine-turpentine,pine turpentine,trementina di pino,0,pine_turpentine,no Wikidata food/taxon item with this name,,,,
pinus-avium-fruit,pinus avium fruit,frutto di Pinus avium,0,pinus_avium_fruit,no Wikidata food/taxon item with this name,,,,
pinus-communis-oil,pinus communis oil,olio essenziale di Pinus communis,0,pinus_communis_oil,no Wikidata food/taxon item with this name,,,,
pinus-jeffreyi-leaf-oil,pinus jeffreyi leaf oil,olio essenziale di foglie di pino di Jeffrey,0,pinus_jeffreyi_leaf_oil,no Wikidata food/taxon item with this name,,,,
pinus-jeffreyi-terpentine,pinus jeffreyi terpentine,trementina di pino di Jeffrey,0,pinus_jeffreyi_terpentine,no Wikidata food/taxon item with this name,,,,
pinus-punulio,pinus punulio,Pinus punulio,0,pinus_punulio,no Wikidata food/taxon item with this name,,,,
pinus-sabiniana-terpentine,pinus sabiniana terpentine,trementina di Pinus sabiniana,0,pinus_sabiniana_terpentine,no Wikidata food/taxon item with this name,,,,
pinus-sylvestris-oil,pinus sylvestris oil,olio essenziale di pino silvestre,0,pinus_sylvestris_oil,no Wikidata food/taxon item with this name,,,,
pistacchi,Pistachios,Pistacchi,1,pistachio,matched only through an alias,Q14959225,"Q14959225 pistachio nut (food, alias, 8 sitelinks); Q36071 Pistacia vera (taxon, alias, 89 sitelinks); Q83639257 Clematis 'Pistachio' (taxon, alias, 1 sitelinks)",,
pittosporum-flower,pittosporum flower,fiori di pittosporo,0,pittosporum_flower,no Wikidata food/taxon item with this name,,,,
plum-brandy,plum brandy,acquavite di prugne,0,plum_brandy,matched only through an alias,Q368610,"Q368610 slivovitz (food, alias, 42 sitelinks)",,
plum-wine,plum wine,vino di prugne (umeshu),0,plum_wine,matched only through an alias,Q1927744,"Q1927744 umeshu (food, alias, 22 sitelinks); Q16164388 maesil-ju (food, alias, 5 sitelinks)",FOODON_03310731,plum wine
plumcot,plumcot,plumcot (susina × albicocca),0,plumcot,matched only through an alias,Q2722924,"Q2722924 Pluot (taxon, alias, 16 sitelinks)",,
polianthes-tuberosa-oil,polianthes tuberosa oil,olio essenziale di Polianthes tuberosa,0,polianthes_tuberosa_oil,no Wikidata food/taxon item with this name,,,,
polyalthia-canangioides-flower,polyalthia canangioides flower,fiori di Polyalthia canangioides,0,polyalthia_canangioides_flower,no Wikidata food/taxon item with this name,,,,
pomelo-peel,pomelo peel,scorza di pomelo,0,pomelo_peel,no Wikidata food/taxon item with this name,,,,
pomodoro,Tomato,Pomodoro,1,tomato,several Wikidata items fit equally well,Q20638126,"Q20638126 tomato (food, EN+IT, 18 sitelinks); Q23501 tomato (food, EN+IT, 208 sitelinks); Q140651413 Imbalsadura PAT (food, alias, 0 sitelinks); Q3517444 Temenis laothoe (taxon, alias, 6 sitelinks)",FOODON_03301453,tomato
porcini,porcini,porcini,0,porcini,matched only through an alias,Q19740,"Q19740 Boletus edulis (taxon, alias, 89 sitelinks)",,
port-wine,port wine,vino Porto,0,port_wine,no Wikidata food/taxon item with this name,,,FOODON_03311271,port wine
pouching-tea,pouching tea,tè Pouchong,0,pouching_tea,no Wikidata food/taxon item with this name,,,,
provolone-cheese,provolone cheese,provolone,0,provolone_cheese,no Wikidata food/taxon item with this name,,,FOODON_03302916,provolone cheese
prunus-laurocerasus,prunus laurocerasus,lauroceraso,0,prunus_laurocerasus,no Wikidata food/taxon item with this name,,,,
ptychotis-ajowan-seed-oil,ptychotis ajowan seed oil,olio essenziale di semi di Ptychotis ajowan,0,ptychotis_ajowan_seed_oil,no Wikidata food/taxon item with this name,,,,
purple-passion-fruit,purple passion fruit,frutto della passione viola,0,purple_passion_fruit,no Wikidata food/taxon item with this name,,,FOODON_00004605,purple passion fruit
purple-passion-fruit-juice,purple passion fruit juice,succo di frutto della passione viola,0,purple_passion_fruit_juice,no Wikidata food/taxon item with this name,,,,
quercus-olive,quercus olive,Quercus olive,0,quercus_olive,no Wikidata food/taxon item with this name,,,,
rabbiteye-blueberry,rabbiteye blueberry,mirtillo rabbiteye,0,rabbiteye_blueberry,matched only through an alias,Q4142371,"Q4142371 Vaccinium virgatum (taxon, alias, 10 sitelinks)",,
radish-oil,radish oil,olio essenziale di ravanello,0,radish_oil,no Wikidata food/taxon item with this name,,,,
rafanus-sativus-root,rafanus sativus root,radice di ravanello,0,rafanus_sativus_root,no Wikidata food/taxon item with this name,,,,
rancid-coconut-oil,rancid coconut oil,olio di cocco rancido,0,rancid_coconut_oil,no Wikidata food/taxon item with this name,,,,
randia-formosa-flower,randia formosa flower,fiori di Randia formosa,0,randia_formosa_flower,no Wikidata food/taxon item with this name,,,,
rane,Frogs,Rane,1,,no Wikidata food/taxon item with this name,,,,
rapeseed,rapeseed,semi di colza,0,rapeseed,matched only through an alias,Q177932,"Q177932 Brassica napus (taxon, alias, 94 sitelinks)",FOODON_00003407,rapeseed
raspberry-brandy,raspberry brandy,acquavite di lamponi,0,raspberry_brandy,no Wikidata food/taxon item with this name,,,,
raspberry-oil,raspberry oil,essenza di lampone,0,raspberry_oil,no Wikidata food/taxon item with this name,,,,
raw-asparagus,raw asparagus,asparagi crudi,0,raw_asparagus,no Wikidata food/taxon item with this name,,,,
raw-bean,raw bean,fagioli crudi,0,raw_bean,no Wikidata food/taxon item with this name,,,,
raw-beef,raw beef,manzo crudo,0,raw_beef,no Wikidata food/taxon item with this name,,,,
raw-cabbage,raw cabbage,cavolo crudo,0,raw_cabbage,no Wikidata food/taxon item with this name,,,,
raw-chicken,raw chicken,pollo crudo,0,raw_chicken,no Wikidata food/taxon item with this name,,,,
raw-fatty-fish,raw fatty fish,pesce grasso crudo,0,raw_fatty_fish,no Wikidata food/taxon item with this name,,,,
raw-lamb,raw lamb,agnello crudo,0,raw_lamb,no Wikidata food/taxon item with this name,,,,
raw-lean-fish,raw lean fish,pesce magro crudo,0,raw_lean_fish,no Wikidata food/taxon item with this name,,,,
raw-leek,raw leek,porro crudo,0,raw_leek,no Wikidata food/taxon item with this name,,,,
raw-pea,raw pea,piselli crudi,0,raw_pea,no Wikidata food/taxon item with this name,,,,
raw-peanut,raw peanut,arachidi crude,0,raw_peanut,no Wikidata food/taxon item with this name,,,,
raw-pork,raw pork,maiale crudo,0,raw_pork,no Wikidata food/taxon item with this name,,,,
raw-potato,raw potato,patate crude,0,raw_potato,no Wikidata food/taxon item with this name,,,,
raw-radish,raw radish,ravanello crudo,0,raw_radish,no Wikidata food/taxon item with this name,,,,
raw-soybean-oil,raw soybean oil,olio di soia grezzo,0,raw_soybean_oil,no Wikidata food/taxon item with this name,,,,
raw-turkey,raw turkey,tacchino crudo,0,raw_turkey,no Wikidata food/taxon item with this name,,,,
red-algae,red algae,alghe rosse,0,red_algae,matched only through an alias,Q103169,"Q103169  (food, alias, 80 sitelinks)",FOODON_03411743,red algae
red-bean,red bean,fagioli azuki,0,red_bean,no Wikidata food/taxon item with this name,,,FOODON_03315361,adzuki bean
red-currant,red currant,ribes rosso,0,red_currant,matched only through an alias,Q14714085,"Q14714085 redcurrant (food, alias, 2 sitelinks); Q146661 Ribes rubrum (taxon, alias, 83 sitelinks); Q149372 Ribes sanguineum (taxon, alias, 32 sitelinks); Q18078629 Searsia chirindensis (taxon, alias, 7 sitelinks)",FOODON_00003766,red currant
red-kidney-bean,red kidney bean,fagioli rossi kidney,0,red_kidney_bean,no Wikidata food/taxon item with this name,,,FOODON_03309779,red kidney bean
red-sage,red sage,salvia rossa,0,red_sage,matched only through an alias,Q1000854,"Q1000854 Salvia miltiorrhiza (taxon, alias, 20 sitelinks)",,
reunion-geranium,reunion geranium,geranio di Réunion,0,reunion_geranium,no Wikidata food/taxon item with this name,,,,
rhododendron-fauriae-leaf,rhododendron fauriae leaf,foglie di Rhododendron fauriae,0,rhododendron_fauriae_leaf,no Wikidata food/taxon item with this name,,,,
rhodophyllus-icterus,rhodophyllus icterus,Rhodophyllus icterus,0,rhodophyllus_icterus,no Wikidata food/taxon item with this name,,,,
rhubarb,rhubarb,rabarbaro,0,rhubarb,several Wikidata items fit equally well,Q20767168,"Q20767168 rhubarb (food, 0 sitelinks); Q27650430 rhubarb (food, 0 sitelinks); Q7535 rhubarb (taxon, 54 sitelinks); Q7217716 Rheum (taxon, alias, 66 sitelinks)",FOODON_03309858,rhubarb stalk (raw)
rhus-cotinus-leaf,rhus cotinus leaf,foglie di scotano,0,rhus_cotinus_leaf,no Wikidata food/taxon item with this name,,,,
rice-husk,rice husk,lolla di riso,0,rice_husk,no Wikidata food/taxon item with this name,,,FOODON_00004330,rice husk
ricotta-vegana,Vegan soy ricotta,Ricotta vegana (di soia),1,,no Wikidata food/taxon item with this name,,,,
rigatoni,Kamut rigatoni,Rigatoni di kamut,1,,no Wikidata food/taxon item with this name,,,,
roasted-almond,roasted almond,mandorle tostate,0,roasted_almond,no Wikidata food/taxon item with this name,,,,
roasted-barley,roasted barley,orzo tostato,0,roasted_barley,no Wikidata food/taxon item with this name,,,,
roasted-beef,roasted beef,manzo arrosto,0,roasted_beef,matched only through an alias,Q109615251,"Q109615251 roast beef (food, alias, 12 sitelinks)",,
roasted-chicken,roasted chicken,pollo arrosto,0,roasted_chicken,matched only through an alias,Q899640,"Q899640 roast chicken (food, alias, 28 sitelinks)",,
roasted-chicory-root,roasted chicory root,radice di cicoria tostata,0,roasted_chicory_root,no Wikidata food/taxon item with this name,,,,
roasted-cocoa,roasted cocoa,cacao tostato,0,roasted_cocoa,no Wikidata food/taxon item with this name,,,,
roasted-coconut,roasted coconut,cocco tostato,0,roasted_coconut,no Wikidata food/taxon item with this name,,,,
roasted-filbert,roasted filbert,nocciole tostate,0,roasted_filbert,no Wikidata food/taxon item with this name,,,,
roasted-green-tea,roasted green tea,tè verde tostato,0,roasted_green_tea,no Wikidata food/taxon item with this name,,,,
roasted-hazelnut,roasted hazelnut,nocciole tostate,0,roasted_hazelnut,no Wikidata food/taxon item with this name,,,,
roasted-lamb,roasted lamb,agnello arrosto,0,roasted_lamb,no Wikidata food/taxon item with this name,,,,
roasted-macadamia-nut,roasted macadamia nut,noci macadamia tostate,0,roasted_macadamia_nut,no Wikidata food/taxon item with this name,,,,
roasted-malt,roasted malt,malto tostato,0,roasted_malt,no Wikidata food/taxon item with this name,,,,
roasted-mate,roasted mate,mate tostato,0,roasted_mate,matched only through an alias,Q3622432,"Q3622432 mate tea (food, alias, 18 sitelinks)",,
roasted-meat,roasted meat,carne arrosto,0,roasted_meat,matched only through an alias,Q899561,"Q899561 roast (food, alias, 14 sitelinks)",,
roasted-nut,roasted nut,frutta secca tostata,0,roasted_nut,matched only through an alias,Q139546706,"Q139546706 roasted nuts (food, alias, 0 sitelinks)",,
roasted-onion,roasted onion,cipolla arrostita,0,roasted_onion,no Wikidata food/taxon item with this name,,,,
roasted-pecan,roasted pecan,noci pecan tostate,0,roasted_pecan,no Wikidata food/taxon item with this name,,,,
roasted-pork,roasted pork,maiale arrosto,0,roasted_pork,matched only through an alias,Q844466,"Q844466 siu yuk (food, alias, 13 sitelinks)",,
roasted-sesame-seed,roasted sesame seed,semi di sesamo tostati,0,roasted_sesame_seed,no Wikidata food/taxon item with this name,,,,
roasted-shrimp,roasted shrimp,gamberi arrostiti,0,roasted_shrimp,no Wikidata food/taxon item with this name,,,,
roasted-spanish-peanut,roasted spanish peanut,arachidi spagnole tostate,0,roasted_spanish_peanut,no Wikidata food/taxon item with this name,,,,
roasted-turkey,roasted turkey,tacchino arrosto,0,roasted_turkey,no Wikidata food/taxon item with this name,,,,
robinia-pseudoacacia,robinia pseudoacacia,robinia,0,robinia_pseudoacacia,no Wikidata food/taxon item with this name,,,,
robinia-pseudoacacia-oil,robinia pseudoacacia oil,olio essenziale di robinia,0,robinia_pseudoacacia_oil,no Wikidata food/taxon item with this name,,,,
roman-chamomile,roman chamomile,camomilla romana,0,roman_chamomile,matched only through an alias,Q5723577,"Q5723577 Chamaemelum nobile (taxon, alias, 39 sitelinks)",FOODON_00003039,roman chamomile
roman-chamomile-oil,roman chamomile oil,olio essenziale di camomilla romana,0,roman_chamomile_oil,no Wikidata food/taxon item with this name,,,,
rooibus-tea,rooibus tea,rooibos,0,rooibus_tea,no Wikidata food/taxon item with this name,,,,
root,root,radice,0,root,no Wikidata food/taxon item with this name,,,,
rosa-bourboniana-oil,rosa bourboniana oil,olio essenziale di Rosa bourboniana,0,rosa_bourboniana_oil,no Wikidata food/taxon item with this name,,,,
rosa-centifolia,rosa centifolia,rosa centifolia,0,rosa_centifolia,matched only through an alias,Q640505,"Q640505 Rosa × centifolia (taxon, alias, 31 sitelinks)",,
rose,rose,rosa,0,rose,same FoodOn class as rose-wine,Q3442353,"Q3442353 Rose (food, 8 sitelinks); Q34687 Rosa (food, alias, 182 sitelinks); Q12979 rosé wine (food, alias, 44 sitelinks); Q97204632 rosé sauce (food, alias, 3 sitelinks)",FOODON_03310734,rosé wine
rose-apple,rose apple,pomarosa,0,rose_apple,several Wikidata items fit equally well; matched only through an alias,Q133290,"Q133290 Syzygium (taxon, alias, 49 sitelinks); Q31931 Syzygium jambos (taxon, alias, 48 sitelinks)",,
rose-flower-oil,rose flower oil,olio essenziale di fiori di rosa,0,rose_flower_oil,no Wikidata food/taxon item with this name,,,,
rose-wine,rose wine,vino rosato,0,rose_wine,matched only through an alias; same FoodOn class as rose,Q12979,"Q12979 rosé wine (food, alias, 44 sitelinks)",FOODON_03310734,rosé wine
roselle,roselle,karkadè,0,roselle,matched only through an alias,Q319390,"Q319390 Hibiscus sabdariffa (taxon, alias, 57 sitelinks); Q140550350 Sabdariffa gossypiifolia (taxon, alias, 1 sitelinks)",FOODON_00003092,roselle food product
rotundifolia,rotundifolia,Rotundifolia,0,rotundifolia,no Wikidata food/taxon item with this name,,,,
rue,rue,ruta,0,rue,several Wikidata items fit equally well; matched only through an alias,Q25062,"Q25062 Ruta graveolens (taxon, alias, 60 sitelinks); Q165250 Ruta (taxon, alias, 44 sitelinks)",,
rue-oil,rue oil,olio essenziale di ruta,0,rue_oil,no Wikidata food/taxon item with this name,,,,
rum-brandy,rum brandy,brandy al rum,0,rum_brandy,no Wikidata food/taxon item with this name,,,,
russian-anise,russian anise,anice russo,0,russian_anise,no Wikidata food/taxon item with this name,,,,
russian-champagne,russian champagne,spumante russo,0,russian_champagne,no Wikidata food/taxon item with this name,,,,
russian-peppermint-oil,russian peppermint oil,olio essenziale di menta piperita russa,0,russian_peppermint_oil,no Wikidata food/taxon item with this name,,,,
russian-star-anise,russian star anise,anice stellato russo,0,russian_star_anise,no Wikidata food/taxon item with this name,,,,
ruta-chalepensis-oil,ruta chalepensis oil,olio essenziale di Ruta chalepensis,0,ruta_chalepensis_oil,no Wikidata food/taxon item with this name,,,,
ruta-montana-oil,ruta montana oil,olio essenziale di Ruta montana,0,ruta_montana_oil,no Wikidata food/taxon item with this name,,,,
ruta-pinnata-leaf-oil,ruta pinnata leaf oil,olio essenziale di foglie di Ruta pinnata,0,ruta_pinnata_leaf_oil,no Wikidata food/taxon item with this name,,,,
rye-ergot,rye ergot,segale cornuta,0,rye_ergot,no Wikidata food/taxon item with this name,,,,
sage,sage,salvia,0,sage,several Wikidata items fit equally well; matched only through an alias,Q157151,"Q157151 Salvia (taxon, alias, 79 sitelinks); Q1111359 Salvia officinalis (taxon, alias, 78 sitelinks); Q5231561 Salvia sprucei (taxon, alias, 8 sitelinks)",,
sale,Salt,Sale,1,,matched only through an alias,Q11254,"Q11254 table salt (food, alias, EN+IT, 201 sitelinks); Q282694 sea salt (food, alias, 45 sitelinks)",,
salmon-caviar,salmon caviar,caviale di salmone,0,salmon_caviar,no Wikidata food/taxon item with this name,,,,
salmon-roe,salmon roe,uova di salmone,0,salmon_roe,no Wikidata food/taxon item with this name,,,,
salsiccia,Sausage,Salsiccia,1,pork_sausage,EN and IT names point to different items,Q131419,"Q131419 sausage (food, 108 sitelinks); Q7221222 Italian sausage (food, 21 sitelinks); Q10497217 fläskkorv (food, alias, 3 sitelinks)",FOODON_03315904,meat sausage
salvia-grandifiora-oil,salvia grandifiora oil,olio essenziale di Salvia grandifiora,0,salvia_grandifiora_oil,no Wikidata food/taxon item with this name,,,,
salvia-triloba-oil,salvia triloba oil,olio essenziale di Salvia triloba,0,salvia_triloba_oil,no Wikidata food/taxon item with this name,,,,
sandalwood,sandalwood,legno di sandalo,0,sandalwood,several Wikidata items fit equally well; matched only through an alias,Q7420024,"Q7420024 Santalum freycinetianum (taxon, alias, 7 sitelinks); Q17745752 Myoporum obscurum (taxon, alias, 6 sitelinks); Q65947816 Santalum pyrularium (taxon, alias, 0 sitelinks); Q67188394 Santalum paniculatum var. paniculatum (taxon, alias, 0 sitelinks)",,
santoreggia,Savory,Santoreggia,1,savory,matched only through an alias,Q22858,"Q22858 Satureja (taxon, alias, EN+IT, 60 sitelinks); Q3324978 savoriness (food, alias, 7 sitelinks)",,
sapodilla,sapodilla,sapodilla,0,sapodilla,matched only through an alias,Q14959,"Q14959 Manilkara zapota (taxon, alias, 77 sitelinks)",,
sapodilla-fruit,sapodilla fruit,frutto di sapodilla,0,sapodilla_fruit,no Wikidata food/taxon item with this name,,,FOODON_00004250,sapodilla fruit
sassafras-root-oil,sassafras root oil,olio essenziale di radice di sassofrasso,0,sassafras_root_oil,no Wikidata food/taxon item with this name,,,,
satsuma-mandarin-peel,satsuma mandarin peel,scorza di mandarino satsuma,0,satsuma_mandarin_peel,no Wikidata food/taxon item with this name,,,,
satsuma-mandarin-peel-oil,satsuma mandarin peel oil,olio essenziale di scorza di mandarino satsuma,0,satsuma_mandarin_peel_oil,no Wikidata food/taxon item with this name,,,,
satureia-montana,satureia montana,santoreggia montana,0,satureia_montana,no Wikidata food/taxon item with this name,,,,
satureia-thymera,satureia thymera,Satureia thymera,0,satureia_thymera,no Wikidata food/taxon item with this name,,,,
sauvignon-blanc-grape,sauvignon blanc grape,uva Sauvignon blanc,0,sauvignon_blanc_grape,no Wikidata food/taxon item with this name,,,,
sauvignon-grape,sauvignon grape,uva Sauvignon,0,sauvignon_grape,no Wikidata food/taxon item with this name,,,,
schizandra-nigra-oil,schizandra nigra oil,olio essenziale di Schizandra nigra,0,schizandra_nigra_oil,no Wikidata food/taxon item with this name,,,,
schizandra-oil,schizandra oil,olio essenziale di Schizandra,0,schizandra_oil,no Wikidata food/taxon item with this name,,,,
scotch,scotch,whisky scozzese,0,scotch,matched only through an alias; same Wikidata item as scotch-whiskey,Q382947,"Q382947 Scotch whisky (food, alias, 49 sitelinks)",,
scotch-spearmint,scotch spearmint,menta verde scozzese,0,scotch_spearmint,no Wikidata food/taxon item with this name,,,,
scotch-spearmint-oil,scotch spearmint oil,olio essenziale di menta verde scozzese,0,scotch_spearmint_oil,no Wikidata food/taxon item with this name,,,,
scotch-whiskey,scotch whiskey,whisky scozzese,0,scotch_whiskey,matched only through an alias; same Wikidata item as scotch,Q382947,"Q382947 Scotch whisky (food, alias, 49 sitelinks)",FOODON_03307232,scotch whiskey
sea-algae,sea algae,alghe marine,0,sea_algae,no Wikidata food/taxon item with this name,,,,
sea-bass,sea bass,branzino,0,sea_bass,no Wikidata food/taxon item with this name,,,FOODON_03412180,sea bass
sea-buckthorn,sea buckthorn,olivello spinoso,0,sea_buckthorn,no Wikidata food/taxon item with this name,,,,
seal,seal,foca,0,seal,no Wikidata food/taxon item with this name,,,FOODON_02021565,seal
seaweed,seaweed,alghe marine,0,seaweed,no Wikidata food/taxon item with this name,,,FOODON_03412266,seaweed
senape,Mustard seeds,Semi di senape,1,mustard,matched only through an alias,Q1937700,"Q1937700 mustard seed (food, alias, 21 sitelinks)",,
sesame-seed-oil,sesame seed oil,olio di semi di sesamo,0,sesame_seed_oil,no Wikidata food/taxon item with this name,,,,
several-oil,several oil,oli essenziali vari,0,several_oil,no Wikidata food/taxon item with this name,,,,
seychelles-tea,seychelles tea,tè delle Seychelles,0,seychelles_tea,no Wikidata food/taxon item with this name,,,,
sheep-cheese,sheep cheese,formaggio pecorino,0,sheep_cheese,matched only through an alias,Q1411808,"Q1411808 sheep milk cheese (food, alias, 19 sitelinks)",,
sherry,sherry,sherry,0,sherry,same Wikidata item as sherry-wine,Q16398,"Q16398 sherry (food, 56 sitelinks)",FOODON_03310760,sherry
sherry-wine,sherry wine,sherry,0,sherry_wine,matched only through an alias; same Wikidata item as sherry,Q16398,"Q16398 sherry (food, alias, 56 sitelinks)",,
shiitake,shiitake,shiitake,0,shiitake,matched only through an alias,Q320999,"Q320999 Lentinula edodes (food, alias, 63 sitelinks)",FOODON_03411635,shiitake mushroom
shoro,shoro,shoro,0,shoro,no Wikidata food/taxon item with this name,,,,
siam-benzoin,siam benzoin,benzoino del Siam,0,siam_benzoin,no Wikidata food/taxon item with this name,,,,
siberian-pine-needle-oil,siberian pine needle oil,olio essenziale di aghi di pino siberiano,0,siberian_pine_needle_oil,no Wikidata food/taxon item with this name,,,,
silk-fibrooin,silk fibrooin,fibroina della seta,0,silk_fibrooin,no Wikidata food/taxon item with this name,,,,
silkworm-chrysalis,silkworm chrysalis,crisalide del baco da seta,0,silkworm_chrysalis,no Wikidata food/taxon item with this name,,,,
skim-milk,skim milk,latte scremato,0,skim_milk,matched only through an alias,Q2352187,"Q2352187 skimmed milk (food, alias, 32 sitelinks)",FOODON_03301484,skim milk food product
smoke,smoke,fumo,0,smoke,no Wikidata food/taxon item with this name,,,,
smoked-fatty-fish,smoked fatty fish,pesce grasso affumicato,0,smoked_fatty_fish,no Wikidata food/taxon item with this name,,,,
smoked-pork,smoked pork,maiale affumicato,0,smoked_pork,no Wikidata food/taxon item with this name,,,,
smoked-pork-belly,smoked pork belly,pancetta affumicata,0,smoked_pork_belly,no Wikidata food/taxon item with this name,,,,
smoked-summer-sausage,smoked summer sausage,salame affumicato,0,smoked_summer_sausage,no Wikidata food/taxon item with this name,,,,
snap-bean,snap bean,fagiolino,0,snap_bean,matched only through an alias; same FoodOn class as french-bean,Q2987371,"Q2987371 green bean (food, alias, 47 sitelinks); Q159753 snap bean (taxon, 41 sitelinks); Q42339 Phaseolus vulgaris (taxon, alias, 118 sitelinks)",FOODON_03305806,green bean pod
solanaceae,solanaceae,solanacee,0,solanaceae,no Wikidata food/taxon item with this name,,,,
sour-cherry,sour cherry,amarena,0,sour_cherry,matched only through an alias,Q131517,"Q131517 Prunus cerasus (taxon, alias, 91 sitelinks)",FOODON_00003534,sour cherry
sour-milk,sour milk,latte acido,0,sour_milk,no Wikidata food/taxon item with this name,,,,
south-african-mentha-longifolia,south african mentha longifolia,mentastro sudafricano,0,south_african_mentha_longifolia,no Wikidata food/taxon item with this name,,,,
southern-pea,southern pea,fagiolo dall'occhio,0,southern_pea,no Wikidata food/taxon item with this name,,,,
soybean,soybean,soia,0,soybean,matched only through an alias,Q61503220,"Q61503220 soy bean (food, alias, 1 sitelinks); Q11006 soybean (taxon, 151 sitelinks)",FOODON_03301415,soybean
spanish-anise,spanish anise,anice spagnolo,0,spanish_anise,no Wikidata food/taxon item with this name,,,,
spanish-origanum,spanish origanum,origano spagnolo,0,spanish_origanum,no Wikidata food/taxon item with this name,,,,
spanish-origanum-oil,spanish origanum oil,olio essenziale di origano spagnolo,0,spanish_origanum_oil,no Wikidata food/taxon item with this name,,,,
spanish-sage,spanish sage,salvia spagnola,0,spanish_sage,matched only through an alias,Q49621668,"Q49621668 Salvia officinalis lavandulifolia (taxon, alias, 9 sitelinks)",,
spearmint-scotch-oil,spearmint scotch oil,olio essenziale di menta verde scozzese,0,spearmint_scotch_oil,no Wikidata food/taxon item with this name,,,,
sperm-whale-oil,sperm whale oil,olio di capodoglio,0,sperm_whale_oil,no Wikidata food/taxon item with this name,,,,
spermaceti-oil,spermaceti oil,olio di spermaceti,0,spermaceti_oil,no Wikidata food/taxon item with this name,,,,
sphaeranthus-indicus-oil,sphaeranthus indicus oil,olio essenziale di Sphaeranthus indicus,0,sphaeranthus_indicus_oil,no Wikidata food/taxon item with this name,,,,
spike,spike,spigo,0,spike,no Wikidata food/taxon item with this name,,,,
spike-oil,spike oil,olio essenziale di spigo,0,spike_oil,no Wikidata food/taxon item with this name,,,,
spirea-ulmaria-oil,spirea ulmaria oil,olio essenziale di olmaria,0,spirea_ulmaria_oil,no Wikidata food/taxon item with this name,,,,
squid,squid,calamaro,0,squid,matched only through an alias,Q81900,"Q81900 Teuthida (taxon, alias, 99 sitelinks)",FOODON_03411205,squid
star-anise-oil,star anise oil,olio essenziale di anice stellato,0,star_anise_oil,matched only through an alias,Q4075018,"Q4075018 badian oil (food, alias, 1 sitelinks)",,
starfruit,starfruit,carambola,0,starfruit,matched only through an alias,Q5212051,"Q5212051 Damasonium alisma (taxon, alias, 18 sitelinks); Q15607402 Damasonium polyspermum (taxon, alias, 7 sitelinks)",,
storax,storax,storace,0,storax,matched only through an alias,Q525062,"Q525062 Styrax (taxon, alias, 31 sitelinks)",,
strawberry-oil,strawberry oil,essenza di fragola,0,strawberry_oil,no Wikidata food/taxon item with this name,,,,
strawberry-wine,strawberry wine,vino di fragole,0,strawberry_wine,no Wikidata food/taxon item with this name,,,FOODON_03302416,strawberry wine
sturgeon-caviar,sturgeon caviar,caviale di storione,0,sturgeon_caviar,no Wikidata food/taxon item with this name,,,,
sudachi,sudachi,sudachi,0,sudachi,no Wikidata food/taxon item with this name,,,,
sugarcane,sugarcane,canna da zucchero,0,sugarcane,matched only through an alias,Q3391243,"Q3391243 Saccharum officinarum (food, alias, 69 sitelinks)",,
sumatra-benzoin,sumatra benzoin,benzoino di Sumatra,0,sumatra_benzoin,no Wikidata food/taxon item with this name,,,,
summer-savory,summer savory,santoreggia estiva,0,summer_savory,matched only through an alias,Q157283,"Q157283 Satureja hortensis (taxon, alias, 48 sitelinks)",FOODON_03411123,summer savory plant
sweet-basil,sweet basil,basilico dolce,0,sweet_basil,no Wikidata food/taxon item with this name,,,,
sweet-grass-oil,sweet grass oil,olio essenziale di erba dolce,0,sweet_grass_oil,no Wikidata food/taxon item with this name,,,,
sweetfish,sweetfish,ayu (pesce dolce),0,sweetfish,matched only through an alias,Q642906,"Q642906 Plecoglossus altivelis (taxon, alias, 33 sitelinks)",,
tahiti-vanilla,tahiti vanilla,vaniglia di Tahiti,0,tahiti_vanilla,no Wikidata food/taxon item with this name,,,,
taiwan-citronella,taiwan citronella,citronella di Taiwan,0,taiwan_citronella,no Wikidata food/taxon item with this name,,,,
taleggio,Taleggio,Taleggio,1,,no Wikidata food/taxon item with this name,,,,
tamarind,tamarind,tamarindo,0,tamarind,matched only through an alias,Q80235,"Q80235 Tamarindus indica (food, alias, 118 sitelinks); Q2391283 Tamarindus indica (food, alias, 4 sitelinks); Q5279865 Diploglottis australis (taxon, alias, 4 sitelinks)",,
tangerine-oil,tangerine oil,olio essenziale di tangerino,0,tangerine_oil,same Wikidata item as mandarin-oil,Q72509416,"Q72509416 tangerine oil (food, 1 sitelinks)",,
tangerine-peel-oil,tangerine peel oil,olio essenziale di scorza di tangerino,0,tangerine_peel_oil,no Wikidata food/taxon item with this name,,,,
tea-oil,tea oil,olio di tè,0,tea_oil,no Wikidata food/taxon item with this name,,,,
tea-tree-oil,tea tree oil,olio essenziale di tea tree,0,tea_tree_oil,same Wikidata item as melaleuca-oil,Q48832,"Q48832 tea tree oil (food, 24 sitelinks)",,
temoe-lawak,temoe lawak,curcuma di Giava,0,temoe_lawak,no Wikidata food/taxon item with this name,,,,
temple-orange-juice,temple orange juice,succo di arancia Temple,0,temple_orange_juice,no Wikidata food/taxon item with this name,,,,
texas-sage,texas sage,salvia del Texas,0,texas_sage,several Wikidata items fit equally well; matched only through an alias,Q1023573,"Q1023573 Salvia coccinea (taxon, alias, 21 sitelinks); Q2355636 Leucophyllum frutescens (taxon, alias, 14 sitelinks)",,
thai-pepper,thai pepper,peperoncino thai,0,thai_pepper,no Wikidata food/taxon item with this name,,,,
thaumatococcus-daniellii-fruit,thaumatococcus daniellii fruit,frutto di katemfe,0,thaumatococcus_daniellii_fruit,no Wikidata food/taxon item with this name,,,,
thea-chinensis-oil,thea chinensis oil,olio essenziale di Thea chinensis,0,thea_chinensis_oil,no Wikidata food/taxon item with this name,,,,
thlaspi-arvense-oil,thlaspi arvense oil,olio essenziale di Thlaspi arvense,0,thlaspi_arvense_oil,no Wikidata food/taxon item with this name,,,,
thuja-articulata-bark-oil,thuja articulata bark oil,olio essenziale di corteccia di Thuja articulata,0,thuja_articulata_bark_oil,no Wikidata food/taxon item with this name,,,,
thuja-occidentalis-oil,thuja occidentalis oil,olio essenziale di tuia occidentale,0,thuja_occidentalis_oil,no Wikidata food/taxon item with this name,,,,
thuja-plicata,thuja plicata,tuia gigante,0,thuja_plicata,no Wikidata food/taxon item with this name,,,,
thymbra-spicata-oil,thymbra spicata oil,olio essenziale di Thymbra spicata,0,thymbra_spicata_oil,no Wikidata food/taxon item with this name,,,,
thymus-caespeititius,thymus caespeititius,Thymus caespeititius,0,thymus_caespeititius,no Wikidata food/taxon item with this name,,,,
thymus-oil,thymus oil,olio essenziale di timo (Thymus),0,thymus_oil,no Wikidata food/taxon item with this name,,,,
toasted-oat,toasted oat,avena tostata,0,toasted_oat,no Wikidata food/taxon item with this name,,,,
toasted-oat-groat,toasted oat groat,avena decorticata tostata,0,toasted_oat_groat,no Wikidata food/taxon item with this name,,,,
toasted-sesame-seed,toasted sesame seed,semi di sesamo tostati,0,toasted_sesame_seed,no Wikidata food/taxon item with this name,,,,
tobacco,tobacco,tabacco,0,tobacco,several Wikidata items fit equally well; matched only through an alias,Q181095,"Q181095 Nicotiana tabacum (taxon, alias, 68 sitelinks); Q851829 Nicotiana (taxon, alias, 68 sitelinks)",,
tobacco-flower,tobacco flower,fiori di tabacco,0,tobacco_flower,no Wikidata food/taxon item with this name,,,,
tobacco-leaf,tobacco leaf,foglie di tabacco,0,tobacco_leaf,no Wikidata food/taxon item with this name,,,,
tobacco-leaf-oil,tobacco leaf oil,essenza di foglie di tabacco,0,tobacco_leaf_oil,no Wikidata food/taxon item with this name,,,,
tobacco-oil,tobacco oil,essenza di tabacco,0,tobacco_oil,no Wikidata food/taxon item with this name,,,,
tolu-balsam,tolu balsam,balsamo di Tolù,0,tolu_balsam,no Wikidata food/taxon item with this name,,,,
tonka-bean-seed,tonka bean seed,fave tonka,0,tonka_bean_seed,no Wikidata food/taxon item with this name,,,,
trametes-graveolens,trametes graveolens,Trametes graveolens,0,trametes_graveolens,no Wikidata food/taxon item with this name,,,,
trassi,trassi,pasta di gamberi (terasi),0,trassi,no Wikidata food/taxon item with this name,,,,
trifolium-pratense-leaf-oil,trifolium pratense leaf oil,olio essenziale di foglie di Trifolium pratense,0,trifolium_pratense_leaf_oil,no Wikidata food/taxon item with this name,,,,
tsuga-canadensis-oil,tsuga canadensis oil,olio essenziale di tsuga del Canada,0,tsuga_canadensis_oil,no Wikidata food/taxon item with this name,,,,
tuberose,tuberose,tuberosa,0,tuberose,matched only through an alias,Q17270998,"Q17270998 Polianthes tuberosa (taxon, alias, 1 sitelinks)",,
tulip,tulip,tulipano,0,tulip,matched only through an alias,Q93201,"Q93201 Tulipa (taxon, alias, 124 sitelinks); Q163050 Tulipa sylvestris (taxon, alias, 34 sitelinks)",,
tunisian-rosemary,tunisian rosemary,rosmarino tunisino,0,tunisian_rosemary,no Wikidata food/taxon item with this name,,,,
turkey,turkey,tacchino,0,turkey,matched only through an alias,Q43794,"Q43794 Meleagris (taxon, alias, 129 sitelinks); Q848706 domesticated turkey (taxon, alias, 45 sitelinks)",FOODON_02020418,turkey
turkmenistan-sunguli-oil,turkmenistan sunguli oil,olio essenziale di sunguli del Turkmenistan,0,turkmenistan_sunguli_oil,no Wikidata food/taxon item with this name,,,,
udo,udo,udo (Aralia cordata),0,udo,no Wikidata food/taxon item with this name,,,,
uncured-boiled-pork,uncured boiled pork,maiale bollito non stagionato,0,uncured_boiled_pork,no Wikidata food/taxon item with this name,,,,
uncured-pork,uncured pork,maiale non stagionato,0,uncured_pork,no Wikidata food/taxon item with this name,,,,
uncured-smoked-pork,uncured smoked pork,maiale affumicato non stagionato,0,uncured_smoked_pork,no Wikidata food/taxon item with this name,,,,
unprocessed-rice,unprocessed rice,riso grezzo,0,unprocessed_rice,no Wikidata food/taxon item with this name,,,,
uova,Eggs,Uova,1,egg,matched only through an alias,Q93189,"Q93189 egg as food (food, alias, EN+IT, 113 sitelinks); Q15260613 chicken egg (food, alias, 22 sitelinks)",FOODON_00001274,egg food product
valencia-orange-juice,valencia orange juice,succo d'arancia Valencia,0,valencia_orange_juice,no Wikidata food/taxon item with this name,,,,
valencia-orange-oil,valencia orange oil,olio essenziale di arancia Valencia,0,valencia_orange_oil,no Wikidata food/taxon item with this name,,,,
valerian,valerian,valeriana,0,valerian,matched only through an alias; same Wikidata item as valeriana-officinalis,Q157819,"Q157819 Valeriana officinalis (taxon, alias, 78 sitelinks)",,
valerian-oil,valerian oil,olio essenziale di valeriana,0,valerian_oil,no Wikidata food/taxon item with this name,,,,
valerian-root-oil,valerian root oil,olio essenziale di radice di valeriana,0,valerian_root_oil,no Wikidata food/taxon item with this name,,,,
valeriana-officinalis,valeriana officinalis,valeriana officinale,0,valeriana_officinalis,same Wikidata item as valerian,Q157819,"Q157819 Valeriana officinalis (taxon, 78 sitelinks)",,
vanilla-oil,vanilla oil,essenza di vaniglia,0,vanilla_oil,matched only through an alias,Q103829288,"Q103829288 Vanilla planifolia oil (food, alias, 0 sitelinks)",,
verbena-oil,verbena oil,olio essenziale di verbena,0,verbena_oil,no Wikidata food/taxon item with this name,,,,
vervain,vervain,verbena,0,vervain,several Wikidata items fit equally well; matched only through an alias,Q161417,"Q161417 Verbena officinalis (taxon, alias, 55 sitelinks); Q165290 Verbena (taxon, alias, 55 sitelinks)",,
vervain-leaf,vervain leaf,foglie di verbena,0,vervain_leaf,no Wikidata food/taxon item with this name,,,,
vetiver,vetiver,vetiver,0,vetiver,matched only through an alias,Q378568,"Q378568 Chrysopogon zizanioides (taxon, alias, 60 sitelinks)",,
violet,violet,viola,0,violet,matched only through an alias,Q3071662,"Q3071662 Microcosmus sabatieri (taxon, alias, 11 sitelinks)",,
violet-flower,violet flower,fiori di viola,0,violet_flower,no Wikidata food/taxon item with this name,,,,
violet-flower-oil,violet flower oil,olio essenziale di fiori di viola,0,violet_flower_oil,no Wikidata food/taxon item with this name,,,,
violet-leaf,violet leaf,foglie di viola,0,violet_leaf,no Wikidata food/taxon item with this name,,,,
violet-leaf-oil,violet leaf oil,olio essenziale di foglie di viola,0,violet_leaf_oil,no Wikidata food/taxon item with this name,,,,
violet-root,violet root,radice di viola,0,violet_root,no Wikidata food/taxon item with this name,,,,
vitis-labrusca-juice,vitis labrusca juice,succo di uva fragola,0,vitis_labrusca_juice,no Wikidata food/taxon item with this name,,,,
vitis-labrusca-oil,vitis labrusca oil,olio essenziale di uva fragola,0,vitis_labrusca_oil,no Wikidata food/taxon item with this name,,,,
wallflower,wallflower,violaciocca,0,wallflower,several Wikidata items fit equally well; matched only through an alias,Q30063,"Q30063 Matthiola incana (taxon, alias, 35 sitelinks); Q159370 Erysimum cheiri (taxon, alias, 33 sitelinks)",,
waste-wort,waste wort,mosto di scarto,0,waste_wort,no Wikidata food/taxon item with this name,,,,
water-apple,water apple,Syzygium aqueum,0,water_apple,matched only through an alias,Q31904,"Q31904 Syzygium aqueum (taxon, alias, 28 sitelinks)",,
wax-jambu,wax jambu,jambu,0,wax_jambu,matched only through an alias,Q11643111,"Q11643111 Syzygium samarangense (taxon, alias, 41 sitelinks)",FOODON_00003626,java apple
weinbrand,weinbrand,brandy tedesco (Weinbrand),0,weinbrand,no Wikidata food/taxon item with this name,,,,
whale,whale,balena,0,whale,no Wikidata food/taxon item with this name,,,FOODON_03411343,whale
wheat-bread,wheat bread,pane di frumento,0,wheat_bread,matched only through an alias,Q14650718,"Q14650718 whole wheat bread (food, alias, 17 sitelinks)",FOODON_03302200,wheat bread
wheat-flake,wheat flake,fiocchi di frumento,0,wheat_flake,no Wikidata food/taxon item with this name,,,,
wheaten-bread,wheaten bread,pane di grano,0,wheaten_bread,no Wikidata food/taxon item with this name,,,,
while-thyme-oil,while thyme oil,olio essenziale di timo bianco,0,while_thyme_oil,no Wikidata food/taxon item with this name,,,,
whiskey,whiskey,whisky,0,whiskey,matched only through an alias,Q281,"Q281 whisky (food, alias, 117 sitelinks)",FOODON_03302775,whiskey
whitefish,whitefish,coregone,0,whitefish,matched only through an alias,Q743084,"Q743084 Coregonus lavaretus (taxon, alias, 45 sitelinks); Q857994 Callorhinchus milii (taxon, alias, 17 sitelinks)",,
whole-grain-wheat-flour,whole grain wheat flour,farina integrale di frumento,0,whole_grain_wheat_flour,no Wikidata food/taxon item with this name,,,,
wild-bergamot,wild bergamot,monarda,0,wild_bergamot,matched only through an alias,Q1521039,"Q1521039 Monarda fistulosa (taxon, alias, 20 sitelinks)",,
wild-bergamot-oil,wild bergamot oil,olio essenziale di monarda,0,wild_bergamot_oil,no Wikidata food/taxon item with this name,,,,
wild-berry,wild berry,frutti di bosco selvatici,0,wild_berry,no Wikidata food/taxon item with this name,,,,
wild-grape,wild grape,uva selvatica,0,wild_grape,matched only through an alias,Q15566937,"Q15566937 Cyphostemma lanigerum (taxon, alias, 5 sitelinks)",,
wild-marjoram,wild marjoram,origano selvatico,0,wild_marjoram,matched only through an alias,Q134283,"Q134283 Origanum vulgare (taxon, alias, 103 sitelinks)",,
wild-raspberry,wild raspberry,lampone selvatico,0,wild_raspberry,no Wikidata food/taxon item with this name,,,,
wild-vanilla,wild vanilla,vaniglia selvatica,0,wild_vanilla,no Wikidata food/taxon item with this name,,,,
winter-melon,winter melon,melone d'inverno,0,winter_melon,matched only through an alias,Q104093105,"Q104093105 wax gourd (food, alias, 0 sitelinks); Q652206 Wax gourd (taxon, alias, 66 sitelinks)",,
winter-savory,winter savory,santoreggia montana,0,winter_savory,matched only through an alias,Q160186,"Q160186 Satureja montana (taxon, alias, 37 sitelinks)",FOODON_03411114,winter savory plant
wintergreen-leaf,wintergreen leaf,foglie di gaultheria,0,wintergreen_leaf,no Wikidata food/taxon item with this name,,,,
wintergreen-oil,wintergreen oil,olio essenziale di gaultheria,0,wintergreen_oil,no Wikidata food/taxon item with this name,,,,
wood,wood,legno,0,wood,no Wikidata food/taxon item with this name,,,,
wood-apple,wood apple,mela di legno,0,wood_apple,matched only through an alias,Q234126,"Q234126 Aegle marmelos (taxon, alias, 69 sitelinks)",FOODON_00003750,wood apple
wood-oil,wood oil,olio di legno,0,wood_oil,no Wikidata food/taxon item with this name,,,,
wood-spirit,wood spirit,spirito di legno,0,wood_spirit,no Wikidata food/taxon item with this name,,,,
wood-tar,wood tar,catrame di legno,0,wood_tar,no Wikidata food/taxon item with this name,,,,
wood-vinegar,wood vinegar,aceto di legno,0,wood_vinegar,no Wikidata food/taxon item with this name,,,,
wort,wort,mosto di birra,0,wort,matched only through an alias,Q12563439,"Q12563439 suslo (food, alias, 4 sitelinks)",,
xanthorrhoea-hostilis,xanthorrhoea hostilis,Xanthorrhoea hostilis,0,xanthorrhoea_hostilis,no Wikidata food/taxon item with this name,,,,
yellow-mombin,yellow mombin,mombin giallo,0,yellow_mombin,no Wikidata food/taxon item with this name,,,,
yellow-passion-fruit,yellow passion fruit,frutto della passione giallo,0,yellow_passion_fruit,no Wikidata food/taxon item with this name,,,,
yellow-passion-fruit-juice,yellow passion fruit juice,succo di frutto della passione giallo,0,yellow_passion_fruit_juice,no Wikidata food/taxon item with this name,,,,
ylangylang,ylangylang,ylang-ylang,0,ylangylang,no Wikidata food/taxon item with this name,,,,
ylangylang-oil,ylangylang oil,olio essenziale di ylang-ylang,0,ylangylang_oil,no Wikidata food/taxon item with this name,,,,
zanthoxylum-piperitum-fruit-oil,zanthoxylum piperitum fruit oil,olio essenziale di frutti di pepe sansho,0,zanthoxylum_piperitum_fruit_oil,no Wikidata food/taxon item with this name,,,,
zanthoxylum-rhetsa-oil,zanthoxylum rhetsa oil,olio essenziale di Zanthoxylum rhetsa,0,zanthoxylum_rhetsa_oil,no Wikidata food/taxon item with this name,,,,
